region_id,patient_id,n_cells,frac__tumor,frac__t_cell,frac__cd8,frac__cd4,frac__b_cell,frac__macrophage,frac__apc,frac__granulocyte,frac__vessel,frac__stroma,frac__immune,tumor_high_score,cd8_high_score,immune_exclusion_score,t_tumor_mixing_score,cd8_tumor_contact_score,macrophage_tumor_niche_score,granulocyte_tumor_niche_score,apc_t_contact_score,tls_like_score,interface_immune_score,vessel_immune_score,tumor_stroma_mixing_score,cd8_clustering_score,tumor_high_score_used,tumor_high_label,cd8_high_score_used,cd8_high_label,immune_exclusion_score_used,immune_exclusion_label,t_tumor_mixing_score_used,t_tumor_mixing_label,cd8_tumor_contact_score_used,cd8_tumor_contact_label,macrophage_tumor_niche_score_used,macrophage_tumor_niche_label,granulocyte_tumor_niche_score_used,granulocyte_tumor_niche_label,apc_t_contact_score_used,apc_t_contact_label,tls_like_score_used,tls_like_label,interface_immune_score_used,interface_immune_label,vessel_immune_score_used,vessel_immune_label,tumor_stroma_mixing_score_used,tumor_stroma_mixing_label,cd8_clustering_score_used,cd8_clustering_label,tumor_high_p_low,tumor_high_p_high,tumor_high_label_v2,cd8_high_p_low,cd8_high_p_high,cd8_high_label_v2,immune_exclusion_p_low,immune_exclusion_p_high,immune_exclusion_label_v2,t_tumor_mixing_p_low,t_tumor_mixing_p_high,t_tumor_mixing_label_v2,cd8_tumor_contact_p_low,cd8_tumor_contact_p_high,cd8_tumor_contact_label_v2,macrophage_tumor_niche_p_low,macrophage_tumor_niche_p_high,macrophage_tumor_niche_label_v2,granulocyte_tumor_niche_p_low,granulocyte_tumor_niche_p_high,granulocyte_tumor_niche_label_v2,apc_t_contact_p_low,apc_t_contact_p_high,apc_t_contact_label_v2,tls_like_p_low,tls_like_p_high,tls_like_label_v2,interface_immune_p_low,interface_immune_p_high,interface_immune_label_v2,vessel_immune_p_low,vessel_immune_p_high,vessel_immune_label_v2,tumor_stroma_mixing_p_low,tumor_stroma_mixing_p_high,tumor_stroma_mixing_label_v2,cd8_clustering_p_low,cd8_clustering_p_high,cd8_clustering_label_v2
Charville_c001_v001_r001_reg002,68221.0,2537.0,0.5849428458809618,0.1178557351202207,0.0721324398896334,0.0457232952305873,0.0074891604256996,0.0788332676389436,0.0898699251083957,0.015372487189594,0.0429641308632242,0.1257390618841151,0.219550650374458,0.5849428458809618,0.0721324398896334,0.1693989071038251,0.4361492058900276,0.5617220795766236,0.3582668114657316,0.7055409723867224,0.1516866792678168,0.0,0.6032315978456014,0.0684603785771543,0.0444886059410318,0.0970193268969811,0.5849428458809618,1.0,0.0721324398896334,1.0,0.1102941197223073,1.0,0.0016378805067387,,0.0560662720680896,1.0,-0.0621700591621033,0.0,0.1330964185570979,1.0,0.0044980661077357,1.0,-0.0181860953494119,,0.2060291860426149,1.0,0.0132776909282059,1.0,-0.0399995892470342,0.0,-0.0051658732019797,,,,1.0,,,1.0,0.0,1.0,1.0,0.0,0.0,,0.0,0.984,1.0,1.0,0.0,0.0,0.0,1.0,1.0,0.0,0.773,,0.396,0.0,,0.0,1.0,1.0,0.0,1.0,1.0,1.0,0.0,0.0,0.0,0.0,
Charville_c001_v001_r001_reg003,68221.0,2247.0,0.6853582554517134,0.0881174899866488,0.0720961281708945,0.0160213618157543,0.0360480640854472,0.0707610146862483,0.0858923008455718,0.0409434801958166,0.0178015131286159,0.0311526479750778,0.2358700489541611,0.6853582554517134,0.0720961281708945,0.0,0.588386272451536,0.5973734692498958,0.5991954780208023,0.6847804717248928,0.1179199476191116,0.0,0.2188679245283019,0.0283120786816807,0.0279799219230623,0.097133630796058,0.6853582554517134,1.0,0.0720961281708945,1.0,-0.0274076380364406,,0.0738171056239601,1.0,-0.0069808467551296,,0.1075161514133328,1.0,0.0429492756879156,1.0,0.0031088833780994,,-0.0355797649876267,0.0,-0.1312804577674372,0.0,0.0024553607487233,,0.0099571827932766,1.0,-0.0050105689441538,,,,1.0,,,1.0,0.0,0.007,,0.0,1.0,1.0,0.001,0.0,,0.0,1.0,1.0,0.0,0.995,1.0,0.0,0.275,,1.0,0.0,0.0,1.0,0.0,0.0,0.0,0.137,,0.0,0.573,,0.0,0.0,
Charville_c001_v001_r001_reg008,68238.0,3000.0,0.2186666666666666,0.219,0.0536666666666666,0.1653333333333333,0.1703333333333333,0.1176666666666666,0.1236666666666666,0.1086666666666666,0.066,0.0923333333333333,0.6156666666666667,0.2186666666666666,0.0536666666666666,0.0124223602484472,0.1819501018610404,0.1735106702581847,0.2056440912710561,0.2170907588252546,0.2126418789342736,0.6663333333333333,0.2333513806172171,0.0592759745726286,0.0840469526741452,0.0661472437081301,0.2186666666666666,0.0,0.0536666666666666,1.0,-0.1832236008007586,0.0,0.0410676474935897,,0.0453525546623226,,0.0447463425031026,1.0,0.0134049999779419,,-0.0410221718726979,0.0,0.3843764956289547,1.0,-0.2140042024678922,0.0,-0.0013978996189803,,0.0181419547167895,1.0,-0.0151878464810366,0.0,,,0.0,,,1.0,1.0,0.0,0.0,0.0,0.442,,0.0,0.292,,0.0,0.696,,0.0,0.004,,1.0,0.0,0.0,0.0,1.0,1.0,1.0,0.0,0.0,0.0,0.0,,0.0,1.0,1.0,1.0,0.0,0.0
Charville_c001_v001_r001_reg014,68235.0,2152.0,0.5288104089219331,0.0896840148698884,0.0529739776951672,0.0367100371747211,0.070631970260223,0.1068773234200743,0.1198884758364312,0.0148698884758364,0.0176579925650557,0.1556691449814126,0.2820631970260223,0.5288104089219331,0.0529739776951672,0.131578947368421,0.2791016858528758,0.3316854525461412,0.3135977984099314,0.5519735932755141,0.1545378636384793,0.037174721189591,0.342668863261944,0.0215365201350849,0.0952882784662445,0.1070658239841853,0.5288104089219331,1.0,0.0529739776951672,1.0,0.0331799420872569,1.0,-0.1008222057034126,0.0,-0.1007678132441878,0.0,-0.0678302372506806,0.0,0.0268665383565752,,0.0440981970620206,1.0,-0.0423156655446369,0.0,-0.0617378033368385,,-0.0017578321835442,,-0.0105281912919526,0.0,0.0265128641187626,1.0,,,1.0,,,1.0,0.0,0.991,1.0,1.0,0.0,0.0,1.0,0.0,0.0,1.0,0.0,0.0,0.0,0.413,,0.0,1.0,1.0,1.0,0.0,0.0,0.235,0.0,,0.0,0.0,,0.943,0.0,0.0,0.0,1.0,1.0
Charville_c001_v001_r001_reg015,68235.0,1888.0,0.3935381355932203,0.1175847457627118,0.0540254237288135,0.0635593220338983,0.1022245762711864,0.1440677966101695,0.1498940677966101,0.0042372881355932,0.0715042372881356,0.1594279661016949,0.368114406779661,0.3935381355932203,0.0540254237288135,0.2156862745098039,0.2198166392241674,0.2623402536347879,0.2498042527673089,0.5891130134703583,0.164854818938107,0.1122881355932203,0.4359712230215827,0.0738499323175395,0.0736082739268557,0.0828332163893587,0.3935381355932203,0.0,0.0540254237288135,1.0,0.0757150059292055,1.0,-0.04958935301935,0.0,-0.0380960949884318,0.0,-0.0365635681555589,0.0,0.1722426593511075,1.0,0.0287638627084615,1.0,-0.0234082193016383,0.0,-0.0030192139669508,,-0.0059148447943325,0.0,-0.0364477508908269,0.0,0.0010930457258268,,,,0.0,,,1.0,0.0,1.0,1.0,0.959,0.0,0.0,0.88,0.0,,0.715,0.0,,0.0,1.0,1.0,0.0,1.0,1.0,0.973,0.0,0.0,0.0,0.0,,0.997,0.0,0.0,1.0,0.0,0.0,0.0,0.164,
Charville_c001_v001_r001_reg016,68234.0,2078.0,0.4393647738209817,0.1717998075072185,0.0919153031761308,0.0798845043310875,0.0024061597690086,0.1217516843118383,0.1246390760346487,0.0057747834456207,0.0433108758421559,0.1992300288739172,0.3017324350336862,0.4393647738209817,0.0919153031761308,0.5026178010471204,0.2320489350552165,0.224617895834509,0.2744063406312039,0.5138722236559209,0.224488210089684,0.0,0.518341307814992,0.050905481805466,0.1037267167171908,0.1403786488381823,0.4393647738209817,0.0,0.0919153031761308,1.0,0.4197556226628246,1.0,-0.0887757935190868,0.0,-0.1564972117893205,0.0,-0.0438284524494147,0.0,0.0590542344693551,1.0,0.0235238391257406,1.0,-0.0446698109953524,0.0,0.0811407946743089,1.0,-0.0003999385765769,,-0.0332257217555502,0.0,0.0158561835257135,1.0,,,0.0,,,1.0,0.0,1.0,1.0,1.0,0.0,0.0,1.0,0.0,0.0,0.956,0.0,0.0,0.0,1.0,1.0,0.0,1.0,1.0,1.0,0.0,0.0,0.0,1.0,1.0,0.0,0.0,,1.0,0.0,0.0,0.0,1.0,1.0
Charville_c001_v001_r001_reg029,68239.0,2415.0,0.5846790890269151,0.1159420289855072,0.0331262939958592,0.082815734989648,0.05175983436853,0.0728778467908902,0.0761904761904762,0.0194616977225672,0.0351966873706004,0.0902691511387163,0.2600414078674948,0.5846790890269151,0.0331262939958592,0.425,0.2290148466868453,0.4092064581343105,0.1771761053856329,0.7198548265788407,0.2390511510199917,0.0347826086956521,0.5700636942675159,0.0594340353735534,0.0295000016912092,0.0456169460296978,0.5846790890269151,1.0,0.0331262939958592,1.0,0.3219312852640488,1.0,-0.2048488870052544,0.0,-0.0595205310700762,0.0,-0.2428664226565508,0.0,0.1501692983491211,1.0,0.0915317054058452,1.0,-0.0372305172331453,0.0,0.1835445894754757,1.0,0.015145919186171,1.0,-0.0305252828060242,0.0,-0.012525558471164,0.0,,,1.0,,,1.0,0.0,1.0,1.0,1.0,0.0,0.0,1.0,0.0,0.0,1.0,0.0,0.0,0.0,1.0,1.0,0.0,1.0,1.0,1.0,0.0,0.0,0.0,1.0,1.0,0.0,1.0,1.0,1.0,0.0,0.0,0.925,0.0,0.0
Charville_c001_v001_r001_reg030,68239.0,2325.0,0.4696774193548387,0.1389247311827957,0.0554838709677419,0.0834408602150537,0.0202150537634408,0.0795698924731182,0.086021505376344,0.0172043010752688,0.0778494623655914,0.1754838709677419,0.2559139784946236,0.4696774193548387,0.0554838709677419,0.0930232558139535,0.3853769389680933,0.4890064486897924,0.2972589073785562,0.4686000520549643,0.1687997580530499,0.010752688172043,0.5142857142857142,0.0978662062437908,0.0672968612622994,0.0853881879088839,0.4696774193548387,0.0,0.0554838709677419,1.0,-0.0212421940117254,,0.0456317837542123,1.0,0.1123356819197002,1.0,-0.0411040376581231,0.0,-0.0048636055724123,,-0.0025268016951807,,-0.0360505670559393,0.0,0.0777601450238296,1.0,0.0050908426095319,1.0,-0.052907130650423,0.0,0.0020012524518002,,,,0.0,,,1.0,0.0,0.039,,0.0,0.599,,0.0,1.0,1.0,0.925,0.0,0.0,0.0,0.0,,0.0,0.0,,1.0,0.0,0.0,0.0,0.999,1.0,0.0,0.998,1.0,1.0,0.0,0.0,0.0,0.464,
Charville_c001_v001_r001_reg031,68265.0,3039.0,0.6581112207963146,0.0536360644948996,0.0177690029615004,0.0358670615333991,0.1010200723922342,0.0579137874300756,0.0924646265218822,0.0388285620269825,0.0177690029615004,0.0315893385982231,0.2513984863441921,0.6581112207963146,0.0177690029615004,0.0925925925925925,0.3980665993479899,0.4716120453432571,0.4609675527850862,0.6607410952494809,0.0964718979080945,0.0947680157946693,0.2853403141361256,0.0292800146502692,0.022435503908146,0.0445540745764152,0.6581112207963146,1.0,0.0177690029615004,0.0,-0.004543067706518,,-0.0854373403107367,0.0,-0.0548791856119665,0.0,-0.0108592589090504,,0.0407279072307323,1.0,0.0212141757439637,1.0,-0.0005519215646031,,-0.0722551150666865,0.0,0.0042668601887977,1.0,0.0037798379487981,,0.0037518245082691,1.0,,,1.0,,,0.0,0.0,0.367,,1.0,0.0,0.0,0.999,0.0,0.0,0.0,0.0,,0.0,0.936,1.0,0.0,1.0,1.0,0.0,0.0,,0.686,0.0,,0.0,0.885,,0.0,0.0,,0.0,0.77,
Charville_c001_v001_r001_reg033,68264.0,2723.0,0.4660301138450238,0.1468968049944913,0.0576569959603378,0.0892398090341535,0.0620639001101726,0.0782225486595666,0.2104296731546089,0.0139551964744766,0.0275431509364671,0.0697759823723834,0.3011384502387073,0.4660301138450238,0.0576569959603378,0.0573248407643312,0.3233043000213368,0.3720108105136816,0.3248878727300138,0.5042942084759483,0.1540199872273276,0.1131105398457583,0.3280487804878049,0.0377667179906341,0.0480037273011727,0.076177835057872,0.4660301138450238,0.0,0.0576569959603378,1.0,-0.0556487117120523,,-0.0150461129680712,,-0.0031167162791981,,-0.0108305130741669,,0.0319123337176981,1.0,-0.0038015897373977,,0.0094780428893554,,-0.0979702992069957,0.0,0.0042757566614877,1.0,0.0006695860784075,,-0.009662823533155,,,,0.0,,,1.0,0.0,0.0,,0.09,0.0,,0.0,0.0,,0.0,0.0,,0.0,0.647,,0.0,0.0,,0.0,0.027,,1.0,0.0,0.0,0.0,0.902,1.0,0.001,0.0,,0.338,0.0,
Charville_c001_v001_r001_reg034,68264.0,2648.0,0.4637462235649547,0.1487915407854985,0.0540030211480362,0.0947885196374622,0.0562688821752265,0.0811933534743202,0.1910876132930513,0.0090634441087613,0.0377643504531722,0.091012084592145,0.2953172205438066,0.4637462235649547,0.0540030211480362,0.0559440559440559,0.2790639420138677,0.335198956342523,0.3105817670486027,0.3655128097007438,0.1655645606005396,0.118202416918429,0.3465473145780051,0.0493008857097089,0.0632720247432575,0.0679652855100661,0.4637462235649547,0.0,0.0540030211480362,1.0,-0.061861953964395,,-0.0577330941108585,0.0,-0.0342478703397342,0.0,-0.0236128844745456,,-0.1079630124928647,0.0,0.0021555924234341,,0.0206161830013482,1.0,-0.0819950520280881,0.0,0.0039395163285771,1.0,0.0012620280335956,,-0.0137495899077249,0.0,,,0.0,,,1.0,0.0,0.0,,0.999,0.0,0.0,0.778,0.0,,0.065,0.0,,1.0,0.0,0.0,0.0,0.068,,0.0,0.992,1.0,0.924,0.0,0.0,0.0,0.705,,0.0,0.0,,0.992,0.0,0.0
Charville_c001_v001_r001_reg035,68263.0,2136.0,0.2790262172284644,0.2186329588014981,0.0941011235955056,0.1245318352059925,0.0397940074906367,0.1558988764044943,0.1647940074906367,0.022003745318352,0.0580524344569288,0.0870786516853932,0.4363295880149813,0.2790262172284644,0.0941011235955056,0.0348258706467661,0.2048020819003448,0.2083799169109165,0.302211290713909,0.2302088507442178,0.1854185786571182,0.0664794007490636,0.3143776824034335,0.0627342756126456,0.0706029495509119,0.1197538954357527,0.2790262172284644,0.0,0.0941011235955056,1.0,-0.0962550644908583,0.0,0.0119529425657313,,-0.0171384715023257,,0.096996047007676,1.0,-0.0784414593339638,0.0,-0.0604397555931868,0.0,-0.0531056519561945,0.0,-0.1551232670952839,0.0,0.0017378185570878,,0.0090573073501989,,-0.0072366276957274,,,,0.0,,,1.0,0.647,0.0,,0.0,0.0,,0.044,0.0,,0.0,1.0,1.0,1.0,0.0,0.0,1.0,0.0,0.0,1.0,0.0,0.0,1.0,0.0,0.0,0.0,0.007,,0.0,0.305,,0.011,0.0,
Charville_c001_v001_r001_reg036,68263.0,2199.0,0.3419736243747158,0.142337426102774,0.0582082764893133,0.0841291496134606,0.0554797635288767,0.1732605729877216,0.1750795816280127,0.0281946339245111,0.0713960891314233,0.1114142792178262,0.3992723965438836,0.3419736243747158,0.0582082764893133,0.015625,0.2138323695330274,0.2290901512518694,0.2803177496076375,0.2245175255363508,0.1755063293101268,0.0409276944065484,0.3143507972665148,0.0693878121951843,0.0932916412134165,0.0985280868106923,0.3419736243747158,0.0,0.0582082764893133,1.0,-0.1359385453113016,0.0,-0.0165446975049646,,-0.0245780846972366,,0.029665365747962,,-0.1337288112654319,0.0,0.0164003094058078,1.0,-0.0517542941612156,0.0,-0.1382609401982113,0.0,-0.008635774161154,0.0,0.0157263177111042,1.0,0.0120649652725967,1.0,,,0.0,,,1.0,1.0,0.0,0.0,0.125,0.0,,0.412,0.0,,0.0,0.068,,1.0,0.0,0.0,0.0,1.0,1.0,1.0,0.0,0.0,1.0,0.0,0.0,1.0,0.0,0.0,0.0,1.0,1.0,0.0,1.0,1.0
Charville_c001_v001_r001_reg044,68260.0,1890.0,0.2624338624338624,0.137037037037037,0.0756613756613756,0.0613756613756613,0.083068783068783,0.1164021164021164,0.1867724867724867,0.0941798941798941,0.0333333333333333,0.1962962962962963,0.4306878306878307,0.2624338624338624,0.0756613756613756,0.2447552447552448,0.1938966103535604,0.2445793776337255,0.1788076382014694,0.1946029584567165,0.1398383775054763,0.1735449735449735,0.7113022113022113,0.0352153773623385,0.0963416049873576,0.0909458650376922,0.2624338624338624,0.0,0.0756613756613756,1.0,0.0876859361018654,1.0,0.0332693737890368,,0.0527104030620625,1.0,-0.0132200851721724,,-0.0552165793446807,0.0,-0.0112662077222235,0.0,0.0498160438392722,1.0,0.2332409555730914,1.0,0.0019019572548834,,-0.0407412176162876,0.0,-0.015223933908931,0.0,,,0.0,,,1.0,0.0,1.0,1.0,0.0,0.133,,0.0,0.917,1.0,0.0,0.0,,1.0,0.0,0.0,1.0,0.0,0.0,0.0,1.0,1.0,0.0,1.0,1.0,0.0,0.022,,1.0,0.0,0.0,1.0,0.0,0.0
Charville_c001_v001_r001_reg047,68258.0,2647.0,0.4114091424253872,0.0963354741216471,0.0411786928598413,0.0551567812618058,0.1446921042689837,0.1314695882130714,0.1454476766150358,0.0245561012466943,0.0287117491499811,0.1450698904420098,0.3970532678503967,0.4114091424253872,0.0411786928598413,0.036697247706422,0.2802452401845377,0.3172020049201938,0.2995722929396501,0.4723443881812159,0.1302759352123386,0.2406497922176048,0.4310180780209324,0.032994546517261,0.1114113612668046,0.0781849779070805,0.4114091424253872,0.0,0.0411786928598413,1.0,-0.1120777121587391,0.0,9.46217158021012e-05,,0.0112712794143964,,0.0009123766148343,,0.0529006595456413,1.0,0.0170316116259285,1.0,0.0651220316658072,1.0,0.0073430859791948,,0.0031642004516313,,0.0114766878513457,1.0,0.0109503330812898,1.0,,,0.0,,,1.0,1.0,0.0,0.0,0.0,0.0,,0.0,0.0,,0.0,0.0,,0.0,1.0,1.0,0.0,1.0,1.0,0.0,1.0,1.0,0.0,0.001,,0.0,0.248,,0.0,0.96,1.0,0.0,1.0,1.0
Charville_c001_v001_r001_reg048,68258.0,2696.0,0.4725519287833828,0.0326409495548961,0.0200296735905044,0.0126112759643916,0.158753709198813,0.1164688427299703,0.1524480712166172,0.0385756676557863,0.0181750741839762,0.119807121661721,0.3464391691394659,0.4725519287833828,0.0200296735905044,0.1481481481481481,0.3239950837032,0.3477315909363015,0.32495742145605,0.4523113831809913,0.0348173120087015,0.029673590504451,0.3790149892933618,0.0202897692535964,0.0761515093268138,0.0447874214162331,0.4725519287833828,0.0,0.0200296735905044,0.0,-0.0050935075744108,,0.0051060656399835,,0.0015647984245949,,-0.0167322428282671,,-0.0103430497460325,,-0.00628808824946,,-0.1245949815176601,0.0,-0.0321527151251152,,-0.0002451856163006,,-0.0056132714781882,,0.0014325985142588,,,,0.0,,,0.0,0.0,0.322,,0.0,0.0,,0.0,0.0,,0.005,0.0,,0.031,0.0,,0.025,0.0,,1.0,0.0,0.0,0.0,0.0,,0.0,0.0,,0.422,0.0,,0.0,0.281,
Charville_c001_v001_r001_reg051,68226.0,2405.0,0.3392931392931393,0.1322245322245322,0.0627858627858627,0.0694386694386694,0.0586278586278586,0.083991683991684,0.2648648648648649,0.1293139293139293,0.0249480249480249,0.0316008316008316,0.4041580041580042,0.3392931392931393,0.0627858627858627,0.0198675496688741,0.2992336673958037,0.3536572587990056,0.2735755780533636,0.3046899159583674,0.1382126945710121,0.1442827442827443,0.455761316872428,0.0289090172140166,0.0275190685329655,0.0685289523691635,0.3392931392931393,0.0,0.0627858627858627,1.0,-0.1273935825972733,0.0,0.0733882519234679,1.0,0.098321222432365,1.0,0.0279274134937781,,0.0114084730285354,,0.0065094032753551,1.0,0.0538389214416871,1.0,0.003312246488632,,0.0037074347842958,1.0,0.0049741272021442,,-0.0231028223443061,0.0,,,0.0,,,1.0,1.0,0.0,0.0,0.0,1.0,1.0,0.0,1.0,1.0,0.0,0.033,,0.0,0.001,,0.0,0.993,1.0,0.0,1.0,1.0,0.0,0.0,,0.0,0.654,,0.0,0.0,,1.0,0.0,0.0
Charville_c001_v001_r001_reg053,68229.0,2016.0,0.6001984126984127,0.0763888888888889,0.0416666666666666,0.0347222222222222,0.0510912698412698,0.0570436507936507,0.1999007936507936,0.0307539682539682,0.0133928571428571,0.0228174603174603,0.2152777777777778,0.6001984126984127,0.0416666666666666,0.0119047619047618,0.5399428605053462,0.5822569758129694,0.458146117834265,0.5695041051464153,0.0924030957961741,0.0124007936507936,0.3294930875576037,0.0153104601774528,0.0190330480324394,0.0533326364059437,0.6001984126984127,1.0,0.0416666666666666,1.0,-0.0766511832036051,,0.1013809732336136,1.0,0.0902419748770694,1.0,0.0275987082870786,,-0.0063545857255672,,0.0111495822028372,1.0,-0.0347339085846835,0.0,-0.062360901692921,,-0.0066265642253159,0.0,0.0057229299980466,,-0.014452990357216,0.0,,,1.0,,,1.0,0.004,0.0,,0.0,1.0,1.0,0.0,1.0,1.0,0.0,0.029,,0.002,0.0,,0.0,1.0,1.0,1.0,0.0,0.0,0.263,0.0,,1.0,0.0,0.0,0.0,0.0,,0.999,0.0,0.0
Charville_c001_v001_r001_reg054,68229.0,2010.0,0.3139303482587064,0.0621890547263681,0.0288557213930348,0.0333333333333333,0.0333333333333333,0.081094527363184,0.1900497512437811,0.3174129353233831,0.0273631840796019,0.0388059701492537,0.4940298507462686,0.3139303482587064,0.0288557213930348,0.0517241379310344,0.3086889836868536,0.3657339514092129,0.214348579606007,0.2068635642553124,0.0910926700408516,0.1004975124378109,0.3605236656596173,0.0307418256457702,0.02910302296746,0.0582536651194691,0.3139303482587064,0.0,0.0288557213930348,1.0,-0.1417235693312738,0.0,0.1200899904004991,1.0,0.1672332308268291,1.0,-0.0131341245964893,,0.0517249152935352,1.0,0.0238690199352394,1.0,0.0840541002108996,1.0,-0.0787500284228602,0.0,0.0074760890683969,1.0,0.0012794137014821,,0.0049331578927802,1.0,,,0.0,,,1.0,1.0,0.0,0.0,0.0,1.0,1.0,0.0,1.0,1.0,0.0,0.0,,0.0,1.0,1.0,0.0,1.0,1.0,0.0,1.0,1.0,0.901,0.0,0.0,0.0,1.0,1.0,0.0,0.0,,0.0,0.839,
Charville_c001_v001_r001_reg056,68257.0,2784.0,0.5571120689655172,0.0930316091954022,0.0398706896551724,0.0531609195402298,0.0520833333333333,0.0736350574712643,0.0894396551724138,0.0237068965517241,0.0380747126436781,0.1285919540229885,0.2424568965517241,0.5571120689655172,0.0398706896551724,0.0270270270270269,0.3829500402449613,0.4123260684983507,0.435159578536879,0.489412057554627,0.1204778679982609,0.0883620689655172,0.2266666666666666,0.0510510770962351,0.1047094659517454,0.0629632173765695,0.5571120689655172,1.0,0.0398706896551724,1.0,-0.0771675020402357,,-0.0221129814640996,,-0.0356362420638737,0.0,0.034725805739501,,-0.0542408443100044,0.0,0.0008363660064626,,0.0298764497407659,1.0,-0.1762639964550862,0.0,0.0025921282992519,,0.0179146112141759,1.0,-0.0027945323173244,,,,1.0,,,1.0,0.006,0.0,,0.192,0.0,,0.86,0.0,,0.0,0.12,,1.0,0.0,0.0,0.0,0.022,,0.0,1.0,1.0,1.0,0.0,0.0,0.0,0.159,,0.0,1.0,1.0,0.0,0.0,
Charville_c001_v001_r001_reg057,68256.0,2362.0,0.3869602032176122,0.2104149026248941,0.1329381879762912,0.0774767146486028,0.0965283657917019,0.0982218458933107,0.1490262489415749,0.0304826418289585,0.0558848433530906,0.0613886536833192,0.4356477561388653,0.3869602032176122,0.1329381879762912,0.1178343949044585,0.2501359921607051,0.3016897165157958,0.2231123390041235,0.3708043959037614,0.2501252835177199,0.4623200677392041,0.4412050534499514,0.0695469091832061,0.0270869341050037,0.1546289433982652,0.3869602032176122,0.0,0.1329381879762912,1.0,0.0645581842130738,1.0,-0.0339789561099133,0.0,-0.0664644255511282,0.0,-0.0569807484005792,0.0,-0.0242111907800905,0.0,0.0105760429358642,1.0,0.277259285796581,1.0,0.0174227149040302,,0.0109682262454795,1.0,-0.0154244807292364,0.0,-0.0162133616832928,0.0,,,0.0,,,1.0,0.0,0.999,1.0,0.528,0.0,,1.0,0.0,0.0,1.0,0.0,0.0,0.64,0.0,,0.0,1.0,1.0,0.0,1.0,1.0,0.0,0.075,,0.0,1.0,1.0,1.0,0.0,0.0,1.0,0.0,0.0
Charville_c001_v001_r001_reg058,68256.0,2636.0,0.3975720789074355,0.2113050075872534,0.1369499241274658,0.0743550834597875,0.099772382397572,0.0857359635811836,0.1365705614567526,0.0447647951441578,0.0402124430955993,0.0633535660091047,0.4415781487101669,0.3975720789074355,0.1369499241274658,0.005540166204986,0.3079869999902319,0.367160230694335,0.2741334096921056,0.37211616033846,0.2279501852321664,0.4423368740515933,0.3745704467353952,0.046449087412835,0.027000436613897,0.1682679333402611,0.3975720789074355,0.0,0.1369499241274658,1.0,-0.0398689164549946,,0.014526142753751,,-0.0151993658846202,,-0.0130852465272652,,-0.0230532125733227,,-0.014829883986135,0.0,0.2527053804837384,1.0,-0.0431179111002534,,0.0059159483765088,1.0,-0.0167371272321032,0.0,-0.0071041110958911,,,,0.0,,,1.0,0.0,0.001,,0.0,0.0,,0.018,0.0,,0.0,0.0,,0.482,0.0,,1.0,0.0,0.0,0.0,1.0,1.0,0.003,0.0,,0.0,1.0,1.0,1.0,0.0,0.0,0.005,0.0,
Charville_c001_v001_r001_reg064,68253.0,2248.0,0.3251779359430605,0.0911921708185053,0.0511565836298932,0.0400355871886121,0.0680604982206405,0.1574733096085409,0.1712633451957295,0.0769572953736654,0.0306939501779359,0.2335409252669039,0.3936832740213523,0.3251779359430605,0.0511565836298932,0.0086956521739129,0.1725036736467338,0.1758615356091847,0.2551606334624668,0.315876567973632,0.118640239165339,0.0346975088967971,0.3107344632768362,0.0370057033531405,0.1851325146009666,0.1142502339553192,0.3251779359430605,0.0,0.0511565836298932,1.0,-0.1561093663618921,0.0,-0.032161655640878,,-0.0546632136096896,0.0,0.0170185750088357,,0.0021182752669536,,0.0157627006501612,1.0,-0.0425156854306753,0.0,-0.1505100175504201,0.0,0.0047568907759629,1.0,0.0231232782945294,1.0,0.0357493336247358,1.0,,,0.0,,,1.0,1.0,0.0,0.0,0.4,0.0,,0.998,0.0,0.0,0.0,0.0,,0.0,0.0,,0.0,1.0,1.0,1.0,0.0,0.0,1.0,0.0,0.0,0.0,0.99,1.0,0.0,1.0,1.0,0.0,1.0,1.0
Charville_c001_v001_r001_reg066,68251.0,3041.0,0.5784281486353173,0.0868135481749424,0.0503123972377507,0.0365011509371917,0.1173955935547517,0.0769483722459717,0.108516935218678,0.0318974021703387,0.0263071358105886,0.0427490956922065,0.3130549161460046,0.5784281486353173,0.0503123972377507,0.0065359477124182,0.5134772491895504,0.5263245924892184,0.4756795738267067,0.584390728940895,0.1046879171794088,0.1693521867806642,0.1869747899159664,0.0273048416813056,0.0321663705978252,0.0759389746090977,0.5784281486353173,1.0,0.0503123972377507,1.0,-0.0791747124699448,,0.0913988304010636,1.0,0.0475872210335619,1.0,0.0599482408392719,1.0,0.0277210199791725,1.0,-0.0046027841189664,,0.0335198698653493,1.0,-0.1880683767881462,0.0,-0.0041681320299549,0.0,0.004842950125909,,-0.0016087363343965,,,,1.0,,,1.0,0.014,0.0,,0.0,1.0,1.0,0.0,0.517,,0.0,1.0,1.0,0.0,0.506,,0.0,0.0,,0.0,1.0,1.0,1.0,0.0,0.0,0.761,0.0,,0.0,0.0,,0.0,0.003,
Charville_c001_v001_r001_reg067,68251.0,2353.0,0.334041648958776,0.1861453463663408,0.0594985125371865,0.1266468338291542,0.0267743306417339,0.1602209944751381,0.1674458138546536,0.0739481512962176,0.0463238419039524,0.1368465788355291,0.4470888227794305,0.334041648958776,0.0594985125371865,0.05,0.2674048282283504,0.3529160578830695,0.2399802564499611,0.4426328452394684,0.2040474479930448,0.0807479813004675,0.4496197718631178,0.0484027835782296,0.0548757373432744,0.0843167952563122,0.334041648958776,0.0,0.0594985125371865,1.0,-0.1026191102592838,0.0,0.0342492968610558,,0.1058339286381598,1.0,-0.0045703734733294,,0.1194848840541235,1.0,-0.0051814312314744,,-0.0029125691939118,,0.0063834655730579,,0.0012392962111282,,-0.0403286184098109,0.0,-0.0036031601269145,,,,0.0,,,1.0,0.988,0.0,0.0,0.0,0.226,,0.0,1.0,1.0,0.0,0.0,,0.0,1.0,1.0,0.001,0.0,,0.0,0.0,,0.0,0.0,,0.0,0.001,,1.0,0.0,0.0,0.0,0.0,
Charville_c001_v001_r001_reg072,68248.0,2941.0,0.4590275416524991,0.143828629717783,0.037402244134648,0.1064263855831349,0.0734444066643998,0.0805848350901054,0.0826249574974498,0.0459027541652499,0.097245834750085,0.0877252635158109,0.3437606256375382,0.4590275416524991,0.037402244134648,0.0181818181818181,0.1357459397192525,0.1404701136966005,0.2015468690261859,0.605553286541951,0.2624825889036576,0.1247874872492349,0.3036597428288823,0.108317710934129,0.0367585613641539,0.0758551795912222,0.4590275416524991,0.0,0.037402244134648,1.0,-0.1197909103336543,0.0,-0.1958926214677349,0.0,-0.2087307999502777,0.0,-0.1292657354617573,0.0,0.1589217583486837,1.0,0.0850880168368585,1.0,0.0088841878005623,,-0.1139735333302378,0.0,-0.0018457244419323,,-0.0230417270072423,0.0,0.0128846059222811,1.0,,,0.0,,,1.0,1.0,0.0,0.0,1.0,0.0,0.0,1.0,0.0,0.0,1.0,0.0,0.0,0.0,1.0,1.0,0.0,1.0,1.0,0.0,0.021,,1.0,0.0,0.0,0.0,0.0,,1.0,0.0,0.0,0.0,1.0,1.0
Charville_c001_v001_r001_reg073,68248.0,3054.0,0.4950884086444008,0.0553372626064178,0.0166994106090373,0.0386378519973804,0.0903732809430255,0.0514079895219384,0.0533726260641781,0.2111984282907662,0.0337262606417812,0.0445317616240995,0.408316961362148,0.4950884086444008,0.0166994106090373,0.196078431372549,0.2528241953084008,0.285856571660848,0.2862530633097988,0.464126739474233,0.1448500807172298,0.0461689587426326,0.3432237369687249,0.0384440715677156,0.0259954343185738,0.0591028401916958,0.4950884086444008,0.0,0.0166994106090373,0.0,0.0462133831140545,1.0,-0.0904807566674799,0.0,-0.0793382701967348,0.0,-0.0692328360540832,0.0,0.0893603012594757,1.0,0.0606680623054614,1.0,-0.036960445459053,0.0,-0.0418624290832852,,0.0035236873764862,1.0,-0.0035722104781091,,0.0195082903285861,1.0,,,0.0,,,0.0,0.0,0.993,1.0,1.0,0.0,0.0,1.0,0.0,0.0,1.0,0.0,0.0,0.0,1.0,1.0,0.0,1.0,1.0,1.0,0.0,0.0,0.001,0.0,,0.0,0.617,,0.155,0.0,,0.0,1.0,1.0
Charville_c001_v001_r001_reg076,68228.0,2156.0,0.3970315398886827,0.1924860853432282,0.0542671614100185,0.1382189239332096,0.0306122448979591,0.137291280148423,0.1433209647495361,0.0064935064935064,0.0644712430426716,0.1442486085343228,0.3668831168831168,0.3970315398886827,0.0542671614100185,0.0170940170940171,0.1801625444407069,0.1656256616179046,0.2638582192892529,0.4897545855660238,0.2382717127042605,0.1312615955473098,0.2692793931731985,0.0730415851964305,0.138096765683938,0.1138413562004059,0.3970315398886827,0.0,0.0542671614100185,1.0,-0.1215011551036634,0.0,-0.1087004856518456,0.0,-0.1384728050988828,0.0,-0.0247628834712552,,0.0713175447785614,1.0,0.0176476468683758,1.0,0.0389786882972975,1.0,-0.1685537073085915,0.0,0.0011725161067902,,0.0385535533665562,1.0,0.0318282342143593,1.0,,,0.0,,,1.0,1.0,0.0,0.0,1.0,0.0,0.0,1.0,0.0,0.0,0.126,0.0,,0.0,1.0,1.0,0.0,1.0,1.0,0.0,1.0,1.0,1.0,0.0,0.0,0.0,0.001,,0.0,1.0,1.0,0.0,1.0,1.0
Charville_c001_v001_r001_reg085,68246.0,2414.0,0.4784589892294946,0.0385252692626346,0.0124275062137531,0.0260977630488815,0.0969345484672742,0.0729080364540182,0.1714995857497928,0.0389395194697597,0.0422535211267605,0.1135045567522783,0.2473073736536868,0.4784589892294946,0.0124275062137531,0.0666666666666666,0.2698179057790054,0.2587846594694001,0.3045436694654215,0.363489287506576,0.0389673160659807,0.0173985086992543,0.4170854271356783,0.0445594892912692,0.0710934462995692,0.0406928661707127,0.4784589892294946,0.0,0.0124275062137531,0.0,-0.0932601369659217,,-0.0554566077293462,0.0,-0.0860434434819211,0.0,-0.0398431050643138,0.0,-0.1039538940510238,0.0,-0.0052595510156706,,-0.0636593859909708,0.0,-0.018000316199294,,-0.0083768747507229,0.0,-0.0062520933545651,0.0,0.0059218173378781,1.0,,,0.0,,,0.0,0.439,0.0,,0.998,0.0,0.0,1.0,0.0,0.0,0.903,0.0,0.0,1.0,0.0,0.0,0.001,0.0,,1.0,0.0,0.0,0.0,0.0,,1.0,0.0,0.0,0.564,0.0,,0.0,0.961,1.0
Charville_c002_v001_r001_reg095,68193.0,1848.0,0.4025974025974026,0.1130952380952381,0.0427489177489177,0.0703463203463203,0.0281385281385281,0.1558441558441558,0.1677489177489177,0.0670995670995671,0.0817099567099567,0.1352813852813852,0.3641774891774891,0.4025974025974026,0.0427489177489177,0.1392405063291139,0.3519268966915265,0.3339065487910448,0.3228260975935121,0.3601381745480993,0.114277818555497,0.0275974025974025,0.438335809806835,0.0771019941967856,0.1116640294365186,0.0522863341801344,0.4025974025974026,0.0,0.0427489177489177,1.0,-0.0105531052513645,,0.0756948934711331,1.0,0.0351637351807859,,0.0295973895773926,,-0.0254504643705163,0.0,-0.0136057554449841,0.0,-0.0133438374518012,,0.0021483053441335,,-0.0144177729894328,0.0,0.0183739089624206,1.0,-0.0167212860377518,0.0,,,0.0,,,1.0,0.0,0.129,,0.0,1.0,1.0,0.0,0.022,,0.0,0.061,,0.776,0.0,,1.0,0.0,0.0,0.051,0.0,,0.0,0.0,,1.0,0.0,0.0,0.0,1.0,1.0,1.0,0.0,0.0
Charville_c002_v001_r001_reg180,68199.0,1887.0,0.5363010068892422,0.0794912559618442,0.0068892421833598,0.0726020137784843,0.0052994170641229,0.0545839957604663,0.0678325384207737,0.0227874933757286,0.0482246952835188,0.1875993640699523,0.1621621621621621,0.5363010068892422,0.0068892421833598,0.0,0.3469564832132323,0.2555327967241121,0.3864143870492258,0.5770641113861634,0.0992448008726177,0.0,0.326797385620915,0.0708030109230428,0.121016433154935,0.0319428175406243,0.5363010068892422,1.0,0.0068892421833598,0.0,-0.1478752048906269,0.0,-0.0371886172728808,0.0,-0.1409615113759459,0.0,0.0014641053450092,,0.050507086344393,1.0,-0.0092151916319046,0.0,0.0078591556835688,,-0.1063913050813595,0.0,0.0066850330270343,1.0,-0.0067333892060363,0.0,0.0034251442014051,1.0,,,1.0,,,0.0,1.0,0.0,0.0,0.622,0.0,,1.0,0.0,0.0,0.0,0.0,,0.0,1.0,1.0,0.844,0.0,,0.0,0.007,,1.0,0.0,0.0,0.0,1.0,1.0,0.646,0.0,,0.0,0.723,
Charville_c003_v001_r001_reg043,68168.0,2274.0,0.5545294635004397,0.0545294635004397,0.0219876868953386,0.0325417766051011,0.0149516270888302,0.06948109058927,0.1838170624450308,0.0180299032541776,0.0351802990325417,0.1332453825857519,0.1569920844327176,0.5545294635004397,0.0219876868953386,0.02,0.3355041890076626,0.5049707443118762,0.3716443355201935,0.6045862501796562,0.0551661407069029,0.0,0.3893557422969187,0.0520552774890422,0.0763598777449462,0.0377177269331059,0.5545294635004397,1.0,0.0219876868953386,0.0,-0.1051285639014247,0.0,-0.0588786716513314,0.0,0.0763594807470622,1.0,-0.0268059187500526,,0.059606156131905,1.0,-0.0046548780042118,,0.0110462778757451,,-0.0374594729736497,,0.0024318496272108,,-0.0136762189376383,0.0,-0.007847931773992,,,,1.0,,,0.0,0.998,0.0,0.0,1.0,0.0,0.0,0.0,1.0,1.0,0.17,0.0,,0.0,1.0,1.0,0.0,0.0,,0.0,0.107,,0.0,0.0,,0.0,0.117,,1.0,0.0,0.0,0.034,0.0,
Charville_c003_v001_r001_reg115,68162.0,2722.0,0.5077149155033064,0.2255694342395297,0.0628214548126377,0.1627479794268919,0.0213078618662748,0.0848640705363703,0.1186627479794268,0.0308596620132255,0.0246142542248346,0.0551065393093313,0.3626010286554004,0.5077149155033064,0.0628214548126377,0.0116959064327485,0.3512025623751364,0.4069998123719551,0.321727867883712,0.4446078870288146,0.2552060852458678,0.0,0.3343465045592705,0.03654086104268,0.0413991297587882,0.0839164956191193,0.5077149155033064,0.0,0.0628214548126377,1.0,-0.0822926179564727,,-0.0403648358409952,0.0,-0.013969042636478,,-0.0439113854352646,0.0,-0.0526789006854205,0.0,-0.0066685061963654,,-0.1008399173580285,0.0,-0.0575586545786512,,0.0095579626365017,1.0,0.0046910255541335,,-0.007755466833104,,,,0.0,,,1.0,0.035,0.0,,0.743,0.0,,0.008,0.0,,0.96,0.0,0.0,1.0,0.0,0.0,0.094,0.0,,1.0,0.0,0.0,0.098,0.0,,0.0,1.0,1.0,0.0,0.0,,0.031,0.0,
Charville_c003_v001_r001_reg117,68173.0,1920.0,0.4760416666666666,0.0442708333333333,0.0052083333333333,0.0390625,0.0078125,0.0916666666666666,0.1734375,0.0229166666666666,0.0536458333333333,0.1770833333333333,0.1666666666666666,0.4760416666666666,0.0052083333333333,0.1999999999999999,0.2807996084361686,0.3519407879438395,0.364631064458668,0.5272268414963229,0.0462304878668473,0.0,0.615625,0.0675687408323639,0.1069550882884555,0.0100755688328686,0.4760416666666666,0.0,0.0052083333333333,0.0,0.0311878411044952,1.0,-0.043651927329897,0.0,0.0162762060890726,,0.021315690052664,,0.0519021866253913,1.0,-0.0040415340095964,,0.0261512602895401,1.0,0.1580111756740427,1.0,-0.0024506490534281,,-0.0142746871713538,0.0,-0.0165441534241935,0.0,,,0.0,,,0.0,0.0,0.982,1.0,0.905,0.0,0.0,0.0,0.0,,0.0,0.001,,0.0,1.0,1.0,0.0,0.0,,0.0,1.0,1.0,0.0,1.0,1.0,0.005,0.0,,1.0,0.0,0.0,1.0,0.0,0.0
Charville_c003_v001_r001_reg148,68163.0,2795.0,0.2118067978533094,0.1463327370304114,0.0440071556350626,0.1023255813953488,0.0207513416815742,0.1334525939177102,0.1416815742397137,0.10912343470483,0.1556350626118068,0.1627906976744186,0.4096601073345259,0.2118067978533094,0.0440071556350626,0.0162601626016259,0.1838374302112756,0.174858860058368,0.2114124170029664,0.2235592327941166,0.1528312420689935,0.0479427549194991,0.3510917030567685,0.1350788127781921,0.1406145327678394,0.056482520856066,0.2118067978533094,0.0,0.0440071556350626,1.0,-0.1924205919021717,0.0,0.0648243776257903,1.0,0.0625265130963831,1.0,0.0548534014556831,1.0,0.0259797802977957,,-0.0167278462077184,0.0,-0.0040306511681269,,-0.1541057236295229,0.0,-0.0377435948579613,0.0,0.0260265631556903,1.0,-0.0139458033801149,0.0,,,0.0,,,1.0,1.0,0.0,0.0,0.0,0.985,1.0,0.0,1.0,1.0,0.0,0.968,1.0,0.0,0.262,,1.0,0.0,0.0,0.0,0.0,,1.0,0.0,0.0,1.0,0.0,0.0,0.0,1.0,1.0,0.996,0.0,0.0
Charville_c003_v001_r001_reg150,68174.0,2656.0,0.641566265060241,0.0406626506024096,0.0158132530120481,0.0248493975903614,0.0357680722891566,0.041039156626506,0.1750753012048193,0.0451807228915662,0.0229668674698795,0.0282379518072289,0.1626506024096385,0.641566265060241,0.0158132530120481,0.0714285714285714,0.5190469063941793,0.5837962294613077,0.5472745543054226,0.6096488094819812,0.0441152507344934,0.0,0.2638888888888889,0.0328764590232251,0.0241827419415041,0.0345132752492278,0.641566265060241,1.0,0.0158132530120481,0.0,-0.0331365545682194,,0.0526578064276663,1.0,0.0754112840376903,1.0,0.0878171797041942,1.0,0.0076181823804646,,-0.0018469752320814,,-0.0063798390645241,,-0.1244040907583437,0.0,-0.0026302809234943,,0.0076373447351966,,-0.0040806946180416,,,,1.0,,,0.0,0.0,0.005,,0.0,0.839,,0.0,1.0,1.0,0.0,1.0,1.0,0.0,0.0,,0.0,0.0,,0.0,0.0,,1.0,0.0,0.0,0.028,0.0,,0.0,0.015,,0.0,0.0,
Charville_c003_v001_r001_reg169,68185.0,3212.0,0.5473225404732254,0.048879202988792,0.0165006226650062,0.0323785803237858,0.0890410958904109,0.0457658779576587,0.1061643835616438,0.0208592777085927,0.0797011207970112,0.0849937733499377,0.2045454545454545,0.5473225404732254,0.0165006226650062,0.0188679245283018,0.3434705171101206,0.5392014796197668,0.3202762253389865,0.5475721730240433,0.0535229384049295,0.022104607721046,0.3257229832572298,0.0988952782761208,0.0384564079375226,0.0386122072269088,0.5473225404732254,1.0,0.0165006226650062,0.0,-0.1147112671468563,0.0,-0.0434573813079896,0.0,0.1228347267129308,1.0,-0.0722185734926822,0.0,0.0104639004694295,,-0.0139772336456735,0.0,-0.0554435860217381,0.0,-0.0914785973344879,0.0,0.0013554594833042,,-0.0183848583111152,0.0,-0.0007578868047691,,,,1.0,,,0.0,1.0,0.0,0.0,0.888,0.0,,0.0,1.0,1.0,1.0,0.0,0.0,0.0,0.0,,1.0,0.0,0.0,1.0,0.0,0.0,0.995,0.0,0.0,0.0,0.001,,1.0,0.0,0.0,0.0,0.022,
Charville_c004_v001_r001_reg060,68132.0,1558.0,0.3267008985879333,0.1810012836970475,0.0956354300385109,0.0853658536585365,0.0359435173299101,0.1142490372272143,0.2188703465982028,0.0269576379974326,0.0725288831835686,0.1136071887034659,0.3581514762516046,0.3267008985879333,0.0956354300385109,0.2080536912751678,0.2350319064135566,0.2569070870220775,0.2428758141247213,0.2095884396796076,0.1670060164898113,0.0686777920410783,0.5412186379928315,0.0864105785905704,0.0558149807489966,0.1391383766735512,0.3267008985879333,0.0,0.0956354300385109,1.0,0.0937671919519212,1.0,0.0093355982757085,,-0.0169294426994736,,0.0051476145748253,,-0.1364602360494643,0.0,-0.027249156050858,0.0,-0.0232446617150641,0.0,0.0711484812811442,1.0,0.0049685282585737,1.0,-0.0234488813580169,0.0,0.0104154344559221,1.0,,,0.0,,,1.0,0.0,1.0,1.0,0.0,0.0,,0.034,0.0,,0.0,0.0,,1.0,0.0,0.0,1.0,0.0,0.0,0.964,0.0,0.0,0.0,0.994,1.0,0.0,0.994,1.0,1.0,0.0,0.0,0.0,1.0,1.0
Charville_c004_v001_r001_reg134,68137.0,1701.0,0.4632569077013521,0.1134626690182245,0.0587889476778365,0.054673721340388,0.0123456790123456,0.1134626690182245,0.1258083480305702,0.0094062316284538,0.0605526161081716,0.1810699588477366,0.2486772486772486,0.4632569077013521,0.0587889476778365,0.05,0.3593151379927318,0.333210122420488,0.3840200464894739,0.3625707380347909,0.1315069217462318,0.0,0.3167848699763593,0.0609478947265004,0.1849611574677801,0.1639883584019111,0.4632569077013521,0.0,0.0587889476778365,1.0,-0.0625766650059247,,0.0306965481973951,,-0.0402548138192243,0.0,0.0490551210352598,1.0,-0.1102772058936094,0.0,-0.00432907195323,,-0.0215476437225758,0.0,-0.124400535404575,0.0,-0.0126275271311725,0.0,0.060825878754624,1.0,0.0768695882778628,1.0,,,0.0,,,1.0,0.0,0.0,,0.0,0.06,,0.927,0.0,0.0,0.0,0.847,,1.0,0.0,0.0,0.0,0.0,,0.875,0.0,,1.0,0.0,0.0,1.0,0.0,0.0,0.0,1.0,1.0,0.0,1.0,1.0
Charville_c001_v001_r001_reg010,68237.0,2199.0,0.5511596180081856,0.1082310140973169,0.0377444292860391,0.0704865848112778,0.0545702592087312,0.0936789449749886,0.1227830832196452,0.0222828558435652,0.0468394724874943,0.0873124147339699,0.2787630741246021,0.5511596180081856,0.0377444292860391,0.3493975903614458,0.3081311211748849,0.2962456662092052,0.3048144648109025,0.5156060226252597,0.1409785027858878,0.0773078672123692,0.4698205546492659,0.0635607864807732,0.0416691689824125,0.1025132186035597,0.5511596180081856,1.0,0.0377444292860391,1.0,0.2409297186503551,1.0,-0.095136233998691,0.0,-0.1438650580823632,0.0,-0.0920745222354004,0.0,-0.0238768704664565,0.0,0.0104202076776366,1.0,0.0064920202117348,,0.0740383290015971,1.0,0.0070684749361232,1.0,-0.0167247159766099,0.0,0.0391562761684774,1.0,,,1.0,,,1.0,0.0,1.0,1.0,1.0,0.0,0.0,1.0,0.0,0.0,1.0,0.0,0.0,0.564,0.0,,0.0,1.0,1.0,0.0,0.001,,0.0,0.997,1.0,0.0,1.0,1.0,1.0,0.0,0.0,0.0,1.0,1.0
Charville_c002_v001_r001_reg122,68242.0,1350.0,0.5822222222222222,0.0177777777777777,0.0081481481481481,0.0096296296296296,0.0133333333333333,0.0466666666666666,0.1311111111111111,0.0577777777777777,0.0266666666666666,0.0703703703703703,0.1355555555555555,0.5822222222222222,0.0081481481481481,0.2727272727272727,0.545780824922403,0.5673907525297643,0.5190566481382235,0.5608645863742628,0.0161022499437102,0.0118518518518518,0.4098360655737705,0.0283140591257599,0.0559626388496585,0.0120792909330458,0.5822222222222222,1.0,0.0081481481481481,0.0,0.1407824748830171,1.0,0.1355877489243808,1.0,0.1245612871126421,1.0,0.1016728160522027,1.0,0.0170188997301362,,-0.0123010059119413,0.0,0.0472529935262999,1.0,-0.0109177427321024,,-0.0127876798865434,0.0,0.0096330492447059,,-0.0178598407667301,0.0,,,1.0,,,0.0,0.0,1.0,1.0,0.0,1.0,1.0,0.0,1.0,1.0,0.0,1.0,1.0,0.0,0.032,,1.0,0.0,0.0,0.0,1.0,1.0,0.0,0.0,,1.0,0.0,0.0,0.0,0.438,,1.0,0.0,0.0
Charville_c002_v001_r001_reg128,68192.0,2648.0,0.6533232628398792,0.0959214501510574,0.0691087613293051,0.0268126888217522,0.0253021148036253,0.0592900302114803,0.1030966767371601,0.052870090634441,0.0305891238670694,0.0268126888217522,0.2333836858006042,0.6533232628398792,0.0691087613293051,0.0054644808743169,0.6094180141403923,0.6319382868069835,0.5961502181785798,0.6098544183796364,0.1047648310272843,0.0018882175226586,0.2265372168284789,0.0355077898161396,0.0222182177010707,0.0877882345788264,0.6533232628398792,1.0,0.0691087613293051,1.0,-0.0354290458351864,,0.1207588391868494,1.0,0.0618905285310723,1.0,0.1276859835410831,1.0,0.0026107094401255,,-0.0156361235684948,0.0,-0.0250882730592138,0.0,-0.1378973860763803,0.0,-0.0049506432649579,0.0,0.0067990575816561,,-0.0109828636813702,0.0,,,1.0,,,1.0,0.0,0.002,,0.0,1.0,1.0,0.0,1.0,1.0,0.0,1.0,1.0,0.0,0.0,,1.0,0.0,0.0,0.995,0.0,0.0,1.0,0.0,0.0,0.959,0.0,0.0,0.0,0.001,,0.735,0.0,
Charville_c002_v001_r001_reg147,68192.0,2086.0,0.4851390220517737,0.0570469798657718,0.0167785234899328,0.0402684563758389,0.0071907957813998,0.1347075743048897,0.1433365292425695,0.0162991371045062,0.0781399808245445,0.1749760306807286,0.2152444870565676,0.4851390220517737,0.0167785234899328,0.0,0.4448769191261859,0.4297621838564712,0.4386408662639321,0.3784900960507213,0.0658710157275033,0.0,0.2984409799554566,0.1036341293263803,0.1744479278882959,0.0292821946114362,0.4851390220517737,0.0,0.0167785234899328,0.0,-0.1529207219310026,0.0,0.1097758247191136,1.0,0.074275622834978,1.0,0.0873535154131622,1.0,-0.1086595992753372,0.0,-0.0040324502913359,,0.0191557187469475,1.0,-0.1423524585961029,0.0,0.008417011301719,1.0,0.0547824618543412,1.0,-0.0104016833421919,0.0,,,0.0,,,0.0,1.0,0.0,0.0,0.0,1.0,1.0,0.0,1.0,1.0,0.0,1.0,1.0,1.0,0.0,0.0,0.0,0.0,,0.0,0.952,1.0,1.0,0.0,0.0,0.0,1.0,1.0,0.0,1.0,1.0,0.565,0.0,
Charville_c002_v001_r001_reg151,68214.0,2297.0,0.5968654767087506,0.0922942969090117,0.0748802786242925,0.0174140182847192,0.0126251632564214,0.0391815411406182,0.1885067479320853,0.0348280365694384,0.0148019155420113,0.0361340879407923,0.1789290378754897,0.5968654767087506,0.0748802786242925,0.0116279069767442,0.5392737049892854,0.564904756530888,0.5028541654195582,0.5754111813612305,0.0986434423478528,0.0,0.413625304136253,0.022687342815322,0.0297803919909288,0.1028130776564882,0.5968654767087506,1.0,0.0748802786242925,1.0,-0.0406173067071835,,0.1000937057364589,1.0,0.0449428886504065,,0.075299977555884,1.0,0.0049074597337086,,-0.0023591085092887,,-0.0090246144683965,,0.0106627923190842,,-0.0027328757073216,,0.0072442724323638,,-0.0024747674787916,,,,1.0,,,1.0,0.0,0.0,,0.0,1.0,1.0,0.0,0.159,,0.0,1.0,1.0,0.0,0.0,,0.0,0.0,,0.005,0.0,,0.0,0.006,,0.076,0.0,,0.0,0.005,,0.0,0.0,
Charville_c002_v001_r001_reg158,68202.0,2738.0,0.5310445580715851,0.0467494521548575,0.0098612125639152,0.0368882395909422,0.0142439737034331,0.1059167275383491,0.1336742147552958,0.018626734842951,0.0306793279766252,0.1917457998539079,0.1855368882395909,0.5310445580715851,0.0098612125639152,0.0,0.2291123385833699,0.2667850942326191,0.3605610996790201,0.6882354641127008,0.0598301415849948,0.0,0.3346456692913386,0.0497051461405888,0.1171999457859055,0.0442188263365304,0.5310445580715851,1.0,0.0098612125639152,0.0,-0.1461932312831245,0.0,-0.1433116730054121,0.0,-0.1273347871866816,0.0,-0.0224249365546357,,0.1635609885608343,1.0,-0.0003520360042914,,0.0166554654609071,1.0,-0.0945463280332453,0.0,0.0066587747418549,1.0,-0.0134739613624629,0.0,0.0123454359994352,1.0,,,1.0,,,0.0,1.0,0.0,0.0,1.0,0.0,0.0,1.0,0.0,0.0,0.049,0.0,,0.0,1.0,1.0,0.0,0.006,,0.0,0.804,,0.997,0.0,0.0,0.0,1.0,1.0,0.999,0.0,0.0,0.0,1.0,1.0
Charville_c002_v001_r001_reg181,68202.0,2194.0,0.3855970829535096,0.170464904284412,0.0478577939835916,0.1226071103008204,0.0100273473108477,0.1731996353691887,0.1900638103919781,0.0123062898814949,0.0414767547857794,0.1572470373746581,0.3659981768459435,0.3855970829535096,0.0478577939835916,0.0095238095238094,0.3395427291666831,0.3407294588325316,0.3895256526631538,0.4047382788915405,0.165742024119723,0.0164083865086599,0.2552926525529265,0.0408302585166858,0.1552272185223422,0.0690640562577726,0.3855970829535096,0.0,0.0478577939835916,1.0,-0.1398957336075229,0.0,0.0653742740107546,1.0,0.0538992441288068,1.0,0.1078039431251466,1.0,-0.0003887354991862,,-0.0219693930285085,0.0,-0.0369164263662685,0.0,-0.1876390454679227,0.0,-0.005060488433433,0.0,0.0465788596746852,1.0,-0.0057121082675894,,,,0.0,,,1.0,1.0,0.0,0.0,0.0,0.989,1.0,0.0,0.933,1.0,0.0,1.0,1.0,0.0,0.0,,1.0,0.0,0.0,1.0,0.0,0.0,1.0,0.0,0.0,0.98,0.0,0.0,0.0,1.0,1.0,0.0,0.0,
Charville_c002_v001_r001_reg188,68212.0,2847.0,0.3839128907622058,0.0491745697225149,0.0165086055497014,0.0326659641728134,0.0133473832103969,0.154899894625922,0.1780821917808219,0.0695468914646996,0.0477695820161573,0.2153143659992975,0.2869687390235335,0.3839128907622058,0.0165086055497014,0.0212765957446808,0.3189414440540561,0.3073112149172971,0.3192434662568907,0.3176681968820022,0.0566410992307498,0.0,0.3476132190942472,0.0553629146717693,0.1948056084348089,0.0323246961218673,0.3839128907622058,0.0,0.0165086055497014,0.0,-0.1639420156801751,0.0,0.0728547511398455,1.0,0.0516081829725084,1.0,0.0393558097476708,,-0.0505425049679265,0.0,0.0017475636487099,,0.0162947091649173,1.0,-0.1171051965206885,0.0,-0.0017557400341455,,0.0460835769270251,1.0,-0.0070544115601617,,,,0.0,,,0.0,1.0,0.0,0.0,0.0,1.0,1.0,0.0,0.846,,0.0,0.343,,1.0,0.0,0.0,0.0,0.051,,0.0,0.762,,1.0,0.0,0.0,0.0,0.0,,0.0,1.0,1.0,0.003,0.0,
Charville_c002_v001_r001_reg189,68211.0,1198.0,0.5659432387312187,0.0208681135225375,0.0091819699499165,0.011686143572621,0.013355592654424,0.0792988313856427,0.1669449081803005,0.1185308848080133,0.023372287145242,0.0592654424040066,0.2320534223706176,0.5659432387312187,0.0091819699499165,0.0909090909090909,0.426773512912164,0.417203566748015,0.4293039617474533,0.4204759431512091,0.0287039192774986,0.0,0.7553956834532374,0.0283837911118479,0.0492979947908336,0.0178955860304135,0.5659432387312187,1.0,0.0091819699499165,0.0,-0.0450179429519813,,0.0299391078430876,,-0.010591609572604,,0.0223836943512806,,-0.0718867656429205,0.0,0.0033068707289588,,0.0334945947352501,1.0,0.3534468656419214,1.0,-0.0039760100379876,0.0,0.0104300810738719,1.0,-0.0132108565603682,0.0,,,1.0,,,0.0,0.0,0.0,,0.0,0.046,,0.002,0.0,,0.0,0.001,,1.0,0.0,0.0,0.0,0.308,,0.0,1.0,1.0,0.0,1.0,1.0,0.603,0.0,,0.0,0.758,,0.969,0.0,0.0
Charville_c002_v001_r001_reg190,68201.0,2688.0,0.6026785714285714,0.0230654761904761,0.0133928571428571,0.009672619047619,0.0357142857142857,0.0386904761904761,0.1707589285714285,0.0334821428571428,0.0316220238095238,0.0275297619047619,0.1309523809523809,0.6026785714285714,0.0133928571428571,0.0277777777777777,0.5640320017187631,0.5709826175352892,0.5061823012643064,0.5283494080087142,0.0231582392775225,0.0,0.3579545454545454,0.0415346570374225,0.0255537176723949,0.0291748214316673,0.6026785714285714,1.0,0.0133928571428571,0.0,-0.0918013269509966,,0.1350387536568395,1.0,0.1031090865217051,1.0,0.0745046782403056,1.0,-0.0479232646368605,0.0,-0.0039980537507812,,0.0043859028967885,,-0.055327200444558,,-0.0054145240579788,0.0,0.0090233837667783,,-0.0066862263267636,,,,1.0,,,0.0,0.279,0.0,,0.0,1.0,1.0,0.0,1.0,1.0,0.0,1.0,1.0,1.0,0.0,0.0,0.0,0.0,,0.0,0.0,,0.049,0.0,,0.991,0.0,0.0,0.0,0.272,,0.002,0.0,
Charville_c002_v001_r001_reg191,68200.0,3135.0,0.5279106858054227,0.0749601275917065,0.0280701754385964,0.04688995215311,0.0376395534290271,0.0791068580542264,0.19585326953748,0.0108452950558213,0.0232854864433811,0.0995215311004784,0.2025518341307815,0.5279106858054227,0.0280701754385964,0.034090909090909,0.3891572540487051,0.4538852388716986,0.3465789480554901,0.5301596841266499,0.0742676676904925,0.0220095693779904,0.3401574803149606,0.0385374460041806,0.0552701568324301,0.050554282620758,0.5279106858054227,1.0,0.0280701754385964,1.0,-0.0926083835770718,,0.013241837416062,,0.0457285578076654,,-0.0332454283905758,,0.0033213055023243,,-0.0061239062165031,,-0.0075474907640803,,-0.085830786525184,0.0,0.0047431471433699,1.0,-0.0118282611868314,0.0,-0.0018792474243383,,,,1.0,,,1.0,0.391,0.0,,0.0,0.0,,0.0,0.377,,0.503,0.0,,0.0,0.0,,0.017,0.0,,0.001,0.0,,0.976,0.0,0.0,0.0,0.984,1.0,0.968,0.0,0.0,0.0,0.0,
Charville_c002_v001_r001_reg215,68212.0,2518.0,0.443208895949166,0.0599682287529785,0.0226370135027799,0.0373312152501985,0.0353455123113582,0.1564733915806195,0.1953931691818904,0.0623510722795869,0.0595710881652104,0.1036536934074662,0.3141382049245433,0.443208895949166,0.0226370135027799,0.5789473684210527,0.0941526520119932,0.115734440732322,0.1272674314916579,0.3752401098686457,0.1008430865925214,0.0,0.5891276864728192,0.0850838487511191,0.0447314378746061,0.0726018537001556,0.443208895949166,0.0,0.0226370135027799,0.0,0.4193645149507078,1.0,-0.2054339955079651,0.0,-0.2040321975503873,0.0,-0.1949092151860628,0.0,-0.0477662263275446,0.0,0.0370518716917104,1.0,-0.0175925848999002,,0.15686951214008,1.0,0.016020264020051,1.0,-0.0262484011614209,0.0,0.0263030260664692,1.0,,,0.0,,,0.0,0.0,1.0,1.0,1.0,0.0,0.0,1.0,0.0,0.0,1.0,0.0,0.0,1.0,0.0,0.0,0.0,1.0,1.0,0.352,0.0,,0.0,1.0,1.0,0.0,1.0,1.0,1.0,0.0,0.0,0.0,1.0,1.0
Charville_c003_v001_r001_reg009,68180.0,1358.0,0.4786450662739323,0.0522827687776141,0.0139911634756995,0.0382916053019145,0.0508100147275405,0.1053019145802651,0.1855670103092783,0.0397643593519882,0.0397643593519882,0.1450662739322533,0.2481590574374079,0.4786450662739323,0.0139911634756995,0.2105263157894736,0.279618332857861,0.4012694353507399,0.3075268074353242,0.3262095434030179,0.0692300139614667,0.01620029455081,0.8486646884272997,0.0612897520706618,0.0878732923086149,0.0380225016559109,0.4786450662739323,0.0,0.0139911634756995,0.0,0.0524173852096684,1.0,-0.0488371155597491,0.0,0.0547883873155441,1.0,-0.0381156180371266,0.0,-0.1408802287697553,0.0,0.0122238865945082,1.0,-0.0159287338396943,,0.4138851491914994,1.0,0.0112147765512598,1.0,-0.0112403444892593,0.0,0.0014858930829469,,,,0.0,,,0.0,0.0,0.999,1.0,0.939,0.0,0.0,0.0,0.97,1.0,0.81,0.0,,1.0,0.0,0.0,0.0,1.0,1.0,0.131,0.0,,0.0,1.0,1.0,0.0,1.0,1.0,0.955,0.0,0.0,0.0,0.321,
Charville_c003_v001_r001_reg013,68158.0,2809.0,0.5589177643289427,0.0395158419366322,0.0121039515841936,0.0274118903524385,0.0035599857600569,0.0783196867212531,0.098255606977572,0.0676397294410822,0.0459238163047347,0.1683873264506942,0.1890352438590245,0.5589177643289427,0.0121039515841936,0.0294117647058823,0.1484686600853183,0.217122389129257,0.1903002249491906,0.4776868917986127,0.0792405661615696,0.0,0.3182674199623352,0.0748399605222143,0.0384423007156307,0.0372494876125278,0.5589177643289427,1.0,0.0121039515841936,0.0,-0.1054486617911895,0.0,-0.2464019094876864,0.0,-0.2065119861438367,0.0,-0.2115820993121976,0.0,-0.0402623859709004,0.0,0.0207375297211357,1.0,0.0343244889408384,1.0,-0.0981383999830771,0.0,0.0147222042506666,1.0,-0.0757802716306978,0.0,0.0028437714146541,1.0,,,1.0,,,0.0,0.998,0.0,0.0,1.0,0.0,0.0,1.0,0.0,0.0,1.0,0.0,0.0,0.992,0.0,0.0,0.0,1.0,1.0,0.0,1.0,1.0,1.0,0.0,0.0,0.0,1.0,1.0,1.0,0.0,0.0,0.0,0.603,
Charville_c003_v001_r001_reg015,68147.0,1666.0,0.6632653061224489,0.017406962785114,0.0036014405762304,0.0138055222088835,0.0792316926770708,0.0528211284513805,0.0996398559423769,0.0294117647058823,0.04921968787515,0.0498199279711884,0.1788715486194478,0.6632653061224489,0.0036014405762304,0.0,0.3216407684732902,0.594104825204559,0.4163114883778938,0.6950277107091792,0.0316616063954389,0.0180072028811524,0.2785234899328859,0.0833580499108417,0.0297029589327937,0.0073481912144702,0.6632653061224489,1.0,0.0036014405762304,0.0,-0.1114446406921802,0.0,-0.1583533105648495,0.0,0.0758647353626233,1.0,-0.0590098295361167,0.0,0.0648013792932443,1.0,-0.0019895047515977,,-0.0282214480778214,0.0,-0.0962169173184312,0.0,0.0189821018626511,1.0,-0.001464895177637,,-0.0174571531557684,0.0,,,1.0,,,0.0,1.0,0.0,0.0,1.0,0.0,0.0,0.0,1.0,1.0,1.0,0.0,0.0,0.0,1.0,1.0,0.0,0.0,,1.0,0.0,0.0,1.0,0.0,0.0,0.0,1.0,1.0,0.005,0.0,,1.0,0.0,0.0
Charville_c003_v001_r001_reg020,68158.0,3012.0,0.7383798140770252,0.0149402390438247,0.0066401062416998,0.0083001328021248,0.0102921646746347,0.0391766268260292,0.1012616201859229,0.0351925630810093,0.0169322709163346,0.0727091633466135,0.099601593625498,0.7383798140770252,0.0066401062416998,0.05,0.3946193238826622,0.6563487601965008,0.1898947616951089,0.7172590576531931,0.0243052346865164,0.0,0.4433333333333333,0.0442704919927455,0.0161802144133241,0.0178305951013596,0.7383798140770252,1.0,0.0066401062416998,0.0,-0.0342850287946367,,-0.149603462453797,0.0,0.0613962993974002,1.0,-0.3384548864528897,0.0,0.0268541864088635,,-0.0063091903717553,,0.0409039100101567,1.0,0.0794017763866605,1.0,0.0123178123782549,1.0,-0.0298615169515613,0.0,-0.0104057733770575,0.0,,,1.0,,,0.0,0.0,0.005,,1.0,0.0,0.0,0.0,0.999,1.0,1.0,0.0,0.0,0.0,0.381,,0.035,0.0,,0.0,1.0,1.0,0.0,1.0,1.0,0.0,1.0,1.0,1.0,0.0,0.0,0.606,0.0,
Charville_c003_v001_r001_reg041,68179.0,3584.0,0.6077008928571429,0.0398995535714285,0.0106026785714285,0.029296875,0.0103236607142857,0.0597098214285714,0.2212611607142857,0.0122767857142857,0.0421316964285714,0.0580357142857142,0.1222098214285714,0.6077008928571429,0.0106026785714285,0.0526315789473684,0.4235254793750461,0.4807666248720136,0.459506529509096,0.5717235562528917,0.0406697855415678,0.0,0.2351598173515981,0.0787618246243132,0.039051271598765,0.0173677138084989,0.6077008928571429,1.0,0.0106026785714285,0.0,-0.0684989898479968,,-0.013494403402084,,0.0105779694874881,,0.0235229324013129,,-0.0219587977931297,,0.0038638487272797,,0.0256897379789142,1.0,-0.1783170218974058,0.0,0.0194639766914222,1.0,0.0015399539627497,,-0.0153428820744653,0.0,,,1.0,,,0.0,0.0,0.0,,0.058,0.0,,0.0,0.0,,0.0,0.005,,0.394,0.0,,0.0,0.439,,0.0,1.0,1.0,1.0,0.0,0.0,0.0,1.0,1.0,0.0,0.0,,1.0,0.0,0.0
Charville_c003_v001_r001_reg048,68139.0,1471.0,0.336505778382053,0.0299116247450713,0.0197144799456152,0.0101971447994561,0.0,0.0856560163154316,0.1108089734874235,0.2603670972127804,0.0122365737593473,0.2032630863358259,0.3759347382732835,0.336505778382053,0.0197144799456152,0.1724137931034483,0.3051090193835363,0.3418499488686542,0.3311514414245238,0.2907163911324885,0.0295533000926775,0.0,0.6220614828209765,0.0111495878501325,0.1403215228717994,0.0278522434750429,0.336505778382053,0.0,0.0197144799456152,0.0,-0.0241821452172929,,0.1041300871834191,1.0,0.1297457530257706,1.0,0.087430911547102,1.0,0.0810482492791125,1.0,-0.016004199943691,0.0,0.0445857853085672,1.0,0.1609022823606452,1.0,-0.0011319723977784,,-0.0006650259919423,,-0.0151466873633033,0.0,,,0.0,,,0.0,0.0,0.019,,0.0,1.0,1.0,0.0,1.0,1.0,0.0,1.0,1.0,0.0,1.0,1.0,1.0,0.0,0.0,0.0,1.0,1.0,0.0,1.0,1.0,0.0,0.0,,0.002,0.0,,1.0,0.0,0.0
Charville_c003_v001_r001_reg071,68183.0,2838.0,0.6395348837209303,0.0116279069767441,0.0042283298097251,0.007399577167019,0.0271317829457364,0.0387596899224806,0.1384778012684989,0.0299506694855532,0.0239605355884425,0.1081747709654686,0.1074700493305144,0.6395348837209303,0.0042283298097251,0.1666666666666666,0.4230395141978755,0.36101579685697,0.3744495194877357,0.6116481210245643,0.0137572216987407,0.0,0.4524590163934426,0.0368374150190419,0.0593855089342296,0.0207792273168532,0.6395348837209303,1.0,0.0042283298097251,0.0,0.0484268508646969,1.0,-0.0352233229039276,0.0,-0.1344808811669741,0.0,-0.0834819439591023,0.0,0.0018999077895383,,-0.0064774131297263,,0.0220005504451402,1.0,0.0485901602521396,1.0,-0.0026607903083345,,-0.0123227316724081,0.0,-0.0047339514485016,,,,1.0,,,0.0,0.0,0.998,1.0,0.584,0.0,,1.0,0.0,0.0,1.0,0.0,0.0,0.0,0.0,,0.053,0.0,,0.0,0.996,1.0,0.0,0.881,,0.048,0.0,,0.992,0.0,0.0,0.0,0.0,
Charville_c003_v001_r001_reg082,68161.0,1793.0,0.6837702175125489,0.0407138873396542,0.0228667038482989,0.0178471834913552,0.0105967651979921,0.0529838259899609,0.0909090909090909,0.0552147239263803,0.0329057445621862,0.0669269380925822,0.1595092024539877,0.6837702175125489,0.0228667038482989,0.024390243902439,0.5548785652681013,0.558514925029283,0.5989225344709171,0.6331982839376281,0.0494482136962178,0.0,0.3601398601398601,0.0511159103328843,0.0555446501421026,0.0583845290536159,0.6837702175125489,1.0,0.0228667038482989,0.0,-0.058900717039624,,0.0520862870393176,1.0,0.0020023686818433,,0.1089906564494144,1.0,0.001562667206869,,-0.0117093813556823,0.0,0.0248553949558,1.0,-0.0110428603983975,,0.0041975130359932,1.0,0.0128265041288888,1.0,0.0118263530086032,1.0,,,1.0,,,0.0,0.0,0.0,,0.0,0.815,,0.0,0.0,,0.0,1.0,1.0,0.0,0.0,,1.0,0.0,0.0,0.0,1.0,1.0,0.0,0.0,,0.0,0.858,,0.0,0.996,1.0,0.0,1.0,1.0
Charville_c003_v001_r001_reg103,68178.0,1882.0,0.4941551540913921,0.0855472901168969,0.0260361317747077,0.0595111583421891,0.0276301806588735,0.0892667375132837,0.1200850159404888,0.0345377258235919,0.0727948990435706,0.1625929861849096,0.2369819341126461,0.4941551540913921,0.0260361317747077,0.8979591836734694,0.1618955508539348,0.1534014522789209,0.2398098270128917,0.276259247256253,0.1117742632509439,0.0026567481402763,0.3542600896860987,0.1186008587610387,0.0641213142504427,0.0604400841750208,0.4941551540913921,0.0,0.0260361317747077,1.0,0.7583026522150064,1.0,-0.1872373319526303,0.0,-0.2196531791252272,0.0,-0.1163239334617817,0.0,-0.2072368410788704,0.0,0.005973329736521,1.0,-0.0209041348086375,0.0,-0.0769035703801637,0.0,0.030562458317304,1.0,-0.0468929207463402,0.0,0.0103032374824879,1.0,,,0.0,,,1.0,0.0,1.0,1.0,1.0,0.0,0.0,1.0,0.0,0.0,1.0,0.0,0.0,1.0,0.0,0.0,0.0,0.987,1.0,0.857,0.0,,0.877,0.0,,0.0,1.0,1.0,1.0,0.0,0.0,0.0,1.0,1.0
Charville_c003_v001_r001_reg114,68155.0,2242.0,0.6726137377341659,0.0173951828724353,0.0115967885816235,0.0057983942908117,0.0240856378233719,0.0370205173951828,0.0651204281891168,0.115521855486173,0.0227475468331846,0.0655664585191793,0.1940231935771632,0.6726137377341659,0.0115967885816235,0.0,0.5368275158433793,0.615458241861562,0.3584946523227905,0.5750819684037938,0.0327753577564074,0.0,0.3747126436781609,0.0187694530846913,0.0380234310158104,0.0192765373873611,0.6726137377341659,1.0,0.0115967885816235,0.0,-0.0994954203609939,0.0,0.0487749899302664,1.0,0.0805099952892142,1.0,-0.1229374045108657,0.0,-0.0096954904620127,,-0.0070713982137084,,0.0222778466835093,1.0,0.0079874513432219,,-0.0148591257931393,0.0,-0.0038921163770728,,-0.0145565299309835,0.0,,,1.0,,,0.0,0.932,0.0,0.0,0.0,0.705,,0.0,1.0,1.0,1.0,0.0,0.0,0.024,0.0,,0.248,0.0,,0.0,0.998,1.0,0.0,0.003,,1.0,0.0,0.0,0.178,0.0,,0.999,0.0,0.0
Charville_c003_v001_r001_reg143,68142.0,1052.0,0.4467680608365019,0.0389733840304182,0.0047528517110266,0.0342205323193916,0.0009505703422053,0.1606463878326996,0.1634980988593156,0.0513307984790874,0.0513307984790874,0.2376425855513308,0.2519011406844106,0.4467680608365019,0.0047528517110266,0.1999999999999999,0.2575803154912924,0.3027204579528417,0.2513084614912833,0.3831965810722469,0.0585342232249885,0.0,0.6641509433962264,0.068408839064344,0.1644053180764625,0.0,0.4467680608365019,0.0,0.0047528517110266,0.0,0.0214230188472995,1.0,-0.0404658996181154,0.0,-0.003732890102937,,-0.0735479320259088,0.0,-0.0496631047871398,0.0,0.0123695220395124,1.0,0.0378955681404624,1.0,0.2168129715857313,1.0,0.0054378193941677,1.0,0.0010471345010703,,-0.0261054279585068,0.0,,,0.0,,,0.0,0.0,0.913,1.0,0.78,0.0,,0.0,0.0,,1.0,0.0,0.0,1.0,0.0,0.0,0.0,1.0,1.0,0.0,1.0,1.0,0.0,1.0,1.0,0.0,1.0,1.0,0.001,0.0,,1.0,0.0,0.0
Charville_c003_v001_r001_reg149,68165.0,3091.0,0.5292785506308638,0.0459398252992559,0.0145583953413134,0.0313814299579424,0.0074409576188935,0.0954383694597217,0.1934648980912326,0.0174700744095761,0.0592041410546748,0.1397605952766095,0.1662892267874474,0.5292785506308638,0.0145583953413134,0.5333333333333333,0.1922108510908658,0.2307582366188571,0.2382919246182709,0.5347759537103401,0.0539748536361901,0.0,0.2529182879377432,0.1067779380818651,0.0602490135405875,0.0375264009453055,0.5292785506308638,1.0,0.0145583953413134,0.0,0.3918660932104286,1.0,-0.178512599847791,0.0,-0.1660410300634966,0.0,-0.1430729564483615,0.0,0.0108835086368969,,0.0054477428102168,1.0,0.0255980365734315,1.0,-0.1821564575817155,0.0,0.0304482545326993,1.0,-0.0345884980889165,0.0,0.000349318420908,,,,1.0,,,0.0,0.0,1.0,1.0,1.0,0.0,0.0,1.0,0.0,0.0,1.0,0.0,0.0,0.0,0.001,,0.0,0.962,1.0,0.0,1.0,1.0,1.0,0.0,0.0,0.0,1.0,1.0,1.0,0.0,0.0,0.0,0.08,
Charville_c003_v001_r001_reg175,68152.0,2876.0,0.5253824756606398,0.0952712100139082,0.0354659248956884,0.0598052851182197,0.0156467315716272,0.0653685674547983,0.2691237830319888,0.0264255910987482,0.0267732962447844,0.0285118219749652,0.202712100139082,0.5253824756606398,0.0354659248956884,0.0,0.3871619906813947,0.4669554474887806,0.3300738282252513,0.4899499291890991,0.1022142210777435,0.0024339360222531,0.2710120068610634,0.0569529222795911,0.0182118479131742,0.0472015383793998,0.5253824756606398,1.0,0.0354659248956884,1.0,-0.119178414635777,0.0,0.008967283739089,,0.0543319018909537,1.0,-0.0474734793842189,0.0,-0.0250832322246779,0.0,0.0123989243060654,1.0,-0.0121538387583535,,-0.1560086863479861,0.0,0.0192195777296792,1.0,6.310091789387198e-05,,-0.013582694730428,0.0,,,1.0,,,1.0,1.0,0.0,0.0,0.0,0.0,,0.0,0.961,1.0,0.978,0.0,0.0,0.711,0.0,,0.0,1.0,1.0,0.032,0.0,,1.0,0.0,0.0,0.0,1.0,1.0,0.001,0.0,,0.988,0.0,0.0
Charville_c004_v001_r001_reg003,68106.0,1566.0,0.438058748403576,0.0683269476372924,0.01213282247765,0.0561941251596424,0.01213282247765,0.1398467432950191,0.1436781609195402,0.0229885057471264,0.0753512132822477,0.2171136653895274,0.2432950191570881,0.438058748403576,0.01213282247765,0.0,0.2991345389141862,0.2895850448269876,0.3355164599576292,0.4892867864665802,0.080210418469517,0.0,0.4698162729658792,0.0990924462452684,0.1865452859196921,0.0775719324054014,0.438058748403576,0.0,0.01213282247765,0.0,-0.1730274961505969,0.0,0.002153626509913,,-0.0152428151146032,,0.017584535964878,,0.0462491921079579,1.0,-0.0021840458519736,,0.0061588866657811,,0.0164800199397944,,0.0084888974625296,1.0,0.0372413308398922,1.0,0.0431336174479474,1.0,,,0.0,,,0.0,1.0,0.0,0.0,0.0,0.0,,0.025,0.0,,0.0,0.0,,0.0,0.999,1.0,0.0,0.0,,0.0,0.001,,0.0,0.043,,0.0,1.0,1.0,0.0,1.0,1.0,0.0,1.0,1.0
Charville_c004_v001_r001_reg004,68106.0,2471.0,0.5811412383650344,0.0768919465803318,0.0218535006070416,0.0550384459732901,0.0190206394172399,0.0886280857952246,0.094293808174828,0.0360178065560501,0.0250910562525293,0.1092675030352084,0.2205584783488466,0.5811412383650344,0.0218535006070416,0.0185185185185184,0.3399146674230894,0.4643802621680172,0.4448671273983911,0.5884013508743071,0.1221227703677433,0.0125455281262646,0.2990825688073394,0.0342407020156847,0.076884942248569,0.0310151472787803,0.5811412383650344,1.0,0.0218535006070416,0.0,-0.0983498960602379,0.0,-0.0823249090247874,0.0,0.0097293325581105,,0.026798414501531,,0.031983053420226,1.0,0.0213147041368259,1.0,0.0049413090224014,,-0.0994678255863077,0.0,-0.0006615496954585,,0.0037120719795138,,-0.0143989987445217,0.0,,,1.0,,,0.0,0.826,0.0,,1.0,0.0,0.0,0.0,0.0,,0.0,0.018,,0.0,0.691,,0.0,1.0,1.0,0.0,0.0,,1.0,0.0,0.0,0.0,0.0,,0.0,0.0,,0.998,0.0,0.0
Charville_c004_v001_r001_reg010,68125.0,1670.0,0.6766467065868264,0.0293413173652694,0.0119760479041916,0.0173652694610778,0.067065868263473,0.0467065868263473,0.1191616766467065,0.0089820359281437,0.018562874251497,0.0604790419161676,0.1520958083832335,0.6766467065868264,0.0119760479041916,0.0,0.4960155369411974,0.4807202114724156,0.5222887421967268,0.6290994081248319,0.0383913335830694,0.0,0.3937007874015748,0.0228248254272285,0.0453618551514935,0.0292669449587859,0.6766467065868264,1.0,0.0119760479041916,0.0,-0.0977940783378273,0.0,0.0018626388020102,,-0.0585499591138864,0.0,0.0376483233041029,,-0.0251515126534999,0.0,-0.0050291846938239,,-0.0383729317433934,0.0,0.0175121692555483,,-0.0082460076538788,0.0,0.0070045591213655,,-0.0049943523862344,,,,1.0,,,0.0,0.792,0.0,,0.0,0.0,,1.0,0.0,0.0,0.0,0.234,,0.745,0.0,,0.0,0.0,,1.0,0.0,0.0,0.0,0.085,,1.0,0.0,0.0,0.0,0.005,,0.0,0.0,
Charville_c004_v001_r001_reg012,68136.0,1779.0,0.6739741427768409,0.0809443507588532,0.0449690837549184,0.0359752670039347,0.0342889263631253,0.0730747611017425,0.0815064643057897,0.0578976953344575,0.0241708825182686,0.0354131534569983,0.2462057335581787,0.6739741427768409,0.0449690837549184,0.0124999999999999,0.6474269022108861,0.6604427897668419,0.6344043986584493,0.6167827925056641,0.0820212156287779,0.0089938167509836,0.2762557077625571,0.0250492855657152,0.0319294127578546,0.0563155424460798,0.6739741427768409,1.0,0.0449690837549184,1.0,-0.0490227655267103,,0.1442489855863036,1.0,0.0927838090824291,1.0,0.1507533517688554,1.0,-0.0048739154469978,,-0.0255963655542321,0.0,-0.020039638846942,0.0,-0.075978267365836,0.0,-0.007479061889741,0.0,0.0108293075862058,1.0,-0.0151989159466374,0.0,,,1.0,,,1.0,0.0,0.0,,0.0,1.0,1.0,0.0,1.0,1.0,0.0,1.0,1.0,0.001,0.0,,1.0,0.0,0.0,0.585,0.0,,0.825,0.0,,1.0,0.0,0.0,0.0,0.824,,1.0,0.0,0.0
Charville_c004_v001_r001_reg033,68098.0,1615.0,0.3442724458204334,0.2260061919504644,0.1498452012383901,0.0761609907120743,0.0470588235294117,0.1300309597523219,0.1356037151702786,0.113312693498452,0.0291021671826625,0.0854489164086687,0.5164086687306502,0.3442724458204334,0.1498452012383901,0.1446280991735536,0.2817080261094304,0.3075931152587258,0.2203705836272435,0.3579509858475775,0.2795350205745145,0.1424148606811145,0.5311750599520384,0.0313680825379645,0.0649878259847124,0.1803159486372426,0.3442724458204334,0.0,0.1498452012383901,1.0,0.0968795004896173,1.0,0.0309790910036997,,-0.0344828303001606,0.0,-0.0304203727946774,,0.050522701734565,1.0,0.0202214476004277,1.0,0.0093229984689475,,0.110771301327126,1.0,0.0072969068382374,1.0,0.005360647337786,,-0.0096164362641341,,,,0.0,,,1.0,0.0,1.0,1.0,0.0,0.07,,0.832,0.0,,0.287,0.0,,0.0,1.0,1.0,0.0,1.0,1.0,0.0,0.026,,0.0,1.0,1.0,0.0,1.0,1.0,0.0,0.0,,0.303,0.0,
Charville_c004_v001_r001_reg034,68092.0,1546.0,0.4566623544631306,0.1423027166882277,0.07503234152652,0.0672703751617076,0.0174644243208279,0.1099611901681759,0.1157826649417852,0.0498059508408796,0.0420439844760672,0.1403622250970246,0.3195342820181112,0.4566623544631306,0.07503234152652,0.0344827586206896,0.3366104823642863,0.3869115388002195,0.3055805183487422,0.4309024863530816,0.1856193027949559,0.0,0.4392712550607287,0.0509781072763728,0.0789126033757259,0.0999480454746562,0.4566623544631306,0.0,0.07503234152652,1.0,-0.0619049719195775,,0.0073464087523446,,0.0046603112382319,,-0.0245659429781025,,-0.0113014974898248,,0.0158866109312464,1.0,-0.0454403638987724,0.0,0.014173026333049,,0.0020313901595462,,-0.0172239375990706,0.0,-0.005511497221639,,,,0.0,,,1.0,0.0,0.0,,0.0,0.0,,0.0,0.0,,0.095,0.0,,0.044,0.0,,0.0,1.0,1.0,1.0,0.0,0.0,0.0,0.021,,0.0,0.04,,1.0,0.0,0.0,0.0,0.0,
Charville_c004_v001_r001_reg035,68273.0,1179.0,0.3536895674300254,0.1017811704834605,0.0508905852417302,0.0508905852417302,0.0076335877862595,0.1306191687871077,0.2061068702290076,0.0720949957591179,0.0627650551314673,0.1569126378286683,0.3121289228159457,0.3536895674300254,0.0508905852417302,0.1666666666666666,0.2209921089979861,0.2352187115681958,0.2240970949140618,0.4089418492144807,0.1014902153728135,0.0279898218829516,0.5407608695652174,0.0779693957779317,0.1062315779746739,0.116213357766472,0.3536895674300254,0.0,0.0508905852417302,1.0,0.0105739954203545,1.0,-0.0105832693279277,,-0.0230898065688899,,-0.0334217359392601,0.0,0.0679665034172143,1.0,-0.0069038063697154,,0.0193975245645775,1.0,0.0698976749126661,1.0,0.005186608211772,1.0,-0.0025745694571228,,0.0380128020552045,1.0,,,0.0,,,1.0,0.0,0.746,,0.008,0.0,,0.305,0.0,,0.535,0.0,,0.0,1.0,1.0,0.146,0.0,,0.0,0.979,1.0,0.0,0.994,1.0,0.0,0.998,1.0,0.06,0.0,,0.0,1.0,1.0
Charville_c004_v001_r001_reg106,68118.0,2537.0,0.739850216791486,0.0358691367757193,0.0110366574694521,0.0248324793062672,0.0492707922743397,0.0472999605833661,0.0622782814347654,0.043358297201419,0.0043358297201418,0.0528182893180922,0.1757981868348443,0.739850216791486,0.0110366574694521,0.0,0.679870499957295,0.7291231185004953,0.6553392306583554,0.609661195443019,0.0455760378454171,0.0,0.2802690582959641,0.0044216556776705,0.0457226038813471,0.0323519546811692,0.739850216791486,1.0,0.0110366574694521,0.0,-0.0788743152131622,,0.129784828084709,1.0,0.1285917203541206,1.0,0.125660626162649,1.0,-0.0769294593493074,0.0,-0.0153398886378959,0.0,-0.0202377449629209,0.0,-0.062721978902603,,-0.0093161010939761,0.0,0.0134189248427619,1.0,-0.0008486563023307,,,,1.0,,,0.0,0.011,0.0,,0.0,1.0,1.0,0.0,1.0,1.0,0.0,1.0,1.0,1.0,0.0,0.0,1.0,0.0,0.0,0.641,0.0,,0.305,0.0,,1.0,0.0,0.0,0.0,0.999,1.0,0.0,0.018,
Charville_c004_v001_r001_reg113,68271.0,1863.0,0.404723564143854,0.072463768115942,0.015029522275899,0.0574342458400429,0.013419216317767,0.1304347826086956,0.1352657004830917,0.0155662909286097,0.0440150295222759,0.3064949006977992,0.2318840579710145,0.404723564143854,0.015029522275899,0.0357142857142857,0.3550357153691667,0.3820005308622469,0.3934658291551887,0.4117675043720622,0.0760074460400346,0.0037573805689747,0.3958333333333333,0.0453932392557346,0.2496299209290338,0.014749918613495,0.404723564143854,0.0,0.015029522275899,0.0,-0.1445906757238832,0.0,0.0858910604140004,1.0,0.107226050202387,1.0,0.0996036898417281,1.0,-0.0075743306037565,,-0.0125035945614095,0.0,0.0058032295625629,,-0.0747215028084717,0.0,-0.0103380420186354,0.0,0.0382675384585269,1.0,-0.0229591236750004,0.0,,,0.0,,,0.0,1.0,0.0,0.0,0.0,1.0,1.0,0.0,1.0,1.0,0.0,1.0,1.0,0.005,0.0,,1.0,0.0,0.0,0.0,0.001,,0.793,0.0,,1.0,0.0,0.0,0.0,1.0,1.0,1.0,0.0,0.0
Charville_c004_v001_r001_reg118,68116.0,1510.0,0.6483443708609271,0.0132450331125827,0.0086092715231788,0.0046357615894039,0.043046357615894,0.090728476821192,0.1092715231788079,0.0589403973509933,0.009933774834437,0.1112582781456953,0.2059602649006622,0.6483443708609271,0.0086092715231788,0.0,0.4914687387811027,0.4966720249318271,0.3915461779517685,0.5759700289911838,0.0258981033277413,0.0,0.5337620578778135,0.0108778202587137,0.0722031665453262,0.0140084560829241,0.6483443708609271,1.0,0.0086092715231788,0.0,-0.1105270198754382,0.0,0.025254550570217,,-0.0116050118301029,,-0.0744617584696815,0.0,-0.0232839296619111,0.0,-0.0013892001223156,,0.0012491597858118,,0.1598985977130407,1.0,-0.0076284298520627,0.0,-0.001524740148406,,-0.0164513401422564,0.0,,,1.0,,,0.0,0.999,0.0,0.0,0.0,0.013,,0.003,0.0,,1.0,0.0,0.0,0.52,0.0,,0.0,0.001,,0.0,0.0,,0.0,1.0,1.0,1.0,0.0,0.0,0.005,0.0,,1.0,0.0,0.0
Charville_c004_v001_r001_reg119,68118.0,1696.0,0.5577830188679245,0.0719339622641509,0.0147405660377358,0.057193396226415,0.066627358490566,0.088443396226415,0.0931603773584905,0.0854952830188679,0.0294811320754717,0.0849056603773584,0.3125,0.5577830188679245,0.0147405660377358,0.16,0.4974291459343667,0.4863732944477403,0.425682234877507,0.3420990935528614,0.0865173754727477,0.0878537735849056,0.630188679245283,0.0325467228592631,0.0630534959040911,0.0248001822467773,0.5577830188679245,1.0,0.0147405660377358,0.0,0.0277470177900445,1.0,0.0964195979319568,1.0,0.0613759805536494,1.0,0.0242571544740435,,-0.1638172764957397,0.0,-0.00897726500915,0.0,0.0241295708534722,1.0,0.2462179404550931,1.0,-0.0025472909761651,,0.0064003551612711,,-0.0125825932099923,0.0,,,1.0,,,0.0,0.0,0.971,1.0,0.0,1.0,1.0,0.0,0.999,1.0,0.0,0.008,,1.0,0.0,0.0,0.737,0.0,,0.0,1.0,1.0,0.0,1.0,1.0,0.01,0.0,,0.0,0.001,,0.947,0.0,0.0
Charville_c004_v001_r001_reg121,68129.0,2238.0,0.6371760500446828,0.019213583556747,0.0058087578194816,0.0134048257372654,0.0567470956210902,0.0522788203753351,0.0576407506702412,0.050491510277033,0.0169794459338695,0.1483467381590706,0.1787310098302055,0.6371760500446828,0.0058087578194816,0.0,0.4831121737641124,0.5793059127560416,0.5320599740268155,0.5835904652104791,0.0294140139213037,0.0075960679177837,0.4525,0.0239023408894489,0.1216642335077202,0.0167743248153947,0.6371760500446828,1.0,0.0058087578194816,0.0,-0.1172074385741455,0.0,0.0252178802689691,,0.0846427865789094,1.0,0.0753399076996214,1.0,-0.0114209898149035,,-0.0138015881108384,0.0,-0.0118018879531345,,0.0666273113019028,1.0,-0.0039926132038412,0.0,0.0222178113666957,1.0,-0.0105233499095962,0.0,,,1.0,,,0.0,1.0,0.0,0.0,0.0,0.012,,0.0,1.0,1.0,0.0,1.0,1.0,0.054,0.0,,1.0,0.0,0.0,0.02,0.0,,0.0,0.978,1.0,0.646,0.0,,0.0,1.0,1.0,0.65,0.0,
Charville_c004_v001_r001_reg135,68130.0,2109.0,0.2930298719772404,0.2114746325272641,0.1043148411569464,0.1071597913703176,0.018018018018018,0.1906116642958748,0.2332859174964438,0.0957799905168326,0.0545282124229492,0.081081081081081,0.5158843053579896,0.2930298719772404,0.1043148411569464,0.0545454545454545,0.2613245391118395,0.281511961219768,0.2692618955519726,0.28057301529366,0.2021311604768036,0.0052157420578473,0.4319852941176471,0.0549451004626752,0.0602802147594023,0.139941853938418,0.2930298719772404,0.0,0.1043148411569464,1.0,-0.0606193088986131,,0.0579718501877619,1.0,0.0326227272577091,,0.052868833646693,1.0,0.0057734614892829,,-0.023442194598006,0.0,-0.0829681971400853,0.0,-0.010349870703694,,0.0020704382827476,,0.0030420068059386,,0.0014187980950788,,,,0.0,,,1.0,0.0,0.0,,0.0,0.945,1.0,0.0,0.011,,0.0,0.948,1.0,0.0,0.0,,1.0,0.0,0.0,1.0,0.0,0.0,0.0,0.0,,0.0,0.048,,0.0,0.0,,0.0,0.249,
Charville_c004_v001_r001_reg148,68108.0,1623.0,0.4867529266789895,0.07332101047443,0.0375847196549599,0.0357362908194701,0.0585335797905114,0.0807147258163894,0.2125693160813308,0.0499075785582255,0.022181146025878,0.0948860135551448,0.2624768946395563,0.4867529266789895,0.0375847196549599,0.1475409836065574,0.3459377533444259,0.400929513557109,0.2747181071829864,0.3468709838213257,0.0751698635466011,0.0985828712261244,0.6197183098591549,0.0244549717085735,0.0477331677229182,0.0650789165628585,0.4867529266789895,0.0,0.0375847196549599,1.0,0.0185366134154885,1.0,0.0058720177429111,,0.0242962934445705,,-0.0758468066129203,0.0,-0.120812950523799,0.0,-0.0003910953559469,,0.0440689928921937,1.0,0.1922041094618252,1.0,-0.0049761092755577,0.0,-0.0166688658055368,0.0,0.0019023057782003,,,,0.0,,,1.0,0.0,0.844,,0.0,0.0,,0.0,0.0,,1.0,0.0,0.0,1.0,0.0,0.0,0.0,0.004,,0.0,1.0,1.0,0.0,1.0,1.0,0.968,0.0,0.0,1.0,0.0,0.0,0.0,0.413,
Charville_c004_v001_r001_reg152,68130.0,2727.0,0.3157315731573157,0.1815181518151815,0.1026769343601026,0.0788412174550788,0.0594059405940594,0.1375137513751375,0.2379904657132379,0.1078107810781078,0.0414374770810414,0.0473047304730473,0.4862486248624862,0.3157315731573157,0.1026769343601026,0.0642857142857142,0.2847950812146537,0.2933632367527587,0.2915697774537369,0.3087703692612749,0.1743809942682463,0.2035203520352035,0.3733031674208145,0.0447957383261031,0.0422703759631773,0.1109351971939935,0.3157315731573157,0.0,0.1026769343601026,1.0,-0.0455463786199603,,0.0684440029910422,1.0,0.0236925253757619,,0.0608480369953138,1.0,0.0221586048162131,,-0.0170103594490882,0.0,0.0821399409921352,1.0,-0.0672791285176999,,0.0051969768284861,1.0,0.0086064953052839,,-0.0257384621294254,0.0,,,0.0,,,1.0,0.0,0.0,,0.0,0.998,1.0,0.0,0.0,,0.0,1.0,1.0,0.0,0.117,,1.0,0.0,0.0,0.0,1.0,1.0,0.408,0.0,,0.0,1.0,1.0,0.0,0.165,,1.0,0.0,0.0
Charville_c004_v001_r001_reg178,68109.0,1734.0,0.458477508650519,0.0674740484429065,0.0317185697808535,0.035755478662053,0.0040369088811995,0.1107266435986159,0.1113033448673587,0.0703575547866205,0.0178777393310265,0.1303344867358708,0.2525951557093425,0.458477508650519,0.0317185697808535,0.1636363636363637,0.345635423369924,0.3102031538300551,0.387413950263632,0.3888620458061876,0.0763627651252699,0.0,0.4155251141552511,0.0242072168944623,0.1010334027279448,0.0573618864697137,0.458477508650519,0.0,0.0317185697808535,1.0,0.0190958511310271,1.0,0.0312349303125507,,-0.033113750622624,0.0,0.0559480804283831,1.0,-0.0421416762248371,0.0,-0.010905603844471,0.0,0.0167337317452484,1.0,-0.0266482201115249,,-0.0008668291434874,,0.0118358045495153,1.0,0.0008088742826122,,,,0.0,,,1.0,0.0,0.887,,0.0,0.1,,0.692,0.0,,0.0,0.992,1.0,0.994,0.0,0.0,0.997,0.0,0.0,0.0,0.827,,0.0,0.0,,0.0,0.0,,0.0,0.989,1.0,0.0,0.109,
Charville_c002_v001_r001_reg120,68220.0,1201.0,0.3330557868442964,0.1107410491257285,0.0691090757701915,0.041631973355537,0.0333055786844296,0.1956702747710241,0.2106577851790174,0.0216486261448792,0.0616153205661948,0.0957535387177352,0.3613655287260616,0.3330557868442964,0.0691090757701915,0.0,0.3220702206374859,0.3217877465530332,0.2819678456245553,0.3252070131461244,0.1085467641869096,0.0591174021648626,0.4170506912442396,0.0604240510142996,0.0727225285677809,0.0972556583222231,0.3330557868442964,0.0,0.0691090757701915,1.0,-0.142119158137437,0.0,0.1063199307571535,1.0,0.0666401161741816,1.0,0.0368903627535128,,-0.0295274841988666,0.0,-0.0089993481566704,0.0,0.0131892685336271,,-0.0494600456821457,,-0.008499454865699,0.0,0.0058509649751616,,-0.001515794980081,,,,0.0,,,1.0,1.0,0.0,0.0,0.0,1.0,1.0,0.0,1.0,1.0,0.0,0.147,,0.893,0.0,,0.78,0.0,,0.0,0.239,,0.015,0.0,,1.0,0.0,0.0,0.0,0.0,,0.0,0.003,
Charville_c002_v001_r001_reg159,68199.0,1642.0,0.587088915956151,0.0121802679658952,0.0054811205846528,0.0066991473812423,0.0054811205846528,0.0438489646772229,0.0584652862362971,0.1065773447015834,0.0146163215590742,0.1656516443361754,0.1680876979293544,0.587088915956151,0.0054811205846528,0.5555555555555556,0.4058756345387122,0.2928383261927246,0.488771549359542,0.3854623850278447,0.0133342759527209,0.0,0.7137681159420289,0.0054929405204288,0.1265913105750773,0.0260802469135802,0.587088915956151,1.0,0.0054811205846528,0.0,0.4221486454803705,1.0,-0.0072849862488444,,-0.1522690175574516,0.0,0.0680190357639848,1.0,-0.1322609033505521,0.0,-0.021906288954786,0.0,0.0485579578433585,1.0,0.3037575166116921,1.0,-0.0202804843393047,0.0,0.0145986934650845,1.0,-0.0008474854172181,,,,1.0,,,0.0,0.0,1.0,1.0,0.002,0.0,,1.0,0.0,0.0,0.0,1.0,1.0,1.0,0.0,0.0,1.0,0.0,0.0,0.0,1.0,1.0,0.0,1.0,1.0,1.0,0.0,0.0,0.0,1.0,1.0,0.0,0.019,
Charville_c002_v001_r001_reg182,68210.0,1815.0,0.5509641873278237,0.0611570247933884,0.0137741046831955,0.0473829201101928,0.0848484848484848,0.0710743801652892,0.1107438016528925,0.0942148760330578,0.034159779614325,0.0269972451790633,0.3112947658402203,0.5509641873278237,0.0137741046831955,0.04,0.5344297700358761,0.5433650256170821,0.5092240367095743,0.3801993711563924,0.0722234293652012,0.1002754820936639,0.4230088495575221,0.033237647952932,0.0270151699058258,0.031811959202035,0.5509641873278237,1.0,0.0137741046831955,0.0,-0.095495425475741,0.0,0.1416661088237381,1.0,0.1259808385250979,1.0,0.1132579615958687,1.0,-0.1145229399585673,0.0,-0.0081159422984449,0.0,0.0204703040961884,1.0,0.0358169753579813,1.0,-0.0072141006769583,0.0,0.0102225706057253,1.0,-0.0044795635234019,,,,1.0,,,0.0,0.604,0.0,,0.0,1.0,1.0,0.0,1.0,1.0,0.0,1.0,1.0,1.0,0.0,0.0,0.561,0.0,,0.0,0.991,1.0,0.0,0.504,,1.0,0.0,0.0,0.0,0.668,,0.0,0.0,
Charville_c002_v001_r001_reg185,68244.0,1324.0,0.3995468277945619,0.0445619335347432,0.0234138972809667,0.0211480362537764,0.0015105740181268,0.1231117824773413,0.1321752265861027,0.0075528700906344,0.0430513595166163,0.2288519637462235,0.1767371601208459,0.3995468277945619,0.0234138972809667,0.1612903225806451,0.2803486759324043,0.2898558206698637,0.3027923174326049,0.5875850068426482,0.0558181289547926,0.0,0.5299145299145299,0.0616700052961353,0.1854098764906546,0.0582840645840945,0.3995468277945619,0.0,0.0234138972809667,1.0,-0.0112187031129111,,0.0217937511331073,,0.0122892156914045,,0.0128712760890901,,0.1676695748293855,1.0,-0.0021993710090508,,0.0338021727672582,1.0,0.0424551852212636,1.0,0.0041642489882399,1.0,0.0275403307125134,1.0,0.0111080404221748,1.0,,,0.0,,,1.0,0.0,0.11,,0.0,0.006,,0.0,0.0,,0.0,0.0,,0.0,1.0,1.0,0.0,0.0,,0.0,1.0,1.0,0.0,0.649,,0.0,0.834,,0.0,1.0,1.0,0.0,1.0,1.0
Charville_c002_v001_r001_reg213,68201.0,2847.0,0.3895328415876361,0.0727081138040042,0.0168598524762908,0.0558482613277133,0.0105374077976817,0.0727081138040042,0.2321742184755883,0.008078679311556,0.0351246926589392,0.1812434141201264,0.1640323147172462,0.3895328415876361,0.0168598524762908,0.7708333333333334,0.1154998143581304,0.0796419344998543,0.169894497009698,0.4904585047288606,0.0592600830798192,0.0,0.6659528907922913,0.0654268651380629,0.0416618627502061,0.0822706912549397,0.3895328415876361,0.0,0.0168598524762908,0.0,0.5877861436119455,1.0,-0.1405997210838699,0.0,-0.18191707442504,0.0,-0.1111464130752733,0.0,0.0793696141722221,1.0,-0.012092650659879,0.0,0.0054769097779797,,0.1708476502931408,1.0,0.0162321409862438,1.0,-0.0834905902558237,0.0,0.0424949829574673,1.0,,,0.0,,,0.0,0.0,1.0,1.0,1.0,0.0,0.0,1.0,0.0,0.0,1.0,0.0,0.0,0.0,1.0,1.0,1.0,0.0,0.0,0.0,0.001,,0.0,1.0,1.0,0.0,1.0,1.0,1.0,0.0,0.0,0.0,1.0,1.0
Charville_c002_v001_r001_reg214,68211.0,1983.0,0.4815935451336359,0.0781643973777105,0.0509329299041855,0.0272314674735249,0.0368129097327281,0.0579929399899142,0.1785173978819969,0.1174987392839132,0.0206757438224911,0.0620272314674735,0.2904689863842662,0.4815935451336359,0.0509329299041855,0.0396039603960396,0.3942232508721947,0.406937809326613,0.4127524562057326,0.3929122781705607,0.0869144627869667,0.0292486132123045,0.3541666666666667,0.0246069064208049,0.0617025048041879,0.1475073793729904,0.4815935451336359,0.0,0.0509329299041855,1.0,-0.0760148461235094,,0.0575430100235411,1.0,0.0228289243863317,,0.0666501641616684,1.0,-0.0284884718161405,0.0,-0.0001609248116106,,-0.0012298050866493,,-0.0680784988161979,,-0.0016661062654092,,0.0199027005035575,1.0,0.0692590113737876,1.0,,,0.0,,,1.0,0.003,0.0,,0.0,0.939,1.0,0.0,0.0,,0.0,1.0,1.0,0.867,0.0,,0.0,0.006,,0.0,0.0,,0.457,0.0,,0.0,0.0,,0.0,1.0,1.0,0.0,1.0,1.0
Charville_c003_v001_r001_reg008,68181.0,2798.0,0.5929235167977126,0.086132952108649,0.0146533238027162,0.0714796283059328,0.0050035739814152,0.0864903502501787,0.0993566833452466,0.0307362401715511,0.0528949249463902,0.1258041458184417,0.2083631165117941,0.5929235167977126,0.0146533238027162,0.4634146341463414,0.2880975119617412,0.2990294040855122,0.3630280967510945,0.6969738534404799,0.1457297635324835,0.0,0.5265866209262435,0.0816735705476405,0.0671447947709169,0.0384848962981819,0.5929235167977126,1.0,0.0146533238027162,0.0,0.3421702597339179,1.0,-0.1463306515949782,0.0,-0.1604375061762244,0.0,-0.0633585975760995,0.0,0.1272796058525236,1.0,0.0355488487762966,1.0,0.004188541002745,,0.1297953255598322,1.0,0.0146703420342489,1.0,-0.0172911353362679,0.0,0.001200627964129,,,,1.0,,,0.0,0.0,1.0,1.0,1.0,0.0,0.0,1.0,0.0,0.0,1.0,0.0,0.0,0.0,1.0,1.0,0.0,1.0,1.0,0.0,0.0,,0.0,1.0,1.0,0.0,1.0,1.0,1.0,0.0,0.0,0.0,0.186,
Charville_c003_v001_r001_reg010,68170.0,1881.0,0.723551302498671,0.0132908027644869,0.0069112174375332,0.0063795853269537,0.0191387559808612,0.0334928229665071,0.0707070707070707,0.0733652312599681,0.0372142477405635,0.036682615629984,0.1392876129718235,0.723551302498671,0.0069112174375332,0.2307692307692307,0.632513953905129,0.5065890319459609,0.5361021550384688,0.6462922189723546,0.0155177570789013,0.0,0.3625954198473282,0.046809853575533,0.0259042298883832,0.0342437767348128,0.723551302498671,1.0,0.0069112174375332,0.0,0.1421023892829708,1.0,0.101439740321042,1.0,-0.0740382842120179,0.0,0.0185113892642968,,-0.0078598134895686,,-0.0187567814584914,0.0,0.0309180137255001,1.0,0.0029387536759867,,-0.0060353451754954,0.0,0.0045320474419555,,0.0057012906537019,1.0,,,1.0,,,0.0,0.0,1.0,1.0,0.0,1.0,1.0,1.0,0.0,0.0,0.0,0.0,,0.013,0.0,,1.0,0.0,0.0,0.0,1.0,1.0,0.0,0.0,,0.999,0.0,0.0,0.0,0.0,,0.0,0.924,1.0
Charville_c003_v001_r001_reg025,68181.0,2726.0,0.661041819515774,0.0539251650770359,0.0077035950110051,0.0462215700660308,0.0095377842993396,0.0836390315480557,0.1217901687454145,0.0311812179016874,0.0429200293470286,0.0671313279530447,0.1782831988261188,0.661041819515774,0.0077035950110051,0.0,0.5347218644323528,0.5651374883293505,0.5230585564523759,0.6528051873174984,0.0744072074673529,0.0,0.419753086419753,0.0674490544833255,0.0572564927766801,0.0133214891146792,0.661041819515774,1.0,0.0077035950110051,0.0,-0.107532629873287,0.0,0.0486274343912669,1.0,0.0452272090910031,,0.0482524740919642,1.0,0.0255632879586341,,0.0041023396094039,1.0,0.0181384579282043,1.0,0.0439102478810268,1.0,0.0101722561487862,1.0,0.0141206649855169,1.0,-0.0161156878790437,0.0,,,1.0,,,0.0,0.999,0.0,0.0,0.0,0.673,,0.0,0.257,,0.0,0.819,,0.0,0.229,,0.0,0.539,,0.0,0.913,1.0,0.0,0.744,,0.0,1.0,1.0,0.0,0.999,1.0,1.0,0.0,0.0
Charville_c003_v001_r001_reg051,68149.0,1234.0,0.4829821717990275,0.0421393841166936,0.0097244732576985,0.0324149108589951,0.0072933549432739,0.1604538087520259,0.1839546191247974,0.0388978930307941,0.0502431118314424,0.1815235008103727,0.2487844408427876,0.4829821717990275,0.0097244732576985,0.1666666666666666,0.3389699556566975,0.3276281461191587,0.3931344545240524,0.5406762571534822,0.0509363194639375,0.0,0.4755700325732899,0.0561445161366834,0.119245924859335,0.0265038048355754,0.4829821717990275,0.0,0.0097244732576985,0.0,0.0051286734357819,1.0,0.0090016743618074,,-0.0191062320833961,,0.0424907142678204,1.0,0.0693676793803718,1.0,0.004927828854255,1.0,0.0280920160186965,1.0,0.0428016436102591,1.0,-0.0057574266936404,0.0,-0.0049620551613692,,-0.0052151901491463,,,,0.0,,,0.0,0.0,0.67,,0.0,0.0,,0.105,0.0,,0.0,0.58,,0.0,1.0,1.0,0.0,0.884,,0.0,1.0,1.0,0.0,0.695,,0.994,0.0,0.0,0.329,0.0,,0.0,0.0,
Charville_c003_v001_r001_reg054,68168.0,1884.0,0.3529723991507431,0.131104033970276,0.0631634819532908,0.0679405520169851,0.0047770700636942,0.1151804670912951,0.1995753715498938,0.0514861995753715,0.0408704883227176,0.2085987261146497,0.3025477707006369,0.3529723991507431,0.0631634819532908,0.134453781512605,0.2037278819928271,0.3258887494160399,0.1356338284336942,0.3593437829140112,0.1545152480735256,0.0,0.4035087719298245,0.0494535867794617,0.0737735924386104,0.0762573653348608,0.3529723991507431,0.0,0.0631634819532908,1.0,-0.0080589794436122,,-0.0336669771865106,,0.0567476927819124,1.0,-0.1208389200517603,0.0,0.0062006723881196,,0.0123157196279519,1.0,-0.0228721410631051,0.0,-0.0702138942501397,0.0,0.0009524656064263,,-0.0706928593401631,0.0,-0.0158007874701109,0.0,,,0.0,,,1.0,0.0,0.154,,0.489,0.0,,0.0,0.99,1.0,1.0,0.0,0.0,0.0,0.0,,0.0,1.0,1.0,0.937,0.0,0.0,0.543,0.0,,0.0,0.0,,1.0,0.0,0.0,1.0,0.0,0.0
Charville_c003_v001_r001_reg070,68189.0,2424.0,0.5173267326732673,0.0297029702970297,0.0094884488448844,0.0202145214521452,0.0243399339933993,0.0647689768976897,0.0845709570957095,0.1773927392739274,0.028052805280528,0.1303630363036303,0.2962046204620462,0.5173267326732673,0.0094884488448844,0.2608695652173913,0.2691158621586478,0.3085239524180027,0.3565533405643749,0.3812725102750849,0.0347891994372725,0.0094884488448844,0.435933147632312,0.0186918809613922,0.0584168998556057,0.0505931453976427,0.5173267326732673,0.0,0.0094884488448844,0.0,0.1099212355401973,1.0,-0.0877368589317298,0.0,-0.0717575540582566,0.0,-0.0152353595955126,,-0.0333293922215944,0.0,-0.0152553456679867,0.0,0.0239673937734364,1.0,0.0304132173034217,,-0.015632221882165,0.0,-0.0300839501081404,0.0,0.0191406507586766,1.0,,,0.0,,,0.0,0.0,1.0,1.0,1.0,0.0,0.0,1.0,0.0,0.0,0.003,0.0,,0.956,0.0,0.0,1.0,0.0,0.0,0.0,1.0,1.0,0.0,0.248,,1.0,0.0,0.0,1.0,0.0,0.0,0.0,1.0,1.0
Charville_c003_v001_r001_reg075,68156.0,1545.0,0.4673139158576052,0.0239482200647249,0.0103559870550161,0.0135922330097087,0.0207119741100323,0.0692556634304207,0.089967637540453,0.1048543689320388,0.0407766990291262,0.1255663430420712,0.2187702265372168,0.4673139158576052,0.0103559870550161,0.125,0.3667911566597809,0.3457694946522242,0.4179779726154554,0.4469833675768595,0.0232137949265989,0.0,0.3964497041420118,0.0379573879326652,0.083332665760184,0.0152220310295348,0.4673139158576052,0.0,0.0103559870550161,0.0,-0.0407797809785529,,0.0543273141839112,1.0,0.0138471203189635,,0.0816560674910408,1.0,0.0298651996531055,1.0,-0.0194561537607162,0.0,0.0224842320041909,1.0,-0.0509840860374147,,-0.0147901928848222,0.0,-0.0024684283926765,,-0.0172100200468348,0.0,,,0.0,,,0.0,0.0,0.0,,0.0,0.918,1.0,0.0,0.0,,0.0,1.0,1.0,0.0,0.592,,1.0,0.0,0.0,0.0,0.999,1.0,0.02,0.0,,1.0,0.0,0.0,0.045,0.0,,1.0,0.0,0.0
Charville_c003_v001_r001_reg102,68183.0,2960.0,0.5209459459459459,0.0820945945945945,0.0206081081081081,0.0614864864864864,0.0114864864864864,0.0574324324324324,0.1682432432432432,0.0131756756756756,0.0344594594594594,0.1594594594594594,0.1641891891891891,0.5209459459459459,0.0206081081081081,0.1639344262295081,0.279259723630681,0.3770761157259116,0.267981503167798,0.5336658810672993,0.086304232408309,0.0,0.4794238683127572,0.0622350239405994,0.0872486206687083,0.0333470620128022,0.5209459459459459,1.0,0.0206081081081081,0.0,0.0266392418476716,1.0,-0.0922164714718752,0.0,-0.0172174888574415,,-0.106130671589269,0.0,0.0141843879248578,,-0.0069926484663468,,-0.0014088824354025,,0.0402456660506285,1.0,0.0138013360609351,1.0,-0.0212780420948561,0.0,-0.0106608840008895,0.0,,,1.0,,,0.0,0.0,0.965,1.0,1.0,0.0,0.0,0.051,0.0,,1.0,0.0,0.0,0.0,0.011,,0.204,0.0,,0.0,0.0,,0.0,0.601,,0.0,1.0,1.0,1.0,0.0,0.0,0.7,0.0,
Charville_c003_v001_r001_reg107,68156.0,1523.0,0.5449770190413658,0.0328299409061063,0.0085357846355876,0.0242941562705187,0.0190413657255416,0.093237032173342,0.1011162179908076,0.1017728168089297,0.0380827314510833,0.149704530531845,0.2468811556139199,0.5449770190413658,0.0085357846355876,0.6153846153846154,0.2672616463035039,0.2789237785771729,0.3138507359873821,0.5711019800255592,0.0606178486670581,0.0,0.5212765957446809,0.0415264465666668,0.0868313571399404,0.0365583608372349,0.5449770190413658,1.0,0.0085357846355876,0.0,0.4721039149614038,1.0,-0.1141200954166486,0.0,-0.1276490550636839,0.0,-0.0786192842724657,0.0,0.0861475813891416,1.0,0.0100694572425832,1.0,0.0191593578296504,1.0,0.1143649144083401,1.0,-0.0067117181648068,0.0,-0.01467407837428,0.0,0.0061815402700299,1.0,,,1.0,,,0.0,0.0,1.0,1.0,1.0,0.0,0.0,1.0,0.0,0.0,1.0,0.0,0.0,0.0,1.0,1.0,0.0,1.0,1.0,0.0,0.961,1.0,0.0,1.0,1.0,1.0,0.0,0.0,1.0,0.0,0.0,0.0,0.99,1.0
Charville_c003_v001_r001_reg109,68146.0,2170.0,0.6769585253456222,0.028110599078341,0.008294930875576,0.0198156682027649,0.0142857142857142,0.064516129032258,0.0953917050691244,0.0258064516129032,0.0188940092165898,0.1294930875576037,0.1327188940092166,0.6769585253456222,0.008294930875576,0.0,0.4066439344181731,0.5429607403162694,0.4370316091791633,0.7467362612652505,0.0434865768191936,0.0,0.375,0.033581344002256,0.083547981450376,0.0122668490831422,0.6769585253456222,1.0,0.008294930875576,0.0,-0.1018366518148188,0.0,-0.0875076347042497,0.0,0.006844576036903,,-0.0484483744711974,0.0,0.1026510445089489,1.0,-0.0028397161770003,,0.0279358806513159,1.0,-0.0062222033039284,,0.0011290300394569,,-0.0024094172157631,,-0.0178380182163716,0.0,,,1.0,,,0.0,0.971,0.0,0.0,1.0,0.0,0.0,0.0,0.0,,0.995,0.0,0.0,0.0,1.0,1.0,0.0,0.0,,0.0,1.0,1.0,0.0,0.0,,0.0,0.0,,0.038,0.0,,1.0,0.0,0.0
Charville_c003_v001_r001_reg113,68151.0,2729.0,0.5580798827409308,0.216196408941004,0.1282521069989007,0.0879443019421033,0.0091608647856357,0.0747526566507878,0.0905093440820813,0.039208501282521,0.034078417002565,0.0472700622938805,0.3393184316599487,0.5580798827409308,0.1282521069989007,0.1285714285714285,0.4264640103345408,0.4981622391007886,0.3681496337087243,0.6781904663740225,0.2768330858527674,0.0,0.5572354211663066,0.0507621262606322,0.0184981038652023,0.1436971577005291,0.5580798827409308,1.0,0.1282521069989007,1.0,0.1241088254870158,1.0,-0.0064745917636557,,-0.0338385923378333,0.0,-0.0330122262516159,,0.1433263300930186,1.0,0.0203251334159393,1.0,-0.0800528799635321,0.0,0.1805411437419044,1.0,0.0118584117863985,1.0,-0.0121914724090474,0.0,-0.0218539904798238,0.0,,,1.0,,,1.0,0.0,1.0,1.0,0.001,0.0,,0.735,0.0,,0.412,0.0,,0.0,1.0,1.0,0.0,1.0,1.0,1.0,0.0,0.0,0.0,1.0,1.0,0.0,1.0,1.0,0.977,0.0,0.0,1.0,0.0,0.0
Charville_c003_v001_r001_reg116,68166.0,2469.0,0.6435803969218307,0.0777642770352369,0.0477926285945727,0.0299716484406642,0.0510328068043742,0.080194410692588,0.1081409477521263,0.0222762251923855,0.0384771162413932,0.0502227622519238,0.2312677197245848,0.6435803969218307,0.0477926285945727,0.0,0.6096403401334981,0.6350101692778634,0.5833732357092134,0.6022518025477924,0.0737086099080648,0.0141757796678817,0.2626970227670753,0.046278812013739,0.0413896192022171,0.060649776914056,0.6435803969218307,1.0,0.0477926285945727,1.0,-0.0679528359511799,,0.1333687530948127,1.0,0.0945811947968037,1.0,0.1211237308235372,1.0,-0.015688339326738,,-0.0255796107882144,0.0,-0.0337225272736938,0.0,-0.1064450164664591,0.0,-0.0032168883440123,,0.0097042540465775,,-0.0140528079400433,0.0,,,1.0,,,1.0,0.0,0.0,,0.0,1.0,1.0,0.0,1.0,1.0,0.0,1.0,1.0,0.198,0.0,,1.0,0.0,0.0,1.0,0.0,0.0,1.0,0.0,0.0,0.183,0.0,,0.0,0.48,,0.998,0.0,0.0
Charville_c003_v001_r001_reg137,68173.0,2528.0,0.5953322784810127,0.0340189873417721,0.0094936708860759,0.0245253164556962,0.0272943037974683,0.050632911392405,0.1111550632911392,0.0189873417721519,0.0411392405063291,0.1574367088607595,0.1309335443037974,0.5953322784810127,0.0094936708860759,0.0416666666666666,0.4243363545242246,0.5058253318491316,0.4334352816749318,0.6202295916688154,0.039907373442324,0.0,0.3293051359516616,0.0563301630442143,0.127002768348981,0.025973645467312,0.5953322784810127,1.0,0.0094936708860759,0.0,-0.0846208083725079,,-0.0007271414671708,,0.0488405897547882,1.0,0.0065761106251375,,0.0412068208976583,1.0,-0.0101585863767383,0.0,0.0081850911129947,,-0.0871057432581212,0.0,-0.0013912252850674,,0.0207769330216693,1.0,-0.0054847454929984,,,,1.0,,,0.0,0.098,0.0,,0.001,0.0,,0.0,0.634,,0.0,0.0,,0.0,0.965,1.0,0.977,0.0,0.0,0.0,0.017,,0.991,0.0,0.0,0.0,0.0,,0.0,1.0,1.0,0.0,0.0,
Charville_c003_v001_r001_reg138,68166.0,2529.0,0.7319098457888493,0.033214709371293,0.0253064452352708,0.0079082641360221,0.0300514037168841,0.0826413602214314,0.1170423092131277,0.0280743376828786,0.0276789244760775,0.0142348754448398,0.1739818109924871,0.7319098457888493,0.0253064452352708,0.0,0.7301678301511159,0.7452555477886613,0.6446158491393075,0.6678800296758389,0.0278575666321891,0.007512850929221,0.2340909090909091,0.0343584262043961,0.0129229070234584,0.0493114972433957,0.7319098457888493,1.0,0.0253064452352708,1.0,-0.065330987806142,,0.1875118229487118,1.0,0.1391164999760832,1.0,0.1193675813807442,1.0,-0.0214456722718927,,-0.020254490462923,0.0,0.0127622213162479,,-0.1127611534445464,0.0,-0.005892537534209,0.0,0.0071362868991688,,-1.4443592579321818e-06,,,,1.0,,,1.0,0.0,0.0,,0.0,1.0,1.0,0.0,1.0,1.0,0.0,1.0,1.0,0.342,0.0,,1.0,0.0,0.0,0.0,0.193,,1.0,0.0,0.0,0.996,0.0,0.0,0.0,0.005,,0.0,0.049,
Charville_c003_v001_r001_reg141,68151.0,3065.0,0.564763458401305,0.1742251223491027,0.1066884176182708,0.0675367047308319,0.0091353996737357,0.1030995106035889,0.13115823817292,0.0375203915171288,0.0365415986949429,0.0404567699836867,0.3239804241435562,0.564763458401305,0.1066884176182708,0.0,0.5546746313925723,0.5601654866203692,0.5308041908132927,0.5506271376998271,0.1774369174042387,0.0241435562805872,0.2386706948640483,0.0357102573694655,0.0344316202378863,0.1161840115067945,0.564763458401305,1.0,0.1066884176182708,1.0,-0.0266085486165685,,0.1251877366567415,1.0,0.0418649989830191,,0.1238990553958797,1.0,0.0090429671859313,,-0.025053811381852,0.0,-0.0303595096504902,0.0,-0.1392706551513283,0.0,-0.0067780697049413,0.0,0.0085230235833705,,-0.0250191016241734,0.0,,,1.0,,,1.0,0.0,0.008,,0.0,1.0,1.0,0.0,0.104,,0.0,1.0,1.0,0.0,0.0,,1.0,0.0,0.0,1.0,0.0,0.0,1.0,0.0,0.0,1.0,0.0,0.0,0.0,0.114,,1.0,0.0,0.0
Charville_c003_v001_r001_reg173,68163.0,3016.0,0.4678381962864721,0.056366047745358,0.0046419098143236,0.0517241379310344,0.0053050397877984,0.1177055702917772,0.1856763925729443,0.0258620689655172,0.0520557029177718,0.2002652519893899,0.2052387267904509,0.4678381962864721,0.0046419098143236,0.0,0.3183558182847414,0.3519901936643127,0.3942795668756312,0.5152431357477667,0.0579482621368393,0.0,0.2520193861066236,0.0669929170539451,0.1452366668913434,0.0260363746251583,0.4678381962864721,0.0,0.0046419098143236,0.0,-0.1720422121233334,0.0,-0.0016774952042385,,0.0249241000738647,,0.0559044485674121,1.0,0.0487081727243298,1.0,-0.0035820993743159,,0.021912099944219,1.0,-0.1987991574738867,0.0,0.0007771629291568,,0.0079168018541234,,5.6213597633889695e-05,,,,0.0,,,0.0,1.0,0.0,0.0,0.001,0.0,,0.0,0.0,,0.0,0.983,1.0,0.0,1.0,1.0,0.0,0.0,,0.0,0.996,1.0,1.0,0.0,0.0,0.0,0.0,,0.0,0.028,,0.0,0.054,
Charville_c003_v001_r001_reg174,68154.0,2673.0,0.5750093527871306,0.0901608679386457,0.0261878039655817,0.0639730639730639,0.0280583613916947,0.0703329592218481,0.1537598204264871,0.0291806958473625,0.017583239805462,0.1002618780396558,0.217732884399551,0.5750093527871306,0.0261878039655817,0.1142857142857143,0.4234387969583291,0.4026046400528665,0.4690097422382192,0.6308137038333187,0.1004226802626343,0.0714552936775159,0.4037800687285223,0.0351500608626681,0.088300647690605,0.0612571377668944,0.5750093527871306,1.0,0.0261878039655817,1.0,0.000355154024249,1.0,0.0035734522616402,,-0.0500918190910006,0.0,0.0559428562463027,1.0,0.0753618664655174,1.0,-0.004455444809966,,0.0445575328507073,1.0,0.0018686586333495,,0.0085980721054331,1.0,0.0212649472187548,1.0,0.0109490346741125,1.0,,,1.0,,,1.0,0.0,0.51,,0.0,0.0,,0.992,0.0,0.0,0.0,0.989,1.0,0.0,1.0,1.0,0.0,0.0,,0.0,1.0,1.0,0.0,0.0,,0.0,1.0,1.0,0.0,1.0,1.0,0.0,1.0,1.0
Charville_c004_v001_r001_reg001,68095.0,1379.0,0.4771573604060913,0.0710659898477157,0.0181290790427846,0.0529369108049311,0.0043509789702683,0.103698332124728,0.1065989847715736,0.0529369108049311,0.0232052211747643,0.2472806381435823,0.2320522117476432,0.4771573604060913,0.0181290790427846,0.0,0.3339969279529491,0.3805581639204154,0.3730934974611093,0.5181528910612453,0.0886844359236932,0.0,0.396875,0.0275617128767986,0.1999750461635262,0.0290037846124054,0.4771573604060913,0.0,0.0181290790427846,0.0,-0.1539241337043644,0.0,0.0027004203063395,,0.0316498571263179,,0.0285663091303053,,0.0604923885446994,1.0,-0.0034272146869692,,0.0141597418968396,,-0.0428315449815505,,-0.0046090721762965,0.0,0.0303387765269492,1.0,-0.012205035263569,0.0,,,0.0,,,0.0,1.0,0.0,0.0,0.0,0.0,,0.0,0.004,,0.0,0.046,,0.0,1.0,1.0,0.0,0.0,,0.0,0.385,,0.002,0.0,,0.916,0.0,0.0,0.0,1.0,1.0,0.891,0.0,
Charville_c004_v001_r001_reg002,68095.0,1721.0,0.484601975595584,0.0801859384079023,0.0284718187100522,0.05171411969785,0.0052295177222545,0.0918070889018012,0.0958744915746658,0.0319581638582219,0.0720511330621731,0.199883788495061,0.2091807088901801,0.484601975595584,0.0284718187100522,0.0408163265306122,0.346807710403252,0.4163150972310097,0.3485918962152777,0.571094531427201,0.1064124160583039,0.0,0.5,0.0851714725174928,0.1453505038148141,0.0313251679462365,0.484601975595584,0.0,0.0284718187100522,1.0,-0.0991195861371883,0.0,0.0070895055281531,,0.0503637748224378,1.0,-0.0008255503827437,,0.0941086256744934,1.0,0.0022230732248328,,0.0075236197483947,,0.0573614764328774,1.0,-0.0034695557608961,,0.0084978465175094,,-0.0215618663336008,0.0,,,0.0,,,1.0,0.909,0.0,0.0,0.0,0.0,,0.0,0.762,,0.0,0.0,,0.0,1.0,1.0,0.0,0.085,,0.0,0.001,,0.0,0.95,1.0,0.241,0.0,,0.0,0.097,,1.0,0.0,0.0
Charville_c004_v001_r001_reg006,68128.0,1117.0,0.279319606087735,0.1333930170098478,0.0492390331244404,0.0841539838854073,0.0017905102954341,0.1557743957027753,0.2220232766338406,0.02775290957923,0.0304386750223813,0.2685765443151298,0.3187108325872874,0.279319606087735,0.0492390331244404,0.2545454545454545,0.1663372444712716,0.1603531126174261,0.1569577517007657,0.1570804944618342,0.1111913292834779,0.0,0.5028089887640449,0.0404072938050845,0.1585401485165566,0.0718644666299078,0.279319606087735,0.0,0.0492390331244404,1.0,0.0730889527032007,1.0,-0.0080503022093597,,-0.0232791225064976,,-0.0484621466384422,0.0,-0.1482546355046349,0.0,-0.029517860853785,0.0,-0.0205540861491911,0.0,0.0020737955491044,,0.0045522485032799,1.0,-0.0281939350481227,0.0,-0.0044712853305794,,,,0.0,,,1.0,0.0,1.0,1.0,0.004,0.0,,0.33,0.0,,0.995,0.0,0.0,1.0,0.0,0.0,1.0,0.0,0.0,0.781,0.0,,0.0,0.0,,0.0,0.957,1.0,1.0,0.0,0.0,0.0,0.0,
Charville_c004_v001_r001_reg037,68276.0,2049.0,0.4826744753538311,0.107369448511469,0.0268423621278672,0.0805270863836017,0.0448999511957052,0.1083455344070278,0.109809663250366,0.0771107857491459,0.0336749633967789,0.1205466081015129,0.337725719863348,0.4826744753538311,0.0268423621278672,0.1999999999999999,0.2117198343985649,0.1984201304945351,0.2676904781354703,0.5714345197774253,0.196030805806329,0.0112249877989263,0.4378612716763005,0.0457695919577433,0.0662396049866185,0.0567905468645726,0.4826744753538311,0.0,0.0268423621278672,1.0,0.0576217858922313,1.0,-0.1323044987653792,0.0,-0.1641041488479886,0.0,-0.0809274762468283,0.0,0.1240774477976632,1.0,0.064097835394518,1.0,-0.0470551206122732,0.0,0.0286751753864504,,0.0072397428421778,1.0,-0.0159120185666235,0.0,0.0057433677817838,1.0,,,0.0,,,1.0,0.0,0.999,1.0,1.0,0.0,0.0,1.0,0.0,0.0,1.0,0.0,0.0,0.0,1.0,1.0,0.0,1.0,1.0,1.0,0.0,0.0,0.0,0.155,,0.0,1.0,1.0,1.0,0.0,0.0,0.0,0.94,1.0
Charville_c004_v001_r001_reg108,68107.0,1409.0,0.7217885024840313,0.0177430801987224,0.0042583392476933,0.0134847409510291,0.0113555713271824,0.0794889992902768,0.091554293825408,0.0390347764371894,0.0156139105748757,0.0830376153300213,0.1476224272533711,0.7217885024840313,0.0042583392476933,0.0,0.546154862718886,0.8060649271717196,0.4155821730548075,0.6729253571880434,0.0405996543716459,0.0,0.1778846153846154,0.0266899962746507,0.0638738152585719,0.0,0.7217885024840313,1.0,0.0042583392476933,0.0,-0.0922084004626807,,0.0156231837838977,,0.2296648274083149,1.0,-0.1023477275387842,0.0,-0.0010136600842547,,0.0051202187510358,1.0,0.037878902513672,1.0,-0.1802995128458413,0.0,-0.0012757219743571,,0.0105058299521944,1.0,-0.025547063080537,0.0,,,1.0,,,0.0,0.314,0.0,,0.0,0.0,,0.0,1.0,1.0,1.0,0.0,0.0,0.0,0.0,,0.0,0.944,1.0,0.0,1.0,1.0,1.0,0.0,0.0,0.0,0.0,,0.0,0.781,,1.0,0.0,0.0
Charville_c004_v001_r001_reg109,68105.0,2628.0,0.3386605783866058,0.1202435312024353,0.0688736681887366,0.0513698630136986,0.0270167427701674,0.0738203957382039,0.1765601217656012,0.1906392694063927,0.0452815829528158,0.0955098934550989,0.4117199391171994,0.3386605783866058,0.0688736681887366,0.0773480662983425,0.2485554193214865,0.3183247679271265,0.2108198928478572,0.3240754894280615,0.1212040694247959,0.0167427701674277,0.4898336414048059,0.0585716821030805,0.0456892057587799,0.0892244508467961,0.3386605783866058,0.0,0.0688736681887366,1.0,-0.0632644274781418,,0.0258859027426001,,0.0578875767628116,1.0,-0.0340250765010581,0.0,0.0693500199115861,1.0,-0.0130493806100559,0.0,-0.0271511520041928,0.0,0.0391316967500727,1.0,0.0107502173548359,1.0,-0.0209460646312016,0.0,-0.0092811985875807,,,,0.0,,,1.0,0.0,0.0,,0.0,0.017,,0.0,0.994,1.0,0.58,0.0,,0.0,1.0,1.0,1.0,0.0,0.0,0.999,0.0,0.0,0.0,0.556,,0.0,1.0,1.0,1.0,0.0,0.0,0.19,0.0,
Charville_c004_v001_r001_reg110,68096.0,3496.0,0.5606407322654462,0.1418764302059496,0.0969679633867276,0.0449084668192219,0.0477688787185354,0.05720823798627,0.1590389016018306,0.0245995423340961,0.0208810068649885,0.0391876430205949,0.2714530892448512,0.5606407322654462,0.0969679633867276,0.0,0.528578656808041,0.5419315427350039,0.4853160585087409,0.4755189590342055,0.1415193983984688,0.0935354691075514,0.285563751317176,0.0274758147562959,0.0331570011966353,0.1018821285005554,0.5606407322654462,1.0,0.0969679633867276,1.0,-0.0388467805434175,,0.1097489480290738,1.0,0.0368228425732379,,0.0829384718420062,1.0,-0.0705759147645145,0.0,-0.0199587395331115,0.0,0.0107117906142254,,-0.1081354583357563,0.0,-1.7465283324139685e-05,,0.0080736209293304,,-0.0283454063725401,0.0,,,1.0,,,1.0,0.0,0.001,,0.0,1.0,1.0,0.0,0.042,,0.0,1.0,1.0,1.0,0.0,0.0,1.0,0.0,0.0,0.0,0.067,,1.0,0.0,0.0,0.0,0.0,,0.0,0.05,,1.0,0.0,0.0
Charville_c004_v001_r001_reg116,68105.0,2881.0,0.3967372440124956,0.1617493925720236,0.1072544255466851,0.0544949670253384,0.0399166955918084,0.0621312044429017,0.1707740367927802,0.1121138493578618,0.0388753904894134,0.0732384588684484,0.3759111419645956,0.3967372440124956,0.1072544255466851,0.0097087378640776,0.2953326492853229,0.3386616974734509,0.2680808468796863,0.3583593480291277,0.1748649259884369,0.0715029503644567,0.2714681440443213,0.0491598357777436,0.0479232880084449,0.1255059904163622,0.3967372440124956,0.0,0.1072544255466851,1.0,-0.0693706154819571,,0.0134716813575752,,-0.0149604655968794,,-0.0177247951925122,,0.0056520903201425,,-0.0066173034385018,,-0.0136497776450151,,-0.1640830961951564,0.0,0.0067282368253316,1.0,-0.0026427533446851,,-0.0163362146916791,0.0,,,0.0,,,1.0,0.0,0.0,,0.0,0.0,,0.016,0.0,,0.008,0.0,,0.0,0.0,,0.077,0.0,,0.071,0.0,,1.0,0.0,0.0,0.0,1.0,1.0,0.069,0.0,,1.0,0.0,0.0
Charville_c004_v001_r001_reg117,68107.0,1611.0,0.6225946617008069,0.0273122284295468,0.0031036623215394,0.0242085661080074,0.0235878336436995,0.1396648044692737,0.1520794537554314,0.0204841713221601,0.0254500310366232,0.1160769708255741,0.2110490378646803,0.6225946617008069,0.0031036623215394,0.0,0.3933231768081619,0.5302333742931603,0.4009657805160159,0.5441108755495677,0.0527930281721015,0.0,0.3352941176470588,0.0416406763739513,0.0948839803834302,0.0090956072351421,0.6225946617008069,1.0,0.0031036623215394,0.0,-0.1248592731634559,0.0,-0.0537758433884909,0.0,0.0524503277597243,1.0,-0.0483982050280138,0.0,-0.0571261199037095,0.0,0.0175511740791646,1.0,0.0168667123639431,1.0,-0.0481630101973707,,0.0058380937927226,1.0,0.0175187968954413,1.0,-0.0151476847804134,0.0,,,1.0,,,0.0,1.0,0.0,0.0,0.989,0.0,0.0,0.0,0.899,,0.991,0.0,0.0,1.0,0.0,0.0,0.0,1.0,1.0,0.0,0.857,,0.013,0.0,,0.0,1.0,1.0,0.0,1.0,1.0,1.0,0.0,0.0
Charville_c004_v001_r001_reg138,68115.0,1049.0,0.5757864632983795,0.0314585319351763,0.0114394661582459,0.0200190657769304,0.0314585319351763,0.1143946615824594,0.1191611058150619,0.0829361296472831,0.0228789323164918,0.102001906577693,0.2602478551000953,0.5757864632983795,0.0114394661582459,0.25,0.2395625941699927,0.393529430347545,0.3435647121351433,0.5147331861151822,0.0654715834557662,0.0076263107721639,0.7765567765567766,0.0307136479831206,0.0558095811826823,0.0436586964272983,0.5757864632983795,1.0,0.0114394661582459,0.0,0.1197236897555309,1.0,-0.1680846425823196,0.0,-0.0460662782984398,0.0,-0.071583327277468,0.0,-0.0080523130292178,,0.0196949079418819,1.0,0.0121955662653859,,0.3863110035996437,1.0,0.0003770303960007,,-0.0124168801226466,0.0,0.0100032653107574,1.0,,,1.0,,,0.0,0.0,1.0,1.0,1.0,0.0,0.0,0.958,0.0,0.0,1.0,0.0,0.0,0.017,0.0,,0.0,1.0,1.0,0.0,0.162,,0.0,1.0,1.0,0.0,0.0,,0.995,0.0,0.0,0.0,1.0,1.0
Charville_c004_v001_r001_reg142,68093.0,1409.0,0.4080908445706174,0.1036195883605393,0.0532292405961674,0.0503903477643718,0.0127750177430802,0.1312987934705465,0.1398154719659332,0.041873669268985,0.0305180979418026,0.2093683463449255,0.2895670688431512,0.4080908445706174,0.0532292405961674,0.0533333333333333,0.2732487185711952,0.2490389835790914,0.3539109657819717,0.3566145762227191,0.1091843604609236,0.0,0.2720588235294117,0.0259147828440054,0.1773292715157615,0.1698538384407049,0.4080908445706174,0.0,0.0532292405961674,1.0,-0.0829339823949117,,-0.0056398140457857,,-0.0649577115070997,0.0,0.0576204765845878,1.0,-0.0492762220316397,0.0,-0.0131788109440749,0.0,-0.0160964354885891,,-0.1816848321985038,0.0,-0.0115442952886376,0.0,0.0330029796163329,1.0,0.0890126556301889,1.0,,,0.0,,,1.0,0.052,0.0,,0.001,0.0,,1.0,0.0,0.0,0.0,1.0,1.0,1.0,0.0,0.0,1.0,0.0,0.0,0.157,0.0,,1.0,0.0,0.0,1.0,0.0,0.0,0.0,1.0,1.0,0.0,1.0,1.0
Charville_c004_v001_r001_reg151,68126.0,1727.0,0.2634626519976838,0.026635784597568,0.0092646207295888,0.0173711638679791,0.0185292414591777,0.0509554140127388,0.3288940359004053,0.1077012159814707,0.1111754487550665,0.1077012159814707,0.2038216560509554,0.2634626519976838,0.0092646207295888,0.5,0.1127163565143697,0.118388051957425,0.22785159327935,0.2624611468057544,0.0146980743355382,0.0248986682107701,0.4545454545454545,0.1387235086170227,0.1002375784995666,0.040544323747457,0.2634626519976838,0.0,0.0092646207295888,0.0,0.2685618092355564,1.0,-0.0245592043255072,,-0.0120732164530687,,0.0373601754924458,,0.0201509258613574,,0.0120113010875945,1.0,0.0484601520461901,1.0,-0.0835643870696883,0.0,0.0055246224922997,1.0,0.0242776124648594,1.0,0.0093445583469834,1.0,,,0.0,,,0.0,0.0,1.0,1.0,0.227,0.0,,0.005,0.0,,0.0,0.205,,0.0,0.076,,0.0,1.0,1.0,0.0,1.0,1.0,0.958,0.0,0.0,0.0,1.0,1.0,0.0,1.0,1.0,0.0,1.0,1.0
Charville_c004_v001_r001_reg175,68092.0,1872.0,0.5090811965811965,0.0860042735042735,0.0389957264957264,0.047008547008547,0.016559829059829,0.1351495726495726,0.157051282051282,0.0395299145299145,0.0219017094017094,0.1490384615384615,0.2772435897435897,0.5090811965811965,0.0389957264957264,0.1506849315068493,0.2283092133167192,0.2700627204323447,0.2626642153821434,0.5069618018125264,0.120556995565979,0.0085470085470085,0.4990366088631984,0.0313822721981619,0.0738809888727417,0.0797851289747841,0.5090811965811965,0.0,0.0389957264957264,1.0,0.0303251247380232,1.0,-0.1337945367860003,0.0,-0.129851072160578,0.0,-0.1056916194149632,0.0,0.0138903953869683,,0.020896375301887,1.0,-0.0015407466949409,,0.0849548427664093,1.0,0.0030346409639807,,-0.0276020135594805,0.0,0.0150153193915582,1.0,,,0.0,,,1.0,0.0,0.978,1.0,1.0,0.0,0.0,1.0,0.0,0.0,1.0,0.0,0.0,0.0,0.008,,0.0,1.0,1.0,0.0,0.0,,0.0,1.0,1.0,0.0,0.203,,1.0,0.0,0.0,0.0,1.0,1.0
Charville_c004_v001_r001_reg176,68098.0,2467.0,0.3072557762464531,0.2488852857721929,0.1665991082286177,0.0822861775435751,0.046209971625456,0.123226591001216,0.1297122010539116,0.1637616538305634,0.0210782326712606,0.0676935549250101,0.5820835022294285,0.3072557762464531,0.1665991082286177,0.0340632603406325,0.2908795567188507,0.2953721881103952,0.2698069533705072,0.3046164229528673,0.2632373239100912,0.1062018646128901,0.3725626740947075,0.0225148356298343,0.0594524058866666,0.1695207660121648,0.3072557762464531,0.0,0.1665991082286177,1.0,-0.0065375217858656,,0.0670464779746899,1.0,-0.0260576780586753,,0.0456175659622996,1.0,0.0598865789250511,1.0,-0.022595964235387,0.0,-0.0397458944350391,0.0,-0.0460729833647003,,0.0109369402952306,1.0,0.0116217161474524,1.0,-0.0393288230564463,0.0,,,0.0,,,1.0,0.0,0.241,,0.0,0.993,1.0,0.461,0.0,,0.0,0.739,,0.0,1.0,1.0,1.0,0.0,0.0,1.0,0.0,0.0,0.01,0.0,,0.0,1.0,1.0,0.0,0.974,1.0,1.0,0.0,0.0
Charville_c002_v001_r001_reg092,68208.0,3275.0,0.6690076335877863,0.0369465648854961,0.0146564885496183,0.0222900763358778,0.0082442748091603,0.0644274809160305,0.1016793893129771,0.0500763358778625,0.0348091603053435,0.0687022900763358,0.1596946564885496,0.6690076335877863,0.0146564885496183,0.0208333333333333,0.4994451732037613,0.5157703436773616,0.4580076709080586,0.6825364070894661,0.0517295762180999,0.0,0.3403441682600382,0.0552393029519853,0.0407840121972612,0.0395801156212098,0.6690076335877863,1.0,0.0146564885496183,0.0,-0.076359801160149,,0.0102096047629908,,-0.0185086385010386,,-0.0218061017714027,,0.0602467163754055,1.0,-0.0032985362915936,,0.0300680263174973,1.0,-0.0370670972570537,,0.006176326311382,1.0,-0.0033384427380187,,0.0022922739019567,1.0,,,1.0,,,0.0,0.004,0.0,,0.0,0.0,,0.082,0.0,,0.022,0.0,,0.0,1.0,1.0,0.0,0.0,,0.0,1.0,1.0,0.0,0.0,,0.0,1.0,1.0,0.114,0.0,,0.0,0.514,
Charville_c002_v001_r001_reg157,68210.0,1173.0,0.5583972719522592,0.0605285592497868,0.0119352088661551,0.0485933503836317,0.0051150895140664,0.0664961636828644,0.1005967604433077,0.1219096334185848,0.0375106564364876,0.0400682011935208,0.2540494458653026,0.5583972719522592,0.0119352088661551,0.0,0.4882497997659945,0.6098332833184873,0.4647956479442701,0.4615386846900008,0.0791379320799703,0.0,0.7181208053691275,0.0348397442765461,0.034062187775898,0.0205999083702925,0.5583972719522592,1.0,0.0119352088661551,0.0,-0.1352147666795604,0.0,0.0892146653296455,1.0,0.1868693121745641,1.0,0.0636939804200623,1.0,-0.0223238110663252,,-0.0023271508188617,,0.0196172741813685,1.0,0.3188274484223784,1.0,-0.0123785436540822,0.0,0.0083441115869375,,-0.0136152767203754,0.0,,,1.0,,,0.0,1.0,0.0,0.0,0.0,1.0,1.0,0.0,1.0,1.0,0.0,1.0,1.0,0.438,0.0,,0.0,0.0,,0.0,0.987,1.0,0.0,1.0,1.0,1.0,0.0,0.0,0.0,0.077,,0.991,0.0,0.0
Charville_c002_v001_r001_reg187,68222.0,2426.0,0.6442704039571311,0.0721352019785655,0.0156636438582028,0.0564715581203627,0.009068425391591,0.0482275350370981,0.1170651277823578,0.0424567188788128,0.0234954657873042,0.0226710634789777,0.1718878812860676,0.6442704039571311,0.0156636438582028,0.0263157894736841,0.5682719153413779,0.5370830918208875,0.5679821627558371,0.64482388077592,0.0876747207450633,0.0,0.2661870503597122,0.0312160591176299,0.0215818411995136,0.0460676898144833,0.6442704039571311,1.0,0.0156636438582028,0.0,-0.0775629525275317,,0.0926412173110359,1.0,0.0261799703583316,,0.1063495008461294,1.0,0.0388090312696399,1.0,-0.0037442907440633,,0.0076499227925326,,-0.1184931534514712,0.0,-0.0044090118526333,0.0,0.0089092437158288,,0.0076426469270657,1.0,,,1.0,,,0.0,0.007,0.0,,0.0,1.0,1.0,0.0,0.0,,0.0,1.0,1.0,0.0,0.9,1.0,0.0,0.0,,0.0,0.004,,1.0,0.0,0.0,0.894,0.0,,0.0,0.23,,0.0,0.998,1.0
Charville_c002_v001_r001_reg216,68222.0,1868.0,0.5331905781584583,0.0947537473233404,0.0149892933618843,0.0797644539614561,0.0010706638115631,0.0653104925053533,0.2360813704496788,0.0294432548179871,0.0235546038543897,0.0310492505353319,0.1905781584582441,0.5331905781584583,0.0149892933618843,0.0,0.492492595728664,0.4816851818652076,0.4602004758363575,0.4809926904726719,0.095870034150518,0.0,0.4353932584269663,0.0412102867268441,0.0289783512303066,0.0285311245128693,0.5331905781584583,1.0,0.0149892933618843,0.0,-0.1397460319174508,0.0,0.1076786715695808,1.0,0.080634360475241,1.0,0.0770937479440386,1.0,-0.0387977087252834,0.0,0.0006874804672426,,0.0038324117329923,,0.0084579673639727,,0.0064893264897429,1.0,0.0091744164004864,,-0.0091324944257001,,,,1.0,,,0.0,1.0,0.0,0.0,0.0,1.0,1.0,0.0,1.0,1.0,0.0,1.0,1.0,0.988,0.0,0.0,0.0,0.009,,0.0,0.0,,0.0,0.005,,0.0,1.0,1.0,0.0,0.383,,0.134,0.0,
Charville_c003_v001_r001_reg014,68148.0,2677.0,0.2992155397833395,0.2035861038475906,0.0616361598804632,0.1419499439671273,0.0059768397459843,0.1299962644751587,0.2263728053791557,0.0892790437056406,0.059394844975719,0.0896525961897646,0.4288382517743743,0.2992155397833395,0.0616361598804632,0.1151515151515151,0.2107355959564607,0.261493602648653,0.2128900879890077,0.2989409096589903,0.2013992450001753,0.0,0.5322299651567944,0.064518857196355,0.0494723619577924,0.0738217763708111,0.2992155397833395,0.0,0.0616361598804632,1.0,-0.0460702002927617,,0.0037810249415346,,0.0466443740280435,,-0.0058072334503273,,0.0148602330207186,,-0.0166390978134362,0.0,-0.0684309052181392,0.0,0.0693174919957399,1.0,0.001613902893608,,-0.0136029245554064,0.0,-0.0165118435537013,0.0,,,0.0,,,1.0,0.0,0.0,,0.0,0.0,,0.0,0.42,,0.0,0.0,,0.0,0.02,,1.0,0.0,0.0,1.0,0.0,0.0,0.0,0.983,1.0,0.0,0.004,,0.999,0.0,0.0,1.0,0.0,0.0
Charville_c003_v001_r001_reg023,68170.0,1365.0,0.7333333333333333,0.0161172161172161,0.0043956043956043,0.0117216117216117,0.0212454212454212,0.0586080586080586,0.1069597069597069,0.0666666666666666,0.0278388278388278,0.0102564102564102,0.1626373626373626,0.7333333333333333,0.0043956043956043,0.5,0.4203259195921246,0.3717932993295311,0.4415262788858932,0.7647427361484662,0.0374972259446721,0.0,0.4414414414414414,0.0530121849994805,0.0075844692184281,0.0183330183330183,0.7333333333333333,1.0,0.0043956043956043,0.0,0.4115949582983562,1.0,-0.119803758227969,0.0,-0.2160872049174915,0.0,-0.0839026396790516,0.0,0.098134225285265,1.0,0.0065979233194979,1.0,0.0265827972153182,1.0,0.0921701279035042,1.0,0.0119908553333168,1.0,0.0045594094580366,,-0.0073690338392924,,,,1.0,,,0.0,0.0,1.0,1.0,1.0,0.0,0.0,1.0,0.0,0.0,1.0,0.0,0.0,0.0,1.0,1.0,0.0,0.993,1.0,0.0,1.0,1.0,0.0,1.0,1.0,0.0,1.0,1.0,0.0,0.0,,0.016,0.0,
Charville_c003_v001_r001_reg024,68180.0,1489.0,0.5842847548690396,0.0349227669576897,0.0141034251175285,0.0208193418401611,0.0147750167897918,0.0732034922766957,0.099395567494963,0.1108126259234385,0.0335795836131632,0.1141705842847548,0.2337139019476158,0.5842847548690396,0.0141034251175285,0.2857142857142857,0.2764835027756549,0.3493434798312249,0.3772396985463869,0.384457743238035,0.0668173614632295,0.0,0.6235632183908046,0.0501039673685775,0.0812164940427692,0.0356414367484286,0.5842847548690396,1.0,0.0141034251175285,0.0,0.1611208666390602,1.0,-0.1392522811037188,0.0,-0.1011124801603855,0.0,-0.0425332496177826,0.0,-0.1282594916336638,0.0,0.0136305745745878,1.0,0.0231863568174901,1.0,0.2298570901950554,1.0,0.0062782003677797,1.0,0.0046998894274113,,-0.0010219289087108,,,,1.0,,,0.0,0.0,1.0,1.0,1.0,0.0,0.0,1.0,0.0,0.0,0.933,0.0,0.0,1.0,0.0,0.0,0.0,1.0,1.0,0.0,0.999,1.0,0.0,1.0,1.0,0.0,1.0,1.0,0.0,0.0,,0.0,0.011,
Charville_c003_v001_r001_reg040,68182.0,1813.0,0.6205184776613348,0.0154440154440154,0.005515719801434,0.0099282956425813,0.0386100386100386,0.075565361279647,0.0832873690016547,0.0170987313844456,0.0341974627688913,0.1847766133480419,0.1467181467181467,0.6205184776613348,0.005515719801434,0.0,0.4532585050687247,0.3834686485925766,0.4647343735345768,0.6053825076060467,0.0249954544304911,0.0,0.2593984962406015,0.0384424348008959,0.1411947927301859,0.0256747068561524,0.6205184776613348,1.0,0.005515719801434,0.0,-0.1228020053718459,0.0,0.0105554387438415,,-0.0945405697598117,0.0,0.0190715455991302,,0.0038090967352438,,-0.0094124726695741,0.0,0.0054227439503849,,-0.1420931851968252,0.0,-0.0106024315052709,0.0,0.0164173008430328,1.0,-0.0012920922098413,,,,1.0,,,0.0,1.0,0.0,0.0,0.0,0.0,,1.0,0.0,0.0,0.0,0.0,,0.0,0.0,,0.928,0.0,0.0,0.0,0.001,,1.0,0.0,0.0,1.0,0.0,0.0,0.0,1.0,1.0,0.0,0.005,
Charville_c003_v001_r001_reg049,68139.0,1948.0,0.4887063655030801,0.0636550308008213,0.0338809034907597,0.0297741273100616,0.0354209445585215,0.0790554414784394,0.2145790554414784,0.0811088295687885,0.0236139630390143,0.0805954825462012,0.2592402464065708,0.4887063655030801,0.0338809034907597,0.1515151515151515,0.420503195045987,0.4273958655989023,0.4674619983105335,0.3725246061490771,0.0594460355054101,0.0082135523613963,0.4376237623762376,0.0235451551655788,0.067473009812939,0.0517610443062502,0.4887063655030801,0.0,0.0338809034907597,1.0,0.0189615340600376,1.0,0.0808752168190332,1.0,0.0523238813921434,1.0,0.1155632478665225,1.0,-0.0774741394223485,0.0,-0.004997061238143,,-0.011714274306003,,0.0100773470944811,,-0.0076756922434241,0.0,0.0129519540401028,1.0,-0.0072335063406177,,,,0.0,,,1.0,0.0,0.868,,0.0,1.0,1.0,0.0,0.878,,0.0,1.0,1.0,1.0,0.0,0.0,0.0,0.0,,0.014,0.0,,0.0,0.006,,1.0,0.0,0.0,0.0,0.997,1.0,0.008,0.0,
Charville_c003_v001_r001_reg056,68179.0,2500.0,0.6608,0.016,0.0048,0.0112,0.0084,0.0656,0.1256,0.0352,0.0268,0.1152,0.1252,0.6608,0.0048,0.0,0.4932584627558679,0.6053770519990996,0.4119390629423031,0.7098525723994765,0.0198291393118666,0.0,0.389776357827476,0.0399020864777937,0.0789958026232046,0.0102353320438426,0.6608,1.0,0.0048,0.0,-0.1108755048195682,0.0,0.0156990868360412,,0.0884341949178751,1.0,-0.0620693561012202,0.0,0.0853074141831259,1.0,-0.0075870328640349,,0.0426099252326248,1.0,-0.000322134005605,,-0.0018885702294397,,0.0027006468843763,,-0.0159233320827511,0.0,,,1.0,,,0.0,1.0,0.0,0.0,0.0,0.0,,0.0,1.0,1.0,1.0,0.0,0.0,0.0,1.0,1.0,0.413,0.0,,0.0,1.0,1.0,0.0,0.0,,0.0,0.0,,0.0,0.0,,1.0,0.0,0.0
Charville_c003_v001_r001_reg073,68167.0,2691.0,0.6529171311780008,0.0338164251207729,0.0070605722779635,0.0267558528428093,0.061687105165366,0.0654031958379784,0.0936454849498327,0.0144927536231884,0.0341880341880341,0.0966183574879227,0.1753994797473058,0.6529171311780008,0.0070605722779635,0.0,0.389165812346963,0.3928306060240981,0.4783132758187087,0.6832557063382765,0.057204484294455,0.0,0.2796610169491525,0.0516557206862218,0.0660310449534994,0.0274183189537434,0.6529171311780008,1.0,0.0070605722779635,0.0,-0.1108239541576419,0.0,-0.0855078937295926,0.0,-0.118486636224689,0.0,0.0099263672615514,,0.0525644899622181,1.0,0.0042146193806294,1.0,-0.0344125611593727,0.0,-0.100405800889509,0.0,0.0041116449643747,1.0,0.0024570030051403,,-0.0012928069563598,,,,1.0,,,0.0,1.0,0.0,0.0,1.0,0.0,0.0,1.0,0.0,0.0,0.0,0.0,,0.0,1.0,1.0,0.0,0.659,,1.0,0.0,0.0,1.0,0.0,0.0,0.0,0.812,,0.0,0.0,,0.0,0.005,
Charville_c003_v001_r001_reg110,68141.0,2378.0,0.3183347350714886,0.2392767031118587,0.0950378469301934,0.1442388561816652,0.0147182506307821,0.1846089150546677,0.1947014297729184,0.0273338940285954,0.0630782169890664,0.1269974768713204,0.4659377628259041,0.3183347350714886,0.0950378469301934,0.4690265486725663,0.1185881090001933,0.1925607551112215,0.1281960758155769,0.3377664571137315,0.3076588385140642,0.0,0.6597472924187726,0.0684520436218737,0.035616314065447,0.1398079464271586,0.3183347350714886,0.0,0.0950378469301934,1.0,0.3514235207292957,1.0,-0.112688633324496,0.0,-0.0724880266533554,0.0,-0.1060126214436471,0.0,-0.0009471792237037,,0.0442071945834681,1.0,-0.1009885740196182,0.0,0.2148568310713566,1.0,0.0033058676821949,,-0.0529856338894358,0.0,0.011759748415375,1.0,,,0.0,,,1.0,0.0,1.0,1.0,1.0,0.0,0.0,1.0,0.0,0.0,1.0,0.0,0.0,0.0,0.0,,0.0,1.0,1.0,1.0,0.0,0.0,0.0,1.0,1.0,0.0,0.397,,1.0,0.0,0.0,0.0,1.0,1.0
Charville_c003_v001_r001_reg119,68184.0,1590.0,0.3905660377358491,0.0729559748427673,0.0182389937106918,0.0547169811320754,0.0031446540880503,0.110691823899371,0.1238993710691823,0.0459119496855345,0.0647798742138364,0.2754716981132075,0.2327044025157232,0.3905660377358491,0.0182389937106918,0.0,0.2604811565204786,0.2579409221854267,0.279618506460751,0.3565194881054714,0.0812447587227483,0.0,0.4189189189189189,0.0793143305515849,0.2090600235170573,0.0554264233104651,0.3905660377358491,0.0,0.0182389937106918,0.0,-0.1811691443993125,0.0,0.0034362909124026,,-0.0059304922892728,,-0.0034752301581127,,-0.031991488016242,0.0,-0.0098583911777996,0.0,0.0145090763024003,,-0.0574378814471079,,0.0001247980097412,,0.0189241954488404,1.0,0.0140934963700915,1.0,,,0.0,,,0.0,1.0,0.0,0.0,0.0,0.0,,0.001,0.0,,0.0,0.0,,0.945,0.0,0.0,0.968,0.0,0.0,0.0,0.435,,0.089,0.0,,0.0,0.0,,0.0,1.0,1.0,0.0,1.0,1.0
Charville_c003_v001_r001_reg136,68177.0,3136.0,0.6377551020408163,0.0567602040816326,0.0066964285714285,0.050063775510204,0.017219387755102,0.0497448979591836,0.0816326530612244,0.0819515306122449,0.0360331632653061,0.0538903061224489,0.2056760204081632,0.6377551020408163,0.0066964285714285,0.0476190476190476,0.480646726718708,0.5203655036995039,0.4949445585470429,0.5440921365838534,0.0747993026718655,0.0,0.3503875968992248,0.0443026202210006,0.0393376853553647,0.0116598032169648,0.6377551020408163,1.0,0.0066964285714285,0.0,-0.0684067728822031,,0.0140096979594912,,0.0242985344903063,,0.0378999066586412,,-0.0319070296443202,0.0,-0.0058832556483236,,0.0068731216375073,,-0.0280548781574339,,-0.0037567056988196,0.0,0.0050516360133288,,-0.0166401600403461,0.0,,,1.0,,,0.0,0.0,0.0,,0.0,0.0,,0.0,0.0,,0.0,0.264,,0.933,0.0,0.0,0.005,0.0,,0.0,0.001,,0.0,0.0,,0.51,0.0,,0.0,0.0,,1.0,0.0,0.0
Charville_c003_v001_r001_reg144,68142.0,2500.0,0.5956,0.02,0.0052,0.0148,0.008,0.0872,0.0968,0.0256,0.0808,0.1568,0.1408,0.5956,0.0052,0.3076923076923077,0.3467709203968163,0.4079439661665074,0.2520515090560061,0.6178155600277069,0.040732377019632,0.0,0.6363636363636364,0.1253949072097322,0.0742116732573043,0.0214420804565438,0.5956,1.0,0.0052,0.0,0.1766592196293892,1.0,-0.0754455352812455,0.0,-0.0452675525646899,0.0,-0.1762661530639796,0.0,0.042665085837572,1.0,0.0036849279397102,,0.0406748170581465,1.0,0.2226971617479572,1.0,0.0232995652947441,1.0,-0.0315717193671247,0.0,-0.0051682324509168,,,,1.0,,,0.0,0.0,1.0,1.0,1.0,0.0,0.0,0.946,0.0,0.0,1.0,0.0,0.0,0.0,0.993,1.0,0.0,0.386,,0.0,1.0,1.0,0.0,1.0,1.0,0.0,1.0,1.0,1.0,0.0,0.0,0.0,0.0,
Charville_c003_v001_r001_reg168,68186.0,2563.0,0.611392898946547,0.0702301989855637,0.0163870464299648,0.0538431525555989,0.0218493952399531,0.0998829496683574,0.1170503316426063,0.074912212251268,0.0351150994927818,0.019508388607101,0.2668747561451424,0.611392898946547,0.0163870464299648,0.0238095238095238,0.2878845927157097,0.2965285607022957,0.3491414576266581,0.598781888499294,0.1541283253831885,0.0023410066328521,0.4225146198830409,0.0561394440575548,0.012221605087434,0.0521382257298165,0.611392898946547,1.0,0.0163870464299648,0.0,-0.0896469102371308,,-0.1589780059390844,0.0,-0.1827280851366287,0.0,-0.0908646502162519,0.0,0.0407967127642083,1.0,0.0648265563215825,1.0,-0.0047266487867349,,0.0491778049117101,1.0,0.0122986880536188,1.0,0.0013302729666388,,0.0128963731183681,1.0,,,1.0,,,0.0,0.206,0.0,,1.0,0.0,0.0,1.0,0.0,0.0,1.0,0.0,0.0,0.0,0.955,1.0,0.0,1.0,1.0,0.0,0.0,,0.0,0.921,1.0,0.0,1.0,1.0,0.0,0.0,,0.0,1.0,1.0
Charville_c003_v001_r001_reg176,68144.0,2824.0,0.2269830028328611,0.1423512747875354,0.0718838526912181,0.0704674220963172,0.0024787535410764,0.1589943342776203,0.1929886685552408,0.1898016997167138,0.0594900849858356,0.1696175637393767,0.4936260623229462,0.2269830028328611,0.0718838526912181,0.2610837438423645,0.1278985754231548,0.1523348806462273,0.1308421305532904,0.2144967446392428,0.1522666421219232,0.0,0.6269727403156384,0.0653350908553423,0.0811685581467577,0.0996508286684245,0.2269830028328611,0.0,0.0718838526912181,1.0,0.0885600053681467,1.0,-0.0033265878868487,,-0.0011260906134116,,-0.0374119033973236,0.0,0.0540516553646419,1.0,-0.0036336139947882,,-0.0268555272849124,0.0,0.150615846649489,1.0,0.0056883552918138,1.0,-0.037943629025975,0.0,-0.0022536861677778,,,,0.0,,,1.0,0.0,1.0,1.0,0.001,0.0,,0.0,0.0,,0.74,0.0,,0.0,1.0,1.0,0.0,0.0,,0.999,0.0,0.0,0.0,1.0,1.0,0.0,1.0,1.0,1.0,0.0,0.0,0.0,0.0,
Charville_c004_v001_r001_reg030,68109.0,1827.0,0.4871373836891078,0.0744389709906951,0.0426929392446633,0.0317460317460317,0.060207991242474,0.087575259989053,0.1012588943623426,0.0558292282430213,0.027367268746579,0.0963327859879584,0.2780514504652435,0.4871373836891078,0.0426929392446633,0.0256410256410256,0.327580888385082,0.3322675674040511,0.3588006874159838,0.4219058095299646,0.0976699765279918,0.0744389709906951,0.3503937007874015,0.0320505015970145,0.0786365461691356,0.0924449134621502,0.4871373836891078,0.0,0.0426929392446633,1.0,-0.0974952603389832,0.0,-0.0130618097699899,,-0.0495458785102056,0.0,0.007724079791652,,-0.0424333162653633,0.0,0.0008443610377756,,0.0171655222714908,1.0,-0.0728045823270106,0.0,-0.0024408726617061,,0.0132412511796957,1.0,0.0235004998022669,1.0,,,0.0,,,1.0,0.764,0.0,,0.045,0.0,,0.988,0.0,0.0,0.0,0.0,,0.996,0.0,0.0,0.0,0.023,,0.0,0.88,,0.712,0.0,,0.003,0.0,,0.0,0.998,1.0,0.0,1.0,1.0
Charville_c004_v001_r001_reg068,68276.0,1423.0,0.7090653548840478,0.0267041461700632,0.0077301475755446,0.0189739985945186,0.0604356992269852,0.0583274771609276,0.0611384399156711,0.0822206605762473,0.0112438510189739,0.0386507378777231,0.2276879831342234,0.7090653548840478,0.0077301475755446,0.0,0.5556611618638262,0.5327856687272243,0.6481991804018993,0.5319477728055615,0.0518777109319284,0.0393534785664089,0.2407407407407407,0.0110317626085994,0.035517529900847,0.0213889215557791,0.7090653548840478,1.0,0.0077301475755446,0.0,-0.0923241036811386,,0.0341330729096741,,-0.0343683278868205,0.0,0.1400652079116231,1.0,-0.1044176107151213,0.0,0.0009556499000245,,0.0108195483321929,,-0.1015073420499259,0.0,-0.0078283333315144,0.0,0.01261143898195,1.0,-0.0080782365214517,,,,1.0,,,0.0,0.348,0.0,,0.0,0.201,,0.815,0.0,,0.0,1.0,1.0,1.0,0.0,0.0,0.0,0.029,,0.0,0.084,,1.0,0.0,0.0,1.0,0.0,0.0,0.0,0.991,1.0,0.044,0.0,
Charville_c004_v001_r001_reg070,68274.0,1320.0,0.753030303030303,0.0409090909090909,0.0318181818181818,0.009090909090909,0.0401515151515151,0.05,0.0606060606060606,0.0416666666666666,0.0068181818181818,0.031060606060606,0.1727272727272727,0.753030303030303,0.0318181818181818,0.0,0.7004148748152143,0.7144966065319642,0.6576619665406086,0.7097925032103113,0.0283866702085808,0.0439393939393939,0.3157894736842105,0.0068460066585011,0.0270290066492067,0.0836522045447424,0.753030303030303,1.0,0.0318181818181818,1.0,-0.0513300299138737,,0.1378576521884172,1.0,0.0814693879706454,1.0,0.1185020433020671,1.0,0.010964944751013,,-0.0384385305064886,0.0,0.0319648544741539,1.0,-0.0224153063047556,,-0.009860730341582,0.0,0.0098936068791574,1.0,0.0269867182195933,1.0,,,1.0,,,1.0,0.0,0.0,,0.0,1.0,1.0,0.0,1.0,1.0,0.0,1.0,1.0,0.0,0.001,,1.0,0.0,0.0,0.0,1.0,1.0,0.0,0.0,,1.0,0.0,0.0,0.0,0.533,,0.0,1.0,1.0
Charville_c004_v001_r001_reg104,68129.0,2941.0,0.6490989459367562,0.0159809588575314,0.0081604896293777,0.0078204692281536,0.0612036722203332,0.0482828969738184,0.0530431825909554,0.0384223053383203,0.0190411424685481,0.1523291397483849,0.1638898333900034,0.6490989459367562,0.0081604896293777,0.0416666666666666,0.5666268133758654,0.6285729504621542,0.4780649926519013,0.663945822123563,0.0326982836504518,0.0,0.3858921161825726,0.0242536340743189,0.1167549341861855,0.017423273288095,0.6490989459367562,1.0,0.0081604896293777,0.0,-0.0691267209965099,,0.0991612874384483,1.0,0.1199758814177083,1.0,0.0129912125480742,,0.0513310139640461,1.0,-0.0077469563329407,,-0.0229682571766423,0.0,0.0011329101880886,,-0.0067457342594513,0.0,0.0147067177028234,1.0,-0.0125297934490596,0.0,,,1.0,,,0.0,0.0,0.0,,0.0,1.0,1.0,0.0,1.0,1.0,0.0,0.0,,0.0,1.0,1.0,0.469,0.0,,0.949,0.0,0.0,0.0,0.0,,1.0,0.0,0.0,0.0,1.0,1.0,0.934,0.0,0.0
Charville_c004_v001_r001_reg112,68271.0,1520.0,0.3493421052631579,0.0743421052631578,0.0098684210526315,0.0644736842105263,0.0197368421052631,0.1598684210526315,0.1736842105263158,0.0302631578947368,0.0486842105263157,0.2967105263157895,0.2842105263157894,0.3493421052631579,0.0098684210526315,0.1333333333333333,0.2842248154957115,0.3248648017565326,0.3392403969417261,0.2667029287970223,0.0788133360211331,0.0046052631578947,0.4398148148148148,0.0504049866446888,0.2424221290768809,0.0140342343563602,0.3493421052631579,0.0,0.0098684210526315,0.0,-0.0702819405404556,,0.0624224929685526,1.0,0.1093956210294606,1.0,0.0838040199615588,1.0,-0.0965158894889836,0.0,-0.0048778816549708,,-0.0023383010673838,,-0.0403406812524327,,-0.0078921113898457,0.0,0.0371345022422608,1.0,-0.0178472952435865,0.0,,,0.0,,,0.0,0.0,0.0,,0.0,0.961,1.0,0.0,1.0,1.0,0.0,1.0,1.0,1.0,0.0,0.0,0.0,0.0,,0.0,0.0,,0.0,0.0,,1.0,0.0,0.0,0.0,1.0,1.0,1.0,0.0,0.0
Charville_c004_v001_r001_reg115,68096.0,3258.0,0.5623081645181093,0.147329650092081,0.1101903007980356,0.0371393492940454,0.0475751995089011,0.0702885205647636,0.1792510742786985,0.0162676488643339,0.0199508901166359,0.0217925107427869,0.2814610190300798,0.5623081645181093,0.1101903007980356,0.0027855153203342,0.535486009242851,0.5352129454700535,0.5362072625330312,0.5103271245686314,0.1533561139212765,0.0791896869244935,0.2606324972737186,0.0218410065193634,0.0194205297684215,0.1209390019348281,0.5623081645181093,1.0,0.1101903007980356,1.0,-0.0206595734729491,,0.1140212309779454,1.0,0.0160345030657168,,0.1321885220420639,1.0,-0.0423485881292817,0.0,-0.0105550002705692,0.0,-0.0067089250958719,,-0.1296893425068927,0.0,-0.0040796469336277,0.0,0.0063561098010508,,-0.0242181643683374,0.0,,,1.0,,,1.0,0.0,0.043,,0.0,1.0,1.0,0.0,0.0,,0.0,1.0,1.0,0.995,0.0,0.0,0.994,0.0,0.0,0.0,0.0,,1.0,0.0,0.0,0.689,0.0,,0.0,0.001,,1.0,0.0,0.0
Charville_c004_v001_r001_reg122,68138.0,2776.0,0.4211095100864553,0.1372478386167147,0.0770893371757925,0.0601585014409221,0.0270172910662824,0.1224783861671469,0.1779538904899135,0.0428674351585014,0.0219740634005763,0.1448126801152737,0.3296109510086455,0.4211095100864553,0.0770893371757925,0.2383177570093457,0.2541752652085097,0.3221371733393581,0.2217761810566942,0.4252645389860618,0.1569582997647284,0.0043227665706051,0.4918032786885246,0.0289078210542489,0.053683267637176,0.0963488629787424,0.4211095100864553,0.0,0.0770893371757925,1.0,0.1330069938972207,1.0,-0.0433222374876547,0.0,-0.0270907767968472,0.0,-0.0834812319526243,0.0,0.0089386897229455,,0.0040329971781401,,-0.0499103099034572,0.0,0.0542723170520245,1.0,0.0031990138675246,,-0.0459558955160105,0.0,-0.0114332786606589,0.0,,,0.0,,,1.0,0.0,1.0,1.0,0.874,0.0,,0.59,0.0,,1.0,0.0,0.0,0.0,0.0,,0.0,0.491,,1.0,0.0,0.0,0.0,0.935,1.0,0.0,0.273,,1.0,0.0,0.0,0.776,0.0,
Charville_c004_v001_r001_reg146,68097.0,3292.0,0.5127582017010935,0.0482989064398541,0.028554070473876,0.0197448359659781,0.0625759416767922,0.0643985419198055,0.1597812879708384,0.103280680437424,0.0306804374240583,0.0738153098420413,0.278554070473876,0.5127582017010935,0.028554070473876,0.0106382978723403,0.4004999461765895,0.4665995413050942,0.429479909871819,0.4622670258143901,0.0499504983727998,0.0072904009720534,0.2846237731733915,0.0374482943290713,0.0532945509646722,0.0440664902914491,0.5127582017010935,0.0,0.028554070473876,1.0,-0.1203058300703955,0.0,0.0435038407275933,1.0,0.0728865112494744,1.0,0.0609580550790428,1.0,0.0055969928840885,,-0.0072602395056366,,-0.0370314476138653,0.0,-0.127544901612171,0.0,-0.0007666865751417,,0.0037430741443127,,-0.008913416260526,,,,0.0,,,1.0,1.0,0.0,0.0,0.0,0.526,,0.0,1.0,1.0,0.0,1.0,1.0,0.0,0.0,,0.333,0.0,,1.0,0.0,0.0,1.0,0.0,0.0,0.0,0.0,,0.0,0.0,,0.102,0.0,
Charville_c002_v001_r001_reg115,68193.0,2341.0,0.6941478000854335,0.0679196924391285,0.0380179410508329,0.0299017513882956,0.0192225544639043,0.0785988893635198,0.1042289619820589,0.0525416488680051,0.0252029047415634,0.0290474156343442,0.2182827851345578,0.6941478000854335,0.0380179410508329,0.0,0.6410750311930135,0.6308190297563744,0.6721378609884239,0.6441531327535676,0.0699085647691851,0.0,0.1956947162426614,0.0275882239971657,0.027523621756581,0.0705027877383032,0.6941478000854335,1.0,0.0380179410508329,1.0,-0.0629663325533272,,0.1233612140264349,1.0,0.0498591968322531,1.0,0.1739263105265389,1.0,0.0020511185452617,,-0.0191281374828629,0.0,-0.0023999729904096,,-0.15540483377597,0.0,-0.0075588457695942,0.0,0.0110600166685736,1.0,0.0068370171654161,1.0,,,1.0,,,1.0,0.0,0.0,,0.0,1.0,1.0,0.0,0.719,,0.0,1.0,1.0,0.0,0.0,,1.0,0.0,0.0,0.0,0.0,,1.0,0.0,0.0,1.0,0.0,0.0,0.0,0.851,,0.0,0.995,1.0
Charville_c002_v001_r001_reg116,68198.0,1929.0,0.3322965266977709,0.144116122343183,0.0663556246759979,0.077760497667185,0.0072576464489372,0.1715914981855884,0.1861067910834629,0.119751166407465,0.0575427682737169,0.1487817522032141,0.4427164333851737,0.3322965266977709,0.0663556246759979,0.3671875,0.2192751662901107,0.2460236447517563,0.2777260731948309,0.291096902990447,0.1533438303230613,0.0041472265422498,0.6276346604215457,0.0643818559196894,0.1229451576298841,0.1127950434973186,0.3322965266977709,0.0,0.0663556246759979,1.0,0.2217308277043582,1.0,-0.0031479788890241,,-0.0057889436664271,,0.0340242097296427,,-0.0021738242697806,,-0.0057581556103765,,-0.0297173856043868,0.0,0.1824904692871649,1.0,0.0042940442409127,1.0,0.0194870179918755,1.0,0.0171325722696873,1.0,,,0.0,,,1.0,0.0,1.0,1.0,0.001,0.0,,0.001,0.0,,0.0,0.107,,0.0,0.0,,0.003,0.0,,1.0,0.0,0.0,0.0,1.0,1.0,0.0,0.923,1.0,0.0,1.0,1.0,0.0,1.0,1.0
Charville_c002_v001_r001_reg117,68203.0,1702.0,0.400117508813161,0.1239717978848413,0.0423031727379553,0.081668625146886,0.0058754406580493,0.1216216216216216,0.1880141010575793,0.0305522914218566,0.0857814336075205,0.1439482961222091,0.282021151586369,0.400117508813161,0.0423031727379553,0.0277777777777777,0.3930844621230558,0.4476010989438526,0.4033810444106065,0.4016656714070102,0.1230195588772257,0.0,0.3770833333333333,0.0780870743286992,0.106608872042468,0.0709082311298178,0.400117508813161,0.0,0.0423031727379553,1.0,-0.1233010941204284,0.0,0.1166028719369184,1.0,0.1517156636213942,1.0,0.1131051920259861,1.0,-0.0044755649925208,,-0.0133225959991771,0.0,-0.0199001369537037,0.0,-0.0820629523573706,0.0,-0.0223090157019317,0.0,0.0073103757005553,,0.0024039113888781,1.0,,,0.0,,,1.0,1.0,0.0,0.0,0.0,1.0,1.0,0.0,1.0,1.0,0.0,1.0,1.0,0.0,0.0,,1.0,0.0,0.0,0.539,0.0,,0.935,0.0,0.0,1.0,0.0,0.0,0.0,0.01,,0.0,0.549,
Charville_c002_v001_r001_reg119,68214.0,2528.0,0.2903481012658228,0.1511075949367088,0.086629746835443,0.0644778481012658,0.0106803797468354,0.0858386075949367,0.3429588607594936,0.0344145569620253,0.0431170886075949,0.0664556962025316,0.2820411392405063,0.2903481012658228,0.086629746835443,0.2785388127853881,0.174752854436133,0.2479325655211119,0.1885597471364785,0.3633638192976681,0.1247681700712287,0.0,0.605890603085554,0.0648565811578673,0.0266169284630268,0.0999704060707804,0.2903481012658228,0.0,0.086629746835443,1.0,0.1426313117790656,1.0,-0.0130336893026363,,0.0183058292613678,,-0.0222906411121352,,0.0527968694036072,1.0,-0.0139021674578782,0.0,-0.0423668948725377,0.0,0.100068710332248,1.0,0.0127474336560037,1.0,-0.0205657590529467,0.0,-0.0185840215480008,0.0,,,0.0,,,1.0,0.0,1.0,1.0,0.036,0.0,,0.0,0.0,,0.033,0.0,,0.0,1.0,1.0,1.0,0.0,0.0,1.0,0.0,0.0,0.0,1.0,1.0,0.0,1.0,1.0,1.0,0.0,0.0,1.0,0.0,0.0
Charville_c002_v001_r001_reg148,68198.0,2576.0,0.5675465838509317,0.0271739130434782,0.0085403726708074,0.0186335403726708,0.0100931677018633,0.062111801242236,0.0970496894409937,0.2111801242236025,0.03027950310559,0.0403726708074534,0.3105590062111801,0.5675465838509317,0.0085403726708074,0.2272727272727273,0.318377627384067,0.3008001434059607,0.3239959259707673,0.5186244630928779,0.0541910523928915,0.0,0.41,0.0425282885408471,0.0171461156092044,0.0284179413364839,0.5675465838509317,1.0,0.0085403726708074,0.0,0.0911306832110226,1.0,-0.0812237710028953,0.0,-0.1279683467522325,0.0,-0.0834704626613816,0.0,0.0823391753787355,1.0,0.0092053210247921,1.0,0.0337131238941745,1.0,0.0296638507479213,,0.0064298652964225,1.0,-0.0086705895959234,0.0,-0.001964059682005,,,,1.0,,,0.0,0.0,1.0,1.0,1.0,0.0,0.0,1.0,0.0,0.0,1.0,0.0,0.0,0.0,1.0,1.0,0.0,0.999,1.0,0.0,1.0,1.0,0.0,0.216,,0.0,1.0,1.0,0.842,0.0,,0.0,0.0,
Charville_c002_v001_r001_reg149,68203.0,2338.0,0.4439692044482464,0.1505560307955517,0.0603079555175363,0.0902480752780154,0.0265183917878528,0.1035072711719418,0.2151411462788708,0.0573139435414884,0.0406330196749358,0.0517536355859709,0.3378956372968349,0.4439692044482464,0.0603079555175363,0.0070921985815602,0.4264096510378987,0.4490446480825263,0.4298180644430662,0.4098712889168419,0.1500014179834962,0.039349871685201,0.2620253164556962,0.0426557247501026,0.0510629126947544,0.0658425519569499,0.4439692044482464,0.0,0.0603079555175363,1.0,-0.1098718420352847,0.0,0.1062786890303747,1.0,0.0931161795274149,1.0,0.1089362437221491,1.0,-0.0169032477696,,-0.0110447591455441,0.0,-0.0223547669337974,0.0,-0.1635754209551932,0.0,-0.0037401633130997,,0.015891493218511,1.0,-0.0229913632644175,0.0,,,0.0,,,1.0,0.999,0.0,0.0,0.0,1.0,1.0,0.0,1.0,1.0,0.0,1.0,1.0,0.225,0.0,,0.998,0.0,0.0,0.928,0.0,0.0,1.0,0.0,0.0,0.466,0.0,,0.0,1.0,1.0,1.0,0.0,0.0
Charville_c002_v001_r001_reg150,68209.0,1024.0,0.375,0.0146484375,0.0078125,0.0068359375,0.0068359375,0.1728515625,0.2626953125,0.140625,0.0810546875,0.07421875,0.3349609375,0.375,0.0078125,0.75,0.191885465191257,0.2191273762469414,0.3380463135879463,0.3041364602933592,0.0109950576932508,0.0,0.6501457725947521,0.0765100276562091,0.0420924690570117,0.0421700310559006,0.375,0.0,0.0078125,0.0,0.5521815003850894,1.0,-0.0389354832184158,0.0,-0.0196369623680605,,0.0638845973279568,1.0,-0.012443065236712,,0.0097412335862954,1.0,0.0453744543454745,1.0,0.194432504185043,1.0,-0.0157860570375005,0.0,-0.0094143819147106,0.0,0.0126098870484029,1.0,,,0.0,,,0.0,0.0,1.0,1.0,0.671,0.0,,0.123,0.0,,0.0,1.0,1.0,0.068,0.0,,0.0,1.0,1.0,0.0,1.0,1.0,0.0,1.0,1.0,1.0,0.0,0.0,0.893,0.0,,0.0,1.0,1.0
Charville_c002_v001_r001_reg155,68270.0,3578.0,0.4203465623253214,0.1076020122973728,0.0698714365567356,0.0377305757406372,0.0011179429849077,0.0419228619340413,0.1556735606484069,0.2090553381777529,0.0117384013415315,0.0106204583566238,0.3596981553940749,0.4203465623253214,0.0698714365567356,0.0,0.4298377990814146,0.4198364772612933,0.4326407126704129,0.4116407054767573,0.1080974931216908,0.0,0.2773892773892774,0.0114964517052127,0.0122828877290846,0.0731803313543962,0.4203465623253214,0.0,0.0698714365567356,1.0,-0.1136717938197095,0.0,0.1395069694494962,1.0,0.0781442014387044,1.0,0.1307196278091258,1.0,0.0989916851985232,1.0,-0.0158450769887519,0.0,-0.0040379508427084,,-0.1524444159641915,0.0,-0.0010648566160817,,0.0051963616637344,,-0.0264519202474663,0.0,,,0.0,,,1.0,1.0,0.0,0.0,0.0,1.0,1.0,0.0,1.0,1.0,0.0,1.0,1.0,0.0,1.0,1.0,1.0,0.0,0.0,0.0,0.0,,1.0,0.0,0.0,0.0,0.0,,0.0,0.0,,1.0,0.0,0.0
Charville_c002_v001_r001_reg160,68191.0,2056.0,0.38715953307393,0.1040856031128404,0.0437743190661478,0.0603112840466926,0.0807392996108949,0.0729571984435797,0.1133268482490272,0.1108949416342412,0.0826848249027237,0.1016536964980544,0.3686770428015564,0.38715953307393,0.0437743190661478,0.1111111111111111,0.205660613957914,0.2012662955419214,0.1927314914127339,0.3438338228244795,0.1418223898571008,0.1308365758754864,0.4155672823218997,0.0817545398618332,0.0409373330248436,0.0851478830727267,0.38715953307393,0.0,0.0437743190661478,1.0,-0.0424083608584537,,-0.055281430454823,0.0,-0.0832613314697422,0.0,-0.0866276313174336,0.0,-0.0014988817208968,,0.0141763208178444,1.0,0.0300353893794566,1.0,-0.0259857346732438,,-0.0106347752193111,0.0,-0.0293453206873136,0.0,0.0149824597177746,1.0,,,0.0,,,1.0,0.0,0.0,,0.995,0.0,0.0,1.0,0.0,0.0,1.0,0.0,0.0,0.0,0.0,,0.0,1.0,1.0,0.0,1.0,1.0,0.0,0.0,,1.0,0.0,0.0,1.0,0.0,0.0,0.0,1.0,1.0
Charville_c002_v001_r001_reg183,68213.0,1166.0,0.4108061749571183,0.0385934819897084,0.0102915951972555,0.0283018867924528,0.0162950257289879,0.1835334476843911,0.2984562607204116,0.0634648370497427,0.0248713550600343,0.0874785591766723,0.3018867924528302,0.4108061749571183,0.0102915951972555,0.3333333333333333,0.2389297474735647,0.3215032924684677,0.2754222556603923,0.343508060454894,0.0248266452540124,0.0,0.6789772727272727,0.0337507983868362,0.038405180488073,0.0248175203508481,0.4108061749571183,0.0,0.0102915951972555,0.0,0.1496208807511064,1.0,-0.0280235846107367,,0.0452022349875847,,-0.0246132731234792,,-0.0513021238670583,0.0,0.0033586265845052,,0.0190665236940451,1.0,0.2296729804474137,1.0,0.0033225549577559,,-0.0218119938081342,0.0,-0.0075418244653831,,,,0.0,,,0.0,0.0,1.0,1.0,0.316,0.0,,0.0,0.228,,0.105,0.0,,1.0,0.0,0.0,0.0,0.335,,0.0,0.941,1.0,0.0,1.0,1.0,0.0,0.479,,1.0,0.0,0.0,0.02,0.0,
Charville_c002_v001_r001_reg184,68270.0,4038.0,0.4091134224863794,0.1401684001981178,0.0859336305101535,0.0542347696879643,0.0012382367508667,0.0552253590886577,0.1017830609212481,0.2278355621594849,0.0180782565626547,0.0532441802872709,0.4244675581971273,0.4091134224863794,0.0859336305101535,0.0057636887608069,0.413370620818293,0.4087058809480673,0.4036543320523805,0.3962105438929218,0.1341278212372371,0.0,0.2800466744457409,0.0177191439360162,0.0528898304601782,0.0989809805898691,0.4091134224863794,0.0,0.0859336305101535,1.0,-0.0933891184176378,,0.1255759768420042,1.0,0.0629585119327636,1.0,0.1092730078500938,1.0,0.1047399006558207,1.0,-0.0357477899067501,0.0,-0.0239874578724311,0.0,-0.1372955225145406,0.0,0.0013476769140583,,0.0162659357592349,1.0,-0.0187874468047658,0.0,,,0.0,,,1.0,0.486,0.0,,0.0,1.0,1.0,0.0,1.0,1.0,0.0,1.0,1.0,0.0,1.0,1.0,1.0,0.0,0.0,0.981,0.0,0.0,1.0,0.0,0.0,0.0,0.001,,0.0,1.0,1.0,1.0,0.0,0.0
Charville_c002_v001_r001_reg186,68244.0,1305.0,0.5302681992337165,0.0153256704980842,0.0114942528735632,0.003831417624521,0.0015325670498084,0.0789272030651341,0.1103448275862069,0.0452107279693486,0.0122605363984674,0.2053639846743295,0.1409961685823755,0.5302681992337165,0.0114942528735632,0.2666666666666667,0.3676190704075712,0.3950778336010287,0.34654156780618,0.5498502103456452,0.02396474782905,0.0,0.5434782608695652,0.0185809354424216,0.1091854956946494,0.0584580245935037,0.5302681992337165,1.0,0.0114942528735632,0.0,0.1220651677242494,1.0,0.0027636492833276,,0.0001860877951536,,-0.0349557528839524,0.0,0.0423156676028372,1.0,-0.0054448594732419,,0.0515502517297613,1.0,0.1020808495124294,1.0,-0.0059338226795358,0.0,-0.0308912942141612,0.0,0.0247407325940109,1.0,,,1.0,,,0.0,0.0,1.0,1.0,0.0,0.0,,0.0,0.0,,0.634,0.0,,0.0,0.982,1.0,0.003,0.0,,0.0,1.0,1.0,0.0,1.0,1.0,0.999,0.0,0.0,1.0,0.0,0.0,0.0,1.0,1.0
Charville_c002_v001_r001_reg212,68200.0,3358.0,0.3740321620011911,0.1399642644431209,0.0562835020845741,0.0836807623585467,0.0187611673615247,0.1098868374032162,0.2406194163192376,0.0065515187611673,0.0431804645622394,0.1372840976771888,0.2751637879690292,0.3740321620011911,0.0562835020845741,0.1322751322751323,0.2247647416190095,0.2794283741159252,0.1985104490862799,0.2666342243049392,0.1306448199290762,0.0080405002977963,0.3755411255411255,0.0612355144729756,0.0763250002137966,0.0783794138561965,0.3740321620011911,0.0,0.0562835020845741,1.0,-0.0113210712501497,,-0.0327349611568087,,-0.0039516907385395,,-0.0727788863865367,0.0,-0.1322433915522591,0.0,-0.0140321610057551,0.0,-0.0375888461241744,0.0,-0.0965265903389381,0.0,0.0086973322122377,1.0,-0.0186942918276421,0.0,-0.0059104026485383,,,,0.0,,,1.0,0.0,0.091,,0.449,0.0,,0.0,0.0,,1.0,0.0,0.0,1.0,0.0,0.0,1.0,0.0,0.0,1.0,0.0,0.0,1.0,0.0,0.0,0.0,1.0,1.0,1.0,0.0,0.0,0.0,0.0,
Charville_c003_v001_r001_reg018,68147.0,1836.0,0.7086056644880174,0.011437908496732,0.0054466230936819,0.0059912854030501,0.0305010893246187,0.0359477124183006,0.062636165577342,0.0827886710239651,0.0223311546840958,0.0381263616557734,0.1606753812636165,0.7086056644880174,0.0054466230936819,0.1999999999999999,0.4551559241048341,0.494934306691144,0.4440667660745288,0.5437707606635329,0.0306705423193407,0.0,0.3254237288135593,0.0337282254114777,0.0327259453268973,0.0110037573805689,0.7086056644880174,1.0,0.0054466230936819,0.0,0.1049617174327584,1.0,-0.0626240505435496,0.0,-0.0696209731571948,0.0,-0.0629638656350408,0.0,-0.0918522644304919,0.0,-0.002993733439683,,0.0179309045330417,1.0,-0.0348864579095349,,-0.001161659975515,,0.01017595765399,1.0,-0.0158850230758794,0.0,,,1.0,,,0.0,0.0,1.0,1.0,1.0,0.0,0.0,1.0,0.0,0.0,1.0,0.0,0.0,1.0,0.0,0.0,0.0,0.0,,0.0,0.9,1.0,0.0,0.0,,0.0,0.0,,0.0,0.628,,1.0,0.0,0.0
Charville_c003_v001_r001_reg022,68169.0,2143.0,0.1777881474568362,0.2636490900606626,0.1479234717685487,0.1157256182921138,0.1479234717685487,0.1357909472701819,0.1516565562295846,0.0209986000933271,0.0900606626224918,0.1297246850209986,0.5683621091927205,0.1777881474568362,0.1479234717685487,0.0504731861198738,0.1688826376643323,0.1735487994654148,0.1863339111303125,0.157947116497714,0.2600938878727861,0.5319645356976201,0.4055829228243021,0.0784354208696875,0.1269804653781677,0.1761834195812051,0.1777881474568362,0.0,0.1479234717685487,1.0,-0.0520574868673959,,0.0534464225710084,1.0,-0.0030261886630551,,0.0539240985642124,1.0,-0.0653884760695693,0.0,-0.0382217200307667,0.0,0.250697706530998,1.0,-0.0717689470138183,0.0,-0.0119270850267186,0.0,0.0347863288090918,1.0,-0.0115790983896469,0.0,,,0.0,,,1.0,0.0,0.0,,0.0,0.882,,0.0,0.0,,0.0,0.96,1.0,1.0,0.0,0.0,1.0,0.0,0.0,0.0,1.0,1.0,0.647,0.0,,1.0,0.0,0.0,0.0,1.0,1.0,0.833,0.0,
Charville_c003_v001_r001_reg044,68160.0,2013.0,0.5832091405861898,0.0337804272230501,0.0198708395429706,0.0139095876800794,0.0233482364629905,0.0919026328862394,0.1490312965722801,0.0253353204172876,0.0114257327372081,0.1693989071038251,0.1743666169895678,0.5832091405861898,0.0198708395429706,0.0,0.4499732987437111,0.5600660041279096,0.4051852555569549,0.522845768586854,0.037084830495299,0.0024838549428713,0.3532763532763532,0.0142985757931784,0.1102397137065725,0.0402054221712504,0.5832091405861898,1.0,0.0198708395429706,0.0,-0.1184452438913471,0.0,0.0354158060063035,,0.1052457159582855,1.0,-0.0144698810443792,,-0.0419505783345269,0.0,-0.0059031402330994,,0.0157155720265489,1.0,-0.0567101147476291,,-0.0075376433271564,0.0,-0.004384890287145,,-0.0029700577209018,,,,1.0,,,0.0,1.0,0.0,0.0,0.0,0.269,,0.0,1.0,1.0,0.001,0.0,,0.994,0.0,0.0,0.007,0.0,,0.0,0.698,,0.072,0.0,,1.0,0.0,0.0,0.22,0.0,,0.0,0.0,
Charville_c003_v001_r001_reg053,68160.0,1758.0,0.3782707622298066,0.0591581342434584,0.0238907849829351,0.0352673492605233,0.0170648464163822,0.2679180887372013,0.2997724687144482,0.0944254835039817,0.0238907849829351,0.1188850967007963,0.4385665529010238,0.3782707622298066,0.0238907849829351,0.0476190476190476,0.2182186345110107,0.2679319637032235,0.2574419426979125,0.4397628202859223,0.0690290001013637,0.0,0.3865110246433204,0.0256311493477264,0.0950262771721405,0.0821016361972718,0.3782707622298066,0.0,0.0238907849829351,1.0,-0.1310781584701809,0.0,-0.0251948320642961,,0.0108365595805622,,-0.022345433792439,,0.0917651788824913,1.0,0.0249131962765264,1.0,0.0056071632220256,,-0.0401884199158865,,0.0034137847939359,1.0,0.0127496869685946,1.0,0.034387147662341,1.0,,,0.0,,,1.0,1.0,0.0,0.0,0.249,0.0,,0.0,0.0,,0.042,0.0,,0.0,1.0,1.0,0.0,1.0,1.0,0.0,0.001,,0.0,0.0,,0.0,0.572,,0.0,0.994,1.0,0.0,1.0,1.0
Charville_c003_v001_r001_reg055,68171.0,1488.0,0.6418010752688172,0.0577956989247311,0.0463709677419354,0.0114247311827957,0.0309139784946236,0.0880376344086021,0.1290322580645161,0.0201612903225806,0.032258064516129,0.0799731182795698,0.1969086021505376,0.6418010752688172,0.0463709677419354,0.0144927536231883,0.5597693583434866,0.5679741816242219,0.5791269043279381,0.6550064574884852,0.0688176627583038,0.0047043010752688,0.3959044368600682,0.0373247836811187,0.0756131334592185,0.0797908937684922,0.6418010752688172,1.0,0.0463709677419354,1.0,-0.0556217864083908,,0.0894161938455654,1.0,0.030631207082122,,0.1178728177912107,1.0,0.0372655601363122,1.0,-0.0044917874959613,,-0.0060628016091845,,0.0168450353495292,,-0.006917532600288,0.0,0.0233851687429092,1.0,0.0066935373916423,1.0,,,1.0,,,1.0,0.0,0.0,,0.0,1.0,1.0,0.0,0.0,,0.0,1.0,1.0,0.0,0.876,,0.0,0.0,,0.0,0.0,,0.0,0.054,,1.0,0.0,0.0,0.0,1.0,1.0,0.0,0.993,1.0
Charville_c003_v001_r001_reg057,68182.0,1756.0,0.5933940774487472,0.0182232346241457,0.005125284738041,0.0130979498861047,0.0068337129840546,0.0939635535307517,0.1047835990888382,0.0330296127562642,0.0347380410022779,0.2015945330296127,0.1520501138952164,0.5933940774487472,0.005125284738041,0.3333333333333333,0.3603371170027895,0.3055513512461554,0.5096248870013567,0.5727203932741675,0.0223263059661208,0.0,0.4269662921348314,0.0425928166675189,0.1446344538828412,0.0039733219809848,0.5933940774487472,1.0,0.005125284738041,0.0,0.2015189738334418,1.0,-0.0595871078926305,0.0,-0.1454209724118474,0.0,0.0826439286842121,1.0,0.0040484913925317,,-0.0113079925430709,0.0,0.043203771486552,1.0,0.0153611763232291,,-0.0067868369653787,0.0,0.0079262286618408,,-0.022552628284036,0.0,,,1.0,,,0.0,0.0,1.0,1.0,1.0,0.0,0.0,1.0,0.0,0.0,0.0,1.0,1.0,0.0,0.0,,1.0,0.0,0.0,0.0,1.0,1.0,0.0,0.031,,1.0,0.0,0.0,0.0,0.035,,1.0,0.0,0.0
Charville_c003_v001_r001_reg072,68178.0,1794.0,0.520066889632107,0.0947603121516165,0.0284280936454849,0.0663322185061315,0.0351170568561872,0.1081382385730211,0.1438127090301003,0.0161649944258639,0.0707915273132664,0.1159420289855072,0.2541806020066889,0.520066889632107,0.0284280936454849,0.1764705882352941,0.4033471042386647,0.4376747131927058,0.4137555870164361,0.4453529464824945,0.1006785400332162,0.0222965440356744,0.3969298245614035,0.0849331084678189,0.0845805911076748,0.0398164351160739,0.520066889632107,1.0,0.0284280936454849,1.0,0.0476947759043507,1.0,0.0298481277532385,,0.0368939046121467,,0.0385115325788767,,-0.0715290968980982,0.0,-0.0111069992793162,0.0,-0.0161655549730605,,-0.0186290813983664,,5.559434826434007e-05,,0.0060602953415478,,-0.0130212282335004,0.0,,,1.0,,,1.0,0.0,0.995,1.0,0.0,0.041,,0.0,0.054,,0.0,0.302,,1.0,0.0,0.0,1.0,0.0,0.0,0.187,0.0,,0.0,0.0,,0.0,0.0,,0.0,0.0,,0.961,0.0,0.0
Charville_c003_v001_r001_reg078,68140.0,2198.0,0.2966333030027298,0.0905368516833485,0.0181983621474067,0.0723384895359417,0.0009099181073703,0.2361237488626023,0.3011828935395814,0.0100090991810737,0.056869881710646,0.235213830755232,0.3375796178343949,0.2966333030027298,0.0181983621474067,0.0,0.206378840323095,0.2328075047022552,0.2236581868708427,0.3783953684794021,0.0968760673825055,0.0,0.2237196765498652,0.0630662374907457,0.2241707247946439,0.039538956310712,0.2966333030027298,0.0,0.0181983621474067,0.0,-0.2109038925848518,0.0,0.0264710598927457,,0.0613328947487114,1.0,0.0031205983309581,,0.0473627956221039,1.0,0.0180954398255225,1.0,0.0065959174535484,,-0.2646219160547597,0.0,-0.0017223400868257,,0.0606600590974381,1.0,-0.0017480926396055,,,,0.0,,,0.0,1.0,0.0,0.0,0.0,0.019,,0.0,0.996,1.0,0.0,0.0,,0.0,0.999,1.0,0.0,1.0,1.0,0.0,0.001,,1.0,0.0,0.0,0.0,0.0,,0.0,1.0,1.0,0.0,0.001,
Charville_c003_v001_r001_reg101,68188.0,2097.0,0.3533619456366237,0.0462565569861707,0.0138292799237005,0.0324272770624701,0.0319504053409632,0.1092036242250834,0.1239866475917978,0.1325703385789222,0.0600858369098712,0.2465426800190748,0.3199809251311397,0.3533619456366237,0.0138292799237005,0.3103448275862068,0.172831482929513,0.2864089881544512,0.2022077200626428,0.2834717786706857,0.0606574647694332,0.0,0.4977645305514158,0.0611198311942592,0.1303184576826269,0.0307111817488184,0.3533619456366237,0.0,0.0138292799237005,0.0,0.1124559216409722,1.0,-0.0462708654231551,0.0,0.0632637481703771,1.0,-0.0543352678625945,0.0,-0.019733407988342,,-0.0007186457421071,,-0.0050387945196551,,0.0288554776626543,,-0.0082227721822895,0.0,-0.0403158970376906,0.0,-0.0056426405518887,,,,0.0,,,0.0,0.0,1.0,1.0,0.921,0.0,0.0,0.0,1.0,1.0,1.0,0.0,0.0,0.272,0.0,,0.0,0.002,,0.0,0.0,,0.0,0.177,,1.0,0.0,0.0,1.0,0.0,0.0,0.0,0.0,
Charville_c003_v001_r001_reg111,68141.0,2295.0,0.4910675381263616,0.1202614379084967,0.061437908496732,0.0588235294117647,0.0082788671023965,0.0928104575163398,0.1115468409586056,0.0901960784313725,0.0745098039215686,0.0932461873638344,0.3115468409586057,0.4910675381263616,0.061437908496732,0.1843971631205674,0.3023255975110059,0.3941672127118873,0.282489637773628,0.4933279575435548,0.1916336725391619,0.0,0.5552447552447553,0.0735568409056872,0.0325607226560961,0.1083220887916662,0.4910675381263616,0.0,0.061437908496732,1.0,0.0835905101914387,1.0,-0.0517664252730179,0.0,-0.009132577266028,,-0.0715677865006115,0.0,0.046958580010847,1.0,0.0456668388292284,1.0,-0.0206296713661021,0.0,0.1426482221189609,1.0,-0.0125484541296142,0.0,-0.0306576792029254,0.0,0.0182123188565721,1.0,,,0.0,,,1.0,0.0,1.0,1.0,0.983,0.0,0.0,0.001,0.0,,1.0,0.0,0.0,0.0,0.999,1.0,0.0,1.0,1.0,0.822,0.0,,0.0,1.0,1.0,1.0,0.0,0.0,1.0,0.0,0.0,0.0,1.0,1.0
Charville_c003_v001_r001_reg118,68177.0,3483.0,0.5857019810508183,0.101923629055412,0.0152167671547516,0.0867068619006603,0.0060292850990525,0.0714900947459087,0.0958943439563594,0.0378983634797588,0.0648865920183749,0.0734998564455928,0.217341372380132,0.5857019810508183,0.0152167671547516,0.1886792452830188,0.4379582992461034,0.4301723060846952,0.4165448989897262,0.4272229616287093,0.1265423833247248,0.0,0.4108322324966975,0.0858933090343775,0.0350545948550067,0.0333164435650528,0.5857019810508183,1.0,0.0152167671547516,0.0,0.065786235869766,1.0,0.0062903030191491,,-0.0227237774149333,,-0.0041780844872562,,-0.1319009465676639,0.0,-0.0018332777434539,,-0.0066861361156675,,0.013363624983596,,0.0057848212271161,1.0,-0.0133912608101524,0.0,-0.0046040210265858,,,,1.0,,,0.0,0.0,1.0,1.0,0.0,0.0,,0.232,0.0,,0.0,0.0,,1.0,0.0,0.0,0.0,0.0,,0.0,0.0,,0.0,0.016,,0.0,1.0,1.0,0.999,0.0,0.0,0.0,0.0,
Charville_c003_v001_r001_reg140,68155.0,2454.0,0.6621841890790546,0.0301548492257538,0.004482477587612,0.0256723716381418,0.0521597392013039,0.0717196414017929,0.0847595762021189,0.0256723716381418,0.0562347188264058,0.0737571312143439,0.1797066014669926,0.6621841890790546,0.004482477587612,0.1818181818181817,0.2548909862336823,0.4662800929998384,0.3104059506957263,0.6748733645188361,0.070576472725972,0.0,0.4875283446712018,0.0801502353940646,0.0310291212735769,0.0157944470987949,0.6621841890790546,1.0,0.004482477587612,0.0,0.0710229717977878,1.0,-0.2269696801229979,0.0,-0.0517252556537897,0.0,-0.1648005485915447,0.0,0.0432465007537496,1.0,0.0200629983866416,1.0,-0.0203519948823109,0.0,0.1125508158993038,1.0,0.0078783232721271,1.0,-0.0166630871531652,0.0,-0.0100056955016665,,,,1.0,,,0.0,0.0,1.0,1.0,1.0,0.0,0.0,0.997,0.0,0.0,1.0,0.0,0.0,0.0,0.997,1.0,0.0,1.0,1.0,0.685,0.0,,0.0,1.0,1.0,0.0,1.0,1.0,1.0,0.0,0.0,0.43,0.0,
Charville_c003_v001_r001_reg142,68145.0,2583.0,0.5443283004258614,0.0085172280294231,0.0038714672861014,0.0046457607433217,0.0061943476577622,0.05420054200542,0.0572977158343012,0.0584591560201316,0.0201316298877274,0.2349980642663569,0.1273712737127371,0.5443283004258614,0.0038714672861014,0.0,0.3784185089165345,0.3957699137232454,0.4420755472214105,0.5401158524390363,0.013610744904479,0.0,0.3282674772036474,0.023189411086431,0.1802139405763869,0.0080996863372075,0.5443283004258614,1.0,0.0038714672861014,0.0,-0.1487329343726749,0.0,0.0029340475549744,,-0.0057801712773897,,0.0514210043265047,1.0,0.0288595674174346,1.0,-0.0177635599208939,0.0,0.0498991240881227,1.0,-0.1107832959691771,0.0,-0.010941427564982,0.0,0.0198675871805525,1.0,-0.017010551118818,0.0,,,1.0,,,0.0,1.0,0.0,0.0,0.0,0.0,,0.001,0.0,,0.0,0.931,1.0,0.0,0.55,,1.0,0.0,0.0,0.0,1.0,1.0,1.0,0.0,0.0,1.0,0.0,0.0,0.0,1.0,1.0,1.0,0.0,0.0
Charville_c003_v001_r001_reg146,68152.0,3130.0,0.5987220447284345,0.0677316293929712,0.0261980830670926,0.0415335463258785,0.0210862619808306,0.05814696485623,0.2392971246006389,0.0166134185303514,0.01629392971246,0.0335463258785942,0.1635782747603834,0.5987220447284345,0.0261980830670926,0.048780487804878,0.418865802083006,0.4294546952021272,0.4470750896510364,0.6009756795399049,0.0741651033170108,0.0025559105431309,0.439453125,0.0357600160861908,0.0268843592157233,0.0768559868336744,0.5987220447284345,1.0,0.0261980830670926,1.0,-0.0576437090623282,,-0.0165223155001276,,-0.046566741172964,0.0,0.0175409919635287,,0.0176037132032526,,0.0096313885203213,1.0,-0.002044714646788,,0.0331873889849066,,0.0078536531991065,1.0,0.006155805501764,,0.0265362773817279,1.0,,,1.0,,,1.0,0.0,0.0,,0.108,0.0,,0.968,0.0,0.0,0.0,0.0,,0.0,0.037,,0.0,1.0,1.0,0.0,0.0,,0.0,0.33,,0.0,1.0,1.0,0.0,0.0,,0.0,1.0,1.0
Charville_c003_v001_r001_reg151,68176.0,2047.0,0.3815339521250611,0.1626770884220811,0.0263800683927699,0.1362970200293111,0.0053737176355642,0.1314118221787982,0.142647777234978,0.0234489496824621,0.0605764533463605,0.2115290669272105,0.3229115779189057,0.3815339521250611,0.0263800683927699,0.0185185185185184,0.2852084509018753,0.3082475115891486,0.3280749040214777,0.3854499493141743,0.1786319848514383,0.0,0.3797276853252647,0.0753724672084519,0.1750048093848711,0.0410617295576955,0.3815339521250611,0.0,0.0263800683927699,1.0,-0.1563469433019941,0.0,0.0162534101392968,,0.0456034394019393,,0.05069602625466,1.0,-0.0093200403933407,,-0.0089414543228793,0.0,-0.0428094098387895,0.0,-0.0764194798247744,0.0,0.0056268626919493,1.0,0.0288648064133162,1.0,-0.0094634635204454,,,,0.0,,,1.0,1.0,0.0,0.0,0.0,0.001,,0.0,0.335,,0.0,0.915,1.0,0.02,0.0,,0.699,0.0,,1.0,0.0,0.0,0.852,0.0,,0.0,1.0,1.0,0.0,1.0,1.0,0.263,0.0,
Charville_c003_v001_r001_reg170,68176.0,2032.0,0.4827755905511811,0.1151574803149606,0.0157480314960629,0.0994094488188976,0.0339566929133858,0.124015748031496,0.1284448818897637,0.0334645669291338,0.0206692913385826,0.1751968503937007,0.3065944881889764,0.4827755905511811,0.0157480314960629,0.03125,0.3831614212867951,0.4525550466032226,0.4069595334373759,0.5010773521416615,0.142941627559058,0.0319881889763779,0.3306581059390048,0.0275663893453289,0.1378636930520675,0.0288020081564896,0.4827755905511811,0.0,0.0157480314960629,0.0,-0.1235769924558372,0.0,0.0373400217928555,,0.1003610709609988,1.0,0.0577262627371492,1.0,0.0265757117221396,,0.0056938470889808,1.0,-0.0174338745510164,,-0.0867850660551318,0.0,0.0021384691093398,,0.0180171391131222,1.0,-0.0097183186653274,,,,0.0,,,0.0,1.0,0.0,0.0,0.0,0.341,,0.0,1.0,1.0,0.0,1.0,1.0,0.0,0.298,,0.0,0.968,1.0,0.313,0.0,,0.988,0.0,0.0,0.0,0.067,,0.0,1.0,1.0,0.382,0.0,
Charville_c003_v001_r001_reg172,68165.0,2323.0,0.4218682737839001,0.0675850193715023,0.0266896254842875,0.0408953938872148,0.0090400344382264,0.1252690486439948,0.1657339647008179,0.0391734825656478,0.0490744726646577,0.233749461902712,0.2410675850193715,0.4218682737839001,0.0266896254842875,0.1935483870967742,0.2337241629361786,0.2517740446182885,0.2942083868004455,0.3675660208019228,0.0748708592557155,0.0,0.4732142857142857,0.0579711053205476,0.1307133659851818,0.0517474671465042,0.4218682737839001,0.0,0.0266896254842875,1.0,0.0317795149293539,1.0,-0.0491330183505814,0.0,-0.0508194384536488,0.0,-0.0116862205268273,,-0.0516940075178065,0.0,-0.0027309669685477,,0.0104516604877878,,0.0123989437757263,,-0.0030091397063827,,-0.0302625875701127,0.0,0.0008727463608816,,,,0.0,,,1.0,0.0,0.987,1.0,0.947,0.0,0.0,0.997,0.0,0.0,0.0,0.0,,1.0,0.0,0.0,0.0,0.0,,0.0,0.052,,0.0,0.008,,0.124,0.0,,1.0,0.0,0.0,0.0,0.133,
Charville_c003_v001_r001_reg184,68175.0,2641.0,0.4664899659219992,0.1836425596365013,0.1132146914047709,0.0704278682317304,0.0090874668686103,0.0946611132146914,0.1715259371450208,0.012873911397198,0.0310488451344187,0.1135933358576296,0.3002650511170011,0.4664899659219992,0.1132146914047709,0.0434782608695651,0.3857391763342093,0.4094851190514625,0.3767764527132767,0.4856052529307998,0.1833492542164256,0.0022718667171525,0.4098360655737705,0.0385562503302132,0.0672749319619302,0.1247948733290386,0.4664899659219992,0.0,0.1132146914047709,1.0,-0.006849465310503,,0.038924644152091,,-0.0183240635522047,,0.0401605958870491,,0.012162674817882,,-0.0223606408954621,0.0,-0.0578973809683722,0.0,-0.0162203177118901,,0.0010522990357771,,-0.0102775579703353,0.0,-0.0237771988001202,0.0,,,0.0,,,1.0,0.0,0.206,,0.0,0.388,,0.073,0.0,,0.0,0.392,,0.0,0.002,,1.0,0.0,0.0,1.0,0.0,0.0,0.0,0.0,,0.0,0.0,,0.93,0.0,0.0,1.0,0.0,0.0
Charville_c003_v001_r001_reg185,68175.0,2743.0,0.5049216186656945,0.1771782719650018,0.1203062340503098,0.0568720379146919,0.0233321181188479,0.0820269777615749,0.1593146190302588,0.0134888807874589,0.0207801676995989,0.0922347794385709,0.2960262486328837,0.5049216186656945,0.1203062340503098,0.0333333333333333,0.3900173155329141,0.4124445773925443,0.4295766895209484,0.4980951929798944,0.1657496215718809,0.0,0.3509852216748768,0.0228598645115762,0.0496887577396123,0.1710578017777556,0.5049216186656945,0.0,0.1203062340503098,1.0,0.0031303246646438,1.0,0.0114829057107873,,-0.0598189426624376,0.0,0.0660253658993905,1.0,-0.0075895714273855,,-0.0349631179529456,0.0,-0.0739329227929398,0.0,-0.0598577091330933,,-0.0032426073175431,,-0.0126633420630055,0.0,0.0144785131727883,1.0,,,0.0,,,1.0,0.0,0.572,,0.0,0.0,,1.0,0.0,0.0,0.0,1.0,1.0,0.006,0.0,,1.0,0.0,0.0,1.0,0.0,0.0,0.155,0.0,,0.212,0.0,,0.999,0.0,0.0,0.0,1.0,1.0
Charville_c004_v001_r001_reg005,68117.0,1246.0,0.5240770465489567,0.117174959871589,0.0642054574638844,0.0529695024077046,0.0072231139646869,0.1131621187800963,0.1500802568218298,0.0513643659711075,0.0361155698234349,0.1003210272873194,0.2889245585874799,0.5240770465489567,0.0642054574638844,0.3,0.2933146923132533,0.3557991120509031,0.2817412106095251,0.6284849314451115,0.1845003947946978,0.0048154093097913,0.5944444444444444,0.0580373035390403,0.0582882638489169,0.1067136683694678,0.5240770465489567,1.0,0.0642054574638844,1.0,0.212739960555639,1.0,-0.0885633663230907,0.0,-0.082558770822355,0.0,-0.0965333169032455,0.0,0.130020851302463,1.0,0.0488989402657417,1.0,-0.0126263125321087,,0.189854197987032,1.0,0.014209835660668,1.0,-0.009408294991582,0.0,0.0134789981418642,1.0,,,1.0,,,1.0,0.0,1.0,1.0,1.0,0.0,0.0,1.0,0.0,0.0,1.0,0.0,0.0,0.0,1.0,1.0,0.0,1.0,1.0,0.04,0.0,,0.0,1.0,1.0,0.0,1.0,1.0,0.875,0.0,,0.0,1.0,1.0
Charville_c004_v001_r001_reg026,68131.0,1242.0,0.499194847020934,0.0756843800322061,0.0394524959742351,0.036231884057971,0.0668276972624798,0.0531400966183574,0.1674718196457326,0.0805152979066022,0.0201288244766505,0.0555555555555555,0.2761674718196457,0.499194847020934,0.0394524959742351,0.0408163265306122,0.4707972038107145,0.4773853074550692,0.4045530793952149,0.3099381135392996,0.0920568365403125,0.0764895330112721,0.4169096209912536,0.0213199310347276,0.0612674555339884,0.0537349954802926,0.499194847020934,0.0,0.0394524959742351,1.0,-0.0821543793980792,,0.1194840772987026,1.0,0.0867627819752126,1.0,0.0460822568131235,1.0,-0.1493319428020856,0.0,0.0057545472663087,1.0,0.0102362588218299,,-0.0016633599250498,,-0.0050771245883882,0.0,0.0241459080456089,1.0,-0.0115505625481973,0.0,,,0.0,,,1.0,0.03,0.0,,0.0,1.0,1.0,0.0,1.0,1.0,0.0,0.778,,1.0,0.0,0.0,0.0,0.981,1.0,0.0,0.041,,0.0,0.0,,0.985,0.0,0.0,0.0,1.0,1.0,0.811,0.0,
Charville_c004_v001_r001_reg027,68125.0,1832.0,0.6959606986899564,0.0343886462882096,0.0076419213973799,0.0267467248908296,0.0343886462882096,0.0807860262008733,0.1015283842794759,0.0131004366812227,0.0185589519650655,0.0736899563318777,0.1626637554585152,0.6959606986899564,0.0076419213973799,0.0,0.5007420577075911,0.5281000696607668,0.4714897275846189,0.5161261821192497,0.056879175348705,0.0,0.4228187919463087,0.0280174024862793,0.0526669087071443,0.0252822239777035,0.6959606986899564,1.0,0.0076419213973799,0.0,-0.0965653046412436,0.0,-0.0111731990148552,,-0.0260859380160624,0.0,-0.0280889154172916,,-0.1519665614119879,0.0,0.0046703764770765,1.0,-0.000851852597663,,0.0576612930935172,1.0,-0.002499940803984,,0.0054322367917986,,-0.0040853159850057,,,,1.0,,,0.0,0.717,0.0,,0.016,0.0,,0.498,0.0,,0.204,0.0,,1.0,0.0,0.0,0.0,0.8,,0.0,0.0,,0.0,0.958,1.0,0.009,0.0,,0.0,0.0,,0.0,0.0,
Charville_c004_v001_r001_reg029,68114.0,1355.0,0.4774907749077491,0.1380073800738007,0.0656826568265682,0.0723247232472324,0.011070110701107,0.1682656826568265,0.1704797047970479,0.044280442804428,0.0391143911439114,0.0708487084870848,0.3616236162361623,0.4774907749077491,0.0656826568265682,0.1235955056179775,0.3995387957060711,0.3855996037738469,0.4141497505426759,0.3747709818803775,0.15028672282411,0.0,0.6448979591836734,0.0429385305782849,0.0659071657862383,0.1071051327641846,0.4774907749077491,0.0,0.0656826568265682,1.0,0.0232728804485695,1.0,0.0532576898339046,1.0,-0.0083414093604483,,0.0671464947534041,1.0,-0.0885391750899932,0.0,-0.0048281304040733,,-0.0348861783862904,0.0,0.2398789789422719,1.0,-0.0005058592838415,,0.0179726131389069,1.0,0.0122025243084471,1.0,,,0.0,,,1.0,0.0,0.933,1.0,0.0,0.858,,0.001,0.0,,0.0,1.0,1.0,1.0,0.0,0.0,0.0,0.0,,1.0,0.0,0.0,0.0,1.0,1.0,0.0,0.0,,0.0,1.0,1.0,0.0,1.0,1.0
Charville_c004_v001_r001_reg092,68123.0,1064.0,0.7293233082706767,0.0122180451127819,0.0084586466165413,0.0037593984962406,0.0263157894736842,0.0281954887218045,0.0460526315789473,0.0883458646616541,0.0244360902255639,0.0394736842105263,0.1550751879699248,0.7293233082706767,0.0084586466165413,0.1111111111111111,0.7254872832052663,0.7417255253453434,0.6630531929675771,0.6645938591013741,0.0161107073210635,0.0,0.3878787878787879,0.0227754069259244,0.0344140238151964,0.0214331856773717,0.7293233082706767,1.0,0.0084586466165413,0.0,0.0260094144659901,1.0,0.189671468583626,1.0,0.1539682004853653,1.0,0.1415348944237175,1.0,0.014829483067578,,-0.0214044685104169,0.0,0.0226553328263035,1.0,0.0348859617666305,,-0.0147877198244395,0.0,0.011186912159214,1.0,-0.0088565366591813,,,,1.0,,,0.0,0.0,0.953,1.0,0.0,1.0,1.0,0.0,1.0,1.0,0.0,1.0,1.0,0.0,0.018,,1.0,0.0,0.0,0.0,0.999,1.0,0.0,0.424,,1.0,0.0,0.0,0.0,0.906,1.0,0.084,0.0,
Charville_c004_v001_r001_reg111,68094.0,2595.0,0.4589595375722543,0.1202312138728323,0.0932562620423892,0.0269749518304431,0.0227360308285163,0.1156069364161849,0.1213872832369942,0.1206165703275529,0.0289017341040462,0.1236994219653179,0.3791907514450867,0.4589595375722543,0.0932562620423892,0.0413223140495867,0.3543233185931373,0.3790312802274666,0.307798592818932,0.4071014821550029,0.1522087966722192,0.0,0.3678861788617886,0.0357386743848705,0.093198820788211,0.1166624909549443,0.4589595375722543,0.0,0.0932562620423892,1.0,-0.0338380735863382,,0.0279242503253804,,-0.0226108501599733,,-0.0241798117110748,,0.0068469585239533,,0.0080455239438882,1.0,-0.0385691731216761,0.0,-0.0403297878058422,,0.0047652752652954,1.0,0.0085837672824581,,-0.0093740804503699,,,,0.0,,,1.0,0.0,0.005,,0.0,0.034,,0.207,0.0,,0.081,0.0,,0.0,0.0,,0.0,0.998,1.0,1.0,0.0,0.0,0.0,0.0,,0.0,0.992,1.0,0.0,0.141,,0.219,0.0,
Charville_c004_v001_r001_reg114,68094.0,2330.0,0.6360515021459228,0.1081545064377682,0.0854077253218884,0.0227467811158798,0.0399141630901287,0.0738197424892703,0.0768240343347639,0.0326180257510729,0.0094420600858369,0.0888412017167381,0.2545064377682403,0.6360515021459228,0.0854077253218884,0.0251256281407035,0.5719917211194078,0.584681359461395,0.5320409446148912,0.5503222753393344,0.1278497351806499,0.067381974248927,0.3204047217537942,0.0115260259942413,0.07504311684057,0.1232842449651591,0.6360515021459228,1.0,0.0854077253218884,1.0,-0.0028911627066925,,0.095539975930851,1.0,0.0162933471259527,,0.0753750172826323,1.0,-0.054815359615477,0.0,-0.0108897350199754,0.0,0.014817623617748,1.0,-0.0457432745885262,,-0.0039015355489712,0.0,0.0166282075442133,1.0,0.006109628663353,1.0,,,1.0,,,1.0,0.0,0.424,,0.0,1.0,1.0,0.0,0.0,,0.0,1.0,1.0,1.0,0.0,0.0,0.995,0.0,0.0,0.0,0.608,,0.009,0.0,,0.566,0.0,,0.0,1.0,1.0,0.0,0.984,1.0
Charville_c004_v001_r001_reg137,68119.0,2266.0,0.5172109443954104,0.0948808473080317,0.0242718446601941,0.0706090026478376,0.0741394527802294,0.057369814651368,0.087819947043248,0.1372462488967343,0.026919682259488,0.0414827890556045,0.3636363636363636,0.5172109443954104,0.0242718446601941,0.1272727272727273,0.1722260187003803,0.1864946609267856,0.2084353190790774,0.3631988827227368,0.2302440853311125,0.0617828773168579,0.4211165048543689,0.0418789543686602,0.0203825497100511,0.0932826670006905,0.5172109443954104,0.0,0.0242718446601941,1.0,-0.0070813912329914,,-0.1988367763893198,0.0,-0.2075707936787424,0.0,-0.1630143758839658,0.0,-0.0761937879504934,0.0,0.1082534103819721,1.0,-0.0252239370317933,0.0,0.033525697979543,,0.0123406492004418,1.0,-0.0068126780500747,0.0,0.0451379156190807,1.0,,,0.0,,,1.0,0.0,0.178,,1.0,0.0,0.0,1.0,0.0,0.0,1.0,0.0,0.0,1.0,0.0,0.0,0.0,1.0,1.0,0.998,0.0,0.0,0.0,0.373,,0.0,1.0,1.0,0.682,0.0,,0.0,1.0,1.0
Charville_c004_v001_r001_reg139,68108.0,2804.0,0.401925820256776,0.0638373751783167,0.028530670470756,0.0353067047075606,0.0485021398002853,0.075962910128388,0.2154065620542082,0.177246790299572,0.0260342368045649,0.0570613409415121,0.365549215406562,0.401925820256776,0.028530670470756,0.3625,0.187603292707557,0.2168539179430875,0.2132085306384575,0.2029589072768194,0.0744923980572723,0.0977175463623395,0.6,0.0318228412294099,0.0443805943807953,0.0825153224738399,0.401925820256776,0.0,0.028530670470756,1.0,0.1964990878880083,1.0,-0.0772349637898402,0.0,-0.0678620649973867,0.0,-0.0767723032042647,0.0,-0.1137732151751639,0.0,0.0099952244045655,1.0,0.0614301290223532,1.0,0.1638926197985598,1.0,0.003386030935526,1.0,0.0050362291789021,,0.0295618373790682,1.0,,,0.0,,,1.0,0.0,1.0,1.0,1.0,0.0,0.0,1.0,0.0,0.0,1.0,0.0,0.0,1.0,0.0,0.0,0.0,1.0,1.0,0.0,1.0,1.0,0.0,1.0,1.0,0.0,0.528,,0.0,0.0,,0.0,1.0,1.0
Charville_c004_v001_r001_reg150,68119.0,2230.0,0.5515695067264574,0.0825112107623318,0.0174887892376681,0.0650224215246636,0.0443946188340807,0.0591928251121076,0.0713004484304932,0.0488789237668161,0.026457399103139,0.1515695067264574,0.2349775784753363,0.5515695067264574,0.0174887892376681,0.3589743589743589,0.2392550804309181,0.2449994431174394,0.2471775744133011,0.6448658075431498,0.1758271550362165,0.0134529147982062,0.4866412213740458,0.0327001769333224,0.0527792287544648,0.0613448692620758,0.5515695067264574,1.0,0.0174887892376681,0.0,0.2278491463988653,1.0,-0.1587188887987875,0.0,-0.1764720756708183,0.0,-0.1488077076559532,0.0,0.1215233642764216,1.0,0.0646302781497132,1.0,-0.0290859025010077,0.0,0.0793594042353343,1.0,-0.0029993155230484,,-0.0499323554516747,0.0,0.0208590146608073,1.0,,,1.0,,,0.0,0.0,1.0,1.0,1.0,0.0,0.0,1.0,0.0,0.0,1.0,0.0,0.0,0.0,1.0,1.0,0.0,1.0,1.0,1.0,0.0,0.0,0.0,0.999,1.0,0.1,0.0,,1.0,0.0,0.0,0.0,1.0,1.0
Charville_c004_v001_r001_reg164,68136.0,2474.0,0.6810832659660468,0.0844785772029102,0.0541632983023443,0.0303152789005658,0.0537590945836701,0.0586095392077607,0.0695230396119644,0.0525464834276475,0.0206143896523848,0.0266774454324979,0.2493936944219887,0.6810832659660468,0.0541632983023443,0.0298507462686566,0.6417235761612023,0.650894696416272,0.6112456565014975,0.6305353426545542,0.0987151091330849,0.063055780113177,0.2739059967585089,0.0239941757607246,0.0225272856853005,0.0663266186997136,0.6810832659660468,1.0,0.0541632983023443,1.0,-0.0190818871384182,,0.1316396078227868,1.0,0.0676022926184911,1.0,0.1230325517275939,1.0,-0.0004735957755156,,-0.0149907593832439,0.0,0.0076887944576983,,-0.074454766337541,0.0,-0.0043434381809521,0.0,0.007539367754342,,-0.0155692291714376,0.0,,,1.0,,,1.0,0.0,0.05,,0.0,1.0,1.0,0.0,1.0,1.0,0.0,1.0,1.0,0.0,0.0,,1.0,0.0,0.0,0.0,0.005,,0.761,0.0,,0.802,0.0,,0.0,0.012,,1.0,0.0,0.0
Charville_c004_v001_r001_reg173,68091.0,3207.0,0.5628313065169941,0.0985344558777673,0.0386654193950732,0.0598690364826941,0.0249454318677892,0.0583099469909572,0.2307452447770502,0.0143436233239787,0.0296227003429996,0.0308699719363891,0.1961334580604926,0.5628313065169941,0.0386654193950732,0.0,0.3999482948458124,0.4429926515505279,0.3888539379437933,0.423208684754065,0.0905695635207241,0.0,0.1764705882352941,0.0600039361353693,0.0198375690057025,0.0677651639936358,0.5628313065169941,1.0,0.0386654193950732,1.0,-0.103742754004179,0.0,-0.0112545119562302,,-0.0094599848921435,,-0.0151221137734816,,-0.1311039181535627,0.0,-0.0097799645012093,0.0,-0.0281221241468821,0.0,-0.2363784489550452,0.0,0.0187039539974655,1.0,0.0005181468646036,,0.0033683114087142,1.0,,,1.0,,,1.0,0.993,0.0,0.0,0.021,0.0,,0.002,0.0,,0.002,0.0,,1.0,0.0,0.0,0.96,0.0,0.0,1.0,0.0,0.0,1.0,0.0,0.0,0.0,1.0,1.0,0.001,0.0,,0.0,0.651,
Charville_c004_v001_r001_reg174,68091.0,2143.0,0.6215585627624824,0.0354643023798413,0.0195986934204386,0.0158656089594027,0.0573961735884274,0.0368642090527298,0.1833877741483901,0.0312645823611759,0.0130657956136257,0.0275314979001399,0.1609892673821745,0.6215585627624824,0.0195986934204386,0.0,0.5766412354719989,0.5691767776161505,0.5838232984489231,0.5555491118673745,0.0366238246631091,0.0,0.336231884057971,0.0180680006510318,0.0281262995680561,0.0413174948293041,0.6215585627624824,1.0,0.0195986934204386,0.0,-0.1066304114518983,0.0,0.1286458280801565,1.0,0.0769055713007205,1.0,0.1387614466756258,1.0,-0.0381249908543201,0.0,-0.0020585318380486,,-0.0300845019395977,0.0,-0.0610125816464424,,-0.006319391409131,0.0,0.0118246165835597,1.0,-0.0015506989016999,,,,1.0,,,0.0,0.999,0.0,0.0,0.0,1.0,1.0,0.0,1.0,1.0,0.0,1.0,1.0,0.986,0.0,0.0,0.0,0.0,,1.0,0.0,0.0,0.207,0.0,,0.999,0.0,0.0,0.0,0.984,1.0,0.0,0.003,
Charville_c004_v001_r001_reg177,68103.0,1176.0,0.5748299319727891,0.0748299319727891,0.0272108843537414,0.0476190476190476,0.0314625850340136,0.0756802721088435,0.0875850340136054,0.0195578231292517,0.0340136054421768,0.1420068027210884,0.2015306122448979,0.5748299319727891,0.0272108843537414,0.65625,0.1347860722703263,0.1583143147587106,0.216782548825363,0.7220066974094678,0.1355918324722004,0.0,0.7974683544303798,0.0539157761504729,0.046397072478774,0.0722724999035233,0.5748299319727891,1.0,0.0272108843537414,1.0,0.5434136607228142,1.0,-0.2815586263779835,0.0,-0.2951675230357905,0.0,-0.1963419365950858,0.0,0.1607414072160804,1.0,0.0358717363318086,1.0,-0.0218052187187165,0.0,0.3911608624354675,1.0,0.0079267380253291,1.0,-0.0494352576903853,0.0,0.0208092142856384,1.0,,,1.0,,,1.0,0.0,1.0,1.0,1.0,0.0,0.0,1.0,0.0,0.0,1.0,0.0,0.0,0.0,1.0,1.0,0.0,1.0,1.0,0.899,0.0,,0.0,1.0,1.0,0.0,1.0,1.0,1.0,0.0,0.0,0.0,1.0,1.0
Charville_c003_v001_r001_reg011,68169.0,1641.0,0.5252894576477758,0.1224862888482632,0.0627666057282145,0.0597196831200487,0.0103595368677635,0.0938452163315051,0.1291895185862279,0.0231566118220597,0.0639853747714808,0.1072516758074344,0.2498476538695917,0.5252894576477758,0.0627666057282145,0.3592233009708737,0.3156984509002055,0.3792690314236289,0.2268260402307427,0.5270126571221043,0.1612271278935311,0.0,0.5146341463414634,0.0982130112619028,0.0344307685070356,0.0976538855928196,0.5252894576477758,1.0,0.0627666057282145,1.0,0.2707278063391591,1.0,-0.0683911658958718,0.0,-0.0589282876477614,0.0,-0.1516423161850857,0.0,0.0100318325299947,,0.0159577185975276,1.0,-0.0245668529318044,0.0,0.1001409764170088,1.0,0.0208133296392383,1.0,-0.0380315917407762,0.0,0.0060438544458748,1.0,,,1.0,,,1.0,0.0,1.0,1.0,1.0,0.0,0.0,1.0,0.0,0.0,1.0,0.0,0.0,0.0,0.0,,0.0,1.0,1.0,0.99,0.0,0.0,0.0,1.0,1.0,0.0,1.0,1.0,1.0,0.0,0.0,0.0,0.981,1.0
Charville_c003_v001_r001_reg012,68159.0,2070.0,0.257487922705314,0.1632850241545893,0.0652173913043478,0.0980676328502415,0.0014492753623188,0.1318840579710145,0.1396135265700483,0.1405797101449275,0.0681159420289855,0.208695652173913,0.4371980676328502,0.257487922705314,0.0652173913043478,0.0814814814814814,0.1890863354939897,0.2136667707914599,0.1729423264903705,0.2612136019069138,0.1896154067817036,0.0,0.3027624309392265,0.0643564857555346,0.1380956395250377,0.0876909006782885,0.257487922705314,0.0,0.0652173913043478,1.0,-0.0889001960815934,,0.0269611281626635,,0.0364791888791779,,-0.0160993479328464,,0.0443583631536393,1.0,0.0008197033233525,,-0.0383043075319743,0.0,-0.1756664214140635,0.0,-0.0079843501099447,0.0,-0.0076001139940586,0.0,-0.0066863662627232,,,,0.0,,,1.0,0.181,0.0,,0.0,0.025,,0.0,0.027,,0.004,0.0,,0.0,0.997,1.0,0.0,0.016,,1.0,0.0,0.0,1.0,0.0,0.0,1.0,0.0,0.0,0.75,0.0,,0.003,0.0,
Charville_c003_v001_r001_reg021,68159.0,2444.0,0.57569558101473,0.1018821603927987,0.0523731587561374,0.0495090016366612,0.0171849427168576,0.070785597381342,0.1043371522094926,0.04050736497545,0.0466448445171849,0.0941080196399345,0.2303600654664484,0.57569558101473,0.0523731587561374,0.28125,0.3354667055122181,0.4787255698186985,0.2845593446527443,0.2855677074959784,0.1341385774009515,0.0,0.5133214920071048,0.0628578675209644,0.0325102730368758,0.0796107462446221,0.57569558101473,1.0,0.0523731587561374,1.0,0.1969939506262215,1.0,-0.0875637952536473,0.0,0.0007376619942606,,-0.1290120105376304,0.0,-0.263444611376425,0.0,0.0073276083590396,1.0,-0.0205178555664625,0.0,0.1150685150188899,1.0,0.0040710823349476,1.0,-0.0302723190835337,0.0,-0.0002638157674642,,,,1.0,,,1.0,0.0,1.0,1.0,1.0,0.0,0.0,0.0,0.0,,1.0,0.0,0.0,1.0,0.0,0.0,0.0,0.998,1.0,0.742,0.0,,0.0,1.0,1.0,0.0,0.778,,1.0,0.0,0.0,0.0,0.028,
Charville_c003_v001_r001_reg026,68191.0,2970.0,0.4616161616161616,0.1343434343434343,0.0518518518518518,0.0824915824915824,0.1225589225589225,0.0703703703703703,0.1168350168350168,0.0215488215488215,0.0619528619528619,0.0764309764309764,0.3488215488215488,0.4616161616161616,0.0518518518518518,0.0324675324675324,0.3416341616645202,0.3990272193574677,0.3024031376234837,0.5140186000385132,0.1613784220184343,0.2292929292929293,0.3262548262548262,0.0772990997438403,0.0539716852317592,0.063336882528164,0.4616161616161616,0.0,0.0518518518518518,1.0,-0.0884317106801714,,0.0098459577596282,,0.033697062410244,,-0.0298991072981695,,0.0500913060455572,1.0,0.0006921666737811,,0.0581492511360562,1.0,-0.0889282822251356,0.0,0.0073418630216554,1.0,0.0019933847568448,,-0.015949060414477,0.0,,,0.0,,,1.0,0.15,0.0,,0.0,0.0,,0.0,0.016,,0.247,0.0,,0.0,1.0,1.0,0.0,0.014,,0.0,1.0,1.0,0.992,0.0,0.0,0.0,1.0,1.0,0.0,0.0,,1.0,0.0,0.0
Charville_c003_v001_r001_reg045,68157.0,2662.0,0.3996994740796393,0.2163786626596543,0.0788880540946656,0.1374906085649887,0.0112697220135236,0.1389932381667918,0.1776859504132231,0.0093914350112697,0.0484598046581517,0.1288504883546206,0.3760330578512397,0.3996994740796393,0.0788880540946656,0.2476190476190476,0.1593238839060712,0.1801748264672092,0.2425941304090856,0.2585955745384456,0.2360376740968388,0.0,0.6043956043956044,0.060930114018894,0.0703603199964756,0.1396886340388656,0.3996994740796393,0.0,0.0788880540946656,1.0,0.1375647725393029,1.0,-0.1370853288490745,0.0,-0.1496928424480888,0.0,-0.0479862549009613,0.0,-0.1603096048416659,0.0,-0.0049932818185098,,-0.082783192801372,0.0,0.1701365975444915,1.0,0.0076575689611998,1.0,-0.0185292330976468,0.0,0.0298755216406299,1.0,,,0.0,,,1.0,0.0,1.0,1.0,1.0,0.0,0.0,1.0,0.0,0.0,0.985,0.0,0.0,1.0,0.0,0.0,0.0,0.0,,1.0,0.0,0.0,0.0,1.0,1.0,0.0,1.0,1.0,1.0,0.0,0.0,0.0,1.0,1.0
Charville_c003_v001_r001_reg050,68147.0,1854.0,0.5097087378640777,0.0334412081984897,0.0075512405609492,0.0258899676375404,0.1585760517799352,0.0474649406688241,0.1159654800431499,0.0420711974110032,0.0609492988133764,0.0431499460625674,0.2815533980582524,0.5097087378640777,0.0075512405609492,0.0714285714285714,0.2745457080068835,0.3230916973878482,0.259929967220441,0.4211384331374619,0.0514564486494136,0.0501618122977346,0.1973180076628352,0.0763264285938322,0.0210509857369307,0.0061497889637962,0.5097087378640777,0.0,0.0075512405609492,0.0,-0.0841068473212532,,-0.0765588501221562,0.0,-0.0478783171165367,0.0,-0.1058327649582024,0.0,-0.0708901901066875,0.0,0.0028986604318674,,-0.1043726340453704,0.0,-0.2153478252275318,0.0,0.0040101147186126,1.0,-0.0073855320487276,0.0,-0.0231153612758583,0.0,,,0.0,,,0.0,0.068,0.0,,1.0,0.0,0.0,0.983,0.0,0.0,1.0,0.0,0.0,1.0,0.0,0.0,0.0,0.169,,1.0,0.0,0.0,1.0,0.0,0.0,0.0,0.748,,0.719,0.0,,1.0,0.0,0.0
Charville_c003_v001_r001_reg052,68157.0,2614.0,0.7115531752104055,0.0589135424636572,0.0252486610558531,0.0336648814078041,0.0153022188217291,0.0677123182861515,0.1212700841622035,0.0221882172915072,0.0095638867635807,0.0539403213465952,0.1641162968630451,0.7115531752104055,0.0252486610558531,0.1515151515151515,0.325022738866261,0.5038262786163094,0.4256982617235547,0.7682425409013255,0.1058878448033504,0.0,0.4592074592074592,0.0319277987797759,0.0277950205586562,0.0526382093206193,0.7115531752104055,1.0,0.0252486610558531,1.0,0.0796850864029048,1.0,-0.205722195000058,0.0,-0.0822429137310208,0.0,-0.0845330747082049,0.0,0.092547850803437,1.0,0.0299383239674208,1.0,0.0079453100406612,,0.1010681438299435,1.0,0.0116661984436451,1.0,-0.0056270970205841,,0.0033905131034342,1.0,,,1.0,,,1.0,0.0,1.0,1.0,1.0,0.0,0.0,1.0,0.0,0.0,1.0,0.0,0.0,0.0,1.0,1.0,0.0,1.0,1.0,0.0,0.011,,0.0,1.0,1.0,0.0,1.0,1.0,0.47,0.0,,0.0,0.691,
Charville_c003_v001_r001_reg058,68190.0,1207.0,0.4846727423363711,0.0596520298260149,0.032311516155758,0.0273405136702568,0.0057995028997514,0.0919635459817729,0.1905550952775476,0.0679370339685169,0.028169014084507,0.1491300745650373,0.2253521126760563,0.4846727423363711,0.032311516155758,0.0512820512820513,0.4541515859609781,0.4915550289419749,0.4084323863769403,0.4175248284726325,0.0626786666538556,0.0,0.5477941176470589,0.0295966458618234,0.1236542493438025,0.0425948627532169,0.4846727423363711,0.0,0.032311516155758,1.0,-0.0843119677777014,,0.1188806153275623,1.0,0.1219244454545782,1.0,0.0589591106863803,1.0,-0.0372158328706923,0.0,-0.0016308678573156,,0.0193000566511946,1.0,0.1094972393616319,1.0,-0.0085400728812479,0.0,0.0218109020393777,1.0,-0.0146276582022473,0.0,,,0.0,,,1.0,0.081,0.0,,0.0,1.0,1.0,0.0,1.0,1.0,0.0,1.0,1.0,0.965,0.0,0.0,0.0,0.001,,0.0,0.972,1.0,0.0,1.0,1.0,1.0,0.0,0.0,0.0,1.0,1.0,1.0,0.0,0.0
Charville_c003_v001_r001_reg074,68161.0,2041.0,0.5634492895639392,0.0832925036746692,0.0475257226849583,0.0357667809897109,0.0210681038706516,0.1087702106810387,0.1215090641842234,0.0200881920627143,0.0725134737873591,0.0921117099461048,0.233219010289074,0.5634492895639392,0.0475257226849583,0.3917525773195877,0.3671617099459203,0.3555216233851204,0.2836205617312546,0.5689696703472965,0.1223897892880202,0.0,0.5672268907563025,0.0943052192335259,0.0668522832068702,0.0931680663393227,0.5634492895639392,1.0,0.0475257226849583,1.0,0.2981726815516157,1.0,-0.0412275785129951,0.0,-0.1058681664673623,0.0,-0.1225451444710754,0.0,0.0176938605727156,,0.0193541345034674,1.0,-0.0140389484645431,,0.1645282511669321,1.0,0.0063898251140857,1.0,0.0052975994302561,,0.0187668508069321,1.0,,,1.0,,,1.0,0.0,1.0,1.0,0.815,0.0,,1.0,0.0,0.0,1.0,0.0,0.0,0.0,0.049,,0.0,1.0,1.0,0.087,0.0,,0.0,1.0,1.0,0.0,1.0,1.0,0.0,0.0,,0.0,1.0,1.0
Charville_c003_v001_r001_reg087,68189.0,2755.0,0.6083484573502722,0.0119782214156079,0.0061705989110707,0.0058076225045372,0.0722323049001814,0.07005444646098,0.0958257713248638,0.1150635208711433,0.0123411978221415,0.072595281306715,0.2693284936479129,0.6083484573502722,0.0061705989110707,0.0588235294117647,0.4335560861423775,0.5141358906911435,0.4168383607547358,0.4657359982941746,0.0140883246748849,0.0,0.1671159029649595,0.009783243931783,0.0460143543915955,0.0090312011023711,0.6083484573502722,1.0,0.0061705989110707,0.0,-0.0670883016473199,,0.0021079940224962,,0.0474770985084992,,-0.0199651277734305,,-0.0647728008597211,0.0,-0.0142076475593181,0.0,-0.0342337758923664,0.0,-0.2068613972373371,0.0,-0.0081553827689179,0.0,-0.0015318492085586,,-0.0186750363423292,0.0,,,1.0,,,0.0,0.0,0.0,,0.0,0.0,,0.0,0.483,,0.01,0.0,,1.0,0.0,0.0,1.0,0.0,0.0,1.0,0.0,0.0,1.0,0.0,0.0,1.0,0.0,0.0,0.006,0.0,,1.0,0.0,0.0
Charville_c003_v001_r001_reg104,68172.0,1338.0,0.2481315396113602,0.0814648729446935,0.0515695067264574,0.0298953662182361,0.0,0.2174887892376681,0.2249626307922272,0.1188340807174887,0.1457399103139013,0.147982062780269,0.4177877428998505,0.2481315396113602,0.0515695067264574,0.0869565217391304,0.2034805523491283,0.1927296691928173,0.2270793680692593,0.219277628712477,0.0873261575729187,0.0,0.5599284436493739,0.1394487648107688,0.1367645642982555,0.0927553068791881,0.2481315396113602,0.0,0.0515695067264574,1.0,-0.1017357971321314,0.0,0.0673869917787421,1.0,0.0375719834331314,,0.0417339460629677,1.0,-0.0031165993459529,,0.0049317321941427,1.0,0.0132418520362631,,0.0723455638507349,1.0,-0.0217524149859147,0.0,0.0328333878967213,1.0,0.0137881660157173,1.0,,,0.0,,,1.0,0.966,0.0,0.0,0.0,0.994,1.0,0.0,0.068,,0.0,0.519,,0.0,0.0,,0.0,0.905,1.0,0.0,0.271,,0.0,0.996,1.0,1.0,0.0,0.0,0.0,1.0,1.0,0.0,1.0,1.0
Charville_c003_v001_r001_reg112,68145.0,2846.0,0.3745607870695713,0.1489810260014054,0.0513000702740688,0.0976809557273366,0.0087842586085734,0.1591707659873506,0.1661981728742094,0.0126493323963457,0.0920590302178496,0.1704146170063246,0.3295853829936753,0.3745607870695713,0.0513000702740688,0.0547945205479452,0.1833264694173534,0.2665826242395113,0.2151161624588416,0.5249301344060487,0.1961027077614511,0.0,0.3155650319829424,0.1027544702739032,0.0578874419925449,0.0858918133655091,0.3745607870695713,0.0,0.0513000702740688,1.0,-0.0942407901338023,0.0,-0.0766087057539002,0.0,-0.0126323077967334,,-0.058258396755566,0.0,0.1293841611937098,1.0,0.0280061996409268,1.0,-0.0387187038747257,0.0,-0.1417682251432919,0.0,-0.0022751997888545,,-0.0599778914408468,0.0,0.0072288991151443,1.0,,,0.0,,,1.0,0.528,0.0,,1.0,0.0,0.0,0.007,0.0,,1.0,0.0,0.0,0.0,1.0,1.0,0.0,1.0,1.0,1.0,0.0,0.0,1.0,0.0,0.0,0.003,0.0,,1.0,0.0,0.0,0.0,0.997,1.0
Charville_c003_v001_r001_reg139,68162.0,2533.0,0.3896565337544413,0.2554283458349783,0.0667193051717331,0.1887090406632451,0.0442163442558231,0.1085669166995657,0.1239636794315041,0.0276352151598894,0.0315831030398736,0.0990919857876036,0.4358468219502566,0.3896565337544413,0.0667193051717331,0.0,0.3183950255377979,0.3583796815793745,0.3328487840812448,0.3847596841378172,0.2454108263863283,0.1440979076194236,0.302536231884058,0.035558216987221,0.0766548554643442,0.0745471612560937,0.3896565337544413,0.0,0.0667193051717331,1.0,-0.1269179381249841,0.0,0.0220722857967297,,0.0498264327131432,1.0,0.0504765265961891,1.0,-0.0143100132909854,,-0.0487375791948412,0.0,-0.0033516038224388,,-0.1200463812872946,0.0,0.004493673799352,1.0,0.0081695948662261,,-0.0215259496028471,0.0,,,0.0,,,1.0,1.0,0.0,0.0,0.0,0.007,,0.0,0.683,,0.0,0.895,,0.101,0.0,,1.0,0.0,0.0,0.0,0.0,,1.0,0.0,0.0,0.0,0.944,1.0,0.0,0.061,,1.0,0.0,0.0
Charville_c003_v001_r001_reg145,68144.0,1185.0,0.6978902953586498,0.0455696202531645,0.040506329113924,0.0050632911392405,0.0160337552742616,0.0396624472573839,0.1046413502109704,0.0683544303797468,0.0160337552742616,0.0413502109704641,0.1696202531645569,0.6978902953586498,0.040506329113924,0.0,0.6064362826131998,0.6178102021160451,0.578898723293898,0.6076275788549371,0.0573947321535489,0.0,0.4825870646766169,0.0221951012802582,0.0387578914520098,0.071809680541997,0.6978902953586498,1.0,0.040506329113924,1.0,-0.0589841028985519,,0.090402356963967,1.0,0.0308312696750693,,0.0793714759575247,1.0,-0.0278480950851721,0.0,-0.0066964445110089,,0.0151496268924117,1.0,0.1201048648689454,1.0,-0.0051028989562353,0.0,0.0138537346735042,1.0,0.0053342163815629,1.0,,,1.0,,,1.0,0.0,0.0,,0.0,1.0,1.0,0.0,0.0,,0.0,1.0,1.0,0.84,0.0,,0.114,0.0,,0.0,0.66,,0.0,1.0,1.0,0.988,0.0,0.0,0.0,0.999,1.0,0.0,0.87,
Charville_c003_v001_r001_reg152,68185.0,2771.0,0.6596896427282569,0.0321183688199206,0.0191266690725369,0.0129916997473836,0.0869722121977625,0.0339227715626127,0.0996030313966077,0.0306748466257668,0.0382533381450739,0.0404186214363045,0.1836881992060628,0.6596896427282569,0.0191266690725369,0.0566037735849056,0.5280200023553239,0.6051585836962267,0.4590909357609313,0.6116210827882349,0.0350226201116062,0.005052327679538,0.3143418467583497,0.0502898445514743,0.0215452070998101,0.060702367623073,0.6596896427282569,1.0,0.0191266690725369,0.0,-0.038505672275767,,0.0478792572983601,1.0,0.0758390469738232,1.0,-0.0130283470665311,,-0.0147869234628039,,-0.0150060934380414,0.0,-0.0597355712156722,0.0,-0.0606349652144184,,-0.0014245546481554,,-0.0031814275945206,,0.018367146945242,1.0,,,1.0,,,0.0,0.0,0.002,,0.0,0.632,,0.0,1.0,1.0,0.0,0.0,,0.173,0.0,,1.0,0.0,0.0,1.0,0.0,0.0,0.178,0.0,,0.0,0.0,,0.099,0.0,,0.0,1.0,1.0
Charville_c003_v001_r001_reg177,68143.0,1685.0,0.6908011869436201,0.0136498516320474,0.0047477744807121,0.0089020771513353,0.0379821958456973,0.0700296735905044,0.0824925816023738,0.0658753709198813,0.0207715133531157,0.0789317507418397,0.1875370919881305,0.6908011869436201,0.0047477744807121,0.0,0.63318086514727,0.7742027588819027,0.4945076936082176,0.6263354945378746,0.0189492615829899,0.0,0.509493670886076,0.0181637607388351,0.0660463455702365,0.0029766123316796,0.6908011869436201,1.0,0.0047477744807121,0.0,-0.1014518711131486,0.0,0.1302678280974148,1.0,0.2278105726448417,1.0,-0.0010230835384404,,-0.0046593624985883,,-0.0136050571291409,0.0,0.007293451237153,,0.1487736423535052,1.0,-0.013565398739317,0.0,0.0151332221992911,1.0,-0.0231230828146229,0.0,,,1.0,,,0.0,0.956,0.0,0.0,0.0,1.0,1.0,0.0,1.0,1.0,0.0,0.0,,0.0,0.0,,1.0,0.0,0.0,0.0,0.001,,0.0,1.0,1.0,1.0,0.0,0.0,0.0,1.0,1.0,1.0,0.0,0.0
Charville_c003_v001_r001_reg179,68143.0,2921.0,0.5220814789455666,0.0253337897980143,0.0041081821294077,0.0212256076686066,0.0054775761725436,0.093118794933242,0.0948305374871619,0.0951728859979459,0.0629921259842519,0.1619308456008216,0.2191030469017459,0.5220814789455666,0.0041081821294077,0.0833333333333333,0.2799082807803218,0.3116597473213321,0.3041916198137263,0.3090319288447715,0.0397087635173173,0.0,0.49375,0.0849992244881649,0.0976887826915009,0.0115440152317228,0.5220814789455666,1.0,0.0041081821294077,0.0,-0.0721647915032721,,-0.0800851360796047,0.0,-0.0682388635703059,0.0,-0.0719666219802066,0.0,-0.1605788212531529,0.0,-0.0036284053053449,,0.0405651319195022,1.0,0.0696955973381431,1.0,0.0071263488550304,1.0,-0.0125287467938804,0.0,-0.0138335021502836,0.0,,,1.0,,,0.0,0.002,0.0,,1.0,0.0,0.0,1.0,0.0,0.0,1.0,0.0,0.0,1.0,0.0,0.0,0.0,0.0,,0.0,1.0,1.0,0.0,0.989,1.0,0.0,1.0,1.0,0.998,0.0,0.0,0.995,0.0,0.0
Charville_c003_v001_r001_reg180,68153.0,1878.0,0.3471778487752928,0.1166134185303514,0.0638977635782747,0.0527156549520766,0.0335463258785942,0.121405750798722,0.1315228966986155,0.1427050053248136,0.084664536741214,0.1288604898828541,0.4142705005324814,0.3471778487752928,0.0638977635782747,0.0416666666666666,0.3367493288838415,0.332143512316141,0.336682911229319,0.3123845393716659,0.1158342753507354,0.0149094781682641,0.3791773778920309,0.0886338445487139,0.1110292926894133,0.0689618479775165,0.3471778487752928,0.0,0.0638977635782747,1.0,-0.1018515191461925,0.0,0.1075324764144821,1.0,0.0680096063378458,1.0,0.0841215806772207,1.0,0.0207118884663718,,-0.0224800659663519,0.0,-0.0348880484133676,0.0,-0.0672224616734381,,-0.0036272561608598,,0.0214934332544153,1.0,-0.0239253983292976,0.0,,,0.0,,,1.0,0.977,0.0,0.0,0.0,1.0,1.0,0.0,1.0,1.0,0.0,1.0,1.0,0.0,0.091,,1.0,0.0,0.0,1.0,0.0,0.0,0.356,0.0,,0.378,0.0,,0.0,1.0,1.0,1.0,0.0,0.0
Charville_c003_v001_r001_reg181,68153.0,2150.0,0.3781395348837209,0.0906976744186046,0.0613953488372093,0.0293023255813953,0.0153488372093023,0.0823255813953488,0.1,0.2953488372093023,0.0409302325581395,0.0748837209302325,0.4837209302325581,0.3781395348837209,0.0613953488372093,0.0378787878787878,0.3472479428639562,0.3566193010279777,0.3716999651535169,0.3689876713451289,0.0889366748791628,0.0,0.3288461538461538,0.040985127399059,0.0672224879584381,0.0699097939059015,0.3781395348837209,0.0,0.0613953488372093,1.0,-0.0986685600956595,0.0,0.0970230708134163,1.0,0.0643950733637235,1.0,0.0984406590410343,1.0,0.145665061805373,1.0,-0.0262081934878857,0.0,-0.0114370766535218,,-0.0858702292764604,0.0,0.0018291215097232,,0.0152951804665311,1.0,-0.0201519209833486,0.0,,,0.0,,,1.0,0.853,0.0,,0.0,1.0,1.0,0.0,1.0,1.0,0.0,1.0,1.0,0.0,1.0,1.0,1.0,0.0,0.0,0.006,0.0,,0.981,0.0,0.0,0.0,0.017,,0.0,1.0,1.0,1.0,0.0,0.0
Charville_c003_v001_r001_reg186,68186.0,2875.0,0.5175652173913043,0.1495652173913043,0.0455652173913043,0.104,0.008,0.1499130434782608,0.1631304347826087,0.0243478260869565,0.0386086956521739,0.0608695652173913,0.3318260869565217,0.5175652173913043,0.0455652173913043,0.1221374045801526,0.3279763737662848,0.3546245862484882,0.3536463544549866,0.5899831288814102,0.2030980636849942,0.0,0.3825995807127882,0.0508547789441192,0.050935696534199,0.0777569972478084,0.5175652173913043,1.0,0.0455652173913043,1.0,0.0118495665600562,1.0,-0.0553979553788565,0.0,-0.0598069970020408,0.0,-0.0212642049480353,,0.0802976731382224,1.0,0.0337996910536917,1.0,-0.0380997251898893,0.0,-0.0133216871489347,,0.0064346053483943,1.0,0.0103723425468759,1.0,0.0055694312798225,1.0,,,1.0,,,1.0,0.0,0.799,,0.997,0.0,0.0,1.0,0.0,0.0,0.015,0.0,,0.0,1.0,1.0,0.0,1.0,1.0,1.0,0.0,0.0,0.0,0.0,,0.0,1.0,1.0,0.0,0.718,,0.0,0.9,1.0
Charville_c004_v001_r001_reg079,68133.0,1088.0,0.5376838235294118,0.0680147058823529,0.0514705882352941,0.0165441176470588,0.0330882352941176,0.0716911764705882,0.1498161764705882,0.0928308823529411,0.0294117647058823,0.0799632352941176,0.265625,0.5376838235294118,0.0514705882352941,0.0178571428571429,0.4710703769590095,0.4548578452311632,0.4999463947144557,0.4364345160246401,0.0458859927692942,0.056985294117647,0.3217993079584775,0.0392115000487141,0.0547252070472058,0.0994158799476385,0.5376838235294118,1.0,0.0514705882352941,1.0,-0.0794285298033315,,0.0882525879637156,1.0,0.015093194662995,,0.1134180658309301,1.0,-0.047872520568071,0.0,-0.0350570068822925,0.0,0.0373043829275,1.0,-0.0832165002225709,0.0,0.0017606340045035,,0.001236517453498,,0.0205604301240154,1.0,,,1.0,,,1.0,0.018,0.0,,0.0,1.0,1.0,0.0,0.0,,0.0,1.0,1.0,1.0,0.0,0.0,1.0,0.0,0.0,0.0,1.0,1.0,0.951,0.0,0.0,0.0,0.01,,0.0,0.0,,0.0,1.0,1.0
Charville_c004_v001_r001_reg107,68116.0,1425.0,0.6708771929824562,0.0070175438596491,0.0042105263157894,0.0028070175438596,0.0357894736842105,0.0687719298245614,0.1017543859649122,0.0807017543859649,0.0196491228070175,0.0771929824561403,0.1922807017543859,0.6708771929824562,0.0042105263157894,0.3333333333333333,0.6321934952922794,0.649591635708657,0.4990128998091298,0.5058884091743066,0.0097255976481645,0.0,0.6167883211678832,0.0222097211202333,0.0658362815541935,0.0065222897669706,0.6708771929824562,1.0,0.0042105263157894,0.0,0.2249797593514018,1.0,0.1479167985116672,1.0,0.12329462080836,1.0,0.0177168818403073,,-0.0990018809253487,0.0,-0.0119837540044672,0.0,0.0140495140005709,,0.2488600637742003,1.0,-0.008002707766414,0.0,0.0158799521784015,1.0,-0.0189707866825562,0.0,,,1.0,,,0.0,0.0,1.0,1.0,0.0,1.0,1.0,0.0,1.0,1.0,0.0,0.0,,1.0,0.0,0.0,1.0,0.0,0.0,0.0,0.356,,0.0,1.0,1.0,1.0,0.0,0.0,0.0,1.0,1.0,1.0,0.0,0.0
Charville_c004_v001_r001_reg140,68104.0,2803.0,0.3885123082411701,0.1716018551551908,0.0388869068854798,0.132714948269711,0.0417409917945058,0.099179450588655,0.0995362112022832,0.019621833749554,0.0360328219764538,0.1922939707456296,0.3321441312879058,0.3885123082411701,0.0388869068854798,0.091743119266055,0.1626451102292523,0.1643811975533747,0.2548698401617059,0.4939497225419485,0.2240962932554766,0.1009632536567962,0.4543501611170784,0.0447736311343822,0.1602821589830417,0.0841311021887277,0.3885123082411701,0.0,0.0388869068854798,1.0,-0.066846954441904,,-0.1142867260070746,0.0,-0.1168819031763891,0.0,-0.0263619571830751,,0.0908833789082839,1.0,0.018837139135448,1.0,0.0075542744012668,,0.0036321810139289,,0.0032852584511643,,0.0274949264881913,1.0,0.0194841632162576,1.0,,,0.0,,,1.0,0.0,0.0,,1.0,0.0,0.0,1.0,0.0,0.0,0.154,0.0,,0.0,1.0,1.0,0.0,1.0,1.0,0.0,0.001,,0.0,0.0,,0.0,0.349,,0.0,1.0,1.0,0.0,1.0,1.0
Charville_c004_v001_r001_reg143,68272.0,2209.0,0.5029425079221367,0.0411951109099139,0.0058850158442734,0.0353100950656405,0.0194658216387505,0.0923494794024445,0.0950656405613399,0.0203712086917157,0.0425531914893617,0.2616568583069262,0.1733816206428248,0.5029425079221367,0.0058850158442734,0.0,0.3962056744685285,0.4105582004320824,0.3900068863418818,0.4856394672623222,0.0550393675709497,0.0,0.4046997389033943,0.0522051822668291,0.2169416499864452,0.0054803322846626,0.5029425079221367,0.0,0.0058850158442734,0.0,-0.1595484459201131,0.0,0.0492331671113065,1.0,0.0478074366467835,1.0,0.0275073257050981,,-0.0140985508816547,,-0.0059061294273876,,0.0135461708051901,,-0.0396838237622376,,-0.004911101000882,0.0,0.0377029911525831,1.0,-0.0219034470501495,0.0,,,0.0,,,0.0,1.0,0.0,0.0,0.0,0.742,,0.0,0.552,,0.0,0.022,,0.089,0.0,,0.01,0.0,,0.0,0.309,,0.0,0.0,,0.949,0.0,0.0,0.0,1.0,1.0,1.0,0.0,0.0
Charville_c004_v001_r001_reg147,68104.0,2615.0,0.6087954110898661,0.0244741873804971,0.0034416826003824,0.0210325047801147,0.0084130019120458,0.1181644359464627,0.1227533460803059,0.034416826003824,0.0152963671128107,0.168642447418738,0.1854684512428298,0.6087954110898661,0.0034416826003824,0.1111111111111111,0.5254704082408322,0.563772849473573,0.5045733191853847,0.6492797856563477,0.0310555587810341,0.0,0.468041237113402,0.0221026303077621,0.1377754454273223,0.0045045045045045,0.6087954110898661,1.0,0.0034416826003824,0.0,-0.0177293889023735,,0.0908934024641288,1.0,0.099240034109412,1.0,0.0657834796607818,1.0,0.0683941796037899,1.0,-0.006302768468108,,0.0374415416540495,1.0,0.0718956029517691,1.0,-0.003537439048972,,0.0239841173049333,1.0,-0.0201204536281703,0.0,,,1.0,,,0.0,0.0,0.071,,0.0,1.0,1.0,0.0,1.0,1.0,0.0,1.0,1.0,0.0,1.0,1.0,0.029,0.0,,0.0,1.0,1.0,0.0,0.996,1.0,0.332,0.0,,0.0,1.0,1.0,1.0,0.0,0.0
Charville_c004_v001_r001_reg179,68114.0,1669.0,0.4421809466746554,0.0946674655482324,0.0347513481126423,0.0599161174355901,0.0131815458358298,0.1420011983223487,0.1443978430197723,0.0293588975434391,0.0413421210305572,0.1414020371479928,0.2792091072498502,0.4421809466746554,0.0347513481126423,0.1206896551724138,0.3790276856811701,0.3400368393321091,0.4077628239337288,0.4052587939622181,0.1068075145767327,0.0035949670461354,0.4012875536480687,0.0476525641566017,0.1240129294929329,0.0643338801428959,0.4421809466746554,0.0,0.0347513481126423,1.0,-0.0255898924993511,,0.0727091476390288,1.0,0.0098922989038401,,0.086820108458136,1.0,-0.0373286443297618,0.0,-0.0047694605240672,,-0.0075636208512379,,-0.0407204172862251,,-0.0025948780197864,,0.0269828569216945,1.0,0.0043564913653145,1.0,,,0.0,,,1.0,0.0,0.013,,0.0,1.0,1.0,0.0,0.0,,0.0,1.0,1.0,0.981,0.0,0.0,0.0,0.0,,0.002,0.0,,0.001,0.0,,0.018,0.0,,0.0,1.0,1.0,0.0,0.809,
Charville_c001_v001_r001_reg001,68230.0,2612.0,0.5635528330781011,0.0524502297090352,0.0145482388973966,0.0379019908116385,0.0317764165390505,0.1205972434915773,0.1336140888208269,0.0137825421133231,0.0352220520673813,0.167687595712098,0.2186064318529862,0.5635528330781011,0.0145482388973966,0.0,0.3875840020602406,0.3446493956931075,0.4225886597864707,0.5406587278110151,0.0733301798914637,0.0,0.3134851138353765,0.0399235781397922,0.124920541305604,0.0494088818915144,0.5635528330781011,1.0,0.0145482388973966,0.0,-0.1306456956234931,0.0,-0.014123095523071,,-0.0858402359051595,0.0,0.0159391530103649,,-0.0146142023158832,,0.0067933136493071,1.0,-0.008588375348116,,-0.0930654358532841,0.0,-0.0065459716080569,0.0,0.0112370511955768,1.0,0.0122432672308993,1.0,,,1.0,,,0.0,1.0,0.0,0.0,0.076,0.0,,1.0,0.0,0.0,0.0,0.0,,0.126,0.0,,0.0,0.995,1.0,0.002,0.0,,0.996,0.0,0.0,1.0,0.0,0.0,0.0,0.929,1.0,0.0,1.0,1.0
Charville_c001_v001_r001_reg004,68238.0,1913.0,0.6706743335075798,0.0334553058024046,0.0125457396759017,0.0209095661265028,0.076842655514898,0.0454783063251437,0.0784108729743857,0.0266596968112911,0.0282279142707788,0.0784108729743857,0.1824359644537375,0.6706743335075798,0.0125457396759017,0.0,0.5623885538707503,0.6285646322093875,0.5478905614006215,0.6944492044316114,0.0432870558959951,0.003659174072138,0.2550143266475644,0.0367600210501325,0.045856638968172,0.0191570403649423,0.6706743335075798,1.0,0.0125457396759017,0.0,-0.0990408649673343,0.0,0.072482323407494,1.0,0.0946311851171494,1.0,0.0675466367021829,1.0,0.0562274180547929,1.0,-0.012041089074106,0.0,-0.0493592040285377,0.0,-0.1156249614061998,0.0,-0.003673038783033,,-0.0049422258183636,,-0.015747508465485,0.0,,,1.0,,,0.0,0.881,0.0,,0.0,1.0,1.0,0.0,1.0,1.0,0.0,1.0,1.0,0.0,1.0,1.0,1.0,0.0,0.0,1.0,0.0,0.0,1.0,0.0,0.0,0.415,0.0,,0.297,0.0,,1.0,0.0,0.0
Charville_c001_v001_r001_reg007,68232.0,1034.0,0.6721470019342359,0.0135396518375241,0.006769825918762,0.006769825918762,0.0851063829787234,0.0444874274661508,0.0715667311411992,0.0386847195357833,0.0261121856866537,0.0754352030947775,0.1818181818181818,0.6721470019342359,0.006769825918762,0.0,0.6768614049750715,0.7020042834947743,0.3888589094836518,0.638690834732757,0.0154856497710335,0.0077369439071566,0.4680851063829787,0.0258813334183274,0.0362848894541176,0.0080201311293748,0.6721470019342359,1.0,0.006769825918762,0.0,-0.1050731058868031,0.0,0.1900578279544975,1.0,0.1720527544616105,1.0,-0.0924995902161936,0.0,0.0066739306093778,,-0.018911189402629,0.0,-0.0434376258382594,0.0,0.0979073800681205,1.0,-0.0121893207140456,0.0,-0.0124435155217555,0.0,-0.0203627066840413,0.0,,,1.0,,,0.0,0.996,0.0,0.0,0.0,1.0,1.0,0.0,1.0,1.0,1.0,0.0,0.0,0.0,0.0,,1.0,0.0,0.0,1.0,0.0,0.0,0.0,1.0,1.0,1.0,0.0,0.0,0.997,0.0,0.0,1.0,0.0,0.0
Charville_c001_v001_r001_reg009,68237.0,2209.0,0.5767315527387958,0.0683567224988682,0.0230873698506111,0.0452693526482571,0.0986871887732005,0.0538705296514259,0.1294703485740154,0.0380262562245359,0.0230873698506111,0.0606609325486645,0.2589406971480308,0.5767315527387958,0.0230873698506111,0.196078431372549,0.3602540553413602,0.4515463631319334,0.3092171731674462,0.507753157773469,0.0770978003897878,0.1059302851969216,0.5104895104895105,0.0380593535503312,0.0204428578971468,0.0422530188459969,0.5767315527387958,1.0,0.0230873698506111,1.0,0.0792043207642119,1.0,-0.0563091821573188,0.0,7.126722936057206e-05,,-0.1045056124607889,0.0,-0.0436767436605928,0.0,-0.007885251551441,0.0,0.0045580910293949,,0.1202971408104825,1.0,0.0074189216606245,1.0,-0.019256285838068,0.0,-0.0045543160263234,,,,1.0,,,1.0,0.0,1.0,1.0,0.999,0.0,0.0,0.0,0.0,,1.0,0.0,0.0,0.997,0.0,0.0,0.508,0.0,,0.0,0.0,,0.0,1.0,1.0,0.0,1.0,1.0,1.0,0.0,0.0,0.0,0.0,
Charville_c001_v001_r001_reg011,68236.0,1799.0,0.5675375208449138,0.0300166759310728,0.0066703724291272,0.0233463035019455,0.0794886047804335,0.0661478599221789,0.1161756531406336,0.0644802668148971,0.037242912729294,0.1028349082823791,0.2401334074485825,0.5675375208449138,0.0066703724291272,0.0,0.3006706520937299,0.4591077742963782,0.3546519555619561,0.5685123809400433,0.0325951553657119,0.0033351862145636,0.4074074074074074,0.0391417522765946,0.0419423654464011,0.0132532216205887,0.5675375208449138,1.0,0.0066703724291272,0.0,-0.1382485940527251,0.0,-0.0995470649366945,0.0,0.0321061730843821,,-0.0529479103506259,0.0,0.0412873309271514,1.0,-0.0121139816418392,0.0,-0.0508791841171289,0.0,0.008290830973515,,-0.0084965119406336,0.0,-0.0269591005039588,0.0,-0.0150173210744611,0.0,,,1.0,,,0.0,1.0,0.0,0.0,1.0,0.0,0.0,0.0,0.005,,1.0,0.0,0.0,0.0,0.974,1.0,1.0,0.0,0.0,1.0,0.0,0.0,0.0,0.003,,1.0,0.0,0.0,1.0,0.0,0.0,1.0,0.0,0.0
Charville_c001_v001_r001_reg012,68236.0,1857.0,0.448034464189553,0.0565428109854604,0.0091545503500269,0.0473882606354334,0.0516962843295638,0.1082390953150242,0.1400107700592353,0.0086160473882606,0.0646203554119547,0.2277867528271405,0.2250942380183091,0.448034464189553,0.0091545503500269,0.1764705882352941,0.1877756638291415,0.2595978838511786,0.2244293470389612,0.6489557150152735,0.072909994324079,0.0107700592353257,0.5956937799043063,0.0763602823491828,0.0784503448839556,0.0492109027908635,0.448034464189553,0.0,0.0091545503500269,0.0,0.0032456338541197,1.0,-0.1152199530951628,0.0,-0.0522386598736316,0.0,-0.099512068783559,0.0,0.1885397526754947,1.0,0.002969392113666,,-0.0250499127021953,0.0,0.1417472212254613,1.0,-0.0030440938594309,,-0.0780941520367351,0.0,0.0181354202722367,1.0,,,0.0,,,0.0,0.0,0.621,,1.0,0.0,0.0,0.997,0.0,0.0,1.0,0.0,0.0,0.0,1.0,1.0,0.0,0.233,,0.994,0.0,0.0,0.0,1.0,1.0,0.148,0.0,,1.0,0.0,0.0,0.0,1.0,1.0
Charville_c001_v001_r001_reg017,68269.0,1817.0,0.6747385800770501,0.039075399009356,0.0258668134287286,0.0132085855806274,0.0654925701706109,0.0550357732526142,0.0825536598789213,0.0638414969730324,0.0203632361034672,0.0500825536598789,0.2234452394056136,0.6747385800770501,0.0258668134287286,0.0,0.6361112300332993,0.6591270649805199,0.574545955948803,0.4732672139255805,0.0413920235913296,0.0396257567418822,0.438423645320197,0.0205435448146208,0.0497052872680055,0.0408446803881262,0.6747385800770501,1.0,0.0258668134287286,1.0,-0.0827705443075453,,0.1414665503830911,1.0,0.1086744056811753,1.0,0.0909758499105896,1.0,-0.1453535057456922,0.0,-0.0194450770165036,0.0,-0.0027111506273081,,0.0804464516141986,1.0,-0.0088579577709691,0.0,0.0184959592004903,1.0,-0.009100985243057,,,,1.0,,,1.0,0.044,0.0,,0.0,1.0,1.0,0.0,1.0,1.0,0.0,1.0,1.0,1.0,0.0,0.0,1.0,0.0,0.0,0.0,0.0,,0.0,1.0,1.0,1.0,0.0,0.0,0.0,1.0,1.0,0.117,0.0,
Charville_c001_v001_r001_reg018,68268.0,2383.0,0.5744859420898027,0.0423835501468736,0.0167855644146034,0.0255979857322702,0.1082668904741921,0.0721779269827948,0.0969366344943348,0.0180444817456987,0.0407049937054133,0.1099454469156525,0.2408728493495593,0.5744859420898027,0.0167855644146034,0.0,0.4087922842425702,0.4949449439670067,0.3659233066045628,0.623101760178109,0.0648681599402883,0.0255979857322702,0.2038327526132404,0.0504063171540286,0.0766252147445283,0.0455148129408937,0.5744859420898027,1.0,0.0167855644146034,0.0,-0.1246731868122991,0.0,-0.0001321365150942,,0.0516021222820684,1.0,-0.0468347386801794,0.0,0.0611902672887529,1.0,0.0029366793581741,,-0.0718821101617442,0.0,-0.1921317661707897,0.0,-0.0011117831335966,,0.0029036955777798,,0.0058229849246565,1.0,,,1.0,,,0.0,1.0,0.0,0.0,0.001,0.0,,0.0,0.821,,0.975,0.0,0.0,0.0,1.0,1.0,0.0,0.202,,1.0,0.0,0.0,1.0,0.0,0.0,0.0,0.0,,0.0,0.0,,0.0,0.952,1.0
Charville_c001_v001_r001_reg019,68268.0,2547.0,0.5716529250098155,0.027875932469572,0.0082449941107184,0.0196309383588535,0.1342756183745583,0.066352571652925,0.0840204161758932,0.0200235571260306,0.0384766391833529,0.1075775422065174,0.2485276796230859,0.5716529250098155,0.0082449941107184,0.0,0.3118606059501684,0.4456378975954856,0.3409099454896219,0.5587585118873994,0.0531322454485285,0.0137416568511974,0.2906793048973143,0.0463532060215307,0.0700157513416275,0.0249341321921767,0.5716529250098155,1.0,0.0082449941107184,0.0,-0.1351764557135619,0.0,-0.0914357675609173,0.0,0.0131095643715972,,-0.0696282739543084,0.0,0.0004788191334762,,0.0050218220220135,1.0,-0.1072245144413109,0.0,-0.1044490947721649,0.0,-0.0022452246294299,,-0.0021069450835776,,-0.0051143504099161,,,,1.0,,,0.0,1.0,0.0,0.0,1.0,0.0,0.0,0.0,0.0,,1.0,0.0,0.0,0.0,0.0,,0.0,0.926,1.0,1.0,0.0,0.0,1.0,0.0,0.0,0.003,0.0,,0.023,0.0,,0.0,0.0,
Charville_c001_v001_r001_reg021,68267.0,1416.0,0.4943502824858757,0.0183615819209039,0.0035310734463276,0.0148305084745762,0.0508474576271186,0.106638418079096,0.126412429378531,0.0741525423728813,0.0346045197740113,0.1963276836158192,0.25,0.4943502824858757,0.0035310734463276,1.0,0.0797770792084235,0.068061893061893,0.2159260520949557,0.2731951909261793,0.0325953486036583,0.0,0.6666666666666666,0.0547676764068087,0.0917745731428902,0.0095454545454545,0.4943502824858757,0.0,0.0035310734463276,0.0,0.835087731403124,1.0,-0.2547733207240062,0.0,-0.2840277046683391,0.0,-0.1409489778185469,0.0,-0.1859070929765162,0.0,0.0026973134246562,,-0.0115517468381454,,0.239056808857489,1.0,0.0106280585773891,1.0,-0.0425065079275463,0.0,-0.0151804367536999,0.0,,,0.0,,,0.0,0.0,1.0,1.0,1.0,0.0,0.0,1.0,0.0,0.0,1.0,0.0,0.0,1.0,0.0,0.0,0.0,0.142,,0.008,0.0,,0.0,1.0,1.0,0.0,1.0,1.0,1.0,0.0,0.0,1.0,0.0,0.0
Charville_c001_v001_r001_reg022,68267.0,3088.0,0.329339378238342,0.1395725388601036,0.045660621761658,0.0939119170984456,0.1113989637305699,0.1088082901554404,0.1123704663212435,0.123380829015544,0.0961787564766839,0.0819300518134715,0.483160621761658,0.329339378238342,0.045660621761658,0.0,0.300913978192885,0.2944965126804273,0.3071161938974903,0.3151081109818924,0.1307574195164142,0.3730569948186528,0.2982573726541555,0.0812513807037621,0.0793103889411631,0.0660125036603055,0.329339378238342,0.0,0.045660621761658,1.0,-0.1696724905501178,0.0,0.0820382960505352,1.0,0.0650467848473657,1.0,0.0676973330225732,1.0,0.0265978465841765,,-0.036550833875456,0.0,0.2125963406758465,1.0,-0.1373613290043138,0.0,-0.0204619410241448,0.0,0.0219286238197274,1.0,-0.0062827854765792,,,,0.0,,,1.0,1.0,0.0,0.0,0.0,1.0,1.0,0.0,1.0,1.0,0.0,1.0,1.0,0.0,0.325,,1.0,0.0,0.0,0.0,1.0,1.0,1.0,0.0,0.0,1.0,0.0,0.0,0.0,1.0,1.0,0.001,0.0,
Charville_c001_v001_r001_reg023,68266.0,1832.0,0.509825327510917,0.0502183406113537,0.0185589519650655,0.0316593886462882,0.0682314410480349,0.0944323144104803,0.1441048034934497,0.0229257641921397,0.0376637554585152,0.162117903930131,0.2358078602620087,0.509825327510917,0.0185589519650655,0.0,0.2909337868049275,0.2649777230834493,0.3357737692981205,0.6631169397803848,0.0747050600377832,0.0382096069868995,0.3796296296296296,0.0485703863898824,0.1094356812833085,0.0877598031219982,0.509825327510917,0.0,0.0185589519650655,0.0,-0.1431152747111574,0.0,-0.0639547538154682,0.0,-0.1164552213606331,0.0,-0.0317003921180321,,0.1591200211538105,1.0,0.0125387462519469,1.0,-0.0143041851686828,,-0.0451831022621625,,0.0002310972292815,,-0.0010600842038734,,0.0460656042928342,1.0,,,0.0,,,0.0,1.0,0.0,0.0,1.0,0.0,0.0,1.0,0.0,0.0,0.373,0.0,,0.0,1.0,1.0,0.0,1.0,1.0,0.114,0.0,,0.007,0.0,,0.0,0.0,,0.002,0.0,,0.0,1.0,1.0
Charville_c001_v001_r001_reg024,68266.0,1549.0,0.5313105229180116,0.0606843124596513,0.0135571336346029,0.0471271788250484,0.0426081342801807,0.1000645577792124,0.1187863137508069,0.0548741123305358,0.038734667527437,0.1497740477727566,0.2582311168495804,0.5313105229180116,0.0135571336346029,0.5714285714285714,0.2025273150267334,0.1860348172653072,0.3240092371284302,0.3879838904666478,0.0908368261628184,0.0154938670109748,0.54,0.0460861256499102,0.0686058902593713,0.046962790125011,0.5313105229180116,1.0,0.0135571336346029,0.0,0.4294771859962497,1.0,-0.1731854575738132,0.0,-0.211821088755683,0.0,-0.0589633382276618,0.0,-0.1144445755473923,0.0,0.0124700398857283,1.0,-0.0115553122130659,,0.1303025332868354,1.0,-0.002300196137281,,-0.0331138745891853,0.0,0.0109162541735247,1.0,,,1.0,,,0.0,0.0,1.0,1.0,1.0,0.0,0.0,1.0,0.0,0.0,1.0,0.0,0.0,1.0,0.0,0.0,0.0,1.0,1.0,0.008,0.0,,0.0,1.0,1.0,0.003,0.0,,1.0,0.0,0.0,0.0,1.0,1.0
Charville_c001_v001_r001_reg027,68230.0,1792.0,0.4464285714285714,0.0362723214285714,0.0145089285714285,0.0217633928571428,0.0200892857142857,0.1049107142857142,0.109375,0.0284598214285714,0.0407366071428571,0.3097098214285714,0.1897321428571428,0.4464285714285714,0.0145089285714285,0.0384615384615384,0.3159591865208199,0.2925621193694369,0.3349450461335997,0.4712696083399805,0.0464938676149145,0.0,0.4852941176470588,0.0344725695606972,0.2082060072235464,0.0598706835354957,0.4464285714285714,0.0,0.0145089285714285,0.0,-0.1292474956887607,0.0,0.0187987318042529,,-0.0227290672215349,,0.012262847559218,,0.0245191052672039,,-0.0063997885282021,,0.0157647525412757,1.0,0.0212365400804154,,-0.0197382911792766,0.0,-0.0048662107196698,,0.022749455026878,1.0,,,0.0,,,0.0,1.0,0.0,0.0,0.0,0.005,,0.259,0.0,,0.0,0.0,,0.0,0.197,,0.043,0.0,,0.0,0.729,,0.0,0.108,,1.0,0.0,0.0,0.26,0.0,,0.0,1.0,1.0
Charville_c001_v001_r001_reg028,68226.0,1796.0,0.33184855233853,0.1219376391982182,0.0512249443207126,0.0707126948775055,0.0244988864142538,0.076837416481069,0.1976614699331848,0.2639198218262806,0.0267260579064587,0.0206013363028953,0.4871937639198218,0.33184855233853,0.0512249443207126,0.0217391304347825,0.3556629883332249,0.4041356335843393,0.2827227195232687,0.1887491252403849,0.1535380192486048,0.0807349665924276,0.6674285714285715,0.0311446704183218,0.0212557301107569,0.0682963056918099,0.33184855233853,0.0,0.0512249443207126,1.0,-0.1408806228798283,0.0,0.1384954504387902,1.0,0.1669877888290886,1.0,0.0426251122219997,1.0,-0.0147631086908341,,0.021194694370472,1.0,0.0389385811815244,1.0,0.2339522294163269,1.0,0.0082448449609046,1.0,0.0062072917624196,,-0.010281782195443,0.0,,,0.0,,,1.0,1.0,0.0,0.0,0.0,1.0,1.0,0.0,1.0,1.0,0.0,0.622,,0.147,0.0,,0.0,1.0,1.0,0.0,1.0,1.0,0.0,1.0,1.0,0.0,1.0,1.0,0.0,0.001,,0.524,0.0,
Charville_c001_v001_r001_reg032,68265.0,3057.0,0.6876022244030094,0.0310762185148838,0.014720314033366,0.0163559044815178,0.1148184494602551,0.0562643114164213,0.0781812234216552,0.0314033366045142,0.0179914949296696,0.029440628066732,0.2335623159960745,0.6876022244030094,0.014720314033366,0.0,0.5916834889975013,0.601307728962046,0.6336060710195466,0.6229323395343754,0.0379351380103414,0.0225711481844946,0.1666666666666666,0.0197525296204098,0.0280161786997648,0.049054970711959,0.6876022244030094,1.0,0.014720314033366,0.0,-0.0912441962204287,,0.0877028871974545,1.0,0.0486857626934,1.0,0.140831054378492,1.0,-0.0267181614594277,0.0,-0.0147868435465835,0.0,-0.0761721659614443,0.0,-0.1831427151867382,0.0,-0.0064390993213207,0.0,0.0112016600150965,1.0,0.0116950622378987,1.0,,,1.0,,,0.0,0.246,0.0,,0.0,1.0,1.0,0.0,0.599,,0.0,1.0,1.0,0.814,0.0,,1.0,0.0,0.0,1.0,0.0,0.0,1.0,0.0,0.0,1.0,0.0,0.0,0.0,0.921,1.0,0.0,1.0,1.0
Charville_c001_v001_r001_reg038,68262.0,2646.0,0.4312169312169312,0.0483749055177626,0.0128495842781557,0.0355253212396069,0.127739984882842,0.1292517006802721,0.1636432350718065,0.0332577475434618,0.0710506424792139,0.1020408163265306,0.3386243386243386,0.4312169312169312,0.0128495842781557,0.0588235294117647,0.3645782975370888,0.3977504317797211,0.4024208828183592,0.3335819056663314,0.0512809550514573,0.0385487528344671,0.3147321428571428,0.0840600114688573,0.0984249652208558,0.0212756111341566,0.4312169312169312,0.0,0.0128495842781557,0.0,-0.1155601072859254,0.0,0.0778775024054975,1.0,0.0989759094736464,1.0,0.0897294783152847,1.0,-0.0972814039071313,0.0,-0.0053197354537002,,-0.0867624212022161,0.0,-0.1160973892430781,0.0,0.0032764589655706,,0.0284116499864686,1.0,-0.0139720153067231,0.0,,,0.0,,,0.0,1.0,0.0,0.0,0.0,1.0,1.0,0.0,1.0,1.0,0.0,1.0,1.0,1.0,0.0,0.0,0.001,0.0,,1.0,0.0,0.0,1.0,0.0,0.0,0.0,0.319,,0.0,1.0,1.0,0.997,0.0,0.0
Charville_c001_v001_r001_reg039,68262.0,1144.0,0.458041958041958,0.0629370629370629,0.0122377622377622,0.0506993006993006,0.0445804195804195,0.1520979020979021,0.1923076923076923,0.0279720279720279,0.0664335664335664,0.1118881118881118,0.2875874125874126,0.458041958041958,0.0122377622377622,0.1428571428571429,0.3441307062614306,0.257817996343159,0.3629183314610312,0.2485859333044836,0.0721176676971279,0.0524475524475524,0.5349544072948328,0.0746887095322255,0.0992050034962753,0.0348596761065796,0.458041958041958,0.0,0.0122377622377622,0.0,-0.0237362662776469,,0.0311018860238714,,-0.0667568473180139,0.0,0.0303283228791412,,-0.2083252246150478,0.0,0.0044677467505828,1.0,0.0215788580799623,1.0,0.1019253356028853,1.0,-0.0035209993298986,,0.0227258803455461,1.0,0.0003028713623278,,,,0.0,,,0.0,0.0,0.033,,0.0,0.082,,1.0,0.0,0.0,0.0,0.081,,1.0,0.0,0.0,0.0,0.74,,0.0,0.995,1.0,0.0,1.0,1.0,0.288,0.0,,0.0,1.0,1.0,0.0,0.067,
Charville_c001_v001_r001_reg040,68261.0,2777.0,0.5419517464890169,0.0313287720561757,0.0064818149081742,0.0248469571480014,0.05293482175009,0.0702196615052214,0.0997479294202376,0.01512423478574,0.0273676629456247,0.227223622614332,0.1696074900972272,0.5419517464890169,0.0064818149081742,0.0,0.3035712403668574,0.3155612572958486,0.3314356886352356,0.5162622514003367,0.0400990583554306,0.0032409074540871,0.2229299363057325,0.0380973285030845,0.1489445147159642,0.0146658731599078,0.5419517464890169,1.0,0.0064818149081742,0.0,-0.1465475340590263,0.0,-0.0748722632285918,0.0,-0.086106074799576,0.0,-0.0580815117247617,0.0,-0.0198423946328706,,-0.0090249233973235,0.0,-0.0187875865113797,0.0,-0.2058706587897302,0.0,-0.0020286260661852,,-0.0060681855808392,0.0,-0.0133917650989877,0.0,,,1.0,,,0.0,1.0,0.0,0.0,1.0,0.0,0.0,1.0,0.0,0.0,1.0,0.0,0.0,0.302,0.0,,0.805,0.0,,0.492,0.0,,1.0,0.0,0.0,0.002,0.0,,0.51,0.0,,0.978,0.0,0.0
Charville_c001_v001_r001_reg041,68261.0,2818.0,0.5929737402413059,0.0589070262597586,0.010290986515259,0.0486160397444996,0.0383250532292406,0.0674237047551454,0.0872959545777146,0.0177430801987224,0.0205819730305181,0.1809794180269694,0.1823988644428673,0.5929737402413059,0.010290986515259,0.0689655172413793,0.3087992947391498,0.3562334348964712,0.3587263405475008,0.6644141634028271,0.0968571723222768,0.0088715400993612,0.2568093385214007,0.0326966301715653,0.1127727671979795,0.0168701252040468,0.5929737402413059,1.0,0.010290986515259,0.0,-0.057170461484429,,-0.1196946762723231,0.0,-0.0991818458279088,0.0,-0.0670350742963025,0.0,0.086622095310201,1.0,0.0148042279027619,1.0,-0.0117768613466309,,-0.146883076878238,0.0,0.0009150321047273,,-0.0097208633580245,0.0,-0.0154885323359802,0.0,,,1.0,,,0.0,0.0,0.0,,1.0,0.0,0.0,1.0,0.0,0.0,1.0,0.0,0.0,0.0,1.0,1.0,0.0,1.0,1.0,0.017,0.0,,1.0,0.0,0.0,0.0,0.0,,0.911,0.0,0.0,1.0,0.0,0.0
Charville_c001_v001_r001_reg043,68260.0,1181.0,0.2988992379339543,0.1244707874682472,0.073666384419983,0.0508044030482641,0.0245554614733276,0.1981371718882303,0.2209991532599492,0.0601185436071126,0.0237087214225232,0.2303132938187976,0.4072819644369179,0.2988992379339543,0.073666384419983,0.0,0.2657228396724638,0.2523834534428734,0.2900059741021618,0.3089642319146101,0.1350875365867205,0.02116850127011,0.4282744282744283,0.0259205270877913,0.2196388094625048,0.1036859223059615,0.2988992379339543,0.0,0.073666384419983,1.0,-0.1477881022828563,0.0,0.076410917614334,1.0,0.0265356725155719,,0.0691714577322418,1.0,0.0070738273628463,,0.0041228786679131,1.0,-0.0222382909530788,0.0,-0.0405198020226871,,0.0022838451539341,,0.05953597873829,1.0,-0.000231288235624,,,,0.0,,,1.0,1.0,0.0,0.0,0.0,1.0,1.0,0.0,0.0,,0.0,1.0,1.0,0.0,0.0,,0.0,0.608,,0.916,0.0,0.0,0.0,0.0,,0.0,0.095,,0.0,1.0,1.0,0.0,0.038,
Charville_c001_v001_r001_reg045,68259.0,2333.0,0.4573510501500214,0.1255893699099871,0.0128589798542648,0.1127303900557222,0.0132876125160737,0.1204457779682811,0.1225889412773253,0.0081440205743677,0.0287183883411916,0.2331761680240034,0.2674667809687098,0.4573510501500214,0.0128589798542648,0.2666666666666667,0.2096235182596427,0.2277635403110418,0.2601475975641561,0.5387242481779985,0.1802034153314665,0.0,0.5512820512820513,0.0347109013216932,0.1290054851952345,0.0310283172262995,0.4573510501500214,0.0,0.0128589798542648,0.0,0.1005537326292861,1.0,-0.1165649643661675,0.0,-0.0967159772701297,0.0,-0.0708529040616733,0.0,0.0701070885862922,1.0,0.0302936738495853,1.0,-0.0300905909352144,0.0,0.1125946845402368,1.0,-0.0018595388708208,,-0.0311430531643079,0.0,-0.0042299179658183,,,,0.0,,,0.0,0.0,1.0,1.0,1.0,0.0,0.0,1.0,0.0,0.0,1.0,0.0,0.0,0.0,1.0,1.0,0.0,1.0,1.0,1.0,0.0,0.0,0.0,1.0,1.0,0.0,0.0,,1.0,0.0,0.0,0.0,0.0,
Charville_c001_v001_r001_reg046,68259.0,2035.0,0.5783783783783784,0.0928746928746928,0.0093366093366093,0.0835380835380835,0.0108108108108108,0.0899262899262899,0.0963144963144963,0.0103194103194103,0.0339066339066339,0.171990171990172,0.2039312039312039,0.5783783783783784,0.0093366093366093,0.368421052631579,0.1851888433983502,0.2427246903240754,0.26321351998282,0.8196952326937098,0.1570252891094163,0.0,0.5493975903614458,0.0661653734813031,0.0724477291089647,0.0148928250814339,0.5783783783783784,1.0,0.0093366093366093,0.0,0.236598320192364,1.0,-0.2381773940398884,0.0,-0.1974426128894809,0.0,-0.1529323154885598,0.0,0.2496903668222608,1.0,0.038794931667354,1.0,-0.0071238034237103,,0.1452391590704408,1.0,0.0204221228763226,1.0,-0.0440230652436327,0.0,-0.0163882242355323,0.0,,,1.0,,,0.0,0.0,1.0,1.0,1.0,0.0,0.0,1.0,0.0,0.0,1.0,0.0,0.0,0.0,1.0,1.0,0.0,1.0,1.0,0.0,0.0,,0.0,1.0,1.0,0.0,1.0,1.0,1.0,0.0,0.0,1.0,0.0,0.0
Charville_c001_v001_r001_reg050,68225.0,1182.0,0.3730964467005076,0.0143824027072758,0.0093062605752961,0.0050761421319796,0.0583756345177665,0.1429780033840947,0.2115059221658206,0.1979695431472081,0.0219966159052453,0.1116751269035533,0.4137055837563452,0.3730964467005076,0.0093062605752961,0.2727272727272727,0.3492710535501547,0.3582357515198381,0.2882127619968208,0.2988766079133783,0.0155561887854323,0.0,0.7893660531697342,0.0187092173096057,0.0627332819060475,0.0294572468877564,0.3730964467005076,0.0,0.0093062605752961,0.0,0.0759875515892688,1.0,0.1201499232408452,1.0,0.1199387895969193,1.0,0.016442612999418,,0.0194640429733035,,0.0053913542593627,1.0,-0.0184835189547413,,0.3538378347901244,1.0,-0.0026560329816563,,-0.01463307205373,0.0,-0.00178953497659,,,,0.0,,,0.0,0.0,1.0,1.0,0.0,1.0,1.0,0.0,1.0,1.0,0.0,0.0,,0.0,0.063,,0.0,0.957,1.0,0.442,0.0,,0.0,1.0,1.0,0.037,0.0,,1.0,0.0,0.0,0.0,0.001,
Charville_c001_v001_r001_reg052,68228.0,1963.0,0.5134997452878247,0.0219052470708099,0.010188487009679,0.0117167600611309,0.0611309220580743,0.0809984717269485,0.0983188996434029,0.0259806418746816,0.0310748853795211,0.23841059602649,0.1900152827305145,0.5134997452878247,0.010188487009679,0.0,0.3460460063629379,0.4095857934583334,0.3608467191760816,0.5848801944847936,0.0296534313472222,0.0,0.260053619302949,0.037442326275734,0.1679327126907289,0.0187344119890814,0.5134997452878247,0.0,0.010188487009679,0.0,-0.1513703954787443,0.0,-0.0057947486297892,,0.0324090392353564,,-0.0087788401135634,,0.0796580660831476,1.0,-0.009240999823353,0.0,-0.0264798074894955,0.0,-0.1754055382389505,0.0,-0.0058190501215969,0.0,0.0048571809875772,,-0.013508511109109,0.0,,,0.0,,,0.0,1.0,0.0,0.0,0.001,0.0,,0.0,0.01,,0.0,0.0,,0.0,1.0,1.0,0.855,0.0,,0.998,0.0,0.0,1.0,0.0,0.0,0.996,0.0,0.0,0.0,0.0,,0.983,0.0,0.0
Charville_c001_v001_r001_reg055,68257.0,1547.0,0.5009696186166774,0.0446024563671622,0.0090497737556561,0.0355526826115061,0.0717517776341305,0.0562378797672915,0.0866192630898513,0.1738849385908209,0.0297349709114414,0.0723981900452488,0.3464770523594053,0.5009696186166774,0.0090497737556561,0.0714285714285714,0.3640572220284011,0.3066225274840607,0.4027354146036114,0.2801864247964107,0.0613445514530778,0.0523594053005817,0.5093283582089553,0.0316097374772545,0.0556339186735896,0.0283022122241753,0.5009696186166774,0.0,0.0090497737556561,0.0,-0.0851831967383804,,0.0180378232732389,,-0.0571635817262223,0.0,0.042893083348884,1.0,-0.1227051120104709,0.0,-0.0049118561590217,,-0.0011127419539181,,0.1102557638245604,1.0,-0.0020063063613282,,0.0069164139288457,,-0.002654964741674,,,,0.0,,,0.0,0.118,0.0,,0.0,0.002,,0.999,0.0,0.0,0.0,0.659,,1.0,0.0,0.0,0.0,0.0,,0.0,0.0,,0.0,1.0,1.0,0.001,0.0,,0.0,0.001,,0.0,0.0,
Charville_c001_v001_r001_reg059,68255.0,1195.0,0.5581589958158996,0.0117154811715481,0.002510460251046,0.009205020920502,0.0351464435146443,0.0652719665271966,0.1297071129707113,0.1447698744769874,0.0108786610878661,0.103765690376569,0.2569037656903766,0.5581589958158996,0.002510460251046,,0.4512222689751328,,0.3678547709240322,0.4677541428138663,0.0122003391015183,0.0,0.4429967426710097,0.0125701793774339,0.0697750712181414,,0.5581589958158996,1.0,0.002510460251046,0.0,,,0.0631095935679741,1.0,,,-0.0330347373424915,,-0.0017337442875421,,-0.0097092677389799,0.0,0.0119919443616173,,0.0443630621386773,1.0,-0.0043587216657917,0.0,0.0001174027909379,,,,,,1.0,,,0.0,,,,0.0,0.982,1.0,,,,0.454,0.0,,0.0,0.0,,0.947,0.0,0.0,0.0,0.134,,0.0,0.778,,0.842,0.0,,0.001,0.0,,,,
Charville_c001_v001_r001_reg062,68254.0,2377.0,0.5902397980647875,0.0176693310896087,0.0084139671855279,0.0092553639040807,0.1249474127050904,0.0298695835086243,0.0656289440471182,0.0530079932688262,0.0403870424905342,0.0954985275557425,0.2254943205721497,0.5902397980647875,0.0084139671855279,0.0,0.4909439572901918,0.5620264196994884,0.370257397966735,0.5866867780475444,0.0220044443499422,0.0,0.291044776119403,0.0475899572358877,0.0660957025605421,0.0369674504162157,0.5902397980647875,1.0,0.0084139671855279,0.0,-0.1291116693735207,0.0,0.07386123770792,1.0,0.1110638420898266,1.0,-0.0522547035198516,0.0,0.0330781629914449,1.0,-0.0180559231336389,0.0,-0.1031736713335669,0.0,-0.102320358581939,0.0,-0.0043672790844101,0.0,0.0025310420489986,,0.0067281766060301,1.0,,,1.0,,,0.0,1.0,0.0,0.0,0.0,1.0,1.0,0.0,1.0,1.0,0.997,0.0,0.0,0.0,0.726,,1.0,0.0,0.0,1.0,0.0,0.0,1.0,0.0,0.0,0.865,0.0,,0.0,0.0,,0.0,0.994,1.0
Charville_c001_v001_r001_reg063,68254.0,1971.0,0.604261796042618,0.0202942668696093,0.0111618467782851,0.0091324200913242,0.1506849315068493,0.0441400304414003,0.0730593607305936,0.0390664637239979,0.0299340436326737,0.0654490106544901,0.2541856925418569,0.604261796042618,0.0111618467782851,0.0,0.6060422505966633,0.6780438463209663,0.4214884300636773,0.5887974532354043,0.0225474399401889,0.0,0.3473053892215569,0.0333429535226886,0.0492605849458221,0.0148682877601202,0.604261796042618,1.0,0.0111618467782851,0.0,-0.1215885090033293,0.0,0.1762922320191054,1.0,0.2107109840399358,1.0,-0.0115058068213703,,0.0146428634100173,,-0.0190975246599302,0.0,-0.1367393117403405,0.0,-0.0324471284775811,,-0.0052933298510559,0.0,0.0065939210511304,,-0.0184736772201598,0.0,,,1.0,,,0.0,1.0,0.0,0.0,0.0,1.0,1.0,0.0,1.0,1.0,0.0,0.0,,0.0,0.015,,1.0,0.0,0.0,1.0,0.0,0.0,0.0,0.0,,0.99,0.0,0.0,0.0,0.001,,1.0,0.0,0.0
Charville_c001_v001_r001_reg065,68252.0,1655.0,0.565558912386707,0.0145015105740181,0.007250755287009,0.007250755287009,0.0138972809667673,0.0537764350453172,0.0737160120845921,0.0132930513595166,0.0380664652567975,0.2694864048338368,0.0954682779456193,0.565558912386707,0.007250755287009,0.0,0.3436092392597634,0.3447232863231207,0.3883491078442165,0.6486028847448154,0.0291507191875616,0.0,0.379746835443038,0.0550486800552789,0.2250919993634177,0.0909641330675392,0.565558912386707,1.0,0.007250755287009,0.0,-0.1382210563180722,0.0,-0.0514959673125542,0.0,-0.0808784790183089,0.0,-0.0174125410124834,,0.0913235932709731,1.0,-0.0059299094201576,,0.0366925799561749,1.0,-0.0587811715152145,,-0.0010376310318428,,0.0412150482935706,1.0,0.0620382673469935,1.0,,,1.0,,,0.0,1.0,0.0,0.0,0.978,0.0,0.0,1.0,0.0,0.0,0.008,0.0,,0.0,1.0,1.0,0.014,0.0,,0.0,1.0,1.0,0.128,0.0,,0.0,0.0,,0.0,1.0,1.0,0.0,1.0,1.0
Charville_c001_v001_r001_reg069,68250.0,2522.0,0.5947660586835845,0.0408406026962728,0.0198255352894528,0.0210150674068199,0.1169706582077716,0.0662172878667724,0.1574147501982553,0.0313243457573354,0.0309278350515463,0.0237906423473433,0.2553528945281522,0.5947660586835845,0.0198255352894528,0.02,0.4601266509386763,0.4719777839257053,0.5036691002548437,0.5698372989725576,0.0566221072076357,0.0563045202220459,0.2437888198757763,0.0430176707836881,0.012508036265862,0.0448804437538553,0.5947660586835845,1.0,0.0198255352894528,0.0,-0.0948434490002068,0.0,0.034053701479247,,0.0058368391585441,,0.0766729079000709,1.0,-0.0010564257994268,,0.0072853822128312,1.0,-0.051048808822947,0.0,-0.1396906950882098,0.0,0.0033172927947561,,-0.0015394891131576,,0.0017561178888765,,,,1.0,,,0.0,0.564,0.0,,0.0,0.174,,0.0,0.0,,0.0,1.0,1.0,0.0,0.0,,0.0,0.998,1.0,1.0,0.0,0.0,1.0,0.0,0.0,0.0,0.438,,0.007,0.0,,0.0,0.37,
Charville_c001_v001_r001_reg070,68250.0,1166.0,0.4545454545454545,0.0283018867924528,0.0094339622641509,0.0188679245283018,0.0145797598627787,0.0917667238421955,0.1723842195540308,0.0205831903945111,0.0668953687821612,0.2144082332761578,0.1552315608919382,0.4545454545454545,0.0094339622641509,0.9090909090909092,0.2409746980234645,0.2187838548603043,0.314441901739355,0.5325186867200092,0.0319061962317349,0.0248713550600343,0.4696132596685083,0.106035027502431,0.1657926906153909,0.0647724380596919,0.4545454545454545,0.0,0.0094339622641509,0.0,0.7382381927180717,1.0,-0.061434918484063,0.0,-0.0997172415726619,0.0,-0.0135659541572463,,0.0739948482454337,1.0,-0.0007848904663966,,0.0523256875004469,1.0,-0.0001909009014393,,0.0204262074228011,1.0,0.0185555766831244,1.0,0.0333814654151305,1.0,,,0.0,,,0.0,0.0,1.0,1.0,1.0,0.0,0.0,1.0,0.0,0.0,0.0,0.0,,0.0,1.0,1.0,0.0,0.002,,0.0,1.0,1.0,0.0,0.0,,0.0,1.0,1.0,0.0,1.0,1.0,0.0,1.0,1.0
Charville_c001_v001_r001_reg071,68249.0,1786.0,0.4210526315789473,0.0319148936170212,0.0072788353863381,0.024636058230683,0.0162374020156774,0.0795072788353863,0.1198208286674132,0.0078387458006718,0.0257558790593505,0.3661814109742441,0.135498320268757,0.4210526315789473,0.0072788353863381,0.0,0.3181563551744759,0.3392319413408692,0.3714668965677014,0.3346066412060218,0.0283804316163557,0.0,0.3636363636363636,0.0300259032691912,0.3151026959141208,0.0076871407815146,0.4210526315789473,0.0,0.0072788353863381,0.0,-0.1838631360136176,0.0,0.0438339301622329,1.0,0.0556884180219474,1.0,0.0677398297586329,1.0,-0.1033871715069269,0.0,-0.0177854276388408,0.0,0.0231986251561219,1.0,-0.1256722687342134,0.0,-0.0100480141408706,0.0,0.0627690725818637,1.0,-0.0212704307956026,0.0,,,0.0,,,0.0,1.0,0.0,0.0,0.0,0.565,,0.0,0.977,1.0,0.0,1.0,1.0,1.0,0.0,0.0,1.0,0.0,0.0,0.0,1.0,1.0,1.0,0.0,0.0,1.0,0.0,0.0,0.0,1.0,1.0,1.0,0.0,0.0
Charville_c003_v001_r001_reg147,68154.0,2284.0,0.5459719789842382,0.1007005253940455,0.0245183887915936,0.0761821366024518,0.0297723292469352,0.0757443082311733,0.2123467600700525,0.0183887915936952,0.0249562171628721,0.0669877408056042,0.2246059544658493,0.5459719789842382,0.0245183887915936,0.0535714285714286,0.3428525661782285,0.4012153027779017,0.3532960648525837,0.4455366532593344,0.1122036700185739,0.0026269702276707,0.4132553606237816,0.046299763273766,0.0425960424547792,0.0473771752752514,0.5459719789842382,1.0,0.0245183887915936,1.0,-0.07141492197665,,-0.0542882221751455,0.0,-0.0213609829864193,,-0.0392761469297078,0.0,-0.091956762127474,0.0,0.0061345221525695,1.0,-0.0328078067570163,0.0,0.0008278803570516,,0.0117604013247625,1.0,-0.0018416236951181,,-0.0010459544972994,,,,1.0,,,1.0,0.001,0.0,,0.992,0.0,0.0,0.18,0.0,,0.886,0.0,,1.0,0.0,0.0,0.0,0.989,1.0,1.0,0.0,0.0,0.0,0.0,,0.0,1.0,1.0,0.018,0.0,,0.0,0.008,
Charville_c001_v001_r001_reg079,68224.0,2912.0,0.6129807692307693,0.0528846153846153,0.0051510989010989,0.0477335164835164,0.0195741758241758,0.0824175824175824,0.1061126373626373,0.0439560439560439,0.0271291208791208,0.1308379120879121,0.1988324175824175,0.6129807692307693,0.0051510989010989,0.0666666666666666,0.2302230923993425,0.4231576189280137,0.2603872283555837,0.6143271178683116,0.1057502517277737,0.0,0.4835924006908463,0.0473067961586984,0.0570635671940531,0.0236980856418558,0.6129807692307693,1.0,0.0051510989010989,0.0,-0.058927945587574,,-0.214200453341002,0.0,-0.0470974298763203,0.0,-0.1801443284363773,0.0,0.0358025861866806,1.0,0.0337835151409893,1.0,0.0063044607329123,,0.0927896908543444,1.0,0.0089691763061579,1.0,-0.0306003291991915,0.0,-0.0028570119613506,,,,1.0,,,0.0,0.0,0.0,,1.0,0.0,0.0,0.975,0.0,0.0,1.0,0.0,0.0,0.0,0.842,,0.0,1.0,1.0,0.0,0.001,,0.0,1.0,1.0,0.0,1.0,1.0,1.0,0.0,0.0,0.0,0.0,
Charville_c001_v001_r001_reg080,68224.0,2129.0,0.4401127289807421,0.0450915922968529,0.0070455612963832,0.0380460310004697,0.032409581963363,0.1897604509159229,0.1982151244715829,0.0887740723344293,0.0216063879755753,0.1531235321747299,0.3560356975105683,0.4401127289807421,0.0070455612963832,0.4666666666666667,0.2002936760819562,0.2062177228898877,0.2437641435496721,0.462593074064469,0.06136694646274,0.0,0.4089709762532981,0.0244756104262704,0.0662870149720631,0.0438673923653077,0.4401127289807421,0.0,0.0070455612963832,0.0,0.2885653734779186,1.0,-0.0933569946862186,0.0,-0.0958471883173623,0.0,-0.077361295487377,0.0,0.058596075363729,1.0,0.0146381446205914,1.0,-0.0049008694080635,,-0.013433354343584,,0.000555804694591,,-0.0388533857466526,0.0,0.0151732156840303,1.0,,,0.0,,,0.0,0.0,1.0,1.0,1.0,0.0,0.0,1.0,0.0,0.0,1.0,0.0,0.0,0.0,1.0,1.0,0.0,1.0,1.0,0.0,0.0,,0.0,0.0,,0.0,0.0,,1.0,0.0,0.0,0.0,1.0,1.0
Charville_c001_v001_r001_reg081,68223.0,2192.0,0.6614963503649635,0.021441605839416,0.0041058394160583,0.0173357664233576,0.0656934306569343,0.0766423357664233,0.114963503649635,0.0506386861313868,0.0232664233576642,0.0552007299270073,0.2144160583941605,0.6614963503649635,0.0041058394160583,0.0,0.4837133398505472,0.5613739684606034,0.5334569532373762,0.6397572585100537,0.025143336787306,0.0,0.2361702127659574,0.0210671669529829,0.0495165778650854,0.0219016212074315,0.6614963503649635,1.0,0.0041058394160583,0.0,-0.111436318041566,0.0,0.0043587958375878,,0.0443990073481634,,0.0585697042885627,1.0,0.0241922959998344,,-0.0102414088847132,0.0,-0.0318652098100099,0.0,-0.1298457413029497,0.0,-0.0120891591055563,0.0,0.0146156661315156,1.0,-0.0034732509655045,,,,1.0,,,0.0,1.0,0.0,0.0,0.0,0.0,,0.0,0.127,,0.0,1.0,1.0,0.0,0.171,,0.988,0.0,0.0,1.0,0.0,0.0,1.0,0.0,0.0,1.0,0.0,0.0,0.0,1.0,1.0,0.0,0.0,
Charville_c001_v001_r001_reg082,68223.0,2191.0,0.5937927886809676,0.0333181195801004,0.0114103149246919,0.0219078046554084,0.0712003651300775,0.0670926517571885,0.0821542674577818,0.0214513920584208,0.0260155180282975,0.1656777727065267,0.1930625285257873,0.5937927886809676,0.0114103149246919,0.0,0.4267611112061714,0.5143199298591401,0.3764725028383279,0.6447662479304946,0.0479825474693526,0.0173436786855317,0.243498817966903,0.0352684389003059,0.126638330467422,0.027895467496786,0.5937927886809676,1.0,0.0114103149246919,0.0,-0.1246178988559701,0.0,0.0031789743475003,,0.0570470513289392,1.0,-0.0498608132831544,0.0,0.0685779051304874,1.0,-0.0065196388741883,,-0.0285827547927774,0.0,-0.157002185251529,0.0,-0.0021086178157505,,0.0147093048956379,1.0,-0.0057270483220162,,,,1.0,,,0.0,1.0,0.0,0.0,0.0,0.0,,0.0,0.992,1.0,0.995,0.0,0.0,0.0,1.0,1.0,0.062,0.0,,1.0,0.0,0.0,1.0,0.0,0.0,0.003,0.0,,0.0,1.0,1.0,0.0,0.0,
Charville_c001_v001_r001_reg083,68247.0,1970.0,0.3172588832487309,0.1081218274111675,0.0187817258883248,0.0893401015228426,0.0106598984771573,0.1538071065989847,0.2314720812182741,0.0050761421319796,0.0263959390862944,0.2954314720812183,0.2776649746192893,0.3172588832487309,0.0187817258883248,0.4054054054054054,0.1615333454412346,0.153055113214559,0.1942166704842309,0.2383209854533383,0.1039035360871505,0.0,0.5082266910420475,0.0322749907177998,0.1670605652316232,0.0356973690822346,0.3172588832487309,0.0,0.0187817258883248,0.0,0.2016768423972269,1.0,-0.0400204215327762,0.0,-0.0392478501763937,0.0,-0.0381578188909534,0.0,-0.1132782202312262,0.0,-0.0069841706740815,,-0.0162064757722299,,0.0126822206045322,,-0.001137148191126,,-0.0377353937025359,0.0,-0.0062483686740519,,,,0.0,,,0.0,0.0,1.0,1.0,0.709,0.0,,0.905,0.0,0.0,0.833,0.0,,1.0,0.0,0.0,0.181,0.0,,0.213,0.0,,0.0,0.011,,0.0,0.0,,1.0,0.0,0.0,0.001,0.0,
Charville_c001_v001_r001_reg084,68247.0,2743.0,0.5140357273058694,0.0371855632519139,0.0094786729857819,0.0277068902661319,0.0765585125774699,0.0634341961356179,0.2088953700328107,0.0185927816259569,0.0331753554502369,0.1090047393364928,0.1957710535909588,0.5140357273058694,0.0094786729857819,0.5,0.2964231928981751,0.2859647424300742,0.3936818625852117,0.5172498457941505,0.0338367184985784,0.0036456434560699,0.3780260707635009,0.0499565882122439,0.0779917487221281,0.0605478832205384,0.5140357273058694,0.0,0.0094786729857819,0.0,0.3480004945769986,1.0,-0.0592345526525184,0.0,-0.0910717192148882,0.0,0.0242835061669702,,0.0069925906220957,,-0.0021732096822982,,-0.0512877528025049,0.0,-0.0556705740249597,,0.0046170159036727,1.0,0.0041831708910527,,0.0291064267186862,1.0,,,0.0,,,0.0,0.0,1.0,1.0,1.0,0.0,0.0,1.0,0.0,0.0,0.0,0.008,,0.0,0.0,,0.0,0.0,,1.0,0.0,0.0,0.063,0.0,,0.0,0.966,1.0,0.0,0.0,,0.0,1.0,1.0
Charville_c001_v001_r001_reg086,68246.0,2023.0,0.5630252100840336,0.023232822540781,0.0019772614928324,0.0212555610479485,0.0865051903114186,0.0598121601581809,0.125061789421651,0.0163124073158675,0.0242214532871972,0.1517548195748888,0.1858625803262481,0.5630252100840336,0.0019772614928324,,0.3446126608385804,,0.3929161848505983,0.7327294529164778,0.0271165066772169,0.0123578843302026,0.2765957446808511,0.0357874928585515,0.1143076109118173,,0.5630252100840336,1.0,0.0019772614928324,0.0,,,-0.0502247413944233,0.0,,,-0.0112500601002584,,0.179472810706057,1.0,-0.0084452165181901,0.0,-0.0464475701591622,0.0,-0.1389092100267518,0.0,6.682272629738445e-05,,0.0116076670090485,1.0,,,,,1.0,,,0.0,,,,0.97,0.0,0.0,,,,0.0,0.0,,0.0,1.0,1.0,0.615,0.0,,1.0,0.0,0.0,1.0,0.0,0.0,0.0,0.0,,0.0,0.969,1.0,,,
Charville_c001_v001_r001_reg088,68245.0,1218.0,0.3472906403940887,0.0862068965517241,0.0246305418719211,0.0615763546798029,0.0065681444991789,0.1633825944170771,0.1699507389162561,0.0065681444991789,0.0632183908045977,0.2504105090311987,0.2627257799671593,0.3472906403940887,0.0246305418719211,0.0666666666666666,0.3643954969046591,0.3564739426992062,0.3518714635749188,0.2922388831928305,0.0904508897954538,0.0,0.365625,0.0473541087694765,0.2558491813128191,0.026804101416583,0.3472906403940887,0.0,0.0246305418719211,1.0,-0.1209901331912932,0.0,0.1417571906784679,1.0,0.1291440528212416,1.0,0.0977744336114764,1.0,-0.0839283756062999,0.0,-0.0071150814416863,,0.0022001616925714,,-0.1211310809641699,0.0,-0.0285084546754103,0.0,0.0824729965165926,1.0,-0.0217456628609689,0.0,,,0.0,,,1.0,1.0,0.0,0.0,0.0,1.0,1.0,0.0,1.0,1.0,0.0,1.0,1.0,1.0,0.0,0.0,0.286,0.0,,0.0,0.0,,1.0,0.0,0.0,1.0,0.0,0.0,0.0,1.0,1.0,1.0,0.0,0.0
Charville_c001_v001_r001_reg090,68252.0,1338.0,0.600896860986547,0.0179372197309417,0.0044843049327354,0.0134529147982062,0.0014947683109118,0.0553064275037369,0.0986547085201793,0.0396113602391629,0.0351270553064275,0.1801195814648729,0.1143497757847533,0.600896860986547,0.0044843049327354,0.0,0.4051735402769073,0.3666970030819925,0.4466199028735462,0.4977159180891161,0.017477451025704,0.0,0.3333333333333333,0.0594712003236103,0.1389913257001822,0.0059695128451124,0.600896860986547,1.0,0.0044843049327354,0.0,-0.1301640571724769,0.0,-0.0211574439639817,,-0.0910497903400511,0.0,0.0156352440026608,,-0.0732444706788234,0.0,-0.01694092577182,0.0,0.0500094036410172,1.0,-0.0851326250415347,0.0,0.0076925787957285,1.0,0.0171872430888878,1.0,-0.019832693050842,0.0,,,1.0,,,0.0,1.0,0.0,0.0,0.178,0.0,,1.0,0.0,0.0,0.0,0.0,,1.0,0.0,0.0,1.0,0.0,0.0,0.0,1.0,1.0,0.966,0.0,0.0,0.0,1.0,1.0,0.0,1.0,1.0,1.0,0.0,0.0
Charville_c002_v001_r001_reg024,68206.0,2326.0,0.3465176268271711,0.1173688736027515,0.0498710232158211,0.0674978503869303,0.0038693035253654,0.0791057609630266,0.0902837489251934,0.0429922613929492,0.1074806534823731,0.2231298366294067,0.2433361994840928,0.3465176268271711,0.0498710232158211,0.2758620689655172,0.2375086586565086,0.290347026616418,0.238157270076455,0.4364746616600967,0.1508610014637725,0.0,0.5512367491166078,0.1289175537758095,0.08680037089204,0.0869756602590528,0.3465176268271711,0.0,0.0498710232158211,1.0,0.1163556119106823,1.0,0.0086952456594933,,0.0400487466053269,,-0.0124672422356167,,0.0835449396631997,1.0,0.0042886034063842,1.0,-0.0133937045557358,,0.0589823662839787,1.0,0.0019532501862654,,-0.0677678034805464,0.0,0.0099263144128355,1.0,,,0.0,,,1.0,0.0,1.0,1.0,0.0,0.0,,0.0,0.089,,0.0,0.0,,0.0,1.0,1.0,0.0,0.69,,0.057,0.0,,0.0,0.967,1.0,0.0,0.029,,1.0,0.0,0.0,0.0,1.0,1.0
Charville_c002_v001_r001_reg025,68206.0,2279.0,0.5831505046072839,0.0820535322509872,0.0359806932865291,0.046072838964458,0.0342255375164545,0.0539710399297937,0.1189118034225537,0.0504607283896445,0.0285212812637121,0.0877577885037297,0.2207108380868802,0.5831505046072839,0.0359806932865291,0.0,0.5404338865162305,0.5311901557526798,0.5222776831166452,0.548405432356903,0.0837720950471623,0.0,0.345924453280318,0.0318205223805009,0.0774155489669894,0.0536390594467303,0.5831505046072839,1.0,0.0359806932865291,1.0,-0.1003407495576843,0.0,0.1153285103007329,1.0,0.0612827284905793,1.0,0.1039794215611725,1.0,-0.0007644930771042,,-0.0183519717333931,0.0,-0.0296290903741756,0.0,-0.051730851765004,,-0.0069560134808996,0.0,0.0191039207465668,1.0,-0.0077264099534776,,,,1.0,,,1.0,0.944,0.0,0.0,0.0,1.0,1.0,0.0,0.994,1.0,0.0,1.0,1.0,0.0,0.0,,1.0,0.0,0.0,1.0,0.0,0.0,0.025,0.0,,1.0,0.0,0.0,0.0,1.0,1.0,0.025,0.0,
Charville_c002_v001_r001_reg026,68195.0,2890.0,0.1051903114186851,0.0903114186851211,0.0515570934256055,0.0387543252595155,0.0539792387543252,0.1290657439446366,0.3346020761245675,0.1529411764705882,0.0961937716262975,0.0813148788927335,0.4262975778546712,0.1051903114186851,0.0515570934256055,0.0201342281879194,0.0775677072292487,0.0900167990671365,0.0914962913848498,0.0959977524431946,0.07663744898107,0.003114186851211,0.2987012987012987,0.0989162612607132,0.0708644794645,0.0744401425904704,0.1051903114186851,0.0,0.0515570934256055,1.0,-0.2137510625424558,0.0,0.0627882674332633,1.0,0.0754165975578754,1.0,0.0110285028293856,,0.0160868062206826,,0.004118545869321,1.0,-0.0560725671965143,0.0,-0.2474004299238583,0.0,-0.0057683358526419,0.0,0.0111782124199317,1.0,-0.0045129821425096,,,,0.0,,,1.0,1.0,0.0,0.0,0.0,0.974,1.0,0.0,1.0,1.0,0.0,0.0,,0.0,0.024,,0.0,0.58,,1.0,0.0,0.0,1.0,0.0,0.0,0.996,0.0,0.0,0.0,0.887,,0.0,0.0,
Charville_c002_v001_r001_reg048,68195.0,2611.0,0.1187284565300651,0.1547299885101493,0.0815779394867866,0.0731520490233627,0.039065492148602,0.1283033320566832,0.3209498276522405,0.083875909613175,0.1183454615090003,0.0957487552661815,0.4059747223286097,0.1187284565300651,0.0815779394867866,0.0046948356807511,0.1115460250819389,0.1127887683610747,0.1131682752346266,0.1102414509498058,0.1113563306774835,0.0030639601685178,0.3264150943396226,0.1317206745403581,0.1060321474261322,0.1358413807176025,0.1187284565300651,0.0,0.0815779394867866,1.0,-0.1911390823802033,0.0,0.0709496061398373,1.0,0.0566548480718755,1.0,0.0230841805639374,,-0.023979033562782,0.0,-0.0353036391993696,0.0,-0.0767637131400919,0.0,-0.219347746761891,0.0,0.0009097658704731,,0.0365546244151136,1.0,0.0229910596743089,1.0,,,0.0,,,1.0,1.0,0.0,0.0,0.0,1.0,1.0,0.0,0.989,1.0,0.0,0.003,,0.601,0.0,,1.0,0.0,0.0,1.0,0.0,0.0,1.0,0.0,0.0,0.0,0.0,,0.0,1.0,1.0,0.0,1.0,1.0
Charville_c002_v001_r001_reg049,68196.0,1028.0,0.3132295719844358,0.0359922178988326,0.0252918287937743,0.0107003891050583,0.0038910505836575,0.1488326848249027,0.2091439688715953,0.1867704280155642,0.0457198443579766,0.1780155642023346,0.3754863813229572,0.3132295719844358,0.0252918287937743,0.1923076923076923,0.2179920072659716,0.2242751421443142,0.1978979085154423,0.2327212169822919,0.049865254323913,0.0,0.8082901554404145,0.0499398083777603,0.1272708257028728,0.0587198972572174,0.3132295719844358,0.0,0.0252918287937743,1.0,-0.0053707629001534,,0.0357488456971072,,0.0298138517061122,,-0.0314341795769912,,-0.0028151698905039,,0.0152280047363754,1.0,0.0360555920199421,1.0,0.3371128920691844,1.0,-0.000260154685375,,0.0034159209725085,,0.00942345939952,1.0,,,0.0,,,1.0,0.0,0.27,,0.0,0.303,,0.0,0.0,,0.337,0.0,,0.0,0.0,,0.0,1.0,1.0,0.0,1.0,1.0,0.0,1.0,1.0,0.0,0.0,,0.0,0.0,,0.0,1.0,1.0
Charville_c002_v001_r001_reg050,68205.0,2060.0,0.5912621359223301,0.0135922330097087,0.0043689320388349,0.0092233009708737,0.0058252427184466,0.0752427184466019,0.0800970873786407,0.1820388349514563,0.0233009708737864,0.0694174757281553,0.2766990291262136,0.5912621359223301,0.0043689320388349,0.0,0.3896289681012237,0.649353004785064,0.3871563250690006,0.2907200289835502,0.0243725413155042,0.0,0.4280701754385965,0.016112375741052,0.0198543644817244,0.0174579880205987,0.5912621359223301,1.0,0.0043689320388349,0.0,-0.133339066472383,0.0,-0.027440166352298,,0.2011879388768801,1.0,-0.037657064699211,0.0,-0.1837629735959073,0.0,-0.0085485186891558,0.0,0.0472720459835869,1.0,0.0487917850195005,1.0,-0.0138471793863764,0.0,-0.0257078923626687,0.0,-0.0082139478081676,,,,1.0,,,0.0,1.0,0.0,0.0,0.277,0.0,,0.0,1.0,1.0,0.776,0.0,,1.0,0.0,0.0,0.648,0.0,,0.0,1.0,1.0,0.0,0.906,1.0,1.0,0.0,0.0,1.0,0.0,0.0,0.058,0.0,
Charville_c002_v001_r001_reg051,68207.0,2068.0,0.4927466150870406,0.04642166344294,0.003384912959381,0.043036750483559,0.0159574468085106,0.0493230174081237,0.1465183752417795,0.0164410058027079,0.0435203094777562,0.2253384912959381,0.1281431334622824,0.4927466150870406,0.003384912959381,0.0,0.2748606692374908,0.3239057822250142,0.3060402459840768,0.5634435119362167,0.0440901293330284,0.0,0.569811320754717,0.0579433282860702,0.1258833653430765,0.0045397225725094,0.4927466150870406,0.0,0.003384912959381,0.0,-0.1655835604479456,0.0,-0.0644675486942037,0.0,-0.0264696176770097,0.0,-0.047705389882134,0.0,0.0699239187467745,1.0,-0.0134170982156152,0.0,0.0147263780272196,1.0,0.1090305230866405,1.0,-0.0026178384695459,,-0.0284280577155874,0.0,-0.0200211357122941,0.0,,,0.0,,,0.0,1.0,0.0,0.0,1.0,0.0,0.0,0.541,0.0,,0.982,0.0,0.0,0.0,1.0,1.0,1.0,0.0,0.0,0.0,0.565,,0.0,1.0,1.0,0.021,0.0,,1.0,0.0,0.0,1.0,0.0,0.0
Charville_c002_v001_r001_reg052,68218.0,2213.0,0.6886579304112065,0.07049254405784,0.0578400361500225,0.0126525079078174,0.0149118843199277,0.0212381382738364,0.1116131947582467,0.0293718933574333,0.01762313601446,0.0370537731586082,0.1360144600090375,0.6886579304112065,0.0578400361500225,0.0234375,0.5176815872432101,0.5000601927686587,0.5680396495645853,0.6440267610313614,0.0694604746674234,0.0,0.3322259136212624,0.0311107481725865,0.034123908521024,0.1970430605889364,0.6886579304112065,1.0,0.0578400361500225,1.0,-0.018964829151192,,0.004136740509806,,-0.0941364217590312,0.0,0.0757270691744227,1.0,-0.0077793015235384,,-0.0211111717560302,0.0,0.0013902278831431,,-0.0431423085204366,,0.0002679797421833,,0.0120709142170022,1.0,0.1109957273016074,1.0,,,1.0,,,1.0,0.0,0.058,,0.0,0.0,,1.0,0.0,0.0,0.0,1.0,1.0,0.01,0.0,,1.0,0.0,0.0,0.0,0.0,,0.004,0.0,,0.0,0.0,,0.0,0.99,1.0,0.0,1.0,1.0
Charville_c002_v001_r001_reg053,68240.0,2335.0,0.5914346895074947,0.038543897216274,0.0167023554603854,0.0218415417558886,0.0137044967880085,0.0830835117773019,0.0955032119914346,0.0483940042826552,0.0501070663811563,0.1383297644539614,0.1837259100642398,0.5914346895074947,0.0167023554603854,0.0769230769230768,0.5390374339166847,0.642026781399179,0.481854887507308,0.6027333055517883,0.0430504176658741,0.0,0.4522144522144522,0.0544995194397167,0.0895980001513637,0.0207664982347409,0.5914346895074947,1.0,0.0167023554603854,0.0,-0.0424867770738667,,0.1163413272477713,1.0,0.1820974642611347,1.0,0.056646749021828,1.0,0.0452499140229445,1.0,-0.0148660832235665,0.0,0.0223144805291486,1.0,0.0482213457700502,1.0,-0.0106285251547785,0.0,-0.0034958657815449,,-0.0188313767246718,0.0,,,1.0,,,0.0,0.0,0.0,,0.0,1.0,1.0,0.0,1.0,1.0,0.0,0.996,1.0,0.0,0.998,1.0,1.0,0.0,0.0,0.0,0.998,1.0,0.0,0.855,,1.0,0.0,0.0,0.131,0.0,,1.0,0.0,0.0
Charville_c002_v001_r001_reg055,68240.0,2337.0,0.5832263585793752,0.0573384681215233,0.0248181429182712,0.032520325203252,0.0106974753958065,0.0949935815147625,0.1108258451005562,0.0663243474540008,0.0231065468549422,0.1339323919554985,0.2293538724860933,0.5832263585793752,0.0248181429182712,0.0689655172413793,0.4527138427886506,0.4909323880698863,0.4604979040300432,0.4914401821297858,0.0738917183989028,0.0,0.4720149253731343,0.0248577866382977,0.0712512738317694,0.0434445403185784,0.5832263585793752,1.0,0.0248181429182712,1.0,-0.043908739744039,,0.0329692941644959,,0.031444235435926,,0.0407233386505054,,-0.0479593877014887,0.0,-0.0021835740422039,,0.014622695697873,,0.076696247261098,1.0,-0.0073415129538121,0.0,-0.0189093410184806,0.0,-0.0053170484186568,,,,1.0,,,1.0,0.0,0.0,,0.0,0.119,,0.0,0.001,,0.0,0.423,,1.0,0.0,0.0,0.0,0.0,,0.0,0.478,,0.0,0.999,1.0,1.0,0.0,0.0,1.0,0.0,0.0,0.0,0.0,
Charville_c002_v001_r001_reg056,68218.0,1989.0,0.3097033685268979,0.122674710910005,0.0407239819004524,0.0819507290095525,0.0040221216691804,0.1121166415284062,0.1206636500754147,0.1704374057315233,0.0432378079436902,0.146807440925088,0.4092508798391151,0.3097033685268979,0.0407239819004524,0.2716049382716049,0.2043712720077646,0.2910552855645087,0.2297533965225508,0.2653935525264813,0.1635867964030236,0.0,0.4987714987714988,0.0410245581841332,0.0940422883575897,0.0681112578400569,0.3097033685268979,0.0,0.0407239819004524,1.0,0.0901726039616716,1.0,0.0061374178815482,,0.0855534168658497,1.0,0.004205864669945,,0.0227246955750986,,0.0165742246425897,1.0,-0.0168094303107701,,0.0350968160410163,,-0.0046121170708349,0.0,-0.0083290813987542,0.0,0.0013900371404031,,,,0.0,,,1.0,0.0,1.0,1.0,0.0,0.0,,0.0,1.0,1.0,0.0,0.0,,0.0,0.135,,0.0,1.0,1.0,0.247,0.0,,0.0,0.457,,0.933,0.0,0.0,0.816,0.0,,0.0,0.217,
Charville_c002_v001_r001_reg057,68216.0,3234.0,0.5850340136054422,0.030921459492888,0.0095856524427953,0.0213358070500927,0.0046382189239332,0.0528756957328385,0.0708101422387136,0.1833642547928262,0.0194805194805194,0.0667903525046382,0.2717996289424861,0.5850340136054422,0.0095856524427953,0.1612903225806451,0.4031976846078276,0.4226145833116826,0.3540729285112186,0.4373992838324265,0.0485055493553076,0.0,0.4300341296928328,0.0232207375771595,0.0420821480629651,0.028543023644491,0.5850340136054422,1.0,0.0095856524427953,0.0,0.0318513817658325,1.0,-0.0123056814664945,,-0.024330943954323,,-0.0655289133014938,0.0,-0.030975156549148,0.0,-0.0053699967699006,,0.0382104790969522,1.0,0.0468008882073519,1.0,-0.0026695191733827,,-0.0017438171957015,,-0.0030192257107057,,,,1.0,,,0.0,0.0,0.989,1.0,0.027,0.0,,0.378,0.0,,1.0,0.0,0.0,0.915,0.0,0.0,0.002,0.0,,0.0,1.0,1.0,0.0,0.818,,0.057,0.0,,0.009,0.0,,0.0,0.0,
Charville_c002_v001_r001_reg058,68207.0,2080.0,0.7259615384615384,0.029326923076923,0.0235576923076923,0.0057692307692307,0.00625,0.0346153846153846,0.085576923076923,0.0644230769230769,0.0120192307692307,0.0471153846153846,0.1346153846153846,0.7259615384615384,0.0235576923076923,0.0,0.7020986608742155,0.7164767076934206,0.5441931003748353,0.6808537753011412,0.0325209377951339,0.0,0.2892857142857143,0.013418929898643,0.036395231628595,0.0400372903657546,0.7259615384615384,1.0,0.0235576923076923,1.0,-0.0691783379946106,,0.1654253733772677,1.0,0.1178302791141789,1.0,0.0248466893502,,0.0191120259848727,,-0.0169242030875776,0.0,0.0371778795490281,1.0,-0.0705916558178889,0.0,-0.0111542369774937,0.0,0.0078561685881835,,-0.0073010959174533,,,,1.0,,,1.0,0.0,0.0,,0.0,1.0,1.0,0.0,1.0,1.0,0.0,0.012,,0.0,0.051,,1.0,0.0,0.0,0.0,1.0,1.0,0.588,0.0,,1.0,0.0,0.0,0.0,0.019,,0.014,0.0,
Charville_c002_v001_r001_reg059,68205.0,2494.0,0.7201283079390537,0.0264635124298315,0.0144346431435445,0.012028869286287,0.004009623095429,0.0705693664795509,0.1130713712910986,0.0360866078588612,0.0116279069767441,0.0497193263833199,0.1371291098636728,0.7201283079390537,0.0144346431435445,0.0,0.7436061239341442,0.7105752619006699,0.6845320318346222,0.5270664657994749,0.0236086930229967,0.0,0.3333333333333333,0.0126766889214723,0.0509815507443039,0.016049836623349,0.7201283079390537,1.0,0.0144346431435445,0.0,-0.0812851439373136,,0.2125914234209068,1.0,0.1262408429989941,1.0,0.1680938777194904,1.0,-0.1472909984947675,0.0,-0.0177047972767836,0.0,0.0417016791950261,1.0,-0.0283544988102095,,-0.0113229934451443,0.0,0.020575348970676,1.0,-0.0209875145779185,0.0,,,1.0,,,0.0,0.022,0.0,,0.0,1.0,1.0,0.0,1.0,1.0,0.0,1.0,1.0,1.0,0.0,0.0,1.0,0.0,0.0,0.0,1.0,1.0,0.0,0.0,,1.0,0.0,0.0,0.0,1.0,1.0,1.0,0.0,0.0
Charville_c002_v001_r001_reg060,68196.0,1483.0,0.2852326365475388,0.1281186783546864,0.0478759271746459,0.0802427511800404,0.0074173971679028,0.1820633850303439,0.2124072825354012,0.0856372218476062,0.0586648685097774,0.210384356035064,0.4032366824005394,0.2852326365475388,0.0478759271746459,0.1549295774647887,0.1358637289995438,0.1669431480689155,0.1753330750670269,0.1937979818674126,0.1611537332352434,0.0,0.6471571906354515,0.0841494131182213,0.140069162894044,0.1312516420794664,0.2852326365475388,0.0,0.0478759271746459,1.0,-0.0261914574499835,,-0.0424645580569284,0.0,-0.0212215777183596,,-0.0352099193997064,0.0,-0.0806708103767904,0.0,0.0245843148891354,1.0,-0.0243367366252323,0.0,0.1714725160444284,1.0,0.0207405061883155,1.0,-0.0064536407937504,0.0,0.0564550029700219,1.0,,,0.0,,,1.0,0.0,0.011,,0.849,0.0,,0.153,0.0,,0.665,0.0,,1.0,0.0,0.0,0.0,1.0,1.0,0.985,0.0,0.0,0.0,1.0,1.0,0.0,1.0,1.0,0.61,0.0,,0.0,1.0,1.0
Charville_c002_v001_r001_reg061,68194.0,2520.0,0.4293650793650793,0.1035714285714285,0.0531746031746031,0.0503968253968254,0.0646825396825396,0.1539682539682539,0.1638888888888889,0.0468253968253968,0.0555555555555555,0.1305555555555555,0.369047619047619,0.4293650793650793,0.0531746031746031,0.0895522388059701,0.2391908212332013,0.2291279417166035,0.3982350889150903,0.4281678443032011,0.1107104762471281,0.1619047619047619,0.3344086021505376,0.0535748081976539,0.1185792665208616,0.1329575642853714,0.4293650793650793,0.0,0.0531746031746031,1.0,-0.0400524582388139,,-0.0580316387547759,0.0,-0.1057351094992594,0.0,0.086005755144181,1.0,0.0072878599050651,,-0.0072691954615595,,0.0813609954980407,1.0,-0.0890971298057517,0.0,-0.0080913652052312,0.0,0.0288747615709462,1.0,0.0521780737869535,1.0,,,0.0,,,1.0,0.0,0.0,,1.0,0.0,0.0,1.0,0.0,0.0,0.0,1.0,1.0,0.0,0.0,,0.377,0.0,,0.0,1.0,1.0,0.994,0.0,0.0,1.0,0.0,0.0,0.0,1.0,1.0,0.0,1.0,1.0
Charville_c002_v001_r001_reg082,68194.0,1738.0,0.5914844649021864,0.0333716915995397,0.0143843498273878,0.0189873417721519,0.0345224395857307,0.1110471806674338,0.1294591484464902,0.027042577675489,0.0322209436133486,0.1196777905638665,0.2059838895281933,0.5914844649021864,0.0143843498273878,0.12,0.5233879466115466,0.5729982070251746,0.5629547938179036,0.6062691716111005,0.0366729405470888,0.0,0.3547486033519553,0.0338572358406916,0.1089419214728883,0.026909257213755,0.5914844649021864,1.0,0.0143843498273878,0.0,-0.0020017976514975,,0.1017844860336653,1.0,0.1151990940626422,1.0,0.1367416851781877,1.0,0.0355065824309958,1.0,-0.0093804828815131,0.0,-0.0003997433868973,,-0.0432890077980459,,-0.009871567848586,0.0,0.0287142553037408,1.0,-0.0100713067001927,,,,1.0,,,0.0,0.0,0.465,,0.0,1.0,1.0,0.0,1.0,1.0,0.0,1.0,1.0,0.0,0.819,,0.908,0.0,0.0,0.0,0.0,,0.007,0.0,,1.0,0.0,0.0,0.0,1.0,1.0,0.483,0.0,
Charville_c002_v001_r001_reg083,68197.0,2661.0,0.4614806463735438,0.0108981585869973,0.0082675685832393,0.0026305900037579,0.0026305900037579,0.0533633972190905,0.0578729800826756,0.3183013904547163,0.0063885757234122,0.0529875986471251,0.3851935362645622,0.4614806463735438,0.0082675685832393,0.1818181818181817,0.4178955435798613,0.4713712098610669,0.3874066144824696,0.3186515960955215,0.0083303816083672,0.0,0.3034146341463414,0.0032654823229341,0.05414851817853,0.0157697068172295,0.4614806463735438,0.0,0.0082675685832393,0.0,0.0118452983515607,1.0,0.1133268186679807,1.0,0.1471476625947875,1.0,0.0557905340498537,1.0,0.0388128699866893,1.0,-0.0255899746833351,0.0,0.052878238530701,1.0,-0.102128759748327,0.0,-0.0019164985570624,,0.0183391339596947,1.0,-0.0143042651173454,0.0,,,0.0,,,0.0,0.0,0.777,,0.0,1.0,1.0,0.0,1.0,1.0,0.0,0.982,1.0,0.0,0.913,1.0,1.0,0.0,0.0,0.0,1.0,1.0,1.0,0.0,0.0,0.0,0.0,,0.0,1.0,1.0,0.998,0.0,0.0
Charville_c002_v001_r001_reg084,68204.0,1924.0,0.4968814968814969,0.0384615384615384,0.0135135135135135,0.0249480249480249,0.0051975051975051,0.0634095634095634,0.2125779625779625,0.0405405405405405,0.04002079002079,0.0727650727650727,0.1476091476091476,0.4968814968814969,0.0135135135135135,0.0769230769230768,0.3948997472478551,0.4089213744614225,0.3942524013866536,0.4878450543755948,0.0440422092251921,0.0,0.4612676056338028,0.0638247887997956,0.0577166084340476,0.0267373575934938,0.4968814968814969,0.0,0.0135135135135135,0.0,-0.0759592591252197,,0.053753732902475,1.0,0.0449585388258448,,0.0370732473759843,,0.0057561389994056,,0.0072747254927522,1.0,0.0329314616442485,1.0,0.007435168518603,,0.008235590674712,1.0,0.0086962690490922,,-0.009259925921714,,,,0.0,,,0.0,0.003,0.0,,0.0,0.903,1.0,0.0,0.186,,0.0,0.171,,0.0,0.0,,0.0,0.997,1.0,0.0,1.0,1.0,0.0,0.002,,0.0,1.0,1.0,0.0,0.191,,0.162,0.0,
Charville_c002_v001_r001_reg085,68208.0,2285.0,0.5973741794310722,0.0070021881838074,0.0017505470459518,0.0052516411378555,0.0091903719912472,0.0936542669584245,0.0980306345733041,0.0831509846827133,0.0520787746170678,0.1041575492341356,0.1929978118161925,0.5973741794310722,0.0017505470459518,,0.4181157776420625,,0.4379936223301548,0.620426361783361,0.0130593416129303,0.0,0.3469387755102041,0.0560807949764948,0.0785923121573144,,0.5973741794310722,1.0,0.0017505470459518,0.0,,,-0.0027768380093931,,,,0.0081885020399942,,0.0794489193898594,1.0,-0.0093026856739511,0.0,0.0470987619903553,1.0,-0.0520564469912838,,-0.0107970394654471,0.0,0.0091417633843895,,,,,,1.0,,,0.0,,,,0.001,0.0,,,,,0.0,0.0,,0.0,1.0,1.0,0.886,0.0,,0.0,1.0,1.0,0.035,0.0,,1.0,0.0,0.0,0.0,0.356,,,,
Charville_c002_v001_r001_reg086,68215.0,1364.0,0.4662756598240469,0.1488269794721407,0.0542521994134897,0.094574780058651,0.0131964809384164,0.1019061583577712,0.1282991202346041,0.0205278592375366,0.0608504398826979,0.127565982404692,0.2844574780058651,0.4662756598240469,0.0542521994134897,0.6351351351351351,0.2210587011010122,0.2650075839688293,0.2939995514397488,0.5755928211474673,0.1795575618612196,0.0,0.7319587628865979,0.0845120408390753,0.0473684386932574,0.1177001004110271,0.4662756598240469,0.0,0.0542521994134897,1.0,0.518408913509173,1.0,-0.1179272162281102,0.0,-0.1071605418332883,0.0,-0.0427148527656746,0.0,0.1070772716715656,1.0,0.0048158563525468,1.0,-0.0441056599499083,0.0,0.301596695235982,1.0,0.0124584913416808,1.0,-0.0398245889484743,0.0,0.0357038723437095,1.0,,,0.0,,,1.0,0.0,1.0,1.0,1.0,0.0,0.0,1.0,0.0,0.0,0.942,0.0,0.0,0.0,1.0,1.0,0.0,0.835,,1.0,0.0,0.0,0.0,1.0,1.0,0.0,1.0,1.0,1.0,0.0,0.0,0.0,1.0,1.0
Charville_c002_v001_r001_reg088,68241.0,1749.0,0.6174957118353345,0.0423098913664951,0.028587764436821,0.0137221269296741,0.0137221269296741,0.0737564322469982,0.089765580331618,0.0325900514579759,0.0360205831903945,0.093767867352773,0.1623785020011435,0.6174957118353345,0.028587764436821,0.2199999999999999,0.4172507902869202,0.4679756070081272,0.4044249593890409,0.6014048795096282,0.0591679555917048,0.0,0.5528169014084507,0.0577346431421956,0.0438810691069926,0.0614928491377826,0.6174957118353345,1.0,0.028587764436821,1.0,0.1221978487923899,1.0,-0.0287442336635468,,-0.0287514141986214,0.0,-0.0390221432917908,0.0,0.012001337671419,,-0.0039713612269022,,0.0200028891744638,1.0,0.1542150448076767,1.0,0.0074400609730947,1.0,-0.0181580135724661,0.0,0.0084748979925907,1.0,,,1.0,,,1.0,0.0,1.0,1.0,0.358,0.0,,0.64,0.0,,0.865,0.0,,0.0,0.001,,0.0,0.0,,0.0,0.989,1.0,0.0,1.0,1.0,0.0,1.0,1.0,1.0,0.0,0.0,0.0,0.999,1.0
Charville_c002_v001_r001_reg089,68241.0,1771.0,0.5115753811405985,0.0937323546019198,0.0378317334839074,0.0559006211180124,0.0095990965556182,0.0993788819875776,0.1055900621118012,0.0468661773009599,0.0559006211180124,0.0892151326933935,0.2495765104460756,0.5115753811405985,0.0378317334839074,0.3283582089552238,0.1976810025582288,0.2350902001360736,0.2826225392167086,0.4663916567453823,0.1472388123546515,0.0,0.5316742081447964,0.0729129639533738,0.0365525033500216,0.0951720774270141,0.5115753811405985,0.0,0.0378317334839074,1.0,0.207477279850823,1.0,-0.1682701647375695,0.0,-0.1661817154187075,0.0,-0.0862696235914197,0.0,-0.0242488256753609,0.0,0.0297223688422402,1.0,-0.0061401309379965,,0.1112766492375383,1.0,0.0046492159430498,1.0,-0.0236357271108575,0.0,0.0317165579056023,1.0,,,0.0,,,1.0,0.0,1.0,1.0,1.0,0.0,0.0,1.0,0.0,0.0,1.0,0.0,0.0,0.666,0.0,,0.0,1.0,1.0,0.0,0.0,,0.0,1.0,1.0,0.0,0.978,1.0,1.0,0.0,0.0,0.0,1.0,1.0
Charville_c002_v001_r001_reg091,68215.0,2256.0,0.5208333333333334,0.0833333333333333,0.0328014184397163,0.050531914893617,0.0088652482269503,0.1210106382978723,0.1551418439716312,0.0474290780141843,0.0527482269503546,0.0899822695035461,0.2606382978723404,0.5208333333333334,0.0328014184397163,0.6081081081081081,0.2539169562956097,0.2434380329380094,0.3709940830535633,0.6277376392700248,0.1256110487914286,0.0,0.4353741496598639,0.05531196720559,0.0350006149968123,0.1185759152762025,0.5208333333333334,1.0,0.0328014184397163,1.0,0.4844943822017096,1.0,-0.1177341016433976,0.0,-0.162207715890713,0.0,-0.0052421756783175,,0.1295873415091738,1.0,0.028579237225249,1.0,0.0010939301334459,,0.0218629076777257,,-0.0088093115814768,0.0,-0.0256040563657168,0.0,0.0608002348975041,1.0,,,1.0,,,1.0,0.0,1.0,1.0,1.0,0.0,0.0,1.0,0.0,0.0,0.0,0.0,,0.0,1.0,1.0,0.0,1.0,1.0,0.0,0.0,,0.0,0.128,,1.0,0.0,0.0,1.0,0.0,0.0,0.0,1.0,1.0
Charville_c002_v001_r001_reg094,68197.0,2525.0,0.4578217821782178,0.0487128712871287,0.0324752475247524,0.0162376237623762,0.0043564356435643,0.0942574257425742,0.1085148514851485,0.2459405940594059,0.0237623762376237,0.0946534653465346,0.3932673267326733,0.4578217821782178,0.0324752475247524,0.0121951219512195,0.3511111130725211,0.3601567737040509,0.395752479220596,0.2825641881838217,0.0611225916027443,0.0,0.4360523665659617,0.0181854805114364,0.0790752542559142,0.1269629079233501,0.4578217821782178,0.0,0.0324752475247524,1.0,-0.1317014078209799,0.0,0.0413950937940367,,0.0167732580988817,,0.0653246575424977,1.0,-0.0390291506804497,0.0,-0.0057697238573544,,0.0277434685193073,1.0,0.0311055904301271,,-0.0062400471522042,0.0,0.0144814128958615,1.0,0.0695555142848958,1.0,,,0.0,,,1.0,1.0,0.0,0.0,0.0,0.484,,0.0,0.0,,0.0,1.0,1.0,0.991,0.0,0.0,0.004,0.0,,0.0,1.0,1.0,0.0,0.286,,0.999,0.0,0.0,0.0,1.0,1.0,0.0,1.0,1.0
Charville_c003_v001_r001_reg019,68148.0,2831.0,0.5319675026492405,0.0921935711762628,0.0473330978452843,0.0448604733309784,0.0282585658777817,0.0727658071352878,0.240904274108089,0.0427410808901448,0.0148357470858353,0.0430943129636171,0.2359590250794772,0.5319675026492405,0.0473330978452843,0.0074626865671642,0.4721560416328714,0.4808369633190144,0.4904308598104787,0.5656201917705372,0.1023144172010307,0.0515718827269516,0.3188622754491018,0.0183456208799844,0.0395611744769211,0.0658530026965926,0.5319675026492405,1.0,0.0473330978452843,1.0,-0.0962842598900279,0.0,0.0889588510088635,1.0,0.050582473242792,1.0,0.1079368049544284,1.0,0.0551120904605707,1.0,0.0108483094663062,1.0,0.0231895729640874,1.0,-0.096493891875079,0.0,-0.0041499316826965,0.0,0.0114340129463333,1.0,-0.0083307159007894,,,,1.0,,,1.0,0.679,0.0,,0.0,1.0,1.0,0.0,0.786,,0.0,1.0,1.0,0.0,1.0,1.0,0.0,1.0,1.0,0.0,1.0,1.0,1.0,0.0,0.0,0.728,0.0,,0.0,0.947,1.0,0.066,0.0,
Charville_c003_v001_r001_reg039,68190.0,1004.0,0.3645418326693227,0.048804780876494,0.0209163346613545,0.0278884462151394,0.0049800796812749,0.1324701195219123,0.1902390438247012,0.0667330677290836,0.0846613545816733,0.2171314741035856,0.2529880478087649,0.3645418326693227,0.0209163346613545,0.3809523809523809,0.2797061562760254,0.2950803931018472,0.2760393627087169,0.2158120085396765,0.0534565968575278,0.0,0.7204724409448819,0.1027999979448807,0.1450033216780945,0.0275817339236245,0.3645418326693227,0.0,0.0209163346613545,0.0,0.1945697595339109,1.0,0.0504040671244064,1.0,0.0542801144851962,1.0,0.0107266756458395,,-0.1376996486664802,0.0,0.0011611283510262,,0.0269129326401146,1.0,0.2384564318808077,1.0,0.0021631756219675,,-0.0052079253010301,,-0.0167742374575786,0.0,,,0.0,,,0.0,0.0,1.0,1.0,0.0,0.783,,0.0,0.947,1.0,0.0,0.0,,1.0,0.0,0.0,0.0,0.042,,0.0,1.0,1.0,0.0,1.0,1.0,0.0,0.082,,0.376,0.0,,1.0,0.0,0.0
Charville_c003_v001_r001_reg042,68171.0,1564.0,0.5345268542199488,0.1719948849104859,0.1272378516624041,0.0447570332480818,0.0121483375959079,0.1023017902813299,0.1400255754475703,0.0153452685421994,0.0217391304347826,0.0927109974424552,0.3017902813299232,0.5345268542199488,0.1272378516624041,0.0201005025125627,0.4745976055534839,0.5037134633478717,0.4613936846875484,0.4924455789943667,0.184092518340996,0.0044757033248081,0.3940677966101695,0.0289880199310486,0.0655092501503164,0.14788890102783,0.5345268542199488,1.0,0.1272378516624041,1.0,0.0070525618993935,1.0,0.0716730009298859,1.0,-0.0041755456281831,,0.0760526647367993,1.0,-0.0372192746486357,0.0,-0.0143214808292334,0.0,-0.0524138998052498,0.0,-0.0026483225955378,,0.0020996965799666,,0.0031890882843053,,-0.0165170291869819,0.0,,,1.0,,,1.0,0.0,0.708,,0.0,1.0,1.0,0.001,0.0,,0.0,1.0,1.0,0.972,0.0,0.0,1.0,0.0,0.0,1.0,0.0,0.0,0.0,0.0,,0.0,0.059,,0.0,0.0,,1.0,0.0,0.0
Charville_c003_v001_r001_reg046,68149.0,1393.0,0.4558506819813352,0.0732232591529074,0.0294328786791098,0.0437903804737975,0.0129217516152189,0.1478822684852835,0.1730078966259871,0.0179468772433596,0.0760947595118449,0.1722900215362527,0.2519741564967696,0.4558506819813352,0.0294328786791098,0.2195121951219512,0.2942789750340031,0.3722432320491995,0.3722664620846344,0.4882878827753572,0.0882846361467174,0.0,0.8091168091168092,0.1003981113266494,0.1324919370720513,0.0599888393506904,0.4558506819813352,0.0,0.0294328786791098,1.0,0.071570106065109,1.0,-0.0191186881921061,,0.0336579005256069,,0.0413833800315854,1.0,0.027021679003054,,0.0057168364674813,1.0,0.0022020076942567,,0.3656608128568153,1.0,0.0094039636683019,1.0,0.0143226412562296,1.0,0.006016651162441,1.0,,,0.0,,,1.0,0.0,1.0,1.0,0.15,0.0,,0.0,0.014,,0.0,0.478,,0.0,0.455,,0.0,0.976,1.0,0.0,0.0,,0.0,1.0,1.0,0.0,1.0,1.0,0.0,1.0,1.0,0.0,0.973,1.0
Charville_c003_v001_r001_reg047,68147.0,2253.0,0.5388371060807812,0.0315135375055481,0.0048823790501553,0.0266311584553928,0.1091877496671105,0.0781180648024855,0.0901020861074123,0.0630270750110963,0.0838881491344873,0.0510430537061695,0.2818464269862406,0.5388371060807812,0.0048823790501553,0.0,0.2077288751203193,0.2090596042704691,0.2592543489240642,0.3921898206399045,0.060380992102888,0.0106524633821571,0.2645669291338582,0.1141829534605166,0.0254354815194805,0.0244170941316305,0.5388371060807812,1.0,0.0048823790501553,0.0,-0.1493312790734616,0.0,-0.1680694794102033,0.0,-0.188041661056629,0.0,-0.1283182461263763,0.0,-0.1115732507490155,0.0,0.0093164754290107,1.0,-0.0813625975721058,0.0,-0.135633542196073,0.0,0.0159205340230548,1.0,-0.008090860416276,0.0,-0.0018345859888923,,,,1.0,,,0.0,1.0,0.0,0.0,1.0,0.0,0.0,1.0,0.0,0.0,1.0,0.0,0.0,1.0,0.0,0.0,0.0,0.999,1.0,1.0,0.0,0.0,1.0,0.0,0.0,0.0,1.0,1.0,0.787,0.0,,0.0,0.0,
Charville_c003_v001_r001_reg105,68167.0,2406.0,0.6670822942643392,0.0299251870324189,0.0062344139650872,0.0236907730673316,0.0290939318370739,0.0689941812136325,0.1064006650041562,0.0141313383208645,0.0486284289276807,0.098503740648379,0.14214463840399,0.6670822942643392,0.0062344139650872,0.2666666666666667,0.2532329088089,0.2790545579380594,0.4098500962841775,0.7628054996989181,0.0551644169576337,0.0062344139650872,0.3128654970760234,0.0942846770304502,0.0619468384112258,0.0257414512570003,0.6670822942643392,1.0,0.0062344139650872,0.0,0.1593904538493101,1.0,-0.2328009083519809,0.0,-0.245413799872828,0.0,-0.0687506558502412,0.0,0.1198658533196849,1.0,0.0087989349189757,1.0,0.014673103607699,1.0,-0.0700436562498941,,0.02866977135661,1.0,-0.0027552372732178,,-0.0020368411660688,,,,1.0,,,0.0,0.0,1.0,1.0,1.0,0.0,0.0,1.0,0.0,0.0,1.0,0.0,0.0,0.0,1.0,1.0,0.0,0.999,1.0,0.0,0.52,,0.503,0.0,,0.0,1.0,1.0,0.08,0.0,,0.0,0.0,
Charville_c003_v001_r001_reg120,68188.0,2426.0,0.5638911788953009,0.0296784830997526,0.0061830173124484,0.0234954657873042,0.0828524319868095,0.0490519373454245,0.1306677658697444,0.0243198680956306,0.0358615004122011,0.1240725474031327,0.1859027205276174,0.5638911788953009,0.0061830173124484,0.0,0.3129941649411538,0.3215150203659875,0.3322438019225925,0.4619754389295389,0.0369828040595848,0.0,0.2594235033259423,0.0503438846391789,0.0709820622718989,0.025577693877248,0.5638911788953009,1.0,0.0061830173124484,0.0,-0.1399493400874022,0.0,-0.0840051071723595,0.0,-0.1014431843170688,0.0,-0.072166178543314,0.0,-0.0870520241063177,0.0,-0.0047434001586356,,-0.0581871094270121,0.0,-0.1557024843370635,0.0,0.0014515315870666,,-0.0126129060034458,0.0,-0.0021425654570587,,,,1.0,,,0.0,1.0,0.0,0.0,1.0,0.0,0.0,1.0,0.0,0.0,1.0,0.0,0.0,1.0,0.0,0.0,0.0,0.0,,1.0,0.0,0.0,1.0,0.0,0.0,0.0,0.004,,0.999,0.0,0.0,0.0,0.0,
Charville_c004_v001_r001_reg036,68273.0,1232.0,0.6063311688311688,0.0137987012987012,0.0056818181818181,0.0081168831168831,0.0698051948051948,0.0332792207792207,0.1201298701298701,0.0754870129870129,0.0211038961038961,0.0779220779220779,0.1923701298701298,0.6063311688311688,0.0056818181818181,0.0,0.5679796017218641,0.6566512823485009,0.5006332735986215,0.4963614127530815,0.0157180297902669,0.0,0.4050632911392405,0.0196375694144975,0.0538672106797369,0.0155063453663098,0.6063311688311688,1.0,0.0056818181818181,0.0,-0.1270992908033315,0.0,0.1378713021876658,1.0,0.1924354732044173,1.0,0.06654164674053,1.0,-0.0569706658271129,0.0,-0.0102323899909906,0.0,-0.0323257920708751,0.0,0.009709800526922,,-0.0122166710999074,0.0,0.0026221775360789,,-0.0116479990271951,0.0,,,1.0,,,0.0,1.0,0.0,0.0,0.0,1.0,1.0,0.0,1.0,1.0,0.0,1.0,1.0,1.0,0.0,0.0,0.982,0.0,0.0,1.0,0.0,0.0,0.0,0.006,,1.0,0.0,0.0,0.0,0.0,,0.858,0.0,
Charville_c004_v001_r001_reg141,68097.0,3211.0,0.4263469324198069,0.0943631267517907,0.0476487075677359,0.0467144191840548,0.0283400809716599,0.1111803176580504,0.1183431952662721,0.1339146683276238,0.0516972905636873,0.126440361258175,0.3677981937091248,0.4263469324198069,0.0476487075677359,0.3464052287581699,0.2291622790573585,0.3118993789333158,0.2232521799534862,0.375520927662326,0.1482914157677617,0.0127686079103083,0.6121930567315834,0.0561342571847392,0.0745808276714397,0.0814932160126223,0.4263469324198069,0.0,0.0476487075677359,1.0,0.2096301539396426,1.0,-0.0634359726193385,0.0,-0.0148012368827196,,-0.0853439520505655,0.0,0.0111944704642908,,0.0323668551209689,1.0,-0.0170340265333748,,0.1870707002076423,1.0,-0.0012301898030613,,-0.0123218783630777,0.0,0.0069531355493028,1.0,,,0.0,,,1.0,0.0,1.0,1.0,1.0,0.0,0.0,0.011,0.0,,1.0,0.0,0.0,0.0,0.001,,0.0,1.0,1.0,0.274,0.0,,0.0,1.0,1.0,0.0,0.0,,0.988,0.0,0.0,0.0,0.996,1.0
Charville_c004_v001_r001_reg144,68272.0,1373.0,0.4450109249817917,0.0393299344501092,0.0145666423889293,0.0247632920611798,0.0072833211944646,0.1420247632920611,0.1500364166059723,0.0313182811361981,0.0233066278222869,0.2643845593590677,0.2199563000728332,0.4450109249817917,0.0145666423889293,0.05,0.4020598415714489,0.3983028764886889,0.3724200153826941,0.4789897236286266,0.0513667279021264,0.0,0.5927152317880795,0.0247276450582433,0.2571644625702117,0.0132361587965036,0.4450109249817917,0.0,0.0145666423889293,0.0,-0.1180921793863385,0.0,0.1054505009989583,1.0,0.0843513229110491,1.0,0.0494607899733661,1.0,0.0352147359604341,1.0,0.0023840013373416,,0.0298126007085725,1.0,0.1361130167485787,1.0,-0.0081863433153428,0.0,0.0753390448413508,1.0,-0.0239502356503975,0.0,,,0.0,,,0.0,1.0,0.0,0.0,0.0,1.0,1.0,0.0,1.0,1.0,0.0,0.866,,0.0,0.775,,0.0,0.113,,0.0,1.0,1.0,0.0,1.0,1.0,1.0,0.0,0.0,0.0,1.0,1.0,1.0,0.0,0.0
