region_id,utag_mean__CD117,utag_std__CD117,utag_mean__CD11b,utag_std__CD11b,utag_mean__CD11c,utag_std__CD11c,utag_mean__CD14,utag_std__CD14,utag_mean__CD15,utag_std__CD15,utag_mean__CD163,utag_std__CD163,utag_mean__CD20,utag_std__CD20,utag_mean__CD31,utag_std__CD31,utag_mean__CD38,utag_std__CD38,utag_mean__CD3e,utag_std__CD3e,utag_mean__CD4,utag_std__CD4,utag_mean__CD45,utag_std__CD45,utag_mean__CD45RA,utag_std__CD45RA,utag_mean__CD45RO,utag_std__CD45RO,utag_mean__CD56,utag_std__CD56,utag_mean__CD68,utag_std__CD68,utag_mean__CD69,utag_std__CD69,utag_mean__CD8,utag_std__CD8,utag_mean__DAPI,utag_std__DAPI,utag_mean__FoxP3,utag_std__FoxP3,utag_mean__GranzymeB,utag_std__GranzymeB,utag_mean__HLA-DR,utag_std__HLA-DR,utag_mean__ICOS,utag_std__ICOS,utag_mean__Ki67,utag_std__Ki67,utag_mean__PD1,utag_std__PD1,utag_mean__PDL1,utag_std__PDL1,utag_mean__PanCK,utag_std__PanCK,utag_mean__Vimentin,utag_std__Vimentin
UPMC_c001_v001_r001_reg001,4.008586406707764,0.3778999149799347,4.588250637054443,0.744333803653717,3.911318778991699,0.39099302887916565,4.075226783752441,0.8125351667404175,4.679037570953369,1.020017385482788,4.476885795593262,0.8722440004348755,4.11937141418457,0.5062323212623596,4.126553058624268,0.646091103553772,3.6775102615356445,0.20350989699363708,3.6884536743164062,0.39924949407577515,4.6859025955200195,0.5029566287994385,5.024195194244385,0.8043366074562073,4.49302339553833,0.3622001111507416,4.221846103668213,0.7424719929695129,4.37748384475708,0.42766618728637695,4.9837646484375,0.5718408226966858,4.256849765777588,0.3745602071285248,4.1617326736450195,0.7165625691413879,6.607295989990234,0.5108943581581116,3.8083200454711914,0.453828901052475,3.118147850036621,0.40318748354911804,4.066083908081055,0.6516240835189819,3.8061819076538086,0.18876796960830688,4.510831356048584,0.5154449939727783,3.242736339569092,0.3777385354042053,3.4312074184417725,0.5130250453948975,5.5960187911987305,1.3071372509002686,6.120993137359619,0.7948030233383179
UPMC_c001_v001_r001_reg002,3.7761423587799072,0.27383747696876526,4.095261096954346,0.5692015886306763,4.082405090332031,0.16164670884609222,3.6158456802368164,0.5671159625053406,4.626833915710449,0.8699155449867249,4.78421688079834,0.9453039765357971,4.097418785095215,0.38971763849258423,4.258292198181152,0.680809497833252,3.9910378456115723,0.18422254920005798,3.207972288131714,0.5284136533737183,4.496554851531982,0.39798977971076965,4.781696796417236,0.5821102857589722,4.271615505218506,0.25655680894851685,3.8843698501586914,0.6888231635093689,4.05598783493042,0.3501476049423218,4.998714923858643,0.4998179078102112,3.8962864875793457,0.3676566779613495,3.5499744415283203,0.8587173819541931,6.632819652557373,0.36928558349609375,3.4559240341186523,0.5264688730239868,3.0661284923553467,0.18240854144096375,3.799863576889038,0.3595398962497711,3.8849849700927734,0.20088811218738556,4.731791019439697,0.9384853839874268,3.086333990097046,0.16756412386894226,3.1156277656555176,0.32102131843566895,6.297552585601807,1.177471399307251,4.921533107757568,1.5038881301879883
UPMC_c001_v001_r001_reg004,3.8644402027130127,0.2468770295381546,3.89083194732666,0.6048425436019897,3.91802716255188,0.19884422421455383,4.021302700042725,0.5135605335235596,4.540070056915283,0.745637059211731,5.759934425354004,0.9070770740509033,4.276516914367676,0.41367682814598083,4.324143886566162,0.4919375479221344,3.382399082183838,0.2250995635986328,3.6825249195098877,0.6106509566307068,4.641881942749023,0.4610598683357239,5.073448181152344,0.7039920091629028,3.9640705585479736,0.364987850189209,3.7866811752319336,0.8656928539276123,3.574409008026123,0.28680506348609924,5.1268086433410645,0.39047273993492126,2.8858449459075928,0.37161222100257874,4.776651859283447,1.0377541780471802,6.646838665008545,0.3556177020072937,3.040821075439453,0.6017822027206421,3.086350440979004,0.2450687736272812,4.113589763641357,0.6598053574562073,3.544142007827759,0.19863666594028473,4.882490158081055,0.7848409414291382,3.0660974979400635,0.17519839107990265,2.9885921478271484,0.18135234713554382,7.007288455963135,0.9692642092704773,4.980478286743164,1.2290607690811157
UPMC_c001_v001_r001_reg005,3.9155874252319336,0.25982755422592163,4.548294544219971,0.970944344997406,3.943871259689331,0.26267722249031067,4.5926408767700195,0.6090307235717773,4.784957408905029,1.1087127923965454,3.872201442718506,0.8001552820205688,4.255886077880859,0.6420727372169495,4.2530999183654785,0.7974031567573547,3.29805850982666,0.1932564228773117,3.8187432289123535,0.7414883375167847,4.808763027191162,0.6212312579154968,5.610285758972168,0.7939342260360718,4.241433143615723,0.4064541757106781,4.6157755851745605,1.0134522914886475,3.667642831802368,0.3889853060245514,5.617869853973389,0.6400614380836487,2.9259655475616455,0.6154203414916992,4.595942497253418,1.3593164682388306,6.299687385559082,0.4233616292476654,3.282684564590454,0.579238772392273,3.0953564643859863,0.2936665713787079,4.6201958656311035,0.7982004880905151,3.547177314758301,0.30235555768013,4.387150287628174,1.0251426696777344,3.1145763397216797,0.23133879899978638,3.2893974781036377,0.4020552933216095,4.866320610046387,1.380737543106079,6.379312515258789,0.8016479015350342
UPMC_c001_v001_r001_reg006,3.7788474559783936,0.19260399043560028,4.483207702636719,1.0696362257003784,3.947415590286255,0.2122245579957962,3.698230028152466,0.5444701313972473,5.7906084060668945,1.2403697967529297,5.134463787078857,0.6056552529335022,4.5739336013793945,0.46469295024871826,4.1852288246154785,0.3601398468017578,3.154508352279663,0.17716343700885773,3.135615110397339,0.21485204994678497,4.212846755981445,0.34430575370788574,4.725344181060791,0.6284118294715881,3.9495849609375,0.29692342877388,3.149435043334961,0.7333784103393555,3.6396117210388184,0.34467360377311707,4.9681196212768555,0.4153480529785156,3.051633834838867,0.4414159953594208,3.8657991886138916,0.5774513483047485,5.988356590270996,0.5101593732833862,3.2710156440734863,0.4862558841705322,3.042956590652466,0.1623353362083435,3.7040607929229736,0.5911485552787781,3.3466227054595947,0.13385379314422607,4.983676433563232,0.8916347026824951,3.011901617050171,0.13323387503623962,3.01170015335083,0.21253237128257751,6.721774101257324,0.5745320916175842,4.5279340744018555,1.315999984741211
UPMC_c001_v001_r001_reg007,3.899028778076172,0.22578388452529907,4.885887145996094,1.3169764280319214,3.872621774673462,0.31594592332839966,4.075952053070068,0.6941652894020081,6.046627521514893,1.3550496101379395,3.9335851669311523,0.8273198008537292,4.325380325317383,0.5596998929977417,4.100745677947998,0.7266279458999634,3.2982869148254395,0.26098328828811646,3.494234085083008,0.5386934280395508,4.523626327514648,0.4828365743160248,5.009729862213135,0.9391754269599915,4.033313751220703,0.36555910110473633,3.4727091789245605,0.9403682351112366,3.562008857727051,0.3795367479324341,5.32967472076416,0.5784032344818115,2.8528048992156982,0.5573428273200989,3.9747722148895264,1.01517653465271,6.124441146850586,0.39870256185531616,3.308666229248047,0.6556624174118042,3.1544854640960693,0.38618728518486023,3.8993115425109863,0.7115854024887085,3.4064416885375977,0.21904076635837555,4.0765228271484375,0.6581862568855286,3.148855447769165,0.3318915367126465,3.181673765182495,0.335014283657074,5.022830009460449,1.5608280897140503,6.044794082641602,1.2826112508773804
UPMC_c001_v001_r001_reg008,3.804424285888672,0.2675834596157074,4.322258472442627,0.610568642616272,3.8985800743103027,0.2837417423725128,3.7835588455200195,0.5978687405586243,4.4139204025268555,0.6819766759872437,3.973045825958252,0.8858582973480225,4.250791072845459,0.6089289784431458,4.331794261932373,0.8218116760253906,3.1913580894470215,0.1927860975265503,3.4268410205841064,0.514014482498169,4.520252227783203,0.5672031044960022,4.749849796295166,0.915045440196991,4.146841049194336,0.41447117924690247,3.8209030628204346,0.7986036539077759,3.8936946392059326,0.2977665662765503,4.889134407043457,0.6242853403091431,3.4085514545440674,0.5076825022697449,4.1953935623168945,0.7717851996421814,6.660309314727783,0.5007089376449585,3.830827236175537,0.34428906440734863,3.0715138912200928,0.2100946605205536,3.8155252933502197,0.5729653835296631,3.276150703430176,0.15737058222293854,4.149818420410156,0.7145676016807556,3.1007752418518066,0.16092827916145325,3.160386323928833,0.25579705834388733,5.458896160125732,1.381867527961731,6.1623101234436035,1.2034624814987183
UPMC_c001_v001_r001_reg009,3.8513987064361572,0.26203402876853943,4.721395969390869,1.5607895851135254,3.892354965209961,0.24341298639774323,4.818766117095947,1.0301989316940308,5.868780136108398,1.386624813079834,4.217437267303467,0.8609049320220947,4.541435718536377,0.674801766872406,4.359034538269043,0.6875106692314148,3.1548871994018555,0.28946149349212646,3.7825355529785156,0.6927598118782043,4.798780918121338,0.6458390951156616,5.576414108276367,0.8769906163215637,3.769545793533325,0.5302691459655762,3.8344075679779053,1.3835679292678833,3.498446464538574,0.5519231557846069,5.6600751876831055,0.6098764538764954,2.2562291622161865,0.7419158816337585,3.8451597690582275,1.2601972818374634,6.384903907775879,0.3850623667240143,2.953680992126465,0.6461939215660095,3.324145555496216,0.44555649161338806,4.71033239364624,0.88518887758255,3.364236831665039,0.35776934027671814,4.328700542449951,1.099184274673462,3.2412328720092773,0.33153823018074036,3.272627353668213,0.34422191977500916,5.371494770050049,1.3890312910079956,6.10971212387085,1.2835297584533691
UPMC_c001_v001_r001_reg010,2.9739151000976562,0.9809513092041016,4.776059627532959,2.0716593265533447,3.252835512161255,0.6867846250534058,4.694085121154785,0.7253926396369934,7.0147600173950195,1.2648749351501465,3.3505117893218994,0.32365837693214417,4.223995208740234,0.4477177560329437,4.118413925170898,0.6230301260948181,2.578040838241577,0.7181939482688904,3.286616325378418,0.48680049180984497,4.342652797698975,0.728949248790741,5.433505535125732,1.030081868171692,3.3049416542053223,0.8968016505241394,2.193382740020752,1.3768868446350098,2.405024766921997,1.087188482284546,6.207691192626953,0.6190850138664246,0.9648706912994385,0.9493296146392822,1.194550633430481,1.216894507408142,6.4308929443359375,0.28610262274742126,1.449477195739746,1.0616856813430786,3.1547441482543945,0.21889202296733856,4.1181721687316895,1.2531036138534546,3.3913328647613525,0.41776081919670105,3.7450151443481445,0.8864778280258179,3.132701873779297,0.1368536800146103,3.203328847885132,0.18606241047382355,3.107465982437134,1.467537760734558,6.506199359893799,0.6636402010917664
UPMC_c001_v001_r001_reg011,3.635684013366699,0.44484707713127136,3.7805089950561523,1.696779727935791,3.788800001144409,0.4773706793785095,3.9279844760894775,0.6131883859634399,5.887700080871582,1.1849199533462524,3.934201717376709,0.6048763394355774,4.7314934730529785,0.5168823003768921,3.759716033935547,0.4053877592086792,3.1252055168151855,0.46548792719841003,3.4023635387420654,0.5454340577125549,4.474429607391357,0.6255778074264526,5.049504280090332,0.8009437322616577,3.3401331901550293,0.7293288111686707,2.1786694526672363,1.3578816652297974,3.1976816654205322,0.8667231798171997,5.3037190437316895,0.4778255820274353,1.9699411392211914,1.2137134075164795,2.2066054344177246,1.3079973459243774,7.249317646026611,0.48863717913627625,2.244173526763916,1.107951045036316,3.144129514694214,0.23275138437747955,3.6983180046081543,0.4957578182220459,3.243781089782715,0.2379806488752365,4.982522964477539,1.0622267723083496,3.1366000175476074,0.1527688205242157,3.1102378368377686,0.16772755980491638,5.475599765777588,1.2616769075393677,5.429107666015625,1.0963612794876099
UPMC_c001_v001_r001_reg012,3.9215126037597656,0.279095321893692,4.55322265625,1.2424287796020508,3.9523422718048096,0.2667745351791382,4.753496170043945,0.9283946752548218,5.300590515136719,1.232139229774475,3.8893637657165527,0.5762997269630432,4.676802635192871,0.6391597390174866,4.521945953369141,0.7912605404853821,3.487879514694214,0.3236634135246277,3.886491537094116,0.7307009696960449,4.867448329925537,0.714633047580719,5.656858921051025,1.0532342195510864,4.099990367889404,0.5817213654518127,4.181609153747559,1.4028241634368896,3.411708354949951,0.44386449456214905,5.605222225189209,0.7959330081939697,2.565904140472412,0.7331161499023438,4.687505722045898,1.359534740447998,6.801249980926514,0.5078434944152832,2.957993507385254,0.7917646169662476,3.554196834564209,0.5513582825660706,4.7001118659973145,1.0118893384933472,3.5714356899261475,0.30630242824554443,4.490730285644531,0.7523970007896423,3.1803741455078125,0.1730775684118271,3.1823232173919678,0.19491450488567352,5.022070407867432,1.3828414678573608,5.911893844604492,1.057080626487732
UPMC_c001_v001_r001_reg013,3.7119789123535156,0.2254904955625534,4.45461368560791,0.5510955452919006,3.8026411533355713,0.22157101333141327,3.692025899887085,0.5387972593307495,4.419585704803467,0.7153396010398865,5.377155780792236,0.6629887819290161,4.454841136932373,0.634016215801239,3.7690510749816895,0.35436809062957764,3.2039971351623535,0.1700368970632553,3.2002618312835693,0.20053449273109436,4.423227310180664,0.4123293161392212,4.443666934967041,0.5430188775062561,4.183100700378418,0.2485610693693161,3.438490867614746,0.4155227839946747,4.030025005340576,0.25696122646331787,5.467529773712158,0.491294801235199,3.211745023727417,0.42745956778526306,3.6697607040405273,0.5387654304504395,5.967575550079346,0.4391441345214844,3.6728451251983643,0.30292901396751404,3.083906412124634,0.15758346021175385,3.585592269897461,0.4934318959712982,3.28303599357605,0.15324729681015015,4.06146764755249,0.7355753779411316,3.1060798168182373,0.12789203226566315,3.1678287982940674,0.20788343250751495,6.896598815917969,0.65361088514328,5.058507442474365,1.5984816551208496
UPMC_c001_v001_r001_reg014,3.804487943649292,0.2540366053581238,5.010944366455078,1.1114057302474976,3.838796377182007,0.1956319808959961,4.749192237854004,0.8636183738708496,5.646646499633789,1.3951865434646606,3.9660301208496094,0.718798816204071,4.278557300567627,0.5945249795913696,4.448166370391846,0.705470085144043,3.212247371673584,0.22704972326755524,3.750563144683838,0.5711693167686462,4.836353778839111,0.558213472366333,5.525814056396484,0.7810271382331848,4.0530924797058105,0.263091117143631,4.122271537780762,0.9026837944984436,3.9231395721435547,0.32006725668907166,5.650613307952881,0.6948938965797424,3.1420843601226807,0.4471125304698944,4.20567512512207,0.9171925187110901,6.1385297775268555,0.37209847569465637,3.0586445331573486,0.5895435214042664,3.174652576446533,0.3285975158214569,4.7353739738464355,0.8611352443695068,3.657911539077759,0.25237202644348145,4.229947566986084,0.7411378622055054,3.2038350105285645,0.2273482382297516,3.1408047676086426,0.22687558829784393,5.036223411560059,1.2623103857040405,6.097158432006836,0.9867741465568542
UPMC_c001_v001_r001_reg015,3.7457878589630127,0.18689890205860138,4.431743621826172,0.7798648476600647,3.9224085807800293,0.46777307987213135,4.082770824432373,0.9021762013435364,4.537578105926514,1.0504182577133179,3.591334819793701,0.473214328289032,3.9341115951538086,0.3661297857761383,3.9581503868103027,0.6976917386054993,3.233408212661743,0.23420456051826477,3.5373952388763428,0.43081969022750854,4.5672078132629395,0.589706540107727,4.735414028167725,0.7752238512039185,4.220823287963867,0.35309821367263794,3.988680601119995,0.8282421231269836,4.048549175262451,0.2592492997646332,4.908577919006348,0.728243887424469,3.1753783226013184,0.46091562509536743,4.045757293701172,0.7111612558364868,6.127170562744141,0.4638681411743164,3.5994694232940674,0.5329341888427734,2.973033905029297,0.18288756906986237,4.2378830909729,0.9068266749382019,3.524378776550293,0.14558137953281403,3.9445853233337402,0.39944252371788025,3.05747127532959,0.16161353886127472,2.976681709289551,0.1654655933380127,4.7760491371154785,1.3210573196411133,4.585463047027588,1.1171578168869019
UPMC_c001_v001_r001_reg016,3.98868989944458,0.35108962655067444,5.062283039093018,0.973455011844635,3.9186878204345703,0.26669037342071533,4.393427848815918,0.7821457982063293,4.830260753631592,1.2499889135360718,3.8844850063323975,0.9742905497550964,3.993574619293213,0.530846893787384,3.984522819519043,0.7091642022132874,3.3715338706970215,0.3286687135696411,3.800664186477661,0.6889097690582275,4.784384727478027,0.6184139251708984,5.705472946166992,0.7409301400184631,4.4461750984191895,0.3752855062484741,4.243597507476807,0.9387308359146118,4.35155725479126,0.4518181383609772,5.711165904998779,0.6054620146751404,3.3728761672973633,0.49642717838287354,4.373920440673828,0.9870893955230713,6.146783828735352,0.3787422776222229,3.69266939163208,0.5933007001876831,3.244260311126709,0.5034160614013672,4.34649133682251,0.7325100302696228,3.7355031967163086,0.283588171005249,4.358349323272705,0.5304638147354126,3.31705904006958,0.5198105573654175,3.4442808628082275,0.48663750290870667,4.487324237823486,1.210479497909546,6.379794597625732,0.7053831219673157
UPMC_c001_v001_r001_reg017,3.6742587089538574,0.47621700167655945,5.222659587860107,1.1355398893356323,3.847714424133301,0.34952011704444885,4.65839958190918,0.6528372764587402,5.969846248626709,1.1994221210479736,3.6328649520874023,0.42423921823501587,4.955143451690674,0.8282508850097656,4.527865409851074,0.7699342370033264,3.266242027282715,0.6364813446998596,4.244728088378906,1.010424017906189,5.184151649475098,0.6880303621292114,6.380782127380371,0.5714967250823975,4.566296100616455,0.756751298904419,5.047405242919922,1.3430523872375488,4.107816696166992,0.3677700459957123,5.9666032791137695,0.36481863260269165,3.073458433151245,0.9200501441955566,5.42461633682251,1.8116236925125122,7.132106781005859,0.3689626157283783,2.4508824348449707,0.8630367517471313,3.8938260078430176,0.6224339604377747,4.68917989730835,0.8660683631896973,3.7241854667663574,0.39596298336982727,4.773154258728027,0.5821972489356995,3.1587119102478027,0.18426628410816193,3.2286431789398193,0.15614081919193268,4.085178375244141,0.8794581294059753,6.341283321380615,0.5430660247802734
UPMC_c001_v001_r001_reg018,4.252466201782227,0.3269173204898834,4.916913986206055,0.6141454577445984,4.239941596984863,0.20481076836585999,3.8296706676483154,0.6738386750221252,6.333333492279053,1.0618774890899658,4.752955913543701,0.8324461579322815,4.733480930328369,0.7093043923377991,4.488994121551514,0.47635650634765625,3.7241766452789307,0.21430376172065735,3.275806427001953,0.3673170804977417,4.693941116333008,0.38677364587783813,4.9954705238342285,0.6397109627723694,4.461296081542969,0.22401583194732666,4.120523929595947,0.6305590867996216,4.634986400604248,0.26431816816329956,5.330972671508789,0.3530515134334564,3.543196678161621,0.4966539442539215,4.457198619842529,0.5163483023643494,6.313756465911865,0.35757172107696533,3.9826488494873047,0.4964531660079956,3.1940345764160156,0.18948067724704742,4.210683822631836,0.6933336853981018,4.154510021209717,0.19557593762874603,5.592922210693359,0.7619009613990784,3.151977062225342,0.13479924201965332,3.2251992225646973,0.2806823253631592,6.285675048828125,1.046722650527954,4.904231548309326,1.480390191078186
UPMC_c001_v001_r001_reg019,3.6993777751922607,0.31176555156707764,4.492873668670654,0.7255920767784119,4.111077785491943,0.6040835976600647,3.818047046661377,0.6201883554458618,5.296339511871338,1.4380083084106445,4.901721000671387,0.8814805746078491,4.23307991027832,0.5655325055122375,3.8208107948303223,0.4006873071193695,3.1205756664276123,0.23581454157829285,3.109177827835083,0.35638338327407837,4.4254231452941895,0.41933947801589966,4.8019866943359375,0.819820761680603,3.9255056381225586,0.40442532300949097,3.413544178009033,0.8975542187690735,4.253958225250244,0.431469202041626,5.452558994293213,0.6803169250488281,3.6229748725891113,0.6952323913574219,3.927380323410034,0.7826613783836365,6.790088176727295,0.3955265283584595,3.623680353164673,0.5290828347206116,3.1355769634246826,0.2578597068786621,3.9569718837738037,0.7397662401199341,3.356977701187134,0.19049881398677826,4.6180949211120605,0.605161190032959,3.057419538497925,0.1998947560787201,3.1812326908111572,0.2708066999912262,6.314986705780029,1.0764254331588745,6.218317985534668,0.8958196043968201
UPMC_c001_v001_r001_reg020,4.361194133758545,0.23022161424160004,5.263680934906006,1.6749486923217773,3.868154287338257,0.35121777653694153,3.699913740158081,0.5773534774780273,5.759132385253906,1.695308804512024,4.611378192901611,1.0086225271224976,4.382535457611084,0.5059604048728943,4.22116756439209,0.5614435076713562,3.2943246364593506,0.33936676383018494,3.404402732849121,0.4611732065677643,4.4713134765625,0.3989065885543823,5.077841758728027,1.0598543882369995,3.6981422901153564,0.5384608507156372,3.743675470352173,1.3842105865478516,3.862382411956787,0.6122037172317505,5.713641166687012,0.5708849430084229,3.387727975845337,0.7182892560958862,4.4281158447265625,0.6206601858139038,6.903610706329346,0.51302170753479,3.4593918323516846,0.7566141486167908,3.143075466156006,0.2419363409280777,3.406252145767212,0.6068921089172363,3.563370943069458,0.29507189989089966,4.773018836975098,0.8004810214042664,3.087669849395752,0.15438508987426758,3.0817947387695312,0.18425323069095612,6.137953758239746,1.0257538557052612,4.9831743240356445,1.6527353525161743
UPMC_c001_v001_r001_reg021,4.428034782409668,0.2132045030593872,4.9453043937683105,0.4122096598148346,4.173081874847412,0.16034971177577972,4.011998653411865,0.6291191577911377,4.343914985656738,0.6931911706924438,3.7489705085754395,0.7973441481590271,4.827266693115234,0.909369945526123,4.190204620361328,0.6975623369216919,3.5893800258636475,0.161100834608078,4.614162921905518,0.5515557527542114,5.431270122528076,0.7255707383155823,6.033319473266602,0.8996763825416565,4.752034664154053,0.4473731815814972,5.552055358886719,0.9401019811630249,4.4736433029174805,0.20002155005931854,5.595128059387207,0.5181658864021301,4.081363677978516,0.4004189372062683,5.806081771850586,0.9239283800125122,6.741977214813232,0.474568635225296,4.514698505401611,0.24670587480068207,3.3532752990722656,0.3861924111843109,4.846537113189697,0.8096923232078552,4.073948383331299,0.2008303850889206,4.624846935272217,0.42318302392959595,3.272317886352539,0.24721169471740723,3.111525535583496,0.2379504293203354,4.889500617980957,1.138663649559021,6.438766956329346,0.8698775172233582
UPMC_c001_v001_r001_reg022,4.0487565994262695,0.23482604324817657,4.544052600860596,0.7242290377616882,3.9389915466308594,0.23848040401935577,3.8706679344177246,0.5550309419631958,4.381665229797363,1.071964979171753,4.307102680206299,0.8613744378089905,4.0319905281066895,0.6802543997764587,3.965611696243286,0.6114485263824463,3.3908724784851074,0.24880829453468323,3.7690491676330566,0.356022447347641,4.372557640075684,0.5005785226821899,4.672794342041016,0.7595458030700684,4.14382791519165,0.4712759256362915,3.466188430786133,0.686032235622406,4.060179233551025,0.4252771735191345,5.2021026611328125,0.46279338002204895,3.2166922092437744,0.5376427173614502,4.345249176025391,0.5243358016014099,6.339064121246338,0.35150688886642456,4.040507793426514,0.29340413212776184,3.084679126739502,0.16853678226470947,3.9132933616638184,0.5999094247817993,3.5499815940856934,0.18109939992427826,4.496809482574463,0.5365163683891296,3.1050939559936523,0.1418449878692627,3.1010680198669434,0.20303680002689362,5.815433979034424,1.2147984504699707,5.2972941398620605,1.1507717370986938
UPMC_c001_v001_r001_reg023,4.04671573638916,0.29377129673957825,4.031012058258057,1.0338513851165771,3.8809938430786133,0.28732866048812866,3.936887264251709,0.6608921885490417,4.5170512199401855,1.0942610502243042,4.021275043487549,0.6975159645080566,4.303945064544678,0.6843951344490051,4.404641628265381,0.8115146160125732,3.3566527366638184,0.3544633686542511,3.703481912612915,0.26314735412597656,4.572073936462402,0.46346187591552734,4.672868251800537,0.7208685278892517,3.653078556060791,0.40084317326545715,2.8217923641204834,0.9898558259010315,3.4752097129821777,0.4926735758781433,4.8636627197265625,0.5111855268478394,3.0028932094573975,0.6816161870956421,3.8640427589416504,0.7279179692268372,6.134219646453857,0.3781031370162964,2.967136859893799,0.9175286293029785,3.1187450885772705,0.15883028507232666,3.8438541889190674,0.841688871383667,3.401973247528076,0.28601300716400146,4.4524359703063965,0.7472454309463501,3.082144021987915,0.1283208578824997,3.092679262161255,0.1622171849012375,5.503414154052734,1.2430888414382935,5.553702354431152,1.3906270265579224
UPMC_c001_v001_r001_reg024,3.970792055130005,0.2022642344236374,4.834484100341797,1.180800437927246,3.710016965866089,0.20654049515724182,3.921044111251831,0.6710092425346375,5.527902126312256,1.2938939332962036,3.829338788986206,0.6079549789428711,4.314092636108398,0.5378466248512268,4.261496067047119,0.64212965965271,3.111415147781372,0.2748180627822876,3.602809190750122,0.34427380561828613,4.515342712402344,0.40179282426834106,4.732346057891846,0.8114262819290161,3.5524415969848633,0.3673325181007385,3.1010754108428955,0.9248737692832947,3.4407567977905273,0.41202008724212646,5.082209587097168,0.40146908164024353,2.8745336532592773,0.6279645562171936,4.22485876083374,0.7819885015487671,6.216095924377441,0.4397149682044983,3.1099932193756104,0.7071025371551514,3.1347649097442627,0.2318093180656433,3.829258918762207,0.6314505338668823,3.186222791671753,0.18200187385082245,4.502195358276367,0.9220818281173706,3.048161029815674,0.14755430817604065,3.054736375808716,0.15393701195716858,5.255361080169678,1.1807328462600708,5.100822448730469,1.324498176574707
UPMC_c001_v001_r001_reg026,4.220150947570801,0.49504610896110535,3.4962775707244873,0.7860907912254333,3.8654911518096924,0.3200998306274414,4.264418601989746,0.7115318775177002,5.860373020172119,1.5369863510131836,4.816697120666504,1.4345346689224243,4.450772285461426,0.6252632737159729,4.200314998626709,0.7257709503173828,3.0270605087280273,0.2335139364004135,3.798949718475342,0.6535420417785645,4.804043292999268,0.6638162136077881,5.165876388549805,0.7805708646774292,3.940678358078003,0.4767775535583496,3.3415653705596924,1.201658010482788,3.5835494995117188,0.4782731235027313,5.185001850128174,0.5873889923095703,2.5221340656280518,0.792009174823761,4.727508068084717,1.2113744020462036,6.695497989654541,0.41165584325790405,3.2877702713012695,0.7100462317466736,3.1498653888702393,0.2398083359003067,4.002967357635498,0.7336121201515198,3.2716128826141357,0.1494850367307663,3.6234092712402344,0.47778594493865967,3.1165785789489746,0.1447574347257614,3.199064254760742,0.2828451991081238,5.813480377197266,1.8830504417419434,5.6929497718811035,1.2808988094329834
UPMC_c001_v001_r001_reg027,3.8752260208129883,0.22677093744277954,3.9958527088165283,1.2614840269088745,3.6933188438415527,0.23321785032749176,3.874145746231079,0.6356874108314514,5.561356067657471,1.3124291896820068,3.7996268272399902,0.8394400477409363,4.332003116607666,0.8058083653450012,4.008623123168945,0.7562655210494995,2.9924063682556152,0.2654390037059784,3.557797431945801,0.568431556224823,4.543386936187744,0.5037170648574829,4.813017845153809,0.9153792262077332,3.7733139991760254,0.4676315486431122,3.0814011096954346,1.3057010173797607,3.6137242317199707,0.3334170877933502,4.90172815322876,0.5817590951919556,2.4877376556396484,0.6670508980751038,4.231640338897705,1.096716046333313,5.826015472412109,0.39471396803855896,3.0474233627319336,0.5294936299324036,3.099703788757324,0.3229829668998718,3.832794427871704,0.7443462610244751,3.143981695175171,0.144468292593956,3.5990586280822754,0.6293383240699768,3.0758655071258545,0.1741674393415451,3.097618818283081,0.21567562222480774,4.543454647064209,1.7635722160339355,6.014399528503418,1.424179196357727
UPMC_c001_v001_r001_reg028,3.888240337371826,0.3258383572101593,3.234665632247925,1.049094557762146,3.6261484622955322,0.28084421157836914,3.4792897701263428,0.5551470518112183,5.6205902099609375,1.1771507263183594,4.676725387573242,0.6147318482398987,4.000775337219238,0.46599504351615906,3.7684545516967773,0.3480950593948364,2.9313197135925293,0.3076949119567871,3.298264265060425,0.2793579697608948,3.988635778427124,0.3889043927192688,4.199810981750488,0.6480380892753601,3.4021966457366943,0.3993421494960785,2.3279571533203125,0.9963048100471497,3.3056392669677734,0.5338277816772461,5.101615905761719,0.5808964371681213,2.328145980834961,0.8330704569816589,3.439704179763794,0.8147569298744202,5.549866676330566,0.25381168723106384,3.0083260536193848,0.7258631587028503,3.084073543548584,0.34537258744239807,3.770747184753418,0.6829797625541687,3.0956366062164307,0.19010813534259796,4.36307430267334,1.223771572113037,3.0847995281219482,0.2930043935775757,3.0439751148223877,0.3576991856098175,6.387927532196045,0.5903104543685913,3.791842460632324,1.0641428232192993
UPMC_c001_v001_r001_reg029,4.023094177246094,0.3728799521923065,5.011843681335449,1.1667484045028687,3.789839267730713,0.3045829236507416,4.205467700958252,0.706754744052887,5.987419128417969,1.3898144960403442,4.090714454650879,0.929236888885498,4.275903224945068,0.7158504724502563,4.224989414215088,0.7341292500495911,3.0523428916931152,0.3936513662338257,3.7031595706939697,0.5983444452285767,4.660025119781494,0.5677568912506104,5.451491832733154,0.79911208152771,3.6670985221862793,0.435200572013855,4.174392223358154,1.0724318027496338,3.8859455585479736,0.49278169870376587,5.296567440032959,0.5568422675132751,3.269622802734375,0.6949068307876587,4.434398651123047,0.8371771574020386,5.9904069900512695,0.3541027009487152,3.4360358715057373,0.4390830993652344,3.217327356338501,0.4636385440826416,4.268527507781982,0.8241924047470093,3.23116397857666,0.24783536791801453,3.7772064208984375,0.7978320121765137,3.187870740890503,0.3758881390094757,3.2138092517852783,0.4001119136810303,4.864422798156738,1.4777312278747559,5.962813854217529,0.9994940757751465
UPMC_c001_v001_r001_reg030,3.8181493282318115,0.19393032789230347,3.7500245571136475,0.31522148847579956,3.694340229034424,0.14617256820201874,3.5011239051818848,0.5642574429512024,4.397716522216797,0.9068605303764343,4.662296772003174,0.5914480686187744,3.6974072456359863,0.3634229898452759,4.194451332092285,0.5336340069770813,2.9694981575012207,0.1597825288772583,3.394286632537842,0.25515657663345337,4.257061004638672,0.34008651971817017,4.18694543838501,0.5551645755767822,3.6056535243988037,0.21808338165283203,2.916999578475952,0.45132461190223694,3.8430936336517334,0.19602631032466888,4.4537353515625,0.49036046862602234,3.2250008583068848,0.32241466641426086,4.1648783683776855,0.48290351033210754,6.359149932861328,0.3749905228614807,3.6496386528015137,0.25922298431396484,3.0381035804748535,0.17192213237285614,3.6366965770721436,0.37381604313850403,3.1906864643096924,0.12362373620271683,4.243215560913086,0.8186303377151489,3.017324924468994,0.14279897511005402,3.0081350803375244,0.14759570360183716,6.352712631225586,0.8248013257980347,4.161255836486816,1.253619909286499
UPMC_c001_v001_r001_reg031,3.9454522132873535,0.20735664665699005,3.662602186203003,0.2607533931732178,3.68314790725708,0.11745265126228333,3.275609254837036,0.29981744289398193,3.6623737812042236,0.5016428232192993,3.980424404144287,0.31312575936317444,3.2800304889678955,0.13940390944480896,3.648754596710205,0.34672853350639343,3.0247409343719482,0.12450063228607178,3.5908889770507812,0.13789065182209015,4.083518981933594,0.2588813900947571,4.108738422393799,0.39631351828575134,3.7726361751556396,0.15653328597545624,3.0871570110321045,0.35941851139068604,3.7827420234680176,0.16790403425693512,4.191514015197754,0.28784769773483276,3.100205898284912,0.30856525897979736,3.9558608531951904,0.3009156286716461,5.586123943328857,0.2900853157043457,3.8002912998199463,0.24795182049274445,3.014044761657715,0.100494384765625,3.9651927947998047,0.4167327582836151,3.4317634105682373,0.10161460191011429,3.8413758277893066,0.39105045795440674,3.010791778564453,0.09954716265201569,2.9620907306671143,0.10252294689416885,5.964831829071045,0.3800010681152344,3.26285457611084,0.5424662232398987
UPMC_c001_v001_r001_reg032,4.064084053039551,0.15811055898666382,4.1349382400512695,0.38322028517723083,3.9707956314086914,0.1890123337507248,3.7028605937957764,0.4110306203365326,4.825298309326172,1.102437138557434,5.017611503601074,1.0478898286819458,4.060299873352051,0.49046799540519714,4.105395317077637,0.5906866788864136,3.317685604095459,0.19937507808208466,4.070263862609863,0.45859554409980774,4.523940563201904,0.5932124257087708,4.879545211791992,0.8729313015937805,4.549776554107666,0.3295680284500122,3.8564414978027344,0.717202365398407,4.252540588378906,0.24804405868053436,5.038179397583008,0.6360306143760681,3.53521990776062,0.5540397763252258,4.972201347351074,0.843553900718689,6.120242118835449,0.3380741775035858,3.889859437942505,0.32686281204223633,3.1468794345855713,0.20960597693920135,4.4364495277404785,0.6091488003730774,3.9879205226898193,0.12639786303043365,4.447728157043457,0.5697779059410095,3.209423065185547,0.13731156289577484,3.069532632827759,0.14230650663375854,6.273749828338623,1.1021758317947388,4.722459316253662,1.4166315793991089
UPMC_c001_v001_r001_reg033,4.5636749267578125,0.2914513647556305,4.384634971618652,0.6356722712516785,4.164456844329834,0.18691694736480713,3.82289719581604,0.5845588445663452,5.965581893920898,1.195074200630188,5.090665340423584,1.0043054819107056,4.421231269836426,0.7960507273674011,4.297663688659668,0.6056782603263855,3.621124267578125,0.2568029463291168,4.401116371154785,0.38268181681632996,4.620835781097412,0.4919948875904083,5.141470432281494,0.7456331849098206,4.739368915557861,0.5669956803321838,4.209202289581299,0.7771598696708679,4.462352275848389,0.4363963305950165,4.941904067993164,0.4494434595108032,3.774428129196167,0.7738015651702881,4.913521766662598,0.6045235395431519,6.311604022979736,0.3466811180114746,3.8700664043426514,0.4463099539279938,3.2186288833618164,0.19771671295166016,4.775170803070068,0.6103232502937317,4.372360706329346,0.21531063318252563,4.554043769836426,0.4278625249862671,3.25426983833313,0.21128405630588531,3.1713333129882812,0.3350100815296173,6.329439163208008,1.2116997241973877,4.898177146911621,1.4931644201278687
UPMC_c001_v001_r001_reg034,4.290520668029785,0.18955925107002258,4.242895603179932,0.5391873121261597,4.015031814575195,0.20297227799892426,3.800213098526001,0.6804856061935425,4.285840034484863,0.6170467734336853,5.217073440551758,1.2890722751617432,4.853787422180176,0.6967996954917908,4.430521488189697,0.8075056672096252,3.3181521892547607,0.32321059703826904,3.8821909427642822,0.3728807270526886,4.9704718589782715,0.5531564354896545,4.658133506774902,0.7603338956832886,4.376361846923828,0.2640968859195709,3.8464484214782715,0.7007175087928772,4.483511924743652,0.2423558235168457,5.255769729614258,0.7140970230102539,3.9233076572418213,0.33363649249076843,4.5841474533081055,0.5097136497497559,6.907973289489746,0.4065138101577759,3.875621795654297,0.46242964267730713,3.1376044750213623,0.27006784081459045,4.3558831214904785,0.8294587731361389,3.734485387802124,0.26203280687332153,4.146929740905762,1.2335467338562012,3.205604314804077,0.15419845283031464,3.1657633781433105,0.2212447226047516,6.402647018432617,1.4699708223342896,5.406776428222656,1.8508716821670532
UPMC_c001_v001_r001_reg035,4.09606409072876,0.18654192984104156,4.224578380584717,0.7707334160804749,4.035078525543213,0.19091783463954926,4.490005970001221,1.0793856382369995,4.258813381195068,1.130674123764038,4.779329299926758,1.0679312944412231,4.153900623321533,0.5871527194976807,4.427159309387207,0.9241981506347656,3.732017993927002,0.20947502553462982,3.938289165496826,0.3830920457839966,4.604560852050781,0.5722301602363586,4.991593837738037,0.9212858080863953,4.153679370880127,0.39425572752952576,4.213282108306885,0.6864307522773743,4.378170967102051,0.377820760011673,5.429119110107422,0.9112459421157837,4.057307720184326,0.35958340764045715,4.7026686668396,0.8554965257644653,6.080502033233643,0.4341650903224945,4.008051872253418,0.40588054060935974,3.167672634124756,0.43700891733169556,4.312364101409912,0.4610471725463867,3.91009521484375,0.20096880197525024,2.9791877269744873,1.6510369777679443,3.1427125930786133,0.23638509213924408,3.0759520530700684,0.17847995460033417,6.005796432495117,1.4475781917572021,5.665035247802734,1.8240199089050293
UPMC_c001_v001_r001_reg036,3.8789145946502686,0.24812579154968262,3.4135639667510986,0.8117117285728455,3.8264617919921875,0.23381364345550537,5.1661763191223145,0.8544650673866272,3.543729305267334,0.26854386925697327,3.3115692138671875,0.21041372418403625,3.6045737266540527,0.3238428235054016,3.7009055614471436,0.5726019144058228,3.2939460277557373,0.22536037862300873,3.8297603130340576,0.372477263212204,4.857015609741211,0.6580636501312256,4.991390705108643,0.7334797382354736,4.3512678146362305,0.2849954664707184,3.437537670135498,0.9121151566505432,4.051623821258545,0.4186311662197113,5.166771411895752,0.7013688087463379,3.045102596282959,0.7947200536727905,3.6920650005340576,0.8220728039741516,5.986903190612793,0.309293270111084,3.305263042449951,0.7391392588615417,3.0909945964813232,0.128793865442276,4.482574462890625,0.6224163770675659,3.8819823265075684,0.16158266365528107,2.33347487449646,0.5484461188316345,3.2298169136047363,0.186462864279747,3.1874752044677734,0.20960263907909393,3.309514045715332,0.2923826277256012,6.163311958312988,0.6090407371520996
UPMC_c001_v001_r001_reg037,3.902689218521118,0.20169085264205933,3.873112201690674,1.083249807357788,3.7784290313720703,0.17998270690441132,4.4389328956604,0.9531410336494446,4.346086502075195,1.1010559797286987,3.53088116645813,0.4783838093280792,4.049238681793213,0.4302372932434082,4.6232733726501465,0.9610968828201294,3.263979434967041,0.19009649753570557,3.5990514755249023,0.33600351214408875,4.708785533905029,0.6055030822753906,5.037660121917725,0.8187530040740967,4.137587070465088,0.3292275369167328,3.4047746658325195,0.7838185429573059,3.6340627670288086,0.4501928389072418,4.653770446777344,0.4899899363517761,3.080996036529541,0.5311674475669861,4.244331359863281,0.8599365949630737,6.379114627838135,0.47847625613212585,3.278519630432129,0.6247425079345703,3.121628761291504,0.1971619576215744,4.147528171539307,0.6912418603897095,3.5085840225219727,0.1917654275894165,3.495417356491089,0.8286764025688171,3.125922441482544,0.12178424745798111,3.1171560287475586,0.14980052411556244,4.256566524505615,1.1742441654205322,5.752892971038818,1.17196524143219
UPMC_c001_v001_r001_reg038,3.6814963817596436,0.24874062836170197,3.375920057296753,1.129861831665039,3.5316412448883057,0.19045421481132507,3.9511470794677734,0.724797785282135,4.229181289672852,1.2057828903198242,3.6188197135925293,0.6069623231887817,3.65679669380188,0.48509088158607483,3.859706401824951,0.6801340579986572,2.8359639644622803,0.2353041172027588,3.3034565448760986,0.21315544843673706,4.355907917022705,0.5084920525550842,4.739037990570068,0.7329978346824646,3.3214595317840576,0.33729541301727295,2.5644025802612305,0.8507584929466248,3.3113934993743896,0.5376042723655701,4.652058124542236,0.5787075161933899,2.945566415786743,0.5933754444122314,3.6041815280914307,0.9414021968841553,5.649604797363281,0.2821241617202759,2.960028886795044,0.6962348818778992,2.964824914932251,0.12796631455421448,3.6539363861083984,0.4401625990867615,3.1052980422973633,0.15052437782287598,3.0285634994506836,0.7364576458930969,2.9788472652435303,0.12271136045455933,2.996412515640259,0.12147318571805954,4.585084915161133,1.3794142007827759,5.780515670776367,0.8107926845550537
UPMC_c001_v001_r001_reg039,3.766284227371216,0.19793415069580078,4.248032093048096,0.7921011447906494,3.713068962097168,0.20519475638866425,3.6705803871154785,0.5051960349082947,6.561314105987549,1.0728846788406372,4.084616661071777,0.631016731262207,4.169848918914795,0.6765364408493042,3.810195207595825,0.4519018828868866,2.9573957920074463,0.17623375356197357,3.3108839988708496,0.18965688347816467,3.953199863433838,0.3288315236568451,4.573338508605957,0.6523488163948059,3.3941783905029297,0.2632298469543457,3.3564813137054443,0.5763067603111267,3.7446727752685547,0.21849611401557922,5.056016445159912,0.5598230361938477,3.283893346786499,0.47024106979370117,4.113851547241211,0.5022861361503601,5.8726487159729,0.30560407042503357,3.6151323318481445,0.31547555327415466,2.9995970726013184,0.140197291970253,3.6612422466278076,0.5157215595245361,3.0649585723876953,0.13117292523384094,3.87335205078125,0.9403862953186035,2.987528085708618,0.10684489458799362,2.975686550140381,0.11362186819314957,5.637881278991699,1.03860604763031,4.989913463592529,1.2483397722244263
UPMC_c001_v001_r001_reg040,3.7219841480255127,0.4819336235523224,2.59190034866333,1.630316972732544,3.4979753494262695,0.5691132545471191,3.9892804622650146,0.6810182332992554,5.337688446044922,1.313056468963623,5.20272159576416,1.0226953029632568,4.297904014587402,0.5068970322608948,4.314947605133057,0.661762535572052,2.9024550914764404,0.5724480152130127,3.490652322769165,0.37177562713623047,4.408023834228516,0.610517680644989,4.812917709350586,0.8486201763153076,3.4920926094055176,0.5639122128486633,2.223954200744629,1.35313081741333,2.764173746109009,0.7395983338356018,5.430141448974609,0.820565402507782,1.5346100330352783,0.9339570999145508,3.252422571182251,1.1749162673950195,6.151910305023193,0.4245539903640747,1.8424254655838013,1.1057655811309814,3.0781147480010986,0.24724677205085754,3.639816999435425,0.8411136269569397,3.2688653469085693,0.273914635181427,3.6972622871398926,1.13616144657135,3.087970733642578,0.13936632871627808,2.9994711875915527,0.13524089753627777,6.337257385253906,1.2729851007461548,4.878678798675537,1.4775184392929077
UPMC_c001_v001_r001_reg041,3.6137492656707764,0.22465068101882935,2.5819907188415527,0.6380900144577026,3.459807872772217,0.22448232769966125,3.630521297454834,0.5227882862091064,4.3184814453125,0.7283157110214233,5.272017478942871,0.6712243556976318,4.150637149810791,0.4413480758666992,3.6309211254119873,0.36312174797058105,2.7632222175598145,0.1422683149576187,3.0719711780548096,0.12049437314271927,4.064542293548584,0.3698478937149048,4.198005676269531,0.5156793594360352,3.451251268386841,0.24482348561286926,2.215085983276367,0.6744875907897949,3.0013530254364014,0.31560829281806946,6.118767261505127,0.519946277141571,2.403449058532715,0.457246869802475,3.2801218032836914,0.5292746424674988,6.154852390289307,0.3216491639614105,2.01173734664917,0.4963570535182953,2.929354190826416,0.12815414369106293,3.1082093715667725,0.293036550283432,3.0696799755096436,0.12442341446876526,3.9228498935699463,0.8841937780380249,2.978189468383789,0.10654762387275696,2.909407615661621,0.11156520992517471,6.602358341217041,0.7379560470581055,4.271463394165039,1.115767002105713
UPMC_c002_v001_r001_reg001,3.6040923595428467,0.19333674013614655,3.9461722373962402,0.6041951179504395,3.3442394733428955,0.3157558739185333,3.3373219966888428,0.44386476278305054,6.094844818115234,1.3436862230300903,5.271515846252441,1.2300869226455688,3.7440731525421143,0.3668718934059143,3.6432559490203857,0.4355524480342865,3.084807872772217,0.23438270390033722,3.615793228149414,0.6555687189102173,3.909027576446533,0.5601137280464172,4.287455081939697,1.0321446657180786,4.271507263183594,0.3107854723930359,3.8149688243865967,0.7992041110992432,3.949784755706787,0.23232313990592957,4.64847469329834,0.6100823283195496,3.0983428955078125,0.31410735845565796,4.500072479248047,0.8458974957466125,6.6175923347473145,0.4957449436187744,3.944490671157837,0.2431078553199768,2.8248894214630127,0.3469855785369873,3.381176471710205,0.7564497590065002,3.432954788208008,0.22331152856349945,4.318694114685059,0.7340524792671204,2.99233078956604,0.15059179067611694,2.883619785308838,0.13174940645694733,5.33580207824707,1.1839159727096558,3.946420669555664,1.6587461233139038
UPMC_c002_v001_r001_reg002,3.39860200881958,0.2524481415748596,3.216517448425293,0.4813329577445984,3.1697869300842285,0.2710348665714264,3.7974984645843506,0.8580090403556824,3.575662612915039,0.3695380687713623,3.0185658931732178,0.5170064568519592,3.6266045570373535,0.44727498292922974,3.638676881790161,0.8758267760276794,3.0436062812805176,0.18201085925102234,3.9984047412872314,0.9297627806663513,4.122056484222412,0.6722888350486755,4.940016269683838,1.266526222229004,4.043858051300049,0.4931223690509796,3.654188394546509,0.8224225640296936,3.3550140857696533,0.3730285167694092,4.780673503875732,0.7643792033195496,2.6484344005584717,0.48017024993896484,4.465355396270752,1.6921513080596924,6.238996505737305,0.46223312616348267,3.2636845111846924,0.445638507604599,2.859288215637207,0.40460288524627686,3.9509143829345703,1.146362543106079,3.2628684043884277,0.20908096432685852,3.740774631500244,0.5041366219520569,2.9890708923339844,0.17863647639751434,2.8613882064819336,0.16226497292518616,3.126288652420044,0.7359399199485779,6.057795524597168,1.1933711767196655
UPMC_c002_v001_r001_reg003,3.1733617782592773,0.17548155784606934,3.0427260398864746,0.8597425818443298,3.1934425830841064,0.26094451546669006,3.4039652347564697,0.5934190154075623,4.007407188415527,0.8714789152145386,3.416372299194336,0.8059071898460388,3.6416189670562744,0.4346522092819214,3.550992250442505,0.6125300526618958,2.87591814994812,0.18378902971744537,2.99025297164917,0.35833412408828735,3.9261090755462646,0.6003077030181885,3.7590737342834473,0.9314380288124084,3.328233003616333,0.36216408014297485,2.9590351581573486,0.6327004432678223,3.1050987243652344,0.5776621699333191,4.942686557769775,0.8927758932113647,2.197659492492676,0.6385781168937683,2.860867500305176,0.6607654094696045,6.352169036865234,0.4615308940410614,2.8214995861053467,0.5313209891319275,2.7281241416931152,0.24790942668914795,3.155806541442871,0.7871403694152832,2.993272066116333,0.22161586582660675,3.611544609069824,0.9926625490188599,2.8630261421203613,0.17545586824417114,2.8870038986206055,0.19650743901729584,3.5696680545806885,1.0656018257141113,5.655256271362305,1.7352118492126465
UPMC_c002_v001_r001_reg004,3.415674924850464,0.29713255167007446,2.7057697772979736,0.6778529286384583,3.197958469390869,0.4073752760887146,3.9051284790039062,0.5730212926864624,4.45611572265625,0.8360157608985901,3.139417886734009,0.46968546509742737,5.308030605316162,0.8098991513252258,4.4339985847473145,0.7932117581367493,2.9446399211883545,0.2510732412338257,4.333662986755371,0.8784316182136536,4.774679183959961,0.6436805129051208,5.976415157318115,0.8543088436126709,4.91584587097168,0.7313197255134583,4.088242530822754,0.9666364789009094,3.096492290496826,0.5120639801025391,5.195846080780029,0.5390695333480835,2.2068545818328857,0.5424805879592896,5.056148529052734,1.28837251663208,6.994942665100098,0.3999835252761841,3.0062379837036133,0.6223762631416321,3.0432639122009277,0.44296133518218994,4.299191474914551,0.961877167224884,3.2707338333129883,0.34041067957878113,3.3594961166381836,1.2539117336273193,3.114605188369751,0.207100510597229,3.0210375785827637,0.19469287991523743,2.84248685836792,0.6933349967002869,6.254585266113281,0.7565761208534241
UPMC_c002_v001_r001_reg005,3.5537338256835938,0.2985006272792816,3.265347719192505,0.5232181549072266,3.3850748538970947,0.2926008105278015,4.173234462738037,0.6931965351104736,4.425782680511475,0.7243494987487793,3.319120407104492,0.7611083388328552,5.591532230377197,1.0662049055099487,4.206184387207031,0.844598114490509,2.951864719390869,0.18833136558532715,4.3217058181762695,1.1318615674972534,5.008174896240234,0.9313146471977234,5.824767112731934,1.298673391342163,4.917764663696289,0.9949869513511658,4.414653778076172,1.1716837882995605,3.2541072368621826,0.27571389079093933,5.102694988250732,0.5067973732948303,2.569394826889038,0.3723461627960205,4.646592140197754,1.2443500757217407,6.838531970977783,0.4240681827068329,3.2599833011627197,0.4301546812057495,2.8554558753967285,0.2889581322669983,4.3327250480651855,1.0410178899765015,3.2118070125579834,0.31430140137672424,3.4907801151275635,0.7317906022071838,3.0401430130004883,0.26727521419525146,2.927196979522705,0.1405213624238968,3.2909324169158936,0.9061087965965271,5.992598533630371,1.5238264799118042
UPMC_c002_v001_r001_reg006,3.341535806655884,0.20359189808368683,3.4050540924072266,1.0575404167175293,3.1872599124908447,0.20292997360229492,4.103635311126709,0.9801563620567322,4.320625305175781,1.0359447002410889,3.40583872795105,0.5919970273971558,4.179172039031982,0.48436859250068665,4.40717077255249,0.9104244709014893,2.8241405487060547,0.2019590139389038,3.1685328483581543,0.5417885184288025,4.444842338562012,0.5496716499328613,4.29292106628418,1.1184864044189453,3.8922650814056396,0.46905994415283203,2.971306800842285,0.8305613398551941,3.1185851097106934,0.34099695086479187,4.540773868560791,0.48873069882392883,2.3174872398376465,0.4524482190608978,3.318608283996582,0.8024696111679077,6.75197696685791,0.4526391327381134,3.2282159328460693,0.40693721175193787,2.8212270736694336,0.2923295795917511,3.3466618061065674,0.8938578963279724,3.093306541442871,0.32302677631378174,4.074379920959473,1.447684407234192,2.9596550464630127,0.1644049882888794,2.876425266265869,0.15220528841018677,3.7187182903289795,0.9822859168052673,5.345337867736816,1.9209908246994019
UPMC_c002_v001_r001_reg007,3.1920108795166016,0.2151963710784912,3.989259958267212,1.055678129196167,3.2360877990722656,0.28405147790908813,3.54097056388855,0.831804096698761,4.5933942794799805,1.3479912281036377,4.046424865722656,1.1568928956985474,3.649454116821289,0.36410456895828247,3.6479640007019043,0.5677292943000793,2.793684959411621,0.18433009088039398,3.027806282043457,0.45370176434516907,3.9050486087799072,0.5763971209526062,4.117951393127441,1.0938812494277954,3.6908822059631348,0.48194608092308044,3.3022847175598145,0.6273547410964966,3.3001601696014404,0.267453670501709,4.823307037353516,0.7306740880012512,2.6089141368865967,0.37656110525131226,3.1599998474121094,0.638605535030365,6.420695781707764,0.45310717821121216,3.408320426940918,0.36836254596710205,2.7410972118377686,0.19356226921081543,3.1760826110839844,0.6743059754371643,2.9624502658843994,0.26430752873420715,3.408773422241211,1.0337008237838745,2.868417263031006,0.1841970980167389,2.9305200576782227,0.16982430219650269,4.321741104125977,1.480503797531128,5.0857133865356445,1.8740355968475342
UPMC_c002_v001_r001_reg008,3.4410085678100586,0.28046560287475586,3.4004499912261963,0.6802574992179871,3.4303653240203857,0.3156011700630188,3.8748815059661865,0.6650465726852417,4.445863246917725,1.1442087888717651,3.9162559509277344,1.2996912002563477,5.313183307647705,1.3765820264816284,4.116110801696777,0.757491946220398,2.8844053745269775,0.19076219201087952,4.145602703094482,1.1656248569488525,4.935669898986816,0.9918909072875977,5.668724060058594,1.464863896369934,4.886226654052734,1.2306424379348755,4.4204277992248535,1.1837629079818726,3.551069736480713,0.31588390469551086,5.083003044128418,0.5105558633804321,2.6496076583862305,0.4109560251235962,4.512705326080322,1.2865933179855347,6.9604811668396,0.4317832291126251,3.3619582653045654,0.5073143839836121,2.8377749919891357,0.28273817896842957,4.5597147941589355,1.3785594701766968,3.1917498111724854,0.3489285409450531,3.776474952697754,1.011816143989563,3.0711374282836914,0.3037644922733307,2.9563796520233154,0.16634994745254517,3.7615966796875,1.4537453651428223,5.863266468048096,1.748876929283142
UPMC_c002_v001_r001_reg009,3.28137469291687,0.45387139916419983,3.3110768795013428,1.3079406023025513,3.0901846885681152,0.3018712103366852,4.258155345916748,1.0104705095291138,5.820875644683838,1.8314341306686401,3.189349889755249,0.5919253826141357,3.902529716491699,0.524117648601532,3.718442440032959,0.7446025609970093,2.777661085128784,0.28513815999031067,3.2125420570373535,0.4290388524532318,4.326253414154053,0.658322811126709,5.006308078765869,1.1065605878829956,3.6535768508911133,0.5383978486061096,3.4222183227539062,1.0670356750488281,3.6256182193756104,0.5097348093986511,5.727654457092285,0.7443704009056091,2.275864362716675,0.7583370804786682,2.8600378036499023,0.9241206049919128,7.0204081535339355,0.5416693687438965,3.3131790161132812,0.6722859144210815,2.8384993076324463,0.2991985082626343,3.9321908950805664,1.1886940002441406,3.0171799659729004,0.3648810386657715,3.441047430038452,0.5780187845230103,3.066253185272217,0.26924553513526917,2.9987919330596924,0.24088053405284882,2.841315507888794,0.7648608088493347,6.293334007263184,1.684712529182434
UPMC_c002_v001_r001_reg010,3.3330163955688477,0.2147400826215744,4.2371954917907715,0.9272505640983582,3.4202632904052734,0.27266985177993774,4.123013496398926,0.9176527857780457,4.035362720489502,0.7454932332038879,4.152565956115723,1.3712198734283447,3.7959139347076416,0.4043445885181427,3.9368624687194824,0.6591954231262207,2.8631961345672607,0.17789007723331451,3.5964083671569824,0.7547643184661865,4.537852764129639,0.7508377432823181,4.962156772613525,1.1536633968353271,3.741128921508789,0.2570449113845825,4.193892002105713,0.9187979102134705,3.834787130355835,0.21063756942749023,5.186154365539551,0.7103840112686157,3.048724889755249,0.3099461495876312,3.7152256965637207,0.7192584276199341,6.29976749420166,0.48554229736328125,3.621675491333008,0.29787763953208923,2.895551919937134,0.26417022943496704,3.9661762714385986,0.9748063683509827,3.2084805965423584,0.42243602871894836,3.89327335357666,0.7511934638023376,3.0523178577423096,0.1990402191877365,3.04543399810791,0.19253845512866974,4.097951889038086,1.4733030796051025,6.0227532386779785,1.700743317604065
UPMC_c002_v001_r001_reg011,3.1885507106781006,0.1561209112405777,3.6261630058288574,0.6515337228775024,3.3747293949127197,0.3629421889781952,3.684473752975464,0.8039397597312927,4.539967060089111,1.1986854076385498,4.773707389831543,1.139505386352539,3.821483850479126,0.3410547077655792,4.233218193054199,0.6745071411132812,2.8518030643463135,0.15536300837993622,3.1205708980560303,0.37655436992645264,3.987201690673828,0.38892102241516113,3.961181402206421,0.7470123171806335,3.6210520267486572,0.3615718185901642,3.3767223358154297,0.48110654950141907,3.6630430221557617,0.1960366666316986,4.4740190505981445,0.448584645986557,2.836536169052124,0.30429166555404663,3.6482152938842773,0.7067542672157288,6.41602087020874,0.48919668793678284,3.6347827911376953,0.32043638825416565,2.8205602169036865,0.3013158440589905,3.0056979656219482,0.3771350681781769,2.977379322052002,0.1649501621723175,3.9328911304473877,0.8626800179481506,2.929490089416504,0.17250335216522217,2.926447629928589,0.1386679708957672,4.992905139923096,1.3041577339172363,4.439545154571533,1.8392226696014404
UPMC_c002_v001_r001_reg012,3.0430829524993896,0.2857162058353424,3.3431975841522217,0.9980949759483337,3.2235593795776367,0.37946346402168274,3.445377826690674,0.5562636256217957,4.132924556732178,0.980258047580719,3.6019325256347656,0.8184407353401184,3.6409482955932617,0.3921031057834625,3.6185946464538574,0.4548823833465576,2.831267833709717,0.2749742567539215,3.0033462047576904,0.2932088375091553,3.8181746006011963,0.5353594422340393,3.580566644668579,0.7720683813095093,3.047083616256714,0.4156314432621002,2.8689675331115723,0.7295176982879639,3.180607318878174,0.4496820569038391,4.775351047515869,0.8442410826683044,2.351534605026245,0.5673794150352478,2.7821524143218994,0.6809564828872681,6.608893871307373,0.4915478527545929,3.079904079437256,0.6052101254463196,2.795743703842163,0.1688975840806961,3.092379570007324,0.7059128880500793,2.8364052772521973,0.27375057339668274,3.99395751953125,1.0008352994918823,2.8869576454162598,0.15388716757297516,2.91709566116333,0.14633549749851227,4.048332691192627,1.2850395441055298,5.538649559020996,1.8813480138778687
UPMC_c002_v001_r001_reg013,3.165769338607788,0.23696400225162506,3.003857135772705,1.0900218486785889,3.3662257194519043,0.35549506545066833,4.05498743057251,1.0334434509277344,3.6766936779022217,0.4637497365474701,3.9180166721343994,1.0979408025741577,3.63724422454834,0.341088205575943,3.6922874450683594,0.5040082335472107,3.0019443035125732,0.14969708025455475,3.3021457195281982,0.42630648612976074,4.1185712814331055,0.5512077212333679,4.322322845458984,0.9341112971305847,3.4468910694122314,0.5362004041671753,3.686953067779541,0.554634153842926,3.071702003479004,0.6821941137313843,4.598884582519531,0.7073203921318054,2.5772533416748047,0.7085368037223816,3.3611812591552734,0.7754824757575989,6.511479377746582,0.42866459488868713,3.84669828414917,0.44719862937927246,2.8769149780273438,0.13884375989437103,3.5449893474578857,0.7679450511932373,2.9356420040130615,0.18826954066753387,3.8516769409179688,0.4459773898124695,2.969989776611328,0.15984033048152924,2.9786603450775146,0.1293691247701645,3.9489762783050537,1.3523789644241333,5.190707206726074,1.679274082183838
UPMC_c002_v001_r001_reg014,3.4931840896606445,0.36881500482559204,3.6614503860473633,0.7816255688667297,3.5452475547790527,0.42134344577789307,3.8909716606140137,0.8460463285446167,4.163453102111816,0.6532271504402161,4.135498523712158,0.8178974390029907,4.064330101013184,0.5113919377326965,3.9170565605163574,0.6433446407318115,3.112154960632324,0.28179022669792175,3.466360569000244,0.405047208070755,4.133288860321045,0.6219737529754639,4.136219501495361,0.891245424747467,3.5172088146209717,0.45777925848960876,3.4298439025878906,0.642449140548706,3.624624490737915,0.6659663319587708,4.403495788574219,0.5529851317405701,2.8921871185302734,0.6628091931343079,3.5302112102508545,0.7173704504966736,6.479427337646484,0.5168535709381104,3.643983840942383,0.52149897813797,3.160372257232666,0.6171960830688477,3.3352437019348145,0.6384537220001221,3.1348536014556885,0.3208472728729248,4.697606086730957,0.9908235669136047,3.2147302627563477,0.48712584376335144,3.2567620277404785,0.5218181014060974,4.196874141693115,1.0559673309326172,5.232865333557129,1.7918059825897217
UPMC_c002_v001_r001_reg015,3.5706591606140137,0.23605723679065704,3.457702875137329,0.7014024257659912,3.439462423324585,0.3074239194393158,4.258973598480225,1.0296190977096558,4.189967155456543,0.6672471761703491,3.734283685684204,0.7108686566352844,4.405716896057129,0.4908832311630249,4.283502101898193,0.7470297813415527,3.028855562210083,0.18963593244552612,3.4678738117218018,0.43902793526649475,4.548255920410156,0.5566981434822083,4.506845951080322,1.017243504524231,4.234495639801025,0.3681389391422272,3.5168938636779785,0.7277284860610962,3.808215856552124,0.2846015989780426,4.775318622589111,0.5467810034751892,2.903181791305542,0.5185317993164062,3.6731159687042236,0.6542897820472717,6.47982120513916,0.5273774862289429,3.5902905464172363,0.4800737202167511,2.915627956390381,0.2808317542076111,3.5863711833953857,0.9617003202438354,3.3556294441223145,0.3870697021484375,4.809474945068359,1.3156383037567139,3.093987464904785,0.14825603365898132,3.0765295028686523,0.1449260115623474,4.033790588378906,0.8094265460968018,4.6104302406311035,1.762126088142395
UPMC_c002_v001_r001_reg018,3.7437033653259277,0.32939186692237854,3.735839605331421,0.7570773959159851,3.6229093074798584,0.29067566990852356,3.6729869842529297,0.7774674892425537,4.47003173828125,0.9414530992507935,4.466801166534424,1.1903064250946045,4.52578592300415,0.6262093782424927,4.052743434906006,0.6158862709999084,3.374857187271118,0.30141088366508484,3.4997284412384033,0.6100620031356812,4.34100341796875,0.6011992692947388,4.853339195251465,0.9659860134124756,3.9855761528015137,0.5771105885505676,4.011476516723633,0.83060222864151,4.141213893890381,0.34737828373908997,4.64229679107666,0.5827535390853882,3.336406946182251,0.4595770537853241,4.366556644439697,0.9799067378044128,6.731061935424805,0.5286155343055725,3.8592240810394287,0.5701740980148315,3.044541597366333,0.4846132695674896,3.2905828952789307,0.4784378707408905,3.157191276550293,0.24800387024879456,4.503114223480225,0.5887086987495422,3.033735513687134,0.3318459093570709,3.084731101989746,0.3272998631000519,4.657752513885498,1.0807085037231445,4.905937671661377,1.8978886604309082
UPMC_c002_v001_r001_reg019,3.7168514728546143,0.30596214532852173,3.466865062713623,0.7551071047782898,3.5723254680633545,0.3219028413295746,4.324442386627197,0.993504524230957,4.482597351074219,0.9406331181526184,4.148633003234863,1.1500755548477173,4.515885829925537,0.79314786195755,4.0345306396484375,0.6967169642448425,3.2537975311279297,0.19854852557182312,3.7589030265808105,0.7964129447937012,4.62053108215332,0.8418571352958679,5.178554058074951,1.180782437324524,4.247623920440674,0.7130289673805237,4.205136775970459,0.8603686690330505,4.012309551239014,0.43533968925476074,4.740161418914795,0.773654043674469,2.9404406547546387,0.5752187967300415,4.384021282196045,0.896996796131134,6.40085506439209,0.6057127714157104,4.129273414611816,0.4388819932937622,3.0060617923736572,0.3010600507259369,3.8239378929138184,1.093867301940918,3.2843141555786133,0.30556002259254456,4.414341926574707,0.6684184074401855,3.109805107116699,0.18162573873996735,3.120983362197876,0.1783665120601654,4.416473865509033,1.3840827941894531,5.94082498550415,1.9795901775360107
UPMC_c002_v001_r001_reg021,3.6433498859405518,0.22606272995471954,3.7938504219055176,0.7765004634857178,3.731424570083618,0.3945198059082031,4.631756782531738,0.8592666983604431,4.663748264312744,0.9783278107643127,3.7236576080322266,1.0359762907028198,4.307478427886963,0.5319161415100098,5.055224895477295,1.036596417427063,3.1796481609344482,0.15715132653713226,3.848507881164551,0.7092776298522949,4.698012351989746,0.6126438975334167,5.7716450691223145,0.8386972546577454,4.941811561584473,0.7163839936256409,4.37388801574707,0.7234530448913574,4.053773880004883,0.2352457493543625,5.325179576873779,0.5612159967422485,3.2411868572235107,0.3298102915287018,4.66707181930542,0.926339328289032,6.7974653244018555,0.4681585133075714,4.096796989440918,0.36302393674850464,3.1157755851745605,0.36325955390930176,4.285887718200684,0.894942581653595,3.3627352714538574,0.21533532440662384,4.1949992179870605,0.783510684967041,3.200511932373047,0.18719138205051422,3.1357975006103516,0.14851881563663483,3.561767578125,1.072245717048645,6.670594215393066,1.382198691368103
UPMC_c002_v001_r001_reg022,3.3972818851470947,0.1838081181049347,3.9057509899139404,0.6235188245773315,3.3896727561950684,0.2120496779680252,3.759993314743042,0.5176111459732056,4.717494487762451,1.0599364042282104,5.434932708740234,0.8411162495613098,4.225298881530762,0.49347183108329773,3.7889912128448486,0.34583190083503723,2.9990196228027344,0.12236040830612183,3.2828614711761475,0.143321692943573,4.023674011230469,0.35950934886932373,4.094061851501465,0.5938208699226379,3.967477560043335,0.20806145668029785,3.620205879211426,0.41854557394981384,3.906921863555908,0.22976452112197876,5.706542015075684,0.5078573822975159,3.2055490016937256,0.2841261327266693,3.917210817337036,0.33174777030944824,6.5204620361328125,0.42768239974975586,3.977221965789795,0.2744145095348358,2.944305181503296,0.18914151191711426,3.322502613067627,0.4070095717906952,3.183150291442871,0.12479078769683838,4.35570764541626,0.7418017387390137,3.0845558643341064,0.14380699396133423,3.0670790672302246,0.16335709393024445,5.3905534744262695,0.8366296291351318,4.193929672241211,1.2057784795761108
UPMC_c002_v001_r001_reg023,3.363095283508301,0.16859862208366394,4.101928234100342,0.7491523027420044,3.4677441120147705,0.24649696052074432,3.740070343017578,0.6155861020088196,5.844871997833252,1.5602352619171143,4.941084384918213,1.3825676441192627,3.8765690326690674,0.3292393982410431,3.8318233489990234,0.4926304221153259,2.9863007068634033,0.1221911609172821,3.4687259197235107,0.6487758159637451,4.108266353607178,0.5809661746025085,4.423623561859131,1.0848839282989502,4.008926868438721,0.38831523060798645,3.8602294921875,0.6885340809822083,3.7962183952331543,0.17530407011508942,4.871046543121338,0.5907745361328125,3.1822309494018555,0.26953449845314026,3.892601251602173,0.784636914730072,6.262486457824707,0.4283774495124817,3.8714547157287598,0.2554394006729126,2.943103075027466,0.2513597309589386,3.613994836807251,0.8036205172538757,3.221027374267578,0.2778704762458801,4.196568012237549,1.0640599727630615,3.076960325241089,0.13143295049667358,3.016727924346924,0.11477594822645187,4.9764790534973145,1.422503113746643,4.890183925628662,1.8619638681411743
UPMC_c002_v001_r001_reg024,3.305004119873047,0.16119664907455444,3.784520149230957,0.2807075083255768,3.350062370300293,0.1843712031841278,3.430093288421631,0.27177828550338745,6.130831718444824,1.2223330736160278,3.785076379776001,0.7571050524711609,4.267260551452637,0.5809084177017212,4.404789924621582,0.7664510011672974,2.956972599029541,0.11450029909610748,3.1806387901306152,0.1544291079044342,3.8049752712249756,0.2336365282535553,3.645819664001465,0.3890973627567291,3.825629234313965,0.1857011914253235,3.359693765640259,0.2970224916934967,3.717358350753784,0.15558958053588867,4.937520503997803,0.4580380320549011,3.1517984867095947,0.2758539915084839,3.6545891761779785,0.3456452786922455,6.600212097167969,0.45517754554748535,3.784924268722534,0.2513035535812378,2.8850486278533936,0.16856394708156586,3.234988212585449,0.3040526807308197,3.1137430667877197,0.12628401815891266,3.7014527320861816,0.4701937437057495,3.015446662902832,0.10619641095399857,2.983274221420288,0.10900574177503586,4.298749923706055,0.8494395613670349,3.6235158443450928,1.3009998798370361
UPMC_c002_v001_r001_reg025,3.4113802909851074,0.315976619720459,3.665238857269287,1.0902163982391357,3.491973638534546,0.4660048484802246,4.520132541656494,0.792670488357544,4.0486226081848145,0.6441102623939514,3.1436026096343994,0.3836260139942169,3.7278337478637695,0.3523646295070648,4.456670761108398,1.0668963193893433,2.929384469985962,0.23483188450336456,3.7003536224365234,0.7030573487281799,4.574927806854248,0.6899338960647583,5.085019588470459,0.9554291367530823,4.120467185974121,0.5947213172912598,3.2918667793273926,0.922855794429779,3.428800106048584,0.5193905234336853,5.913681983947754,0.8383333683013916,2.4636077880859375,0.7160459756851196,3.5858354568481445,1.453482747077942,6.651494979858398,0.43737277388572693,3.2995338439941406,0.6844692826271057,2.895014524459839,0.2312055081129074,4.585902214050293,1.048499345779419,3.2230522632598877,0.2897941470146179,3.69842529296875,0.7204409241676331,3.122133493423462,0.20919503271579742,3.0519471168518066,0.13866478204727173,2.9389517307281494,0.48802608251571655,7.2720441818237305,0.7774501442909241
UPMC_c002_v001_r001_reg026,3.287099838256836,0.416578471660614,2.8752942085266113,1.3723015785217285,3.234346866607666,0.5259346961975098,3.873656988143921,0.5915382504463196,4.789741039276123,1.1691241264343262,3.9205482006073,0.9888057112693787,4.020682334899902,0.46875232458114624,4.513404846191406,0.831098198890686,2.7897794246673584,0.6562536954879761,3.5991785526275635,0.4017800986766815,4.267398357391357,0.6741166710853577,4.97465181350708,0.9342414140701294,4.203893184661865,0.8002158403396606,2.875746250152588,1.168778896331787,3.5348825454711914,0.7132512927055359,5.160083770751953,0.7887492775917053,1.8407959938049316,0.9027530550956726,3.087299108505249,1.0235986709594727,7.040647983551025,0.5612016916275024,3.3700385093688965,1.1124441623687744,2.9387800693511963,0.29402658343315125,4.037001609802246,0.8673176765441895,3.296788454055786,0.3071514964103699,4.319183349609375,0.8660122156143188,3.0570387840270996,0.14005911350250244,3.027543544769287,0.1348138004541397,3.9652936458587646,1.2697211503982544,4.747430801391602,1.6410484313964844
UPMC_c002_v001_r001_reg027,3.31439208984375,0.19355012476444244,3.6929590702056885,0.4606661796569824,3.2973861694335938,0.29607632756233215,3.632603645324707,0.5437707901000977,3.8595402240753174,0.4241993725299835,4.566463470458984,0.995040237903595,3.909820318222046,0.6897265911102295,3.7823007106781006,0.5897034406661987,2.899933338165283,0.14078035950660706,3.265843391418457,0.2542630732059479,3.8860321044921875,0.4257126450538635,3.872066020965576,0.5918164253234863,3.871177911758423,0.2781035900115967,3.246497631072998,0.49538034200668335,3.8626646995544434,0.26454126834869385,4.695889949798584,0.5201049447059631,3.0518035888671875,0.3393460512161255,3.4530210494995117,0.41747674345970154,6.869925498962402,0.4355894923210144,3.6051032543182373,0.3151020109653473,2.868356943130493,0.1471671462059021,3.415111541748047,0.5021045804023743,3.1388912200927734,0.18907001614570618,4.240657329559326,0.9113356471061707,3.0455291271209717,0.13164564967155457,3.047107696533203,0.15077726542949677,4.804472923278809,1.0751185417175293,4.460509777069092,1.6833693981170654
UPMC_c002_v001_r001_reg028,3.252202033996582,0.14183108508586884,3.763410806655884,0.4561616778373718,3.7201898097991943,0.5090557336807251,3.532313585281372,0.7579595446586609,3.817807674407959,0.5301435589790344,4.125907897949219,0.7669300436973572,3.605879545211792,0.33488571643829346,3.7961180210113525,0.5519919395446777,2.9427270889282227,0.1283649206161499,3.239431619644165,0.36332154273986816,3.9538650512695312,0.505154550075531,3.890383005142212,0.897233247756958,3.8720619678497314,0.38761433959007263,3.5732171535491943,0.5197663903236389,3.8221945762634277,0.16534638404846191,4.155529975891113,0.5896283388137817,3.031933546066284,0.2626379728317261,3.633984327316284,0.5530375242233276,6.357295036315918,0.5502308011054993,3.796494960784912,0.26970788836479187,2.8862998485565186,0.18359285593032837,3.4913055896759033,0.729448676109314,3.0965428352355957,0.18663184344768524,4.0763959884643555,0.9509202241897583,3.0325143337249756,0.13587342202663422,2.9965157508850098,0.12555548548698425,4.766110897064209,1.1512491703033447,3.9991977214813232,1.4489713907241821
UPMC_c002_v001_r001_reg029,3.6669933795928955,0.4053627550601959,3.8140337467193604,0.5396793484687805,3.4756648540496826,0.23539680242538452,3.845489740371704,0.7510094046592712,6.590215682983398,1.3013206720352173,4.797046184539795,0.952829897403717,4.121629238128662,0.5429300665855408,4.0487060546875,0.536919355392456,3.0169880390167236,0.13503211736679077,3.3922741413116455,0.6052607297897339,4.198711395263672,0.5175815224647522,4.480464458465576,0.9305006861686707,3.9378161430358887,0.40783268213272095,3.7567784786224365,0.6634197235107422,3.8981127738952637,0.19827885925769806,4.585151195526123,0.519763171672821,2.9740686416625977,0.32117709517478943,4.110408782958984,0.818554162979126,6.392325401306152,0.4092678427696228,3.884871482849121,0.3054471015930176,2.928236961364746,0.19015119969844818,3.8803482055664062,0.9877036213874817,3.2641499042510986,0.20544640719890594,4.076703071594238,0.835507333278656,3.066694498062134,0.13718251883983612,3.0420799255371094,0.11636923998594284,5.129526615142822,1.21480131149292,4.619802951812744,1.7439237833023071
UPMC_c002_v001_r001_reg030,3.2821621894836426,0.13768541812896729,3.713141918182373,0.42099568247795105,3.395019054412842,0.18007420003414154,4.030961036682129,0.8665280342102051,4.005125522613525,0.5415635704994202,5.002871036529541,1.0530425310134888,3.885627508163452,0.3527916669845581,4.206071376800537,0.6496516466140747,2.9844884872436523,0.11463966965675354,3.2748279571533203,0.5156644582748413,3.894620656967163,0.41174766421318054,4.246971130371094,0.8393760323524475,3.870877742767334,0.1982395201921463,3.571976900100708,0.4765236973762512,3.9147186279296875,0.19088011980056763,4.4007720947265625,0.5474791526794434,2.982011556625366,0.2981434762477875,4.121602535247803,0.8438413143157959,5.97871208190918,0.4331936240196228,3.887791872024536,0.28968432545661926,3.0240373611450195,0.48736491799354553,3.444715976715088,0.5711320638656616,3.1519646644592285,0.1795545369386673,4.282832145690918,1.013563632965088,3.06353759765625,0.21012671291828156,2.9953956604003906,0.10032080858945847,5.350520610809326,1.2204618453979492,4.702585697174072,1.7897611856460571
UPMC_c002_v001_r001_reg032,3.690729856491089,0.4365101158618927,4.714582920074463,0.9208454489707947,3.7803266048431396,0.4783572852611542,5.105466842651367,1.037535309791565,4.481328010559082,0.833685040473938,3.9103317260742188,1.0381510257720947,4.270027160644531,0.65434730052948,4.470689296722412,0.975206732749939,3.2170135974884033,0.4042379856109619,3.9249074459075928,0.8630099892616272,4.81941032409668,0.6806648373603821,5.548377990722656,1.0519635677337646,4.467029094696045,0.47944745421409607,4.411293983459473,0.876014232635498,4.251669406890869,0.489855021238327,5.863653182983398,0.8556545376777649,3.35734486579895,0.6921746730804443,4.202009201049805,0.9624044895172119,6.061604976654053,0.4519537687301636,4.1642231941223145,0.49673956632614136,3.231966733932495,0.7209449410438538,4.476530075073242,0.9416945576667786,3.602987289428711,0.4928469657897949,4.662552833557129,0.9330592155456543,3.339268922805786,0.5273720026016235,3.346411943435669,0.5589646100997925,3.8063602447509766,1.1884726285934448,6.845699310302734,1.244979739189148
UPMC_c002_v001_r001_reg034,3.9723734855651855,0.6851611137390137,4.53663444519043,0.8242325782775879,3.9372005462646484,0.6919404864311218,4.201785087585449,0.9649873971939087,5.130078315734863,1.0259469747543335,4.712178707122803,0.9977651238441467,4.799083232879639,0.7595533728599548,4.306151866912842,0.9149348735809326,3.742417573928833,0.6929054856300354,3.790513277053833,0.5988534688949585,4.550638675689697,0.7551618814468384,4.833581447601318,0.9144286513328552,4.768894195556641,0.5148665904998779,4.388493061065674,0.8171131610870361,4.886489391326904,0.5634792447090149,4.7987236976623535,0.808006227016449,4.037126064300537,0.8166201710700989,4.532362461090088,0.9246132969856262,6.41970682144165,0.5471778512001038,4.641852378845215,0.6772603392601013,3.6748387813568115,1.030471682548523,4.205150127410889,0.7777799367904663,3.800405502319336,0.5188308954238892,5.254774570465088,0.7141774892807007,3.6626720428466797,0.8363929390907288,3.7093565464019775,0.8671535849571228,4.926054000854492,1.1797853708267212,5.543578624725342,1.9883164167404175
UPMC_c002_v001_r001_reg035,3.9237382411956787,0.31303659081459045,4.368691921234131,1.3597908020019531,3.6677401065826416,0.2790679931640625,3.9837687015533447,0.7654005289077759,6.148365020751953,1.453779935836792,4.437718868255615,0.8097929358482361,4.437624454498291,0.4626879394054413,4.305736541748047,0.695737361907959,3.5837314128875732,0.28474685549736023,3.5653669834136963,0.3615141212940216,4.308794975280762,0.38792911171913147,4.970832347869873,0.8919299840927124,4.315523624420166,0.4077567160129547,4.054792404174805,0.8251180052757263,4.413907051086426,0.36459770798683167,4.9628777503967285,0.6905196905136108,3.4939658641815186,0.5350999236106873,4.0661187171936035,0.7239307761192322,6.219006538391113,0.6036965847015381,4.3007707595825195,0.40354764461517334,3.1186723709106445,0.36902689933776855,3.9977340698242188,0.6577574014663696,3.5289862155914307,0.23235203325748444,4.823792457580566,0.5677360892295837,3.284095287322998,0.280124306678772,3.324234962463379,0.3099097013473511,4.927848815917969,0.9829413294792175,5.110914707183838,1.9515657424926758
UPMC_c003_v001_r001_reg002,3.241941452026367,0.37669694423675537,3.9141781330108643,0.7903603911399841,3.0925276279449463,0.27502620220184326,2.8850834369659424,0.3950634300708771,3.1012864112854004,0.8107348680496216,3.1204912662506104,0.6042482256889343,3.1403467655181885,0.5105564594268799,2.886808395385742,0.3205646872520447,2.85023832321167,0.2614498436450958,3.2101805210113525,0.42414718866348267,3.629450798034668,0.5432379245758057,4.258890628814697,0.9440999627113342,3.605375051498413,0.33783236145973206,3.8312387466430664,0.743003785610199,3.3431997299194336,0.40939322113990784,3.9050726890563965,0.5453953742980957,3.4476959705352783,0.37958985567092896,3.6589653491973877,0.6409666538238525,5.482573509216309,0.536463737487793,3.6639938354492188,0.3597724139690399,2.575557231903076,0.24414408206939697,3.255267381668091,0.6789619326591492,2.9299192428588867,0.2501099109649658,3.971060276031494,0.8312623500823975,2.737917423248291,0.22136840224266052,2.675830364227295,0.2036951333284378,4.473792552947998,1.2210712432861328,3.987508535385132,1.393357515335083
UPMC_c003_v001_r001_reg003,3.266023874282837,0.26399317383766174,3.7638306617736816,0.7426961064338684,3.14140248298645,0.23205381631851196,2.926448345184326,0.33304092288017273,3.3415796756744385,0.8081877827644348,3.0733354091644287,0.5939522385597229,3.0783252716064453,0.41114577651023865,2.878408432006836,0.32073140144348145,2.9059276580810547,0.20193319022655487,3.202711820602417,0.2721201777458191,3.740952491760254,0.47190937399864197,4.411308765411377,0.8113068342208862,3.619398355484009,0.3647176921367645,3.8157219886779785,0.6610280275344849,3.1181695461273193,0.3361266255378723,4.696715354919434,0.5964966416358948,3.308589220046997,0.4512752890586853,3.781719923019409,0.6732394695281982,5.7281718254089355,0.5157802104949951,3.4381980895996094,0.46358999609947205,2.5400469303131104,0.15081943571567535,3.54428768157959,0.6097939610481262,2.9381654262542725,0.1709383875131607,3.876330614089966,0.6793342232704163,2.7144129276275635,0.1401888132095337,2.657405138015747,0.13981306552886963,4.558856010437012,1.2410458326339722,3.7970378398895264,1.4022990465164185
UPMC_c003_v001_r001_reg004,3.064934253692627,0.17029601335525513,3.5843749046325684,0.358381062746048,2.920403003692627,0.1826467663049698,2.747138023376465,0.2579739987850189,2.929917812347412,0.37916719913482666,3.5217747688293457,0.49662506580352783,2.9002866744995117,0.22548441588878632,2.754284381866455,0.1406024843454361,2.7124996185302734,0.15579065680503845,2.9729127883911133,0.12558838725090027,3.3482253551483154,0.2532718777656555,3.2859816551208496,0.4535062313079834,3.2414069175720215,0.21968545019626617,3.3419251441955566,0.4099890887737274,3.228217363357544,0.3245058059692383,5.5581889152526855,0.606304407119751,3.152864694595337,0.32090747356414795,3.367722988128662,0.32532620429992676,5.527658939361572,0.4124012589454651,3.459592342376709,0.35349318385124207,2.510004997253418,0.14200802147388458,2.9328176975250244,0.2596050500869751,2.7838239669799805,0.13861416280269623,3.5547311305999756,0.4089135527610779,2.688540458679199,0.13044261932373047,2.620046854019165,0.1354578137397766,5.500162124633789,0.8811307549476624,2.884821653366089,0.7502712607383728
UPMC_c003_v001_r001_reg005,3.3087995052337646,0.20797525346279144,3.547760009765625,0.4913329482078552,3.0791075229644775,0.19177891314029694,2.800729513168335,0.37094947695732117,3.022136688232422,0.48777708411216736,3.0297200679779053,0.39781272411346436,2.9031410217285156,0.2263774424791336,2.8226613998413086,0.1733841598033905,2.80802845954895,0.16038815677165985,3.1134238243103027,0.225204735994339,3.5124363899230957,0.37349840998649597,3.7361767292022705,0.8075368404388428,3.2867624759674072,0.27024757862091064,3.534444808959961,0.663063108921051,3.471837043762207,0.3970831036567688,4.121424674987793,0.5264772772789001,3.0704030990600586,0.37365323305130005,3.454279899597168,0.4191082715988159,5.3033270835876465,0.42018136382102966,3.52860951423645,0.32666996121406555,2.5178656578063965,0.1434771567583084,3.7903947830200195,0.7985491156578064,2.8881733417510986,0.1824408918619156,4.440256595611572,1.09934663772583,2.707566738128662,0.1259033977985382,2.655506134033203,0.127835214138031,4.890368461608887,0.6956247687339783,3.034895181655884,0.8939409852027893
UPMC_c003_v001_r001_reg006,3.6843273639678955,0.2929799258708954,4.191833972930908,1.1252450942993164,3.22995662689209,0.2618103623390198,3.2580058574676514,0.710197389125824,3.6583669185638428,1.2973567247390747,2.770296573638916,0.41200628876686096,2.988830327987671,0.25784021615982056,2.8532304763793945,0.3191620409488678,2.8948333263397217,0.20986776053905487,3.454659938812256,0.5077486038208008,3.9414377212524414,0.6047331690788269,4.6230387687683105,1.1667325496673584,3.5185022354125977,0.3676593005657196,4.395444869995117,0.9370518326759338,3.5914247035980225,0.3303574323654175,4.557693958282471,0.708404541015625,3.2625956535339355,0.5066391229629517,4.144309043884277,1.0643093585968018,6.092105865478516,0.4675673246383667,3.7379541397094727,0.4596370458602905,2.556753396987915,0.1756536066532135,3.6176135540008545,0.5890159606933594,2.921658992767334,0.21574096381664276,3.849771738052368,0.6651045680046082,2.766129493713379,0.15120601654052734,2.6897969245910645,0.14358608424663544,3.4285717010498047,1.0690357685089111,5.235389709472656,0.8622853755950928
UPMC_c003_v001_r001_reg007,3.7662274837493896,0.22860383987426758,4.081745624542236,0.35261669754981995,3.2719926834106445,0.22023934125900269,3.0166523456573486,0.422279417514801,4.055814743041992,1.1371831893920898,3.7676568031311035,1.1789109706878662,3.1485397815704346,0.325116366147995,2.9351210594177246,0.3502044379711151,2.8679416179656982,0.16272258758544922,3.75576114654541,0.5658650398254395,4.179539203643799,0.6081572771072388,4.582326412200928,1.097669005393982,3.8676679134368896,0.46153151988983154,4.681687355041504,0.9602348804473877,4.038766384124756,0.16318164765834808,4.678696632385254,0.6676294803619385,3.7245171070098877,0.31894752383232117,4.548885345458984,0.9432985782623291,6.037642478942871,0.412798136472702,3.8848135471343994,0.29649341106414795,2.637877941131592,0.26300564408302307,3.826007127761841,0.7850515842437744,2.9571533203125,0.22375266253948212,4.229841709136963,0.8746978640556335,2.8002121448516846,0.14215223491191864,2.7471766471862793,0.13043873012065887,4.721578121185303,1.5494552850723267,4.3024749755859375,1.4392186403274536
UPMC_c003_v001_r001_reg008,4.081134796142578,0.29468223452568054,5.206321716308594,1.3880099058151245,3.5276570320129395,0.29446372389793396,3.244818925857544,0.5783371329307556,4.939961910247803,1.2476660013198853,2.72538685798645,0.1696765124797821,3.1305744647979736,0.28165778517723083,3.008599042892456,0.4942951202392578,3.046067953109741,0.32125580310821533,3.8158295154571533,0.2971644997596741,3.8854689598083496,0.4925857484340668,4.939617156982422,0.8933788537979126,4.125418186187744,0.5297927260398865,4.77764368057251,1.0769574642181396,3.887543201446533,0.8271155953407288,5.552255630493164,0.7651970386505127,4.0189528465271,0.7207797169685364,4.508979797363281,0.8768046498298645,6.5195088386535645,0.39692357182502747,3.8812899589538574,0.9191967844963074,2.67303204536438,0.27817201614379883,4.164005756378174,0.68045574426651,3.212057113647461,0.22990402579307556,4.321557998657227,0.4759039878845215,2.8475029468536377,0.15616101026535034,2.7837700843811035,0.15673047304153442,3.0315213203430176,0.35847216844558716,4.739508152008057,1.4066846370697021
UPMC_c003_v001_r001_reg010,3.809922218322754,0.3203613758087158,4.81498384475708,1.0518889427185059,3.5290606021881104,0.33594590425491333,2.93308162689209,0.43203091621398926,3.921051502227783,1.2536519765853882,3.333158254623413,0.6916322112083435,2.983949661254883,0.2829379439353943,2.832860231399536,0.19124729931354523,3.046018600463867,0.3770323097705841,3.5972275733947754,0.291535347700119,3.6182069778442383,0.2565816342830658,4.4309401512146,0.7882224321365356,3.6216042041778564,0.6067253351211548,4.224628925323486,0.7435479164123535,4.268963813781738,0.502477765083313,5.155714988708496,0.7479664087295532,3.685532569885254,0.8326305747032166,4.145453453063965,0.7510879039764404,5.20973014831543,0.42639416456222534,4.082570552825928,0.6645064949989319,2.619102954864502,0.20195181667804718,3.6405680179595947,0.5151984095573425,3.05019211769104,0.34976300597190857,4.1529951095581055,0.8921613097190857,2.7851362228393555,0.1576288789510727,2.7465288639068604,0.16029618680477142,4.929093837738037,1.0511698722839355,3.9504239559173584,1.298945665359497
UPMC_c003_v001_r001_reg011,3.421065092086792,0.2076234668493271,4.183742046356201,0.8156161904335022,3.4115684032440186,0.552830159664154,2.8534626960754395,0.32253968715667725,4.052404880523682,1.092195987701416,2.8767809867858887,0.41926929354667664,2.985649347305298,0.28271010518074036,2.8162856101989746,0.18331018090248108,2.7840471267700195,0.17348994314670563,3.370000123977661,0.23867575824260712,3.7596471309661865,0.3267330527305603,4.14468240737915,0.7817645072937012,3.429886817932129,0.3373253345489502,3.7910265922546387,0.6039968729019165,3.779996633529663,0.23406846821308136,4.685792922973633,0.6074336171150208,3.321068286895752,0.312601774930954,3.7128827571868896,0.5665862560272217,5.727481842041016,0.39722856879234314,3.6493794918060303,0.3480485677719116,2.5472075939178467,0.15478582680225372,3.488065719604492,0.557442307472229,2.843745708465576,0.17532333731651306,3.7048676013946533,0.4825821816921234,2.7277305126190186,0.13803957402706146,2.6843984127044678,0.14373531937599182,4.193639755249023,1.0784999132156372,3.668390989303589,1.161330223083496
UPMC_c003_v001_r001_reg013,3.5659658908843994,0.2559950053691864,4.015408515930176,0.5742359757423401,3.303105354309082,0.2091999351978302,3.06996488571167,0.46578338742256165,2.908189535140991,0.37113505601882935,2.579251527786255,0.1618286669254303,2.847295045852661,0.2332102656364441,2.9660325050354004,0.46170392632484436,2.9121251106262207,0.2202615886926651,3.577752113342285,0.3097231090068817,3.8168141841888428,0.44003990292549133,4.186929225921631,0.8348783254623413,3.78849458694458,0.4627346694469452,3.8693723678588867,0.6547662019729614,3.4861700534820557,0.4038538932800293,4.769562244415283,0.753980815410614,3.523515462875366,0.483083575963974,4.038283348083496,0.9505038857460022,5.297133922576904,0.41397273540496826,3.9121897220611572,0.5366535782814026,2.5582940578460693,0.14748069643974304,3.762638568878174,0.6173906922340393,2.950106620788574,0.1793064922094345,3.927680015563965,0.40169164538383484,2.766984224319458,0.13708356022834778,2.6994385719299316,0.14596347510814667,2.9755492210388184,0.2297530472278595,4.975118637084961,0.9903634190559387
UPMC_c003_v001_r001_reg015,3.861428737640381,0.35613974928855896,4.143515110015869,0.5563260316848755,3.6444756984710693,0.25536060333251953,3.239762544631958,0.5491896271705627,3.185410737991333,0.5217486619949341,3.2264764308929443,0.7324612140655518,3.3384032249450684,0.5053056478500366,2.884058952331543,0.23638464510440826,3.2450551986694336,0.3279528021812439,3.6598963737487793,0.35588422417640686,4.199542045593262,0.5613367557525635,4.9628095626831055,0.9205251336097717,4.377334117889404,0.56935054063797,4.375462055206299,0.7995615005493164,4.124511241912842,0.33500394225120544,4.85438346862793,0.6560466289520264,3.6565587520599365,0.5458663702011108,4.409913539886475,0.7750487327575684,6.26637077331543,0.594694972038269,4.079758644104004,0.5883839130401611,2.6311676502227783,0.23330476880073547,3.921281337738037,0.8033196330070496,3.3047380447387695,0.24451173841953278,4.49920654296875,0.6855851411819458,2.8133838176727295,0.20005056262016296,2.751370668411255,0.20542947947978973,4.493552207946777,1.3264813423156738,4.743461608886719,1.3658146858215332
UPMC_c003_v001_r001_reg017,4.100586414337158,0.5877906084060669,4.2260236740112305,0.8906687498092651,3.777940511703491,0.5907680988311768,3.252776861190796,0.7575372457504272,3.7081656455993652,0.8172893524169922,3.375441312789917,0.8838238716125488,3.5314133167266846,0.5669673085212708,3.1480910778045654,0.6205100417137146,3.4957995414733887,0.6044922471046448,3.7343595027923584,0.42053258419036865,4.14936637878418,0.6247933506965637,4.520565509796143,0.8037987947463989,4.50278902053833,0.7452593445777893,4.09100866317749,0.7936915755271912,4.496129035949707,0.6629383563995361,4.511302947998047,0.6702563762664795,4.0679473876953125,0.8767086267471313,4.282222747802734,0.8685817718505859,6.386468887329102,0.451204389333725,3.7792720794677734,0.6864753365516663,2.859943151473999,0.6905502080917358,3.7760238647460938,0.6365037560462952,3.455585241317749,0.41371893882751465,4.400289058685303,0.5853729248046875,3.0163118839263916,0.5541900992393494,3.013040065765381,0.6125906705856323,5.000509738922119,1.1455448865890503,4.894914150238037,1.3209986686706543
UPMC_c003_v001_r001_reg018,3.588409900665283,0.2325459122657776,3.9972877502441406,0.6851233243942261,3.293532133102417,0.22304682433605194,2.9940154552459717,0.441028356552124,3.241013288497925,0.7852648496627808,3.2601494789123535,0.830034077167511,3.1290132999420166,0.3842097222805023,2.847378969192505,0.23485136032104492,2.986999273300171,0.23151560127735138,3.6328725814819336,0.31923526525497437,3.841789960861206,0.5012814402580261,4.303710460662842,0.8971776962280273,3.6581389904022217,0.42001578211784363,4.022030353546143,0.829617440700531,4.00872278213501,0.34538233280181885,4.607482433319092,0.6458413600921631,3.3495101928710938,0.4694691300392151,4.0973100662231445,0.9635060429573059,5.684239864349365,0.4255368113517761,3.4916157722473145,0.6222448945045471,2.5756804943084717,0.1750379204750061,3.3828086853027344,0.3940220773220062,3.018134355545044,0.19088590145111084,4.008674144744873,0.5897601842880249,2.7595231533050537,0.14628422260284424,2.7191574573516846,0.14503596723079681,4.559031963348389,1.3864688873291016,3.853334426879883,1.3197323083877563
UPMC_c003_v001_r001_reg020,3.5569217205047607,0.19804300367832184,4.403464317321777,0.5705530047416687,3.2225189208984375,0.18793538212776184,3.2360312938690186,0.47559666633605957,3.0866165161132812,0.47112518548965454,2.917048692703247,0.495015025138855,2.9983699321746826,0.32962432503700256,2.8525390625,0.27091002464294434,2.7355411052703857,0.16445133090019226,3.848311185836792,0.5172311067581177,4.269129753112793,0.619975209236145,5.088852882385254,1.070784568786621,3.4797027111053467,0.33262085914611816,4.605994701385498,0.905723512172699,4.098911762237549,0.2115255892276764,5.078127384185791,0.6879534125328064,3.466874122619629,0.29853928089141846,4.500638484954834,1.1230425834655762,5.685231685638428,0.5018171668052673,3.6049063205718994,0.3739028871059418,2.585192918777466,0.1740715503692627,4.134509563446045,0.793070912361145,2.9315037727355957,0.24255652725696564,3.90372633934021,0.6401587128639221,2.7607500553131104,0.13281328976154327,2.721931219100952,0.14382751286029816,3.6366167068481445,1.1469141244888306,4.741429805755615,1.1190314292907715
UPMC_c003_v001_r001_reg021,3.6763548851013184,0.1770574301481247,3.766469955444336,1.124416470527649,3.314389228820801,0.21760845184326172,2.8644800186157227,0.324815958738327,3.205946922302246,0.8686023950576782,2.8919858932495117,0.40208110213279724,3.1162407398223877,0.33077123761177063,2.8730077743530273,0.29790329933166504,2.7802417278289795,0.21665582060813904,3.5025899410247803,0.18362578749656677,3.819589614868164,0.29455068707466125,3.959047317504883,0.7335308194160461,3.3375561237335205,0.35011476278305054,3.108976364135742,0.9740076065063477,3.514930009841919,0.3321067988872528,4.6524834632873535,0.4496327340602875,2.8556435108184814,0.6746520400047302,3.5253539085388184,0.6442955136299133,5.812408924102783,0.48085182905197144,2.798290491104126,0.642518937587738,2.575230360031128,0.14611007273197174,3.3772501945495605,0.3311268389225006,2.9214026927948,0.20402458310127258,4.576218605041504,1.275622010231018,2.7664589881896973,0.12476412951946259,2.666456460952759,0.1483362764120102,4.168783187866211,0.8162071108818054,3.291717529296875,1.1005289554595947
UPMC_c003_v001_r001_reg022,4.120287895202637,0.41464030742645264,4.525575160980225,0.7700121402740479,3.4641973972320557,0.21071547269821167,3.003753662109375,0.4001108705997467,4.2376322746276855,1.075160264968872,3.667952060699463,0.7576093077659607,3.3996715545654297,0.5589275360107422,2.898603677749634,0.24914255738258362,2.9033923149108887,0.17034420371055603,3.7285943031311035,0.41347363591194153,4.14606237411499,0.5178714990615845,4.781277179718018,0.931316077709198,3.841799736022949,0.48423466086387634,4.684088230133057,0.8746697902679443,4.194502830505371,0.18955408036708832,4.823224067687988,0.5048421621322632,3.574711561203003,0.3174448609352112,4.735759735107422,0.7995373010635376,6.158592700958252,0.3710026144981384,3.901533603668213,0.331980437040329,2.6053125858306885,0.16686253249645233,3.9918744564056396,0.8078849911689758,3.0060033798217773,0.2014113962650299,4.204329490661621,0.6904359459877014,2.7960402965545654,0.137262761592865,2.6945695877075195,0.14976418018341064,4.96981954574585,1.2358464002609253,3.9311225414276123,1.2340564727783203
UPMC_c003_v001_r001_reg023,3.906419515609741,0.3341742753982544,4.4456610679626465,1.043147087097168,3.4307477474212646,0.2749360203742981,3.4810609817504883,0.7208017706871033,4.0845417976379395,1.5408085584640503,2.7475509643554688,0.2931334972381592,3.1410555839538574,0.35339194536209106,2.9116263389587402,0.37541288137435913,2.889235496520996,0.21585407853126526,3.7263333797454834,0.45446160435676575,4.341176509857178,0.6498236656188965,5.049218654632568,1.0217947959899902,3.9923477172851562,0.5289998650550842,4.800368785858154,1.0214296579360962,4.007573127746582,0.6377535462379456,5.195398807525635,0.6943684220314026,3.8086395263671875,0.46230199933052063,4.334420204162598,0.7026102542877197,6.112245082855225,0.44518277049064636,4.012892723083496,0.5304051637649536,2.631594657897949,0.29255205392837524,4.124719142913818,0.9325484037399292,3.090118408203125,0.49177786707878113,4.354271411895752,0.9766754508018494,2.7986769676208496,0.15589077770709991,2.7087693214416504,0.1633228063583374,3.3516860008239746,1.0958681106567383,5.131621360778809,1.3016740083694458
UPMC_c003_v001_r001_reg024,3.6509478092193604,0.28163081407546997,3.7611355781555176,0.5202836990356445,3.31593656539917,0.3274833858013153,2.8294496536254883,0.2357664406299591,3.4324593544006348,0.8136299848556519,3.2831759452819824,0.6987376809120178,3.1159005165100098,0.33870959281921387,2.9491186141967773,0.2506292164325714,2.8833351135253906,0.3564002513885498,3.515542984008789,0.2734563946723938,3.774017572402954,0.37117862701416016,3.7510600090026855,0.6945429444313049,3.473259687423706,0.3862374424934387,3.760756254196167,0.7284933924674988,3.4998090267181396,0.5081304907798767,4.30096960067749,0.574462354183197,3.269129753112793,0.5556379556655884,3.9410154819488525,0.7693444490432739,5.351911544799805,0.46368640661239624,3.77866268157959,0.531950831413269,2.598237991333008,0.20701579749584198,3.538384199142456,0.5106673836708069,2.9662742614746094,0.30511802434921265,3.9383749961853027,0.7069217562675476,2.7686538696289062,0.13216665387153625,2.7797930240631104,0.19346144795417786,4.845073223114014,1.3137155771255493,3.5724313259124756,1.282847285270691
UPMC_c003_v001_r001_reg025,3.6326687335968018,0.14858071506023407,4.222325801849365,0.2877733111381531,3.278479814529419,0.14757367968559265,2.9715468883514404,0.39966344833374023,2.987912178039551,0.21066860854625702,3.521000862121582,0.8588203191757202,3.3790669441223145,0.4965619742870331,2.8624300956726074,0.2189733386039734,2.812898635864258,0.15265677869319916,3.540602684020996,0.21836772561073303,4.000418663024902,0.4159206748008728,3.8549978733062744,0.5730879902839661,3.785108804702759,0.23386693000793457,4.039430618286133,0.47691309452056885,3.9598498344421387,0.2267753779888153,4.4329986572265625,0.4636792540550232,3.6739470958709717,0.30117249488830566,4.127407073974609,0.3755461573600769,6.081031799316406,0.374439001083374,3.989999294281006,0.3143268823623657,2.5732860565185547,0.16262204945087433,3.593811273574829,0.5432039499282837,2.922694683074951,0.22520193457603455,4.448696613311768,0.8840739727020264,2.780921459197998,0.13591845333576202,2.7327959537506104,0.15375925600528717,4.738315582275391,1.2655667066574097,4.249207019805908,1.4094953536987305
UPMC_c003_v001_r001_reg026,3.72257661819458,0.20567625761032104,4.150121212005615,0.5995386838912964,3.4366989135742188,0.2220146209001541,3.180083751678467,0.5309058427810669,3.0838098526000977,0.7199488282203674,2.924879550933838,0.4991757571697235,3.1197726726531982,0.5022397041320801,2.8589494228363037,0.23222984373569489,2.8864481449127197,0.1961168646812439,3.716731548309326,0.35175973176956177,4.029803276062012,0.5237104296684265,4.49437952041626,0.8628553152084351,3.5484611988067627,0.34010049700737,4.1823625564575195,0.7760921120643616,3.4229438304901123,0.34897783398628235,4.491791725158691,0.5600168704986572,3.174591302871704,0.4914121627807617,4.229325294494629,0.6586770415306091,5.83473014831543,0.5016599893569946,3.8203773498535156,0.38392719626426697,2.599602222442627,0.19518648087978363,3.989213705062866,0.7091116309165955,3.0524098873138428,0.310848206281662,4.4241862297058105,1.0534964799880981,2.7726261615753174,0.1437850296497345,2.7823681831359863,0.15839366614818573,4.081350326538086,1.114931344985962,4.146817207336426,1.2378108501434326
UPMC_c003_v001_r001_reg027,3.638059139251709,0.22754782438278198,4.115992546081543,0.29453977942466736,3.356779098510742,0.19024716317653656,2.9370970726013184,0.3181135058403015,2.974102258682251,0.3734261393547058,3.274275302886963,0.654899001121521,2.968228816986084,0.22253412008285522,3.063605308532715,0.38379281759262085,2.8416645526885986,0.16351823508739471,3.615278482437134,0.3281210958957672,4.010318756103516,0.5069102644920349,4.551231384277344,0.8601375222206116,3.8847639560699463,0.6435699462890625,4.20036506652832,0.692597508430481,3.792799711227417,0.18443405628204346,4.420933246612549,0.5270248651504517,3.4050562381744385,0.31200215220451355,4.353454113006592,0.6767405271530151,5.624669075012207,0.4991144835948944,3.9400699138641357,0.2659459412097931,2.6029696464538574,0.16412994265556335,3.7242140769958496,0.6557844281196594,2.9026527404785156,0.19051232933998108,4.045821189880371,0.7453355193138123,2.7812654972076416,0.13565975427627563,2.754966974258423,0.14522407948970795,4.546784400939941,1.1852771043777466,3.8632473945617676,1.2963955402374268
UPMC_c003_v001_r001_reg028,3.5590620040893555,0.17240497469902039,4.256876468658447,0.5696071982383728,3.2953548431396484,0.22202284634113312,3.1080520153045654,0.5200632810592651,3.081709146499634,0.511391818523407,3.504917621612549,0.6326202750205994,3.10650634765625,0.2965908348560333,2.85198712348938,0.23883260786533356,2.6634650230407715,0.2816912829875946,3.5465261936187744,0.232313334941864,3.8631033897399902,0.42077019810676575,4.136599063873291,0.7011704444885254,3.729166269302368,0.3753644824028015,3.9614362716674805,0.6067540049552917,3.5177478790283203,0.4178762137889862,4.844231128692627,0.5303979516029358,3.376375675201416,0.4126227796077728,3.940763235092163,0.4761212170124054,6.32328462600708,0.35866284370422363,3.8701672554016113,0.4377647042274475,2.5626211166381836,0.144838348031044,3.615551233291626,0.5371595621109009,2.9010281562805176,0.1886468231678009,4.158526420593262,0.6682601571083069,2.7735419273376465,0.12847188115119934,2.691296339035034,0.1334383636713028,5.152206897735596,0.8573009967803955,3.626711845397949,1.1869269609451294
UPMC_c003_v001_r001_reg029,3.916839599609375,0.23769471049308777,4.103259563446045,0.8820375204086304,3.5034139156341553,0.2093019336462021,3.261702299118042,0.49021652340888977,3.3250207901000977,0.7976391315460205,2.6547727584838867,0.13536657392978668,4.336292743682861,1.1095792055130005,3.124084949493408,0.48982325196266174,3.0224897861480713,0.2198968082666397,4.07554817199707,0.5011295080184937,4.556924343109131,0.7120927572250366,5.576910495758057,0.8314892649650574,5.107748508453369,0.7805728912353516,4.668986797332764,1.1655346155166626,3.432469606399536,0.35630932450294495,4.758150577545166,0.5039578676223755,3.289175033569336,0.4267845153808594,4.676236152648926,0.9512254595756531,6.394392013549805,0.3749505281448364,3.6111209392547607,0.45766717195510864,2.6514856815338135,0.21833723783493042,4.24996280670166,0.6588897705078125,3.194520950317383,0.17974677681922913,4.001187801361084,0.37996071577072144,2.8150687217712402,0.12460023164749146,2.6997182369232178,0.129010871052742,2.815974473953247,0.24621637165546417,5.511825084686279,0.5177567005157471
UPMC_c003_v001_r001_reg030,4.111214637756348,0.43471604585647583,4.191053867340088,0.5718385577201843,3.675122022628784,0.30596113204956055,3.212677240371704,0.4923275113105774,3.8379385471343994,1.015861988067627,3.282193660736084,0.9833229780197144,3.2016732692718506,0.4479733407497406,3.140626907348633,0.6371040940284729,3.2477877140045166,0.27282580733299255,3.757266044616699,0.31924381852149963,4.0067925453186035,0.5336719155311584,4.257277488708496,0.8727958798408508,4.296054363250732,0.55585777759552,4.214767932891846,0.8247288465499878,2.993332624435425,0.8316336870193481,4.621194362640381,0.7097256183624268,3.303907871246338,0.6845389008522034,4.488663196563721,0.7908665537834167,6.084836483001709,0.4180808663368225,3.9470293521881104,0.5478830337524414,2.650846004486084,0.21604643762111664,4.038859844207764,0.6976505517959595,3.2844276428222656,0.2613052427768707,4.1852707862854,0.5288034081459045,2.8303258419036865,0.18374644219875336,2.7477645874023438,0.19681517779827118,4.451846599578857,1.5294653177261353,5.309238433837891,1.1025903224945068
UPMC_c003_v001_r001_reg034,3.8352456092834473,0.37798136472702026,3.7952234745025635,0.6772012710571289,3.3361945152282715,0.3028499484062195,3.2970921993255615,0.4427839517593384,2.9241855144500732,0.32165613770484924,2.6098978519439697,0.18807685375213623,2.902255058288574,0.2567758560180664,3.0151896476745605,0.4627816379070282,2.886760711669922,0.27252426743507385,3.591665744781494,0.36330950260162354,3.996321201324463,0.5661681294441223,4.276882171630859,0.839899480342865,3.7843618392944336,0.5624343752861023,3.701978921890259,0.8664777278900146,3.84860897064209,0.48743119835853577,4.590564727783203,0.7610695362091064,3.4855706691741943,0.5337753295898438,4.098570346832275,1.0012797117233276,5.689285755157471,0.377120703458786,3.7514760494232178,0.5301985144615173,2.5790841579437256,0.20887655019760132,3.9784908294677734,0.6377989649772644,2.926917552947998,0.23683063685894012,3.6917364597320557,0.3298379182815552,2.764883041381836,0.14898230135440826,2.757140636444092,0.1595476269721985,2.908078670501709,0.3970102071762085,5.501672267913818,0.7552217841148376
UPMC_c004_v001_r001_reg001,4.102877140045166,0.5774949193000793,4.209219455718994,0.7587489485740662,3.8888020515441895,0.5576910972595215,4.200320720672607,0.9476519823074341,4.135198593139648,0.6109699010848999,4.7489166259765625,1.1720101833343506,5.367310047149658,1.4994744062423706,3.815558433532715,0.6887509226799011,3.391932487487793,0.6041814088821411,4.705935955047607,1.6077831983566284,5.219870567321777,1.1792312860488892,6.397079944610596,1.565364956855774,4.926455020904541,1.2618374824523926,5.833988666534424,1.7149780988693237,4.192456245422363,0.6278039813041687,5.314184665679932,0.9521738886833191,3.6982369422912598,0.7681365013122559,4.856104850769043,1.7349529266357422,7.056628704071045,0.2982206344604492,3.602613687515259,1.0767505168914795,3.1030189990997314,0.5657256841659546,4.674679279327393,1.3336621522903442,3.5782480239868164,0.5364081263542175,4.792284965515137,1.5644428730010986,3.3107516765594482,0.4025905132293701,3.106506586074829,0.29704439640045166,5.390585899353027,1.878475308418274,5.712991237640381,1.420772910118103
UPMC_c004_v001_r001_reg002,2.2683959007263184,0.7946748733520508,4.9183783531188965,0.7680838108062744,3.3805534839630127,0.6504738330841064,4.280806541442871,0.9072405695915222,5.224120616912842,1.2201392650604248,4.1999335289001465,0.8314983248710632,4.195655822753906,0.49843764305114746,3.7187881469726562,0.7915061116218567,3.222536563873291,0.5456375479698181,1.4922044277191162,1.4985880851745605,4.551362037658691,0.7053012251853943,5.437872886657715,1.0740461349487305,0.07794494926929474,0.3410435914993286,4.947816848754883,0.9910107851028442,1.1293361186981201,0.634130597114563,5.784071445465088,0.8384125232696533,1.0404436588287354,1.2183549404144287,2.513932943344116,2.184997320175171,6.887535572052002,0.48066791892051697,2.8258931636810303,1.195292592048645,3.131800889968872,0.5988143086433411,2.248447895050049,1.680604100227356,0.07892091572284698,0.2545020878314972,3.631344795227051,0.9044750332832336,2.4356114864349365,0.4122878909111023,2.768563747406006,0.24058690667152405,5.972786903381348,1.6281253099441528,5.116972923278809,2.105679512023926
UPMC_c004_v001_r001_reg003,4.193272590637207,0.4024231433868408,4.52695894241333,0.39705872535705566,4.505420207977295,0.15145090222358704,4.176440238952637,1.0238630771636963,4.170114040374756,0.2964221239089966,5.408310413360596,1.0708421468734741,4.489346981048584,0.5642648935317993,4.1064934730529785,0.5032125115394592,3.0257701873779297,0.2882183790206909,4.139015197753906,1.1485353708267212,4.841289043426514,0.7167184948921204,6.010244369506836,1.0891649723052979,1.043705701828003,1.456216812133789,5.260523796081543,1.151474952697754,4.328759670257568,0.5531415939331055,5.334619522094727,0.56954425573349,4.60242223739624,0.29393404722213745,5.444828987121582,1.4899849891662598,7.009815216064453,0.27821430563926697,4.803030967712402,0.18438684940338135,3.4989967346191406,0.6824334263801575,5.310054302215576,0.8271107077598572,1.0348498821258545,0.8587771654129028,5.982137203216553,1.095475196838379,2.953594207763672,0.4687442183494568,3.16383957862854,0.2017635703086853,6.764279365539551,1.4818177223205566,5.857885360717773,1.1970757246017456
UPMC_c004_v001_r001_reg004,4.171970367431641,0.39428550004959106,4.046309947967529,0.5987899899482727,4.306953430175781,0.39891675114631653,4.386710166931152,1.0177544355392456,6.864745616912842,1.0689624547958374,4.276084899902344,0.9865550398826599,5.002433776855469,1.3768701553344727,3.9523098468780518,0.8155995011329651,2.725616216659546,0.5280260443687439,4.310864448547363,1.3743290901184082,5.09395694732666,1.0210927724838257,6.268404483795166,1.4919486045837402,3.1005024909973145,2.1286470890045166,4.645564079284668,1.9247030019760132,4.1493425369262695,0.3037140965461731,5.812958240509033,0.8492000102996826,3.338226318359375,0.4408523440361023,5.1418023109436035,1.6888264417648315,7.2234787940979,0.39318257570266724,4.197686195373535,0.3578013777732849,3.4929211139678955,0.7577469944953918,4.783312797546387,1.101349949836731,1.822945475578308,0.8841652274131775,4.66457986831665,1.0862230062484741,2.981266975402832,0.4349674880504608,3.159257173538208,0.23274162411689758,5.306182384490967,1.6191798448562622,5.445085525512695,1.860571265220642
UPMC_c004_v001_r001_reg005,4.100564479827881,0.22692479193210602,4.228333473205566,0.2960139214992523,3.9564268589019775,0.3532704710960388,3.389237403869629,0.5021095871925354,3.934983968734741,0.3379119634628296,5.334111213684082,0.6430506110191345,3.6526129245758057,0.5294514894485474,3.5299391746520996,0.36442410945892334,2.788917303085327,0.2876409590244293,3.7123138904571533,0.7025772333145142,4.0921101570129395,0.6162825226783752,4.919491767883301,0.9335103034973145,3.33027982711792,0.6117041110992432,3.9445621967315674,1.1030248403549194,4.510473251342773,0.15843668580055237,4.483797550201416,0.336883008480072,3.797060489654541,0.2644810378551483,4.6425580978393555,1.2500945329666138,7.082180976867676,0.29012712836265564,4.425106048583984,0.22272442281246185,3.1120011806488037,0.294479638338089,4.0070929527282715,0.528201699256897,3.073697805404663,0.428315669298172,5.153012752532959,0.7437230944633484,3.0526275634765625,0.20965957641601562,3.0972983837127686,0.12235705554485321,6.941345691680908,0.8256466388702393,3.4720489978790283,0.858938455581665
UPMC_c004_v001_r001_reg008,4.23214864730835,0.17069076001644135,3.7393784523010254,0.675866425037384,4.057582855224609,0.20268812775611877,3.277656078338623,0.2949950397014618,4.102392196655273,0.7146013379096985,4.589442253112793,0.6685287356376648,3.802157163619995,0.26940760016441345,4.102654933929443,0.4988951086997986,3.007967472076416,0.5561177730560303,3.5458056926727295,0.2727526128292084,4.336058616638184,0.4313156306743622,4.219796657562256,0.6941930055618286,3.332399845123291,0.31406930088996887,3.6357743740081787,0.7073025107383728,4.469805717468262,0.1902921497821808,4.3299665451049805,0.41351497173309326,3.4457547664642334,0.3811860680580139,4.37200927734375,0.3595609664916992,7.053522109985352,0.3301223814487457,4.218112468719482,0.4500763416290283,3.063995122909546,0.12103810161352158,3.79988956451416,0.5339051485061646,3.066380262374878,0.23564985394477844,5.867802619934082,1.0147653818130493,2.9293079376220703,0.12117888778448105,3.0883257389068604,0.1105031818151474,6.456049919128418,0.9460192918777466,3.721101999282837,1.3980234861373901
UPMC_c004_v001_r001_reg009,4.705104827880859,0.27917757630348206,4.133108615875244,0.8687276244163513,4.274194240570068,0.29030871391296387,4.272998809814453,0.809795081615448,4.035944938659668,0.413977712392807,4.834662437438965,1.149803876876831,4.938652515411377,1.163891315460205,3.921792984008789,0.4066298007965088,3.5514585971832275,0.3363136649131775,4.847468852996826,1.0603084564208984,5.171686172485352,0.864717960357666,6.173679828643799,1.2622896432876587,4.3740010261535645,1.4860283136367798,5.428447723388672,0.9391659498214722,4.518984317779541,0.28956472873687744,5.574100494384766,0.5585682988166809,4.448173999786377,0.2545725703239441,5.867079734802246,1.15280282497406,7.258429050445557,0.2589723765850067,4.621737480163574,0.21410523355007172,3.4071316719055176,0.6547661423683167,4.7481303215026855,1.0005836486816406,3.1345200538635254,0.5493309497833252,5.777324676513672,1.096516489982605,3.102940797805786,0.26259148120880127,3.226618766784668,0.19203560054302216,6.294833183288574,1.482796311378479,5.757806301116943,0.8937203884124756
UPMC_c004_v001_r001_reg010,4.310708999633789,0.27325084805488586,4.532674789428711,0.7207329869270325,3.464235305786133,0.6047033667564392,4.733444690704346,1.1552976369857788,4.433302879333496,1.3504060506820679,3.8644649982452393,1.103906512260437,4.25994873046875,0.7379125356674194,4.0374884605407715,1.028871774673462,3.2064926624298096,0.3831114172935486,3.369392156600952,1.2452164888381958,4.738241672515869,1.058685064315796,5.614922523498535,1.410325050354004,3.26916241645813,0.9551745653152466,4.956777095794678,1.0639252662658691,4.303014278411865,0.24513298273086548,5.323332786560059,0.7900941371917725,4.580837249755859,0.18335022032260895,4.914339542388916,0.8502616286277771,7.064215183258057,0.511179506778717,4.398225784301758,0.46123939752578735,3.1188974380493164,0.5522580742835999,4.088995933532715,1.1875276565551758,2.0129432678222656,0.859104573726654,3.7835299968719482,1.181984305381775,2.784024238586426,0.34880712628364563,3.011598587036133,0.23250485956668854,5.093176364898682,1.4286948442459106,6.303072929382324,1.5724411010742188
UPMC_c004_v001_r001_reg011,4.574139595031738,0.19140805304050446,4.359752655029297,0.32537856698036194,3.96159029006958,0.2960195243358612,3.8702616691589355,0.6906311511993408,4.141526699066162,0.6434889435768127,4.930103778839111,1.384877324104309,4.067874908447266,0.49299439787864685,4.1509575843811035,0.7912516593933105,3.6446685791015625,0.2860015332698822,3.0738937854766846,0.9318967461585999,4.461266994476318,0.6438430547714233,4.674038410186768,1.0533475875854492,2.1357574462890625,1.8092641830444336,4.817661762237549,0.5181236267089844,4.809286594390869,0.1138620674610138,5.035964012145996,0.645649254322052,5.0059733390808105,0.12656381726264954,5.187191963195801,0.6314435601234436,6.735297203063965,0.4712940454483032,5.142269134521484,0.21336109936237335,3.0294840335845947,0.33350375294685364,3.909137725830078,0.9760499596595764,1.5706270933151245,1.1535860300064087,4.9654412269592285,1.2721387147903442,2.6282074451446533,0.35085034370422363,3.0750391483306885,0.1543603390455246,6.188549041748047,1.8278660774230957,5.151031017303467,1.8518377542495728
UPMC_c004_v001_r001_reg012,3.763552188873291,0.9029412269592285,4.728367328643799,0.7678976655006409,4.056405067443848,0.4298434853553772,4.364775657653809,1.0789389610290527,4.733357906341553,1.035292625427246,3.2842814922332764,0.3780442774295807,5.246153354644775,1.4670923948287964,4.328895092010498,1.31556236743927,3.6322529315948486,0.5475416779518127,3.9043610095977783,1.868813157081604,5.2606282234191895,1.1305608749389648,6.073141098022461,1.5204826593399048,3.1791317462921143,2.490069627761841,5.1528544425964355,1.253944993019104,2.528627634048462,0.7472608685493469,5.475729942321777,0.7619597911834717,1.6830157041549683,0.9373352527618408,2.453899621963501,2.0551540851593018,7.222292423248291,0.6075139045715332,4.950216770172119,0.3109806478023529,3.045289993286133,0.4017346501350403,3.3458950519561768,1.2117202281951904,1.5458966493606567,1.0014750957489014,2.1709823608398438,1.2413560152053833,2.816864252090454,0.41583698987960815,2.9797310829162598,0.2781059741973877,3.679006814956665,0.22241953015327454,7.144733905792236,1.248869776725769
UPMC_c004_v001_r001_reg013,3.94063138961792,0.395266056060791,4.253731727600098,0.618659496307373,3.8286688327789307,0.271100789308548,4.1754326820373535,0.7340777516365051,4.149253845214844,0.6904293298721313,4.574446678161621,1.5874756574630737,4.2790937423706055,0.7103654742240906,3.5610592365264893,0.7268418073654175,3.1637091636657715,0.24504031240940094,3.3650283813476562,1.2671043872833252,4.786604881286621,0.7767754793167114,5.144677639007568,1.1880778074264526,0.8489850163459778,0.844058632850647,4.729663848876953,1.089863657951355,3.9530606269836426,0.340603232383728,5.517024993896484,0.8065318465232849,3.546880006790161,0.479895681142807,4.436868667602539,1.5246573686599731,6.9352707862854,0.45957455039024353,4.900519847869873,0.22988733649253845,3.0694756507873535,0.5733838081359863,4.336461544036865,1.5148656368255615,1.4437586069107056,0.973512589931488,4.32248592376709,1.4118186235427856,2.6550867557525635,0.333146333694458,2.8760175704956055,0.21206972002983093,5.799639701843262,1.7112466096878052,5.780525207519531,1.9648194313049316
UPMC_c004_v001_r001_reg014,4.17180871963501,0.2830604016780853,3.802685499191284,0.43902432918548584,3.819103956222534,0.3162243366241455,3.4812285900115967,0.5732274055480957,4.016064167022705,0.6924880743026733,4.350578308105469,1.1414402723312378,3.9290685653686523,0.4589434266090393,3.790461301803589,0.902387261390686,3.4952142238616943,0.33493855595588684,1.8648245334625244,0.7978110909461975,4.659563064575195,0.5943929553031921,4.670485973358154,0.6896234750747681,2.919606924057007,1.0000278949737549,4.120800018310547,0.5742660164833069,4.205418586730957,0.297770231962204,4.974044322967529,0.7454374432563782,3.8313920497894287,0.30076366662979126,4.526454925537109,0.4805110991001129,7.208990573883057,0.4950023293495178,4.409550666809082,0.3718663454055786,2.8273773193359375,0.23052190244197845,3.3767330646514893,0.9531410336494446,2.0727741718292236,0.4631965458393097,3.338564395904541,0.9114032983779907,2.6495893001556396,0.20675726234912872,2.8519790172576904,0.18082015216350555,5.730574131011963,1.3634957075119019,5.438765525817871,2.170220375061035
UPMC_c004_v001_r001_reg015,4.471634864807129,0.44075825810432434,4.525660991668701,0.44698941707611084,4.206797122955322,0.25638309121131897,4.0037922859191895,0.9623618721961975,3.8187527656555176,0.4996730387210846,4.001634120941162,1.2360645532608032,4.365962505340576,0.8895955085754395,4.68907356262207,1.3472541570663452,4.155581474304199,0.39650318026542664,4.488366603851318,1.2190192937850952,4.893349647521973,0.9216656684875488,6.344876289367676,1.0873312950134277,4.231356143951416,0.949104905128479,5.48060417175293,0.8384153246879578,4.6791605949401855,0.18941697478294373,5.379960536956787,0.6172767877578735,4.387800216674805,0.27452147006988525,5.501131057739258,1.4225016832351685,7.298242568969727,0.45432427525520325,4.42383337020874,0.3295953869819641,3.1231935024261475,0.5036326050758362,4.731536388397217,1.2143547534942627,3.2188565731048584,0.47082066535949707,3.5021932125091553,1.3976086378097534,3.0070998668670654,0.4156903922557831,3.1248977184295654,0.2700314223766327,4.570444107055664,1.9050536155700684,6.261921405792236,1.2463713884353638
UPMC_c004_v001_r001_reg016,4.491994380950928,0.20691658556461334,4.721672058105469,0.3097435235977173,4.741565704345703,0.35106372833251953,4.062348365783691,0.38947543501853943,3.893360137939453,0.35310056805610657,3.627349853515625,0.13247233629226685,6.560502529144287,1.1071503162384033,4.166874885559082,0.670903205871582,3.9080872535705566,0.1726212501525879,6.511119365692139,0.7555115818977356,6.85421085357666,0.7048760056495667,8.015605926513672,0.40321609377861023,6.284842491149902,0.6353684067726135,6.395596981048584,0.7549243569374084,5.124925136566162,0.16720879077911377,5.304253578186035,0.4113994240760803,4.590672492980957,0.3125169575214386,5.5261688232421875,0.9490938782691956,7.704191207885742,0.20773209631443024,4.623962879180908,0.21716465055942535,3.270752191543579,0.2868688404560089,5.4768218994140625,0.8862183690071106,3.736290454864502,0.6369538307189941,4.837754726409912,0.47422125935554504,3.47027325630188,0.355164498090744,3.3187437057495117,0.13904640078544617,4.267101764678955,0.23523814976215363,6.616722106933594,0.43214520812034607
UPMC_c004_v001_r001_reg017,4.423206329345703,0.28641051054000854,4.9817657470703125,0.5878304839134216,4.450577259063721,0.2213931530714035,3.9348700046539307,0.7525289058685303,4.971764087677002,1.2411243915557861,4.872674465179443,0.9013264775276184,4.58518648147583,0.3989454507827759,4.1562042236328125,0.6408840417861938,3.957108736038208,0.18075430393218994,3.704896926879883,0.8837451338768005,4.9834723472595215,0.6804611682891846,5.658524990081787,0.9264283180236816,4.234006881713867,0.5745107531547546,5.25466251373291,0.5126700401306152,5.040829658508301,0.21399278938770294,5.556177139282227,0.8505074977874756,4.389938831329346,0.29145634174346924,4.901648998260498,0.8957856297492981,7.433412075042725,0.3729986846446991,4.948507308959961,0.31104540824890137,3.2695984840393066,0.3354039788246155,4.287847518920898,0.904208242893219,3.0648388862609863,0.4963632822036743,5.865230083465576,1.3519268035888672,3.22593355178833,0.3197454512119293,3.38484525680542,0.17994552850723267,6.3048176765441895,1.095969319343567,5.960188388824463,1.246071457862854
UPMC_c004_v001_r001_reg020,4.5274200439453125,0.2190573662519455,4.714632987976074,0.4629369080066681,4.446558475494385,0.34027522802352905,3.8180367946624756,0.5705029368400574,5.29474401473999,1.463427186012268,4.129894733428955,1.100254774093628,5.10663366317749,1.3007049560546875,3.9032397270202637,0.6349947452545166,3.6614837646484375,0.2546415627002716,5.9177021980285645,1.478570580482483,6.0988545417785645,1.1738102436065674,7.147214889526367,1.2623226642608643,4.979371070861816,1.2154080867767334,5.90997314453125,1.088565707206726,4.915164470672607,0.362569123506546,5.213481903076172,0.47459676861763,4.250552654266357,0.4920615553855896,5.675121784210205,1.253606915473938,7.018551826477051,0.41194766759872437,4.170422554016113,0.3779575526714325,3.168454647064209,0.281536728143692,5.0528244972229,1.0193414688110352,3.2578649520874023,0.46212393045425415,4.059497356414795,0.9231821298599243,3.166388750076294,0.2898900806903839,3.29849910736084,0.15558850765228271,4.341696262359619,1.7368724346160889,6.167015075683594,1.2855912446975708
UPMC_c004_v001_r001_reg021,4.541360855102539,0.17562085390090942,4.197876453399658,0.9194170832633972,4.597206115722656,0.2129315882921219,3.7137672901153564,0.7647690176963806,4.660153865814209,1.3627182245254517,5.174135208129883,1.3470393419265747,4.501204490661621,0.6750345826148987,4.366991996765137,1.0040221214294434,3.8541526794433594,0.32916635274887085,4.135539531707764,0.9472183585166931,4.858184814453125,0.9201891422271729,5.8041510581970215,1.016201138496399,4.607207775115967,0.7962947487831116,5.215727806091309,0.810675323009491,4.791754245758057,0.15074506402015686,5.162117004394531,0.8620782494544983,4.603127956390381,0.23244038224220276,5.289292335510254,0.5985713601112366,6.929862976074219,0.3990263342857361,4.6612548828125,0.3215658366680145,3.3409814834594727,0.309326708316803,4.480051040649414,0.9520729780197144,3.7782461643218994,0.6907283067703247,4.883634567260742,1.076392412185669,3.2081339359283447,0.24492788314819336,3.238358974456787,0.14577631652355194,6.282324314117432,1.8424419164657593,5.899534702301025,1.4010227918624878
UPMC_c004_v001_r001_reg022,4.564063549041748,0.17299027740955353,3.9075088500976562,0.957671582698822,4.754780292510986,0.16593748331069946,3.510403871536255,0.6329696178436279,4.183768272399902,1.1033287048339844,5.497743129730225,0.9948790669441223,3.9816551208496094,0.39670801162719727,4.002322196960449,0.472234845161438,3.8849895000457764,0.23069429397583008,4.008434772491455,0.5716811418533325,4.082879543304443,0.6303310990333557,5.114964962005615,0.7662202715873718,4.197862148284912,0.4060526192188263,4.813303470611572,0.4203524589538574,5.103104591369629,0.16363921761512756,4.596879959106445,0.7569836974143982,4.814489364624023,0.22797438502311707,5.046331405639648,0.39577680826187134,7.316431522369385,0.28480014204978943,4.06336784362793,0.5208054780960083,3.2639384269714355,0.20926719903945923,4.215663433074951,0.6010526418685913,3.7195215225219727,0.2785314619541168,5.4231038093566895,0.8895054459571838,3.0349278450012207,0.15170858800411224,3.248157501220703,0.13558317720890045,6.817306041717529,1.3279201984405518,4.2456746101379395,1.423871636390686
UPMC_c004_v001_r001_reg023,4.368075847625732,0.2857033312320709,3.859124183654785,1.137497067451477,4.662497043609619,0.28900498151779175,3.484402656555176,0.7406458258628845,4.322798252105713,1.2222338914871216,5.488281726837158,1.0434986352920532,4.599651336669922,0.822999119758606,4.062831878662109,0.714521586894989,3.648787260055542,0.3033507466316223,4.168190956115723,0.9446045160293579,4.3131279945373535,0.7672968506813049,5.420084476470947,1.0512162446975708,4.711267948150635,0.5194603800773621,4.661051273345947,0.8167774677276611,4.9438700675964355,0.2452213615179062,5.44517183303833,0.7244858145713806,4.543766498565674,0.31752583384513855,5.0501556396484375,1.0191872119903564,6.948811054229736,0.38957300782203674,3.327692747116089,0.7264748215675354,3.3538014888763428,0.4392624497413635,4.905195713043213,0.8810983896255493,3.85947847366333,0.29357463121414185,5.0675129890441895,1.6392467021942139,3.1335010528564453,0.27976933121681213,3.175279378890991,0.21256043016910553,6.692079544067383,1.3788107633590698,4.533849239349365,1.598811388015747
UPMC_c004_v001_r001_reg024,4.585379600524902,0.4652498662471771,4.101256847381592,1.0707075595855713,4.233641624450684,0.24396559596061707,3.3454132080078125,0.5817238688468933,4.577296733856201,1.1448678970336914,5.196627140045166,0.8661950826644897,4.736217975616455,0.46430379152297974,3.9016451835632324,0.6031820774078369,3.1430702209472656,0.3561845123767853,3.5726993083953857,0.6420527696609497,4.438694953918457,0.5293435454368591,4.890847682952881,0.7833477258682251,3.979517698287964,0.5632213950157166,4.251099586486816,0.9624430537223816,4.425817966461182,0.24289251863956451,4.6760077476501465,0.5023289918899536,3.978182554244995,0.3642665445804596,4.546741962432861,0.8953540921211243,7.272659778594971,0.2980998158454895,4.190564155578613,0.6388673782348633,3.188002824783325,0.3684307336807251,3.7315077781677246,0.746279776096344,3.284191608428955,0.4173617660999298,6.569568634033203,1.2485634088516235,2.9705967903137207,0.21756461262702942,3.007127523422241,0.14981040358543396,6.394558429718018,1.1671366691589355,4.512948036193848,1.4128661155700684
UPMC_c004_v001_r001_reg025,4.157367706298828,0.313260018825531,3.3953654766082764,1.2422984838485718,4.203281402587891,0.2974644899368286,4.038288593292236,0.6499136686325073,5.140223026275635,1.364127516746521,4.872551441192627,1.4902396202087402,4.575502395629883,0.7494677305221558,3.9957120418548584,1.0078190565109253,3.313476085662842,0.3363272547721863,3.722878932952881,0.9874262809753418,4.62003231048584,0.8483402132987976,5.3843512535095215,1.1196448802947998,4.575588703155518,0.7650715708732605,4.64411735534668,0.9621335864067078,4.250186920166016,0.3284994959831238,5.3727216720581055,0.6830087304115295,3.7638814449310303,0.4426538646221161,4.3648223876953125,0.9254983067512512,7.193499565124512,0.4546357989311218,3.9928572177886963,0.4611918330192566,3.110259771347046,0.37730953097343445,3.8515865802764893,0.9640913605690002,3.581918239593506,0.5087094902992249,4.793156147003174,1.1638894081115723,3.08427357673645,0.27315592765808105,2.9473092555999756,0.1975019872188568,5.777416706085205,1.710798740386963,5.395923614501953,1.9330741167068481
UPMC_c004_v001_r001_reg026,4.513318061828613,0.17781126499176025,4.289566516876221,0.7084401249885559,4.408186435699463,0.20865768194198608,3.5358848571777344,0.49134743213653564,4.47426700592041,0.9644840359687805,4.774625778198242,1.250608205795288,4.04587984085083,0.48776155710220337,3.77593994140625,0.713607132434845,3.9463939666748047,0.15018248558044434,3.6269288063049316,0.39451226592063904,4.123363494873047,0.6594257950782776,4.671252727508545,0.5725787878036499,4.897191047668457,0.24674707651138306,4.490883827209473,0.5091121196746826,4.592092514038086,0.22586606442928314,4.9416823387146,0.6607961058616638,4.442454814910889,0.2379879504442215,4.77702522277832,0.4038686752319336,7.388299465179443,0.5017716884613037,4.127123832702637,0.534509003162384,3.13681960105896,0.17521430552005768,3.8311727046966553,0.7757620215415955,4.08587121963501,0.1585380584001541,4.748476505279541,0.613060712814331,3.1131720542907715,0.1582091748714447,3.016087055206299,0.17948222160339355,6.140730381011963,1.4113967418670654,5.130935192108154,2.0357518196105957
UPMC_c004_v001_r001_reg027,4.816406726837158,0.23689286410808563,4.541421890258789,0.43698650598526,4.771177291870117,0.2100084275007248,4.272922992706299,0.7346393465995789,4.152574062347412,0.48032593727111816,3.96665096282959,0.8390186429023743,6.50740385055542,1.330742359161377,3.988823652267456,0.8521784543991089,4.275413513183594,0.17825385928153992,5.337625503540039,1.0530767440795898,5.755817413330078,1.0595544576644897,7.17039680480957,0.9870070219039917,6.128243446350098,0.822178065776825,6.383131504058838,0.940389096736908,4.865527153015137,0.274611234664917,5.35374641418457,0.4715315103530884,4.651967525482178,0.2284298986196518,5.758453845977783,1.0328140258789062,7.525528907775879,0.375360369682312,4.245846748352051,0.45247507095336914,3.587717294692993,0.45295432209968567,5.457790851593018,0.9479387402534485,4.66424036026001,0.2459007054567337,5.130778789520264,0.5312119126319885,3.4697585105895996,0.264739066362381,3.2751240730285645,0.147335946559906,4.685550212860107,1.1165335178375244,6.490746021270752,0.9986394643783569
UPMC_c004_v001_r001_reg028,4.0951666831970215,0.3419930040836334,4.735662460327148,0.6422277092933655,4.61096715927124,0.27884021401405334,3.747149705886841,0.8959165215492249,4.135773181915283,0.7481611967086792,4.772449970245361,1.2722082138061523,4.265908241271973,0.47067442536354065,4.1787590980529785,0.952316164970398,4.198939323425293,0.20359884202480316,4.068402290344238,0.9805989265441895,4.859696388244629,0.8788092732429504,5.5655035972595215,1.0200846195220947,4.874363422393799,0.34053194522857666,5.218709945678711,0.6460995078086853,4.586915493011475,0.5610402226448059,5.50314998626709,0.8475407361984253,4.277039527893066,0.32747867703437805,4.674319744110107,0.8083258867263794,6.342253684997559,0.45200270414352417,4.845349311828613,0.32936015725135803,3.317229747772217,0.3394679129123688,5.581500053405762,1.359631061553955,4.264169216156006,0.30383628606796265,5.184568405151367,1.1673686504364014,3.227318048477173,0.2160804271697998,3.575530529022217,0.7061768174171448,6.089231014251709,1.809002161026001,5.734667778015137,1.8995102643966675
UPMC_c004_v001_r001_reg029,3.7561750411987305,0.9176744222640991,3.8092782497406006,0.9415748119354248,4.428435325622559,0.6182713508605957,4.143507480621338,0.864993691444397,4.360374927520752,0.6760873794555664,4.117863178253174,1.0518604516983032,4.655849933624268,0.7013673186302185,4.397507667541504,1.2323987483978271,3.840733289718628,0.6012465953826904,4.349330425262451,1.2664986848831177,4.396358489990234,1.1625804901123047,6.176088333129883,1.192368507385254,5.079057216644287,0.7242676019668579,4.968935012817383,1.2167974710464478,4.312705039978027,0.571790874004364,5.906824588775635,0.9155862331390381,3.087292194366455,0.9728372693061829,4.455521583557129,1.999743938446045,7.126001834869385,0.40713098645210266,3.8884472846984863,0.7957808971405029,3.280047655105591,0.32359084486961365,4.388235092163086,1.1960339546203613,4.074850559234619,0.3632805049419403,5.069952487945557,0.9574579000473022,3.375613212585449,0.30583655834198,3.2215890884399414,0.25190168619155884,4.905893325805664,1.9754613637924194,6.496655464172363,1.264150857925415
UPMC_c004_v001_r001_reg032,4.32124662399292,0.35605335235595703,4.757675647735596,0.6201827526092529,4.524096965789795,0.3031112551689148,4.30575704574585,0.7669677138328552,6.375057697296143,1.54746413230896,4.631282329559326,1.2793173789978027,5.507833003997803,1.2982836961746216,3.926077365875244,0.7936626076698303,3.887582778930664,0.20828144252300262,4.964684963226318,1.1758465766906738,5.283785820007324,1.1649572849273682,6.421096324920654,1.3806134462356567,5.210885047912598,0.9533799290657043,5.4864702224731445,1.0227569341659546,4.7306365966796875,0.3031715750694275,5.478907585144043,0.7718086242675781,4.329004287719727,0.42407524585723877,5.148684024810791,1.5691297054290771,7.1726789474487305,0.4219164252281189,4.4975972175598145,0.37274742126464844,3.3184218406677246,0.3974683880805969,5.674412727355957,0.8713034987449646,4.0924458503723145,0.28545355796813965,4.736286163330078,0.8268905878067017,3.308997869491577,0.24402330815792084,3.297586441040039,0.16243618726730347,5.497921943664551,1.7863725423812866,5.780986785888672,1.7778618335723877
UPMC_c004_v001_r001_reg033,3.6933107376098633,0.40285661816596985,3.7156169414520264,1.135432481765747,4.3883056640625,0.325778067111969,4.534495830535889,1.0188498497009277,4.480623722076416,1.0066137313842773,4.040956974029541,0.7727124691009521,4.71964693069458,0.7328309416770935,4.41608190536499,1.2009518146514893,3.978384256362915,0.39573320746421814,4.70976448059082,0.9809620380401611,5.365589618682861,1.0758264064788818,6.599568843841553,1.0175259113311768,5.348159313201904,0.6962194442749023,5.499415397644043,1.2698291540145874,4.522863388061523,0.359251469373703,5.979590892791748,0.7813282608985901,3.1130685806274414,0.7329065203666687,3.622225522994995,1.8508870601654053,7.7189555168151855,0.39956027269363403,3.7984659671783447,0.9075547456741333,3.45192551612854,0.48904532194137573,4.78721284866333,1.3455771207809448,4.272636413574219,0.4138440787792206,4.709860324859619,0.8137092590332031,3.3791377544403076,0.27481868863105774,3.3203067779541016,0.18876294791698456,4.9796223640441895,1.517517328262329,6.197868824005127,1.2311029434204102
UPMC_c004_v001_r001_reg034,4.032174587249756,0.21791338920593262,5.272762775421143,0.8854182958602905,4.460517883300781,0.25881704688072205,3.9636950492858887,0.9674737453460693,4.780904293060303,1.5837228298187256,5.14906120300293,1.0091885328292847,4.134400844573975,0.43117645382881165,4.1231279373168945,0.5278318524360657,4.054186820983887,0.13230933248996735,4.571411609649658,0.3330954313278198,4.157761573791504,0.5890213251113892,5.348145008087158,0.8304128646850586,5.287712574005127,0.13164611160755157,5.07488489151001,0.4507862329483032,5.163506984710693,0.11860918998718262,5.328527927398682,0.6015187501907349,4.488928318023682,0.24105271697044373,4.848872661590576,0.5861054062843323,7.201165199279785,0.34847143292427063,4.352382659912109,0.44018983840942383,3.1253762245178223,0.24536581337451935,4.44296932220459,0.5436315536499023,4.661932945251465,0.1022789254784584,5.758083820343018,0.5594464540481567,3.311533212661743,0.15379709005355835,3.274260997772217,0.12154267728328705,6.70302677154541,1.1533973217010498,4.28627347946167,1.624693512916565
UPMC_c004_v001_r001_reg035,4.189255237579346,0.29344743490219116,4.676313877105713,0.5458223819732666,4.73395299911499,0.21495504677295685,3.9725496768951416,0.6773625612258911,3.925492763519287,0.7073973417282104,5.0066914558410645,0.9468996524810791,4.393149375915527,0.662513256072998,4.389055252075195,0.7285550236701965,4.050883769989014,0.2325877845287323,5.036293983459473,0.7202939987182617,4.6530303955078125,0.7638741731643677,6.148105621337891,0.9596434235572815,5.174212455749512,0.4475046992301941,5.430961608886719,0.8326727747917175,4.869842529296875,0.29382553696632385,6.027141094207764,0.5135653614997864,4.2571916580200195,0.4250129461288452,5.214505672454834,1.50882887840271,7.306857585906982,0.24167491495609283,4.030017375946045,0.5550585389137268,3.3447322845458984,0.4417836666107178,5.808497905731201,0.7586032748222351,4.591733455657959,0.23397915065288544,6.288127899169922,1.0679668188095093,3.5035908222198486,0.32471591234207153,3.282407522201538,0.222345769405365,6.464103698730469,1.2677369117736816,5.246243476867676,1.4277350902557373
UPMC_c004_v001_r001_reg036,3.9749269485473633,0.3485412895679474,4.193821430206299,0.43174299597740173,4.292115688323975,0.2729395925998688,4.065592288970947,0.9327124357223511,3.9206089973449707,0.711707353591919,4.347187042236328,1.1226511001586914,4.555795192718506,0.6339125037193298,3.9302806854248047,0.761469304561615,3.180293560028076,0.2403830736875534,4.48867130279541,1.1131008863449097,4.929593086242676,0.9579316973686218,5.938208103179932,1.1739767789840698,4.604693412780762,0.47072380781173706,5.263360023498535,1.2447034120559692,4.282253742218018,0.23768702149391174,5.235875129699707,0.8057762980461121,3.344728469848633,0.4071633517742157,5.040698528289795,1.8030732870101929,7.383854866027832,0.31751155853271484,3.910938024520874,0.4813094735145569,3.078460454940796,0.39213401079177856,4.982175350189209,1.1149556636810303,3.7688028812408447,0.40412694215774536,4.679861068725586,1.0208709239959717,3.186931848526001,0.3080075979232788,3.0014829635620117,0.1420847773551941,5.386834621429443,1.863210678100586,5.81164026260376,1.6169407367706299
UPMC_c004_v001_r001_reg037,4.222676753997803,0.4155993163585663,4.456671714782715,0.6957015991210938,4.201598644256592,0.40948498249053955,4.005033493041992,0.8624401092529297,3.9893455505371094,1.121819257736206,4.071190357208252,1.253383994102478,4.002315998077393,0.5837301015853882,3.7018816471099854,0.7852591276168823,3.5081393718719482,0.389058381319046,3.563974618911743,0.8171680569648743,4.570804119110107,0.8005183935165405,5.218655109405518,1.2406138181686401,4.518846035003662,0.4654514193534851,4.769235610961914,1.1226743459701538,4.536467552185059,0.4037323594093323,5.2282938957214355,0.7634532451629639,3.550729990005493,0.8632418513298035,3.4967894554138184,1.952589750289917,6.706296920776367,0.5012060403823853,4.474062919616699,0.46607348322868347,3.067631244659424,0.5220493674278259,3.872065544128418,1.0800896883010864,3.7928779125213623,0.561055600643158,4.714527606964111,1.0996472835540771,3.1370089054107666,0.43295738101005554,3.054079294204712,0.46035662293434143,5.45838737487793,1.7700873613357544,6.8796796798706055,0.8595282435417175
UPMC_c004_v001_r001_reg038,4.434195041656494,0.42284655570983887,4.029469966888428,0.7937522530555725,4.677300930023193,0.28997793793678284,3.940317392349243,0.9597010612487793,5.892491817474365,1.3254876136779785,4.293777942657471,0.7166298031806946,4.560183048248291,0.561978280544281,4.249131679534912,0.7708426117897034,3.8514561653137207,0.4942699074745178,4.15437126159668,0.6423929929733276,4.363070964813232,0.8117896914482117,5.352185249328613,0.969146192073822,5.115452289581299,0.3373435437679291,4.209033966064453,0.9375361204147339,4.672708034515381,0.27319303154945374,5.398064613342285,0.6750267148017883,3.2292933464050293,0.5759938359260559,4.607113838195801,0.6165723204612732,7.174095630645752,0.40516412258148193,4.200115203857422,0.375029057264328,3.239250659942627,0.28403303027153015,4.034989833831787,0.8063974976539612,4.533620834350586,0.282227486371994,4.543796539306641,0.5815988779067993,3.3105931282043457,0.21248339116573334,3.282916784286499,0.2007225900888443,5.9861555099487305,1.0247578620910645,4.564437389373779,1.9764357805252075
UPMC_c004_v001_r001_reg040,4.383448123931885,0.23703981935977936,4.730113983154297,0.4469594955444336,4.366119861602783,0.3037518560886383,4.963141918182373,1.041577696800232,4.108337879180908,0.40801480412483215,5.182501792907715,0.8112003803253174,4.976858615875244,0.8456162810325623,3.9481656551361084,0.5164694786071777,3.2641544342041016,0.22837290167808533,4.432712078094482,1.3031666278839111,5.507556915283203,0.863030195236206,6.548506736755371,0.8810163140296936,4.357540130615234,0.6764747500419617,5.185305595397949,1.0993684530258179,3.971867322921753,0.4927953779697418,5.719758987426758,0.724307119846344,4.420912742614746,0.24676647782325745,5.429157733917236,1.190669059753418,7.202569484710693,0.3835686445236206,3.9567456245422363,0.526873767375946,3.739996910095215,0.6901807188987732,5.978143215179443,1.0230460166931152,3.498690366744995,0.5538190603256226,5.712418079376221,1.4921011924743652,3.185098171234131,0.3153730630874634,3.312511920928955,0.3104320466518402,6.826115608215332,1.0901951789855957,6.741060256958008,0.775495707988739
UPMC_c004_v001_r001_reg043,4.187911033630371,0.34404465556144714,5.087577819824219,0.9022960066795349,4.6606316566467285,0.5119792819023132,4.624876022338867,0.9350935816764832,4.129456520080566,0.7114560008049011,3.91559100151062,0.6601383090019226,7.353564262390137,1.042616844177246,4.205667495727539,0.7629250288009644,3.7265090942382812,0.39411428570747375,5.4133734703063965,1.1793938875198364,5.726233005523682,0.9969634413719177,7.723950386047363,0.7609815001487732,6.760667324066162,1.013817548751831,5.754648685455322,1.2129594087600708,2.7444450855255127,0.9035469889640808,5.70447301864624,0.6039381623268127,4.339420318603516,0.46897631883621216,5.0839104652404785,1.6198984384536743,7.133490085601807,0.3494110405445099,3.4971189498901367,0.7279266119003296,3.1869423389434814,0.32803305983543396,6.492506980895996,1.0969446897506714,3.640001058578491,0.8075149059295654,5.428119659423828,1.071041464805603,3.6327030658721924,0.7129914164543152,3.1145122051239014,0.27229374647140503,4.5663933753967285,1.2952768802642822,6.773375034332275,1.0186694860458374
UPMC_c004_v001_r001_reg044,4.636642932891846,0.3210810124874115,5.336062908172607,0.5024046897888184,4.515737056732178,0.22658002376556396,4.183818340301514,0.7567411065101624,4.594781398773193,1.285842776298523,4.330998420715332,1.2214418649673462,6.002315998077393,1.4252064228057861,4.779999732971191,1.0707024335861206,3.7991585731506348,0.3257722556591034,5.041992664337158,1.2257111072540283,5.402251243591309,1.0335636138916016,6.936129093170166,1.097025990486145,5.911591529846191,1.1526038646697998,5.691834926605225,0.9924957156181335,3.396923780441284,0.7153306007385254,5.70054817199707,0.5029701590538025,4.891528129577637,0.23554116487503052,5.5764994621276855,1.2209327220916748,7.058703422546387,0.33343833684921265,4.358126640319824,0.33507588505744934,3.181757688522339,0.2587159276008606,4.982726097106934,1.1378451585769653,3.229295253753662,0.5774189233779907,5.201755523681641,0.7610494494438171,3.158311605453491,0.3769853413105011,2.9532079696655273,0.1773504763841629,5.3491997718811035,1.6233282089233398,6.338331699371338,1.2713098526000977
UPMC_c004_v001_r001_reg045,4.3641743659973145,0.407114714384079,4.797578811645508,0.8758133053779602,4.366692066192627,0.33858177065849304,4.340531826019287,1.0133761167526245,4.412970542907715,1.450243353843689,4.600501537322998,1.3687160015106201,4.381723403930664,0.785176694393158,4.240777492523193,0.9085929989814758,3.3931455612182617,0.4371650218963623,4.031518936157227,1.122951626777649,4.492203712463379,1.118672490119934,5.821231842041016,1.210425615310669,2.5638983249664307,1.092846393585205,4.508194923400879,0.8430656790733337,1.9103912115097046,1.0042415857315063,5.9648518562316895,0.8269603252410889,3.790173053741455,0.7054869532585144,4.977184295654297,1.1688108444213867,6.463657379150391,0.583523154258728,3.124483585357666,0.7346217632293701,3.2369377613067627,0.6075235605239868,4.5342817306518555,1.0163370370864868,2.0765063762664795,0.5956718921661377,5.119870185852051,1.0684787034988403,2.8521995544433594,0.4136442244052887,2.8070149421691895,0.3816257119178772,5.895397186279297,1.7064706087112427,6.4117751121521,1.6212046146392822
UPMC_c004_v001_r001_reg046,3.983383893966675,0.39905524253845215,4.291476249694824,0.9082800149917603,4.212244510650635,0.37703534960746765,3.9608664512634277,0.9423992037773132,3.876549005508423,1.0882314443588257,4.11032772064209,1.166443943977356,4.347751617431641,0.8363190293312073,4.014167308807373,0.9439699649810791,3.126511573791504,0.40321123600006104,4.00889253616333,1.128081202507019,4.854776859283447,0.909548819065094,5.6202239990234375,1.2806367874145508,2.6609573364257812,1.2973191738128662,4.029914379119873,1.2804018259048462,3.3101675510406494,0.7660985589027405,5.872749328613281,1.0178873538970947,3.0191256999969482,0.6560463309288025,4.229722499847412,1.2686834335327148,6.727010250091553,0.5007123351097107,2.7191812992095947,0.6765319108963013,3.006709575653076,0.35212892293930054,4.660989284515381,1.1018702983856201,2.2729861736297607,0.6749894022941589,4.911734104156494,0.9698783755302429,2.7468717098236084,0.2575799226760864,2.971214771270752,0.2566777467727661,5.373732566833496,1.5590850114822388,5.629250526428223,1.9257975816726685
UPMC_c004_v001_r001_reg047,4.367489337921143,0.3086579442024231,3.63246488571167,0.49445345997810364,3.922834634780884,0.31432899832725525,3.39325213432312,0.6505951285362244,4.663200855255127,1.407987356185913,5.922794342041016,1.1089040040969849,4.001980781555176,0.40908846259117126,3.906569004058838,0.41805362701416016,3.004478931427002,0.26458367705345154,3.317244529724121,0.3513981103897095,4.286306381225586,0.37015584111213684,4.15867280960083,0.6367816925048828,2.645033359527588,0.7719984650611877,3.3979275226593018,0.8134059309959412,3.4769210815429688,0.25822389125823975,4.374905109405518,0.4502016603946686,3.2673733234405518,0.3281618356704712,4.335803985595703,0.4461528956890106,7.019081115722656,0.3315248191356659,2.6306049823760986,0.5298343300819397,2.8134217262268066,0.17268364131450653,4.310620307922363,0.8159411549568176,2.840090036392212,0.2607787251472473,5.097611427307129,1.0461974143981934,2.8425352573394775,0.3234316408634186,2.820833921432495,0.2063155174255371,7.031886577606201,1.2531708478927612,3.8147568702697754,1.4812836647033691
UPMC_c004_v001_r001_reg048,4.089947700500488,0.4913906455039978,3.7169699668884277,0.8690719604492188,3.820690393447876,0.5100316405296326,4.0844807624816895,0.9710210561752319,4.1337361335754395,0.8994856476783752,3.410510301589966,1.0677026510238647,3.9900646209716797,0.5788833498954773,3.9296059608459473,1.0435775518417358,2.9897146224975586,0.5041574835777283,3.116291046142578,0.9349520206451416,4.890842914581299,0.8321745991706848,4.929044246673584,1.288971185684204,3.0440359115600586,0.7186278104782104,3.73630428314209,1.180059790611267,3.5154855251312256,0.5854482054710388,5.626865863800049,0.951983630657196,3.3316643238067627,0.83086758852005,4.04150915145874,0.867607593536377,6.926493167877197,0.49129390716552734,2.916606903076172,0.814590573310852,2.8121583461761475,0.30845722556114197,3.9764113426208496,1.0605556964874268,2.8373801708221436,0.6421571373939514,4.495497226715088,0.8261552453041077,2.856539726257324,0.3164810240268707,2.935115337371826,0.27241092920303345,4.100930690765381,1.5158393383026123,6.594470977783203,1.2134332656860352
UPMC_c004_v001_r001_reg049,4.6382341384887695,0.2892642915248871,4.927114963531494,0.4635498523712158,4.399707794189453,0.30615922808647156,4.415940761566162,0.7053216695785522,4.228789806365967,0.8873304724693298,3.7476751804351807,1.1925475597381592,3.8627448081970215,0.5576151609420776,4.128782272338867,0.8272993564605713,3.8798000812530518,0.4499656856060028,3.24415922164917,0.5737091302871704,5.290533065795898,0.5835593938827515,5.220911026000977,0.8811173439025879,4.116260051727295,0.5049098134040833,4.709221363067627,0.6038762927055359,4.450921058654785,0.4863855540752411,5.884823799133301,0.7224116921424866,4.736624717712402,0.4160383939743042,5.179936408996582,0.44862282276153564,7.007776737213135,0.5647170543670654,4.34124231338501,0.4485819935798645,3.148401975631714,0.2401144802570343,5.334684371948242,1.129247784614563,3.463454008102417,0.30935531854629517,4.99736213684082,0.5413880348205566,3.0581822395324707,0.20128566026687622,3.1694905757904053,0.23211520910263062,4.873941898345947,1.3880624771118164,7.028666019439697,1.0556303262710571
UPMC_c004_v001_r001_reg050,4.904202461242676,0.20390449464321136,5.1084418296813965,0.7399652004241943,4.853670120239258,0.21583373844623566,4.645535469055176,0.8911829590797424,4.743661403656006,0.9972755908966064,4.228880882263184,1.0516160726547241,4.943915367126465,0.8528239130973816,5.077121734619141,1.0711498260498047,4.425047874450684,0.38404691219329834,4.35621976852417,1.2101343870162964,5.9538187980651855,0.5812463760375977,6.311933517456055,1.0391432046890259,4.286040782928467,1.3991552591323853,5.47688102722168,0.8436712622642517,4.011491775512695,0.45648905634880066,5.696085453033447,0.5622038245201111,4.910833358764648,0.30840685963630676,5.872292995452881,1.0416327714920044,7.411933422088623,0.4492206275463104,4.480016231536865,0.41571882367134094,3.5005550384521484,0.5070603489875793,4.983120918273926,0.8103823065757751,3.319622278213501,0.6509276032447815,5.67841911315918,1.0724459886550903,3.1423816680908203,0.3103494942188263,3.2866694927215576,0.2790418863296509,5.697512149810791,1.3388372659683228,6.280090808868408,1.5448533296585083
UPMC_c004_v001_r001_reg051,4.388184547424316,0.19062964618206024,5.4371466636657715,0.6406617760658264,4.369757652282715,0.22519558668136597,5.141420364379883,1.0157541036605835,4.943138122558594,1.2103772163391113,4.438819885253906,1.1036566495895386,4.110022068023682,0.5024599432945251,3.993638753890991,0.790905237197876,4.131738185882568,0.2495383769273758,3.8517441749572754,1.3379452228546143,4.683590888977051,0.6915430426597595,5.888254642486572,1.1035833358764648,3.327052354812622,0.7822301387786865,5.26719856262207,0.5990857481956482,4.172171115875244,0.5676539540290833,6.375880718231201,0.7291208505630493,4.786404132843018,0.30564260482788086,5.289355278015137,1.1598310470581055,5.508880138397217,0.4564569592475891,4.454955577850342,0.3673606812953949,3.21894907951355,0.5465118288993835,5.51205587387085,0.8802542686462402,2.758225917816162,0.7541491985321045,4.8672003746032715,0.7877942323684692,2.972410202026367,0.2759322226047516,3.2431600093841553,0.2634936273097992,5.984550952911377,1.3353883028030396,6.8043622970581055,1.34617018699646
UPMC_c004_v001_r001_reg052,4.08348274230957,0.36486735939979553,3.9383490085601807,0.5845263600349426,4.072669982910156,0.329286128282547,3.9879608154296875,0.5918010473251343,4.190224647521973,0.683195948600769,4.962080955505371,0.7825760245323181,5.020103454589844,0.6473038792610168,4.289084434509277,0.6493980884552002,3.617685079574585,0.38368725776672363,2.9817006587982178,0.5971029996871948,4.369788646697998,0.5417771935462952,4.924887657165527,0.6334553360939026,2.7170913219451904,0.7117226123809814,3.799856662750244,0.6712889671325684,3.3330576419830322,0.5084167718887329,5.493480682373047,0.575415313243866,3.290102005004883,0.5191739797592163,4.107089996337891,0.536020040512085,6.73228645324707,0.5215836763381958,3.5721864700317383,0.6599633693695068,2.9375486373901367,0.18980176746845245,3.4898569583892822,0.6703567504882812,2.206874132156372,0.42739880084991455,5.536121845245361,1.5309007167816162,2.8490190505981445,0.17190691828727722,2.9658150672912598,0.18949006497859955,6.721921443939209,0.8916670083999634,6.710144996643066,0.8949140906333923
UPMC_c004_v001_r001_reg056,4.743662357330322,0.2636103332042694,4.9466681480407715,0.5508756041526794,4.489250183105469,0.34614863991737366,4.120065689086914,0.9269362688064575,3.8947644233703613,0.4011705219745636,4.196600437164307,1.1084777116775513,4.164478302001953,0.6341062784194946,4.130082607269287,1.0575053691864014,3.9666800498962402,0.2907225787639618,4.906026840209961,1.0478626489639282,4.986961364746094,0.8830536603927612,5.967735767364502,1.0988489389419556,4.298447608947754,0.7028247714042664,5.208113193511963,0.878646731376648,4.731039047241211,0.4765545129776001,5.069799423217773,0.6597022414207458,4.737152576446533,0.42099398374557495,5.471554756164551,1.0374057292938232,6.327967643737793,0.42448291182518005,4.7314324378967285,0.443186491727829,3.2287356853485107,0.43453532457351685,5.042320728302002,0.825403094291687,3.3321874141693115,0.42770981788635254,5.633942604064941,0.933368980884552,3.192453622817993,0.32793253660202026,3.2389397621154785,0.3049677014350891,5.479391098022461,1.3835233449935913,5.674200534820557,1.6084004640579224
UPMC_c004_v001_r001_reg057,5.095157146453857,0.2781296670436859,5.470179080963135,0.4666738212108612,4.939205169677734,0.23681378364562988,4.542953968048096,0.8361775279045105,4.962748050689697,1.2466092109680176,4.205526351928711,1.023012399673462,5.295883655548096,1.1675328016281128,4.484487056732178,0.8941975831985474,4.582729816436768,0.26492756605148315,5.44312858581543,1.2532000541687012,5.597936153411865,0.9169356226921082,7.047113418579102,1.0477097034454346,4.886101722717285,1.0740867853164673,6.337801933288574,0.9813628196716309,5.1324238777160645,0.24935726821422577,6.110261917114258,0.638875424861908,5.064420700073242,0.2375839799642563,6.674238681793213,1.2402044534683228,6.700397491455078,0.599726676940918,5.039455413818359,0.3435328006744385,3.581082582473755,0.5917231440544128,5.715423107147217,0.8638245463371277,3.5905706882476807,0.555583655834198,5.497439861297607,0.6434048414230347,3.1515824794769287,0.3303493559360504,3.3882131576538086,0.2190922647714615,5.432619571685791,1.147132158279419,6.312905311584473,1.2673821449279785
UPMC_c004_v001_r001_reg058,4.7711663246154785,0.2514446973800659,5.1754937171936035,0.7583388686180115,4.643106937408447,0.36855342984199524,4.848191261291504,0.9107771515846252,4.898889064788818,1.4961357116699219,4.551305294036865,1.068131446838379,5.046574115753174,1.2115437984466553,4.363491058349609,0.9121776819229126,4.365255355834961,0.3334510624408722,5.097156524658203,1.2497843503952026,5.665511131286621,0.8199594616889954,7.08739709854126,0.8521808385848999,4.593868732452393,0.9192399978637695,6.366473197937012,0.8520547747612,4.755815505981445,0.19981257617473602,6.199043273925781,0.725742757320404,4.568527698516846,0.1905873566865921,6.520118236541748,1.3811010122299194,6.751525402069092,0.6547420024871826,4.739940166473389,0.26543259620666504,3.510286569595337,0.6169902682304382,5.919707298278809,0.8114933371543884,3.1719205379486084,0.9084390997886658,5.126073360443115,0.6365014910697937,3.3322880268096924,0.4326865077018738,3.403292417526245,0.20403015613555908,5.804950714111328,1.4205726385116577,6.215290069580078,1.0347421169281006
UPMC_c004_v001_r001_reg059,4.447833061218262,0.4692184031009674,3.84421706199646,0.958891749382019,4.37497091293335,0.605392575263977,4.537642478942871,0.9347034692764282,4.201573371887207,0.6221954822540283,4.930455207824707,1.0413309335708618,4.825397491455078,0.9413428902626038,3.897199869155884,0.7053447365760803,3.9548451900482178,0.6480587124824524,4.106518268585205,1.1531860828399658,5.202599048614502,0.8508433103561401,6.314632892608643,1.155190110206604,4.3498430252075195,0.8234389424324036,5.775402069091797,1.16936194896698,4.3287529945373535,0.6328780055046082,5.628279685974121,0.705949604511261,3.846040964126587,0.7553753852844238,4.938385009765625,1.141850471496582,7.350865364074707,0.2554781436920166,3.8156464099884033,0.887225866317749,3.745985746383667,0.9454150795936584,4.913440227508545,0.88552325963974,3.7208473682403564,0.6721099019050598,5.195984363555908,0.8985141515731812,3.557218313217163,0.7695683240890503,3.4676449298858643,0.7505459189414978,6.03223180770874,1.4484210014343262,5.4870381355285645,1.3443440198898315
UPMC_c004_v001_r001_reg060,3.811462163925171,0.7706515789031982,3.3739349842071533,1.315280556678772,3.3492469787597656,0.84227055311203,4.680642604827881,1.2139661312103271,3.720170021057129,0.85930335521698,3.169450283050537,0.468164324760437,3.929891586303711,0.5827456712722778,3.698610782623291,1.1709312200546265,3.386983633041382,0.8778038024902344,3.7353172302246094,0.7176051139831543,4.489894390106201,0.8543012738227844,4.732452392578125,1.5058982372283936,4.015746116638184,0.7636101841926575,4.21909761428833,1.2312383651733398,4.1568684577941895,0.7758191823959351,5.687539577484131,1.2766668796539307,3.5144848823547363,1.0052244663238525,3.699068546295166,1.2310272455215454,6.121586799621582,0.5141454935073853,3.7864227294921875,1.274725079536438,2.806865930557251,0.3539109230041504,4.20781135559082,1.2409600019454956,3.075620174407959,0.5217233300209045,4.782601356506348,0.7667361497879028,3.082855224609375,0.3257983922958374,3.062087297439575,0.2777736186981201,3.1078624725341797,0.8388462066650391,6.678053855895996,1.0438686609268188
UPMC_c004_v001_r001_reg061,4.672277927398682,0.37837210297584534,4.289654731750488,0.6195732951164246,4.4617414474487305,0.26857030391693115,4.113341808319092,0.8087615966796875,4.51584005355835,1.020888090133667,4.322081089019775,1.041871190071106,5.345272064208984,1.4528993368148804,4.12701416015625,0.7438909411430359,4.232889652252197,0.23990586400032043,5.1953043937683105,1.0059319734573364,5.5160112380981445,1.043074607849121,6.542900562286377,1.294175624847412,5.188677787780762,1.0581365823745728,5.873999118804932,1.131858468055725,4.468265533447266,0.33030223846435547,5.8394975662231445,0.7307501435279846,4.047469615936279,0.5109755396842957,5.594403266906738,1.158246397972107,7.14006233215332,0.5970472097396851,4.052742958068848,0.5284255743026733,3.220745086669922,0.4242590069770813,5.373045444488525,0.9075265526771545,3.913708448410034,0.35047829151153564,4.877163887023926,0.7218721508979797,3.3893024921417236,0.2885216772556305,3.3532557487487793,0.2630375623703003,5.437638282775879,1.2852486371994019,5.533587455749512,1.5088262557983398
UPMC_c004_v001_r001_reg062,4.728792667388916,0.4083922505378723,4.412008285522461,0.6821423768997192,4.573928356170654,0.39416852593421936,4.316333293914795,0.9721274375915527,4.13171911239624,1.0407649278640747,3.939592123031616,1.1481249332427979,4.295565605163574,0.8996655344963074,4.18440055847168,1.151868462562561,4.491316318511963,0.30821844935417175,4.680308818817139,1.025789499282837,5.2373948097229,0.8914318084716797,6.106320858001709,1.170035481452942,4.771211624145508,0.5635424852371216,5.759457111358643,0.9989302158355713,4.955583095550537,0.5936265587806702,5.826371669769287,0.9188530445098877,4.712310791015625,0.4638485610485077,5.2677321434021,1.1340835094451904,6.02993106842041,0.6040067672729492,4.367326736450195,0.5345876216888428,3.270108938217163,0.520857036113739,5.104639053344727,0.7400507926940918,3.966222047805786,0.31264424324035645,4.861511707305908,0.5397993922233582,3.2451956272125244,0.3676328957080841,3.341435432434082,0.41370582580566406,4.976257801055908,1.217143177986145,6.1409478187561035,1.393667221069336
UPMC_c004_v001_r001_reg063,4.652073383331299,0.2150273472070694,4.841140270233154,0.48978856205940247,4.625619411468506,0.2095329463481903,4.498142242431641,0.8987935781478882,4.289538383483887,0.7008070349693298,4.8838067054748535,0.8083887696266174,5.197080135345459,0.49029281735420227,4.5303874015808105,0.6324374675750732,4.294938087463379,0.1944316178560257,4.207883358001709,0.7726947665214539,5.443968772888184,0.546208381652832,5.684842586517334,1.1722619533538818,4.721816062927246,0.6263841986656189,5.357793807983398,0.8219874501228333,5.058375835418701,0.2310919314622879,5.310450553894043,0.46094363927841187,4.816393852233887,0.2428942173719406,5.264753818511963,0.803725004196167,7.355642795562744,0.4131529629230499,4.60846471786499,0.3254721760749817,3.3114547729492188,0.5416648983955383,4.7810282707214355,0.4668586850166321,3.7796449661254883,0.22945663332939148,5.929287433624268,1.1567683219909668,3.3309242725372314,0.2715950012207031,3.400892496109009,0.1797325760126114,6.399393081665039,0.9497023820877075,4.4008402824401855,1.600886583328247
UPMC_c005_v001_r001_reg002,3.716777801513672,0.26803308725357056,4.459603309631348,0.8258631229400635,3.317640542984009,0.29819419980049133,3.9632811546325684,0.6760508418083191,5.192320823669434,0.9027114510536194,4.910572528839111,0.5976243019104004,4.649406909942627,0.297026664018631,3.9088239669799805,0.4502454102039337,2.8429505825042725,0.1734822392463684,3.597383737564087,0.40125414729118347,4.329933166503906,0.3844982385635376,4.658570766448975,0.7647608518600464,3.712770700454712,0.5173541307449341,3.8281073570251465,0.9977487921714783,3.5135552883148193,0.46086910367012024,5.110558986663818,0.6439498066902161,2.783135175704956,0.6184397339820862,2.982733726501465,0.8063468337059021,6.896484851837158,0.30202779173851013,3.4330356121063232,0.43802595138549805,2.8662266731262207,0.2631310224533081,5.894509792327881,0.9122329950332642,3.1140899658203125,0.41918161511421204,5.176442623138428,1.263306736946106,3.196648359298706,0.18731732666492462,3.5549886226654053,0.20438146591186523,6.057474613189697,0.7520942091941833,6.499031066894531,0.6663428544998169
UPMC_c005_v001_r001_reg003,3.415353536605835,0.36512595415115356,3.804941177368164,1.3715208768844604,3.0867860317230225,0.35598623752593994,4.681772708892822,0.8562768697738647,4.950993061065674,0.9795090556144714,4.506433963775635,1.050278663635254,5.519535541534424,1.0447982549667358,4.202177047729492,0.8503398895263672,2.6410903930664062,0.2854229509830475,4.247771263122559,0.7814646363258362,4.86398983001709,0.7436028122901917,6.25101375579834,0.8758925199508667,4.9478068351745605,1.239567518234253,4.862270832061768,1.4221237897872925,3.0546586513519287,0.6719407439231873,5.477418422698975,0.6125702261924744,1.7504414319992065,0.8809779286384583,4.612491130828857,2.1530351638793945,6.851320266723633,0.4059584438800812,3.0375516414642334,0.7774277925491333,3.1454172134399414,0.5607845187187195,4.804357051849365,1.003975749015808,3.238370418548584,0.4137658476829529,3.883319616317749,1.0017023086547852,3.4991419315338135,0.4250466823577881,3.329885721206665,0.22571809589862823,4.6497297286987305,1.617926001548767,6.1449384689331055,1.081717610359192
UPMC_c005_v001_r001_reg004,3.332346200942993,0.36215367913246155,3.6532649993896484,0.8050191402435303,2.8616464138031006,0.36176684498786926,4.156801700592041,0.7292804718017578,4.603695869445801,0.6714890599250793,5.087935924530029,1.1331101655960083,5.024796009063721,0.5620455145835876,3.4996705055236816,0.4329598844051361,2.6633267402648926,0.2959650754928589,4.0229926109313965,0.7270731925964355,4.954350471496582,0.6995986700057983,5.707662582397461,0.8437982797622681,3.7502243518829346,0.6243837475776672,4.247486591339111,1.3685345649719238,2.960005044937134,0.801973819732666,4.976256847381592,0.608271062374115,1.4939093589782715,0.6632477641105652,3.8977925777435303,2.105396032333374,6.9154462814331055,0.34852829575538635,3.0941898822784424,0.5844641327857971,4.079892158508301,0.8012729287147522,5.4161906242370605,0.8410229086875916,3.23587703704834,0.40638571977615356,4.663233280181885,1.1408233642578125,3.252155303955078,0.36406221985816956,3.448387384414673,0.3296622931957245,5.4239583015441895,1.5608556270599365,5.965399742126465,0.8609863519668579
UPMC_c005_v001_r001_reg005,3.6822097301483154,0.353824645280838,4.809454917907715,1.163548469543457,3.443307399749756,0.3959047496318817,4.875738143920898,0.7483742237091064,4.722784042358398,0.37560564279556274,3.7014122009277344,0.2589210867881775,6.6425042152404785,1.1978172063827515,4.227344036102295,0.8144289255142212,2.791969060897827,0.3080328404903412,4.73784065246582,1.0205917358398438,5.9308013916015625,0.8521953821182251,6.996840953826904,0.6557909250259399,6.445709228515625,0.9343264698982239,5.256744861602783,1.4003889560699463,3.1858673095703125,0.4348700940608978,5.439533710479736,0.5289250612258911,2.471580743789673,0.6306554079055786,4.5710530281066895,1.628791332244873,7.201488494873047,0.287061870098114,3.232235908508301,0.5665062665939331,3.2226436138153076,0.49226194620132446,5.938133239746094,1.074538230895996,3.527190685272217,0.5536404252052307,4.6739397048950195,1.2409545183181763,3.7629148960113525,0.5222905874252319,3.4724743366241455,0.2239326387643814,2.8235597610473633,0.43908414244651794,6.522703170776367,0.6038145422935486
UPMC_c005_v001_r001_reg006,3.4691319465637207,0.5537760257720947,4.291036128997803,0.6242196559906006,3.286834955215454,0.6808382272720337,3.969088315963745,0.7523365020751953,4.861782550811768,0.9150125980377197,4.830313205718994,1.491343379020691,4.812620162963867,0.8692546486854553,3.992861032485962,0.7743468284606934,2.824418783187866,0.4326709806919098,3.6471073627471924,0.8306462168693542,4.601343154907227,0.789673388004303,4.977519512176514,1.1811213493347168,4.305216312408447,1.0628670454025269,4.418694972991943,1.1431598663330078,3.94340443611145,0.6965171098709106,4.847025394439697,0.6839258074760437,2.7944178581237793,0.7895985245704651,4.110592842102051,1.5412529706954956,6.772198677062988,0.37652066349983215,3.611689567565918,0.5386784672737122,3.1851887702941895,0.8090559244155884,4.061481952667236,1.064868688583374,3.0808265209198,0.48251354694366455,4.102568626403809,1.0239027738571167,3.4020848274230957,0.6433008909225464,3.451939344406128,0.6290118098258972,4.933447360992432,1.7585636377334595,5.345309734344482,1.610335111618042
UPMC_c005_v001_r001_reg007,3.835101366043091,0.5300909876823425,4.228519916534424,0.6811376810073853,3.3120994567871094,0.41789817810058594,4.567068099975586,0.6021839380264282,4.865874290466309,0.4564473330974579,3.5260043144226074,0.31256625056266785,6.672487735748291,1.1207928657531738,4.439223289489746,0.8789176940917969,2.7601044178009033,0.32688143849372864,5.022037982940674,1.0463486909866333,5.856511116027832,0.9533210396766663,6.72084903717041,1.0873926877975464,6.118170261383057,1.1040040254592896,5.469218730926514,1.438991904258728,3.6962733268737793,0.4958648085594177,5.590773105621338,0.6166495680809021,2.7573091983795166,0.605305016040802,5.337299823760986,1.737403154373169,7.345232963562012,0.3960111141204834,2.953226327896118,0.5893917679786682,3.167994499206543,0.5633349418640137,5.047030925750732,1.175511121749878,3.146822452545166,0.4603770673274994,3.680145502090454,0.6520237922668457,3.490372657775879,0.4235574007034302,3.4647910594940186,0.2605988085269928,2.7857728004455566,0.3540128171443939,7.2430338859558105,0.56584233045578
UPMC_c005_v001_r001_reg008,3.212270975112915,0.5730867981910706,3.160128355026245,1.0556029081344604,2.7492146492004395,0.6088029742240906,4.184814929962158,1.1074479818344116,4.49869441986084,0.8825207352638245,4.073919296264648,1.7357712984085083,4.370101451873779,0.7446039319038391,3.808181047439575,1.1418910026550293,2.6811320781707764,0.43578389286994934,3.2908496856689453,0.8292658925056458,4.292059421539307,0.8462197780609131,4.251529216766357,1.5493282079696655,3.5964608192443848,0.9792476892471313,3.440173387527466,1.3072909116744995,3.277937889099121,0.9869115352630615,4.977398872375488,0.8135324716567993,1.7225544452667236,0.8758427500724792,2.5993335247039795,1.6171640157699585,6.773622512817383,0.537746787071228,3.167658805847168,0.8951111435890198,2.757014036178589,0.3811076879501343,3.4843218326568604,1.1282457113265991,2.865506172180176,0.4337279796600342,3.005467414855957,1.5035275220870972,2.931408643722534,0.25258538126945496,3.1089329719543457,0.25253695249557495,4.249173164367676,1.971045970916748,5.937573432922363,1.8732186555862427
UPMC_c005_v001_r001_reg009,3.736356496810913,0.4296325445175171,3.770218849182129,0.615318238735199,3.2377469539642334,0.44066667556762695,4.2173075675964355,1.0256083011627197,5.0595502853393555,0.9764471054077148,5.2198920249938965,1.5374726057052612,4.86390495300293,0.8560371398925781,4.007211208343506,0.7442573308944702,2.807065010070801,0.22536402940750122,3.310636043548584,0.7200528383255005,4.338655948638916,0.577467143535614,4.585778713226318,1.2071889638900757,3.7676641941070557,0.9070484042167664,4.075268745422363,1.1015383005142212,3.115633249282837,0.4210467040538788,4.600027084350586,0.634901225566864,2.3634157180786133,0.5029523968696594,3.9122366905212402,1.2243722677230835,6.8423895835876465,0.3791937232017517,3.4737157821655273,0.5078017711639404,2.8091681003570557,0.3866335153579712,4.143452167510986,0.9565645456314087,3.025331497192383,0.40605688095092773,4.773296356201172,1.3633923530578613,2.9959256649017334,0.1979915350675583,3.081496477127075,0.2051938772201538,5.730782508850098,1.8201879262924194,5.100890159606934,1.8857781887054443
UPMC_c005_v001_r001_reg010,3.5443601608276367,0.2962932884693146,3.7336156368255615,0.417390912771225,3.208927631378174,0.25862810015678406,3.604733467102051,0.7049306631088257,4.449451446533203,0.3547390103340149,5.086978435516357,1.2980045080184937,4.857242107391357,0.5788633227348328,3.836203098297119,0.6252428889274597,2.835054636001587,0.17991036176681519,3.2553093433380127,0.7202864289283752,4.564533710479736,0.5219945311546326,4.197621822357178,1.1852688789367676,3.6608569622039795,0.6483727097511292,3.758415460586548,0.9001945853233337,3.301482677459717,0.322910338640213,4.825509071350098,0.6478915214538574,2.529670476913452,0.3107350766658783,3.91098690032959,1.1126840114593506,6.588573455810547,0.39323922991752625,3.477144956588745,0.2916508615016937,2.7368433475494385,0.31459635496139526,3.4921391010284424,1.00510835647583,2.9879226684570312,0.3615339696407318,4.269217491149902,1.2752050161361694,2.998641014099121,0.2123580276966095,3.0103158950805664,0.18932664394378662,5.836669445037842,1.5547208786010742,4.953103065490723,1.786948323249817
UPMC_c005_v001_r001_reg011,3.243952989578247,0.5113517642021179,4.1775593757629395,1.3050684928894043,2.9180948734283447,0.3782142698764801,4.022737979888916,0.9440487623214722,4.990851402282715,1.578574776649475,3.451770782470703,1.1118539571762085,4.414791107177734,0.9259658455848694,3.7062528133392334,1.0081590414047241,2.7778263092041016,0.22299396991729736,3.4718832969665527,0.9068054556846619,4.376631259918213,0.8390358090400696,4.756847381591797,1.564002513885498,3.187411308288574,1.0123376846313477,4.000000476837158,1.279491901397705,3.314458131790161,0.6289063692092896,5.018792152404785,0.8995729684829712,2.1622626781463623,0.5419769287109375,3.136500358581543,1.6352484226226807,6.510258197784424,0.4777335226535797,3.581643581390381,0.4263348877429962,2.881427764892578,0.6275991201400757,3.6608285903930664,1.080626130104065,2.676473617553711,0.44844838976860046,4.059426307678223,1.1835092306137085,2.9469213485717773,0.27224043011665344,3.0887484550476074,0.2544018030166626,3.7539050579071045,1.7487491369247437,6.756608486175537,1.0011104345321655
UPMC_c005_v001_r001_reg012,3.533024549484253,0.47092705965042114,3.9790427684783936,0.474196195602417,3.1019928455352783,0.40238115191459656,4.930510997772217,0.8774998188018799,5.95413064956665,1.3303475379943848,3.8520145416259766,1.3756186962127686,4.980799674987793,0.8146603107452393,4.1568121910095215,0.966602623462677,2.9193551540374756,0.24199260771274567,3.677828311920166,0.883355975151062,5.2747273445129395,0.9373287558555603,5.7120795249938965,1.069893717765808,3.07532000541687,0.9344466328620911,5.2793707847595215,1.2179089784622192,3.560840606689453,0.49472948908805847,5.577597618103027,0.6033635139465332,2.3991897106170654,0.5683810710906982,4.185093879699707,1.447758674621582,6.946566104888916,0.43138110637664795,3.629729986190796,0.501803994178772,3.1288113594055176,0.6288951635360718,5.020507335662842,1.279447078704834,2.6611082553863525,0.3702557682991028,3.757049322128296,0.9400402903556824,3.048358201980591,0.4017108976840973,3.2870376110076904,0.425080806016922,4.11273193359375,1.5991843938827515,6.645887851715088,0.9848363995552063
UPMC_c005_v001_r001_reg013,3.235060453414917,0.20063622295856476,3.9867005348205566,0.8496911525726318,3.150022268295288,0.2682478129863739,4.0666422843933105,0.8613285422325134,5.288100242614746,1.3177472352981567,4.28892183303833,1.2483127117156982,4.370901107788086,0.4809624254703522,3.7869808673858643,0.740474283695221,2.7524125576019287,0.17743732035160065,3.3397841453552246,0.783258855342865,4.58355188369751,0.7322068214416504,4.572082042694092,1.279386281967163,2.8585970401763916,0.7991089224815369,3.9779586791992188,1.004878044128418,3.095644950866699,0.2934572100639343,4.780686378479004,0.47878551483154297,2.1019809246063232,0.3750632405281067,3.807551383972168,1.5783354043960571,6.44838285446167,0.37302565574645996,3.4746851921081543,0.33064529299736023,2.865434408187866,0.5017023682594299,3.498103380203247,0.9180597066879272,2.641648054122925,0.3399617373943329,4.141532897949219,1.33954656124115,2.813492774963379,0.1968543827533722,2.9350218772888184,0.1858747899532318,5.3020124435424805,1.8926411867141724,5.0530595779418945,1.8349791765213013
UPMC_c005_v001_r001_reg014,3.158616781234741,0.2645029127597809,4.328052520751953,1.0210790634155273,2.937265634536743,0.30426719784736633,4.331797122955322,0.8710448145866394,5.6099395751953125,1.2162055969238281,4.942159652709961,1.1443346738815308,3.9012351036071777,0.4485250413417816,3.3373188972473145,0.5859215259552002,2.7375311851501465,0.17290523648262024,3.0402207374572754,0.482422411441803,3.684340715408325,0.5654503107070923,4.153417110443115,0.9445991516113281,3.2964227199554443,0.3817577064037323,3.584137201309204,0.749503493309021,3.3471953868865967,0.3864816427230835,5.491031169891357,0.7181970477104187,2.1183979511260986,0.4931660592556,2.8322620391845703,1.153989315032959,5.555446147918701,0.40045350790023804,3.4369606971740723,0.37241992354393005,2.7418859004974365,0.337372362613678,4.134820461273193,1.1957261562347412,2.8336100578308105,0.24706204235553741,3.266718864440918,0.6691303253173828,2.889387845993042,0.1928054839372635,2.9513401985168457,0.19619886577129364,6.128322124481201,1.2003782987594604,5.059365749359131,2.222621440887451
UPMC_c005_v001_r001_reg015,3.02787446975708,0.2921930253505707,3.326570510864258,0.6153166890144348,3.0344655513763428,0.3656490445137024,3.9265248775482178,0.6050187945365906,4.310220718383789,0.7683258056640625,5.18457555770874,0.8147560954093933,4.428556442260742,0.7187542915344238,3.770373821258545,0.49643173813819885,2.663839340209961,0.22134797275066376,2.857113838195801,0.22174067795276642,3.859078884124756,0.3516843616962433,3.976302146911621,0.6921074390411377,3.0498437881469727,0.3345274329185486,2.89813232421875,0.5648519396781921,3.3461132049560547,0.36716458201408386,4.574998378753662,0.5394086241722107,2.159611225128174,0.49978014826774597,2.8609488010406494,0.5748112797737122,6.027436256408691,0.5043419599533081,3.4295380115509033,0.40970519185066223,2.649043083190918,0.18138188123703003,3.0409533977508545,0.6592276692390442,2.805422306060791,0.16686977446079254,4.39640474319458,1.531505823135376,2.8969738483428955,0.13852107524871826,2.9117724895477295,0.15330220758914948,6.408120632171631,1.103257179260254,6.6464738845825195,0.8185852766036987
UPMC_c005_v001_r001_reg016,3.1501898765563965,0.4530434310436249,3.5033934116363525,0.8561704754829407,2.948190450668335,0.3596297800540924,3.9259064197540283,0.7682957053184509,5.302884578704834,1.4701507091522217,3.662435531616211,1.0993720293045044,4.311935901641846,0.717702329158783,3.7884151935577393,1.1211847066879272,2.6574602127075195,0.2536965310573578,3.052403450012207,0.5046810507774353,3.947662830352783,0.7177833318710327,3.871312141418457,1.1014939546585083,3.090667247772217,0.6694624423980713,3.032339572906494,0.9894639849662781,3.31211519241333,0.6241962909698486,4.666659832000732,0.8724648952484131,1.9225506782531738,0.7088472247123718,2.8019063472747803,1.3233991861343384,6.395965576171875,0.5055135488510132,3.1517868041992188,0.5667653679847717,2.7438950538635254,0.3199027478694916,3.3439011573791504,0.8720541596412659,2.83516001701355,0.22478733956813812,3.500305652618408,0.9216840863227844,2.9699041843414307,0.23835770785808563,3.0006604194641113,0.24408286809921265,4.560553073883057,1.9775794744491577,5.5789008140563965,2.195064067840576
UPMC_c005_v001_r001_reg017,2.491828680038452,0.37067052721977234,3.4317097663879395,0.6174147725105286,2.1977672576904297,0.4508071839809418,3.4774889945983887,0.659673273563385,5.215196132659912,1.449653148651123,3.686269760131836,0.9797738194465637,4.0407609939575195,0.6582544445991516,3.8263227939605713,1.0943732261657715,1.9294183254241943,0.4929156005382538,2.839264392852783,0.36192572116851807,3.6206016540527344,0.6382853388786316,3.033024311065674,0.9513536095619202,2.940488576889038,0.4456782341003418,2.9500482082366943,0.7922537922859192,2.927426815032959,0.5157898664474487,4.075504779815674,0.8612626791000366,1.9372000694274902,0.5588018894195557,2.943498134613037,0.9869058728218079,6.06480073928833,0.5494219064712524,3.131747245788574,0.49015212059020996,2.622992515563965,0.22536660730838776,2.7232625484466553,0.6857123374938965,2.514263391494751,0.21612252295017242,3.5596559047698975,0.883705198764801,2.8475229740142822,0.16349048912525177,2.8098371028900146,0.1934960037469864,4.49236536026001,2.0103092193603516,4.936932563781738,2.233027935028076
UPMC_c005_v001_r001_reg018,3.083232879638672,0.35816365480422974,2.9846010208129883,0.7507663369178772,2.926219940185547,0.3061843812465668,4.24623441696167,1.0175224542617798,5.7786407470703125,1.706689476966858,4.37412691116333,1.3173998594284058,4.28404426574707,0.8115761876106262,3.6827392578125,0.6815325617790222,2.489255666732788,0.24336649477481842,3.6438465118408203,0.8283854126930237,4.420315742492676,1.0214694738388062,4.683365821838379,1.4742544889450073,2.9945974349975586,0.5796898603439331,3.7180912494659424,1.6615557670593262,2.631585121154785,0.5821991562843323,4.683442115783691,0.9187389016151428,1.621331810951233,0.6500863432884216,3.0310940742492676,1.4016979932785034,6.230755805969238,0.6147116422653198,3.0038373470306396,0.6247410774230957,2.722580671310425,0.25778353214263916,3.3047096729278564,0.9309021234512329,2.859793186187744,0.26247596740722656,3.504206895828247,0.9129285216331482,2.97757887840271,0.2574273943901062,2.8798422813415527,0.20354700088500977,5.514756679534912,2.1319353580474854,5.4788665771484375,1.8815616369247437
UPMC_c005_v001_r001_reg019,3.4643874168395996,0.43041449785232544,4.691869258880615,1.5402419567108154,3.3147590160369873,0.4402773082256317,4.358883857727051,0.7767566442489624,6.444222450256348,1.386349081993103,5.028359889984131,1.4953176975250244,5.473184108734131,0.9773955345153809,4.485833644866943,0.8784961104393005,2.8011789321899414,0.27774906158447266,3.4184815883636475,0.5120509266853333,4.603803634643555,0.6519837379455566,5.365438461303711,1.1682496070861816,4.292108535766602,1.2288235425949097,3.954618215560913,1.1323800086975098,3.158061981201172,0.7287923693656921,5.5771002769470215,0.5890101194381714,1.9465837478637695,0.7344631552696228,3.2557685375213623,1.2284812927246094,6.767759323120117,0.48846563696861267,3.2827157974243164,0.5163820385932922,2.9982476234436035,0.3629264235496521,3.713930130004883,1.087378978729248,3.0213263034820557,0.32124510407447815,3.7845959663391113,1.0017682313919067,3.154221296310425,0.2750900983810425,3.14096736907959,0.239360511302948,5.4313507080078125,2.149749994277954,5.1370849609375,1.8533473014831543
UPMC_c005_v001_r001_reg020,3.185345411300659,0.36349642276763916,4.371886730194092,1.5198073387145996,3.187588930130005,0.391952246427536,4.644952774047852,0.9663487672805786,5.443932056427002,1.6017935276031494,4.7778143882751465,1.2522047758102417,4.390069484710693,0.7658785581588745,3.5466079711914062,0.5676618814468384,2.7057945728302,0.24574092030525208,3.008437156677246,0.4980693459510803,4.1435546875,0.6774853467941284,4.500855922698975,1.0976142883300781,2.765336751937866,0.5651589632034302,3.750994920730591,0.999247133731842,3.3138656616210938,0.4798658788204193,5.166580677032471,0.8660287261009216,2.0121021270751953,0.5811851620674133,2.574648857116699,1.0470796823501587,6.276524543762207,0.43097570538520813,3.392401933670044,0.5115368366241455,2.7646775245666504,0.3659096360206604,3.540001153945923,0.938487708568573,2.8412892818450928,0.31705623865127563,3.2083041667938232,1.0565637350082397,2.920536994934082,0.2883431017398834,3.0348198413848877,0.2916589081287384,5.515530109405518,1.646543264389038,4.915472984313965,1.88533353805542
UPMC_c005_v001_r001_reg021,3.5111382007598877,0.27548494935035706,3.794936180114746,0.5990554094314575,3.56494140625,0.3746659755706787,3.685497283935547,0.9044654965400696,4.421637535095215,0.26822102069854736,4.895608425140381,1.2142024040222168,4.21441650390625,0.40399736166000366,3.77970552444458,0.7635413408279419,2.7587532997131348,0.1553461104631424,3.3427317142486572,0.632635235786438,4.235157489776611,0.6300373673439026,4.362272262573242,1.1574307680130005,3.3307292461395264,0.5940335988998413,3.881957530975342,0.9740015268325806,3.5534985065460205,0.36692994832992554,4.41867208480835,0.6248084902763367,2.309175968170166,0.6012846827507019,3.7962865829467773,1.0576543807983398,6.4706010818481445,0.2991531491279602,3.468353271484375,0.48312824964523315,2.7770228385925293,0.3189540207386017,4.69273567199707,0.8285531997680664,2.9381275177001953,0.25741341710090637,4.2496657371521,1.0716845989227295,2.9110684394836426,0.23093947768211365,2.9844229221343994,0.17283174395561218,5.454820156097412,1.675203561782837,4.549341678619385,1.693144679069519
UPMC_c005_v001_r001_reg022,3.364535093307495,0.23222477734088898,3.815106153488159,0.45433861017227173,3.413984775543213,0.2909282445907593,3.769430160522461,0.6293720602989197,5.392520904541016,1.111902117729187,4.903726577758789,1.0187907218933105,4.686878681182861,0.6085691452026367,3.84945011138916,0.7840036153793335,2.8491106033325195,0.1612609326839447,3.2488343715667725,0.5412821173667908,4.474376678466797,0.48574790358543396,4.5646820068359375,1.0878996849060059,3.3908143043518066,0.861702024936676,3.7683558464050293,0.838563084602356,3.24117112159729,0.3071659207344055,4.672272205352783,0.39457863569259644,2.5565288066864014,0.3113458752632141,4.117353916168213,0.8699499368667603,6.612138748168945,0.32195430994033813,3.646028995513916,0.24646641314029694,2.763638496398926,0.29085785150527954,3.9939990043640137,0.8504626154899597,2.9102437496185303,0.2507123351097107,4.302323818206787,1.1114068031311035,2.913252592086792,0.17979733645915985,2.9562292098999023,0.1538577824831009,5.634474754333496,1.4233331680297852,4.368648529052734,1.5493658781051636
UPMC_c005_v001_r001_reg023,3.539398670196533,0.24664205312728882,4.471694469451904,0.9119507074356079,3.2273077964782715,0.29136598110198975,4.464643955230713,0.890548050403595,6.164736747741699,1.1762553453445435,4.625114917755127,1.4721457958221436,4.496322154998779,0.688468873500824,3.990779399871826,0.7840527296066284,2.933243751525879,0.18056805431842804,4.056913375854492,0.737525224685669,4.80831241607666,0.7292905449867249,5.629836559295654,1.0027470588684082,3.568966865539551,0.7902206182479858,5.343318939208984,0.9817209839820862,3.0862131118774414,0.3913270831108093,5.456601619720459,0.7697914242744446,2.4181864261627197,0.34390774369239807,5.110097885131836,1.6673256158828735,6.532853126525879,0.3583187758922577,3.677732229232788,0.3211713135242462,3.044415235519409,0.5620258450508118,5.613929271697998,0.9428267478942871,3.044647455215454,0.3001196086406708,3.675912857055664,0.6600104570388794,3.115300416946411,0.3066823184490204,3.0298707485198975,0.1992933601140976,4.697975158691406,1.8178263902664185,5.5587477684021,1.3975845575332642
UPMC_c005_v001_r001_reg024,2.7443485260009766,0.5948970317840576,3.14143967628479,1.2559523582458496,2.4939122200012207,0.4380342662334442,3.8860390186309814,0.8374279737472534,5.226759433746338,1.2805907726287842,3.3793249130249023,0.8686361908912659,4.488277435302734,0.9586531519889832,3.8370373249053955,1.0968081951141357,2.686885118484497,0.3607718348503113,3.455944061279297,0.9110064506530762,4.223566055297852,1.1040797233581543,3.9388139247894287,1.7180572748184204,3.0151984691619873,1.356637954711914,3.387930154800415,1.4882811307907104,2.8366668224334717,0.8914703726768494,4.565263271331787,0.817641019821167,1.246228814125061,0.7983354926109314,1.994665265083313,1.7797751426696777,6.907691955566406,0.4682352542877197,2.792090892791748,0.8157954216003418,2.8053910732269287,0.35454362630844116,3.2386488914489746,0.9436362981796265,2.7323410511016846,0.4439534544944763,3.201364278793335,0.6755592226982117,2.9584946632385254,0.2559835910797119,3.08809494972229,0.29042115807533264,3.3064451217651367,1.8232983350753784,5.144744396209717,1.4975721836090088
UPMC_c005_v001_r001_reg025,2.956202745437622,0.5353529453277588,3.103931427001953,1.0130343437194824,2.719937562942505,0.572001576423645,4.7150139808654785,1.0505726337432861,4.361731052398682,0.6930860877037048,2.7579166889190674,0.2701762020587921,4.088290214538574,0.48183581233024597,3.7509963512420654,1.234216570854187,2.5611560344696045,0.4548476040363312,3.060054063796997,0.6246496438980103,4.312067031860352,0.6647953391075134,4.088423728942871,1.3831114768981934,2.0884850025177,0.7001280784606934,2.9059789180755615,1.0166163444519043,3.024965763092041,0.6442779302597046,5.798415184020996,1.0306187868118286,1.432301640510559,0.7997645735740662,2.0245494842529297,1.1764647960662842,6.00584602355957,0.4288299083709717,3.0018510818481445,0.6757358312606812,2.642956256866455,0.2708607614040375,3.7006044387817383,1.399959683418274,2.529939651489258,0.31423258781433105,3.119072914123535,0.8463131785392761,2.7787039279937744,0.16533377766609192,2.9158332347869873,0.15887320041656494,2.0611541271209717,0.4520336985588074,6.83823823928833,0.8645598292350769
UPMC_c005_v001_r001_reg026,2.9953880310058594,0.6152588129043579,2.8047351837158203,1.006949782371521,2.766226291656494,0.46030157804489136,3.4350192546844482,0.6887578368186951,5.827569961547852,1.3677020072937012,3.137657642364502,0.6087591648101807,3.884131669998169,0.5987196564674377,3.3182225227355957,0.7042356729507446,2.76104736328125,0.36958053708076477,3.2414653301239014,0.4651454985141754,3.6945488452911377,0.5618644952774048,3.1881299018859863,1.0768423080444336,2.8627798557281494,1.042026400566101,2.9511771202087402,1.168127417564392,3.0439250469207764,0.9819431304931641,4.283636093139648,0.7967987656593323,1.4501572847366333,0.9600430130958557,1.7187913656234741,1.2732053995132446,6.608975410461426,0.5013648271560669,3.0507216453552246,0.8435043096542358,2.6909024715423584,0.23710572719573975,3.067941188812256,0.8822150826454163,2.9688074588775635,0.4231717586517334,3.3267977237701416,0.8068973422050476,2.917555093765259,0.2629316747188568,2.9989001750946045,0.23233626782894135,3.8671813011169434,1.6000720262527466,5.30195426940918,1.5153542757034302
UPMC_c005_v001_r001_reg027,3.428290605545044,0.2754068076610565,4.088805675506592,0.7211480140686035,3.4418516159057617,0.5047808289527893,4.282100677490234,1.0418623685836792,5.914602279663086,1.4009945392608643,3.8273398876190186,1.315819263458252,4.201948165893555,0.618894636631012,3.645984172821045,0.6592908501625061,2.747755289077759,0.16694404184818268,3.800079107284546,1.0506813526153564,4.759686470031738,0.9204923510551453,5.357123851776123,1.5383312702178955,3.0736382007598877,0.5135189294815063,5.07595157623291,1.4474714994430542,3.447870969772339,0.6339671015739441,5.862854480743408,0.742073118686676,2.101593494415283,0.44630035758018494,4.399068832397461,1.6714198589324951,6.158543109893799,0.43903684616088867,3.5114028453826904,0.3797686696052551,2.9440672397613525,0.63741135597229,4.36933708190918,1.3353527784347534,2.9470913410186768,0.2930449843406677,3.2513535022735596,1.0876086950302124,2.961406707763672,0.20750044286251068,2.973022222518921,0.18515585362911224,4.359665870666504,2.098804473876953,5.670876502990723,1.750816822052002
UPMC_c005_v001_r001_reg028,3.0683681964874268,0.6417592167854309,2.2631239891052246,0.9005389213562012,2.699134588241577,0.5998191833496094,3.8715012073516846,0.811858594417572,4.586350917816162,0.6396086812019348,3.6298515796661377,0.9038302302360535,4.622452735900879,0.8064685463905334,3.50592303276062,0.7176576256752014,2.5376129150390625,0.3555571138858795,3.7501838207244873,0.7187331914901733,4.438931941986084,1.0235592126846313,4.4258832931518555,1.5496015548706055,2.5002501010894775,1.1022930145263672,3.0239474773406982,1.523910403251648,2.551460027694702,0.7688648700714111,4.551436901092529,0.8167275786399841,1.0151294469833374,0.6112078428268433,2.151470899581909,1.5180027484893799,6.51864767074585,0.49540233612060547,2.8876538276672363,0.7195705771446228,2.727538585662842,0.3655392527580261,3.460043430328369,1.2272244691848755,2.6750147342681885,0.4065517783164978,3.506328582763672,0.9471907615661621,2.956033945083618,0.18211644887924194,2.9913108348846436,0.2706906795501709,4.725261688232422,2.010030508041382,5.014950752258301,2.1092851161956787
UPMC_c005_v001_r001_reg030,3.740630626678467,0.3869698643684387,3.775113105773926,1.0357069969177246,3.516913890838623,0.3563983142375946,4.40731143951416,0.674061119556427,4.639881134033203,0.39026206731796265,3.0827624797821045,0.5858091711997986,5.434230327606201,1.2685370445251465,4.18947172164917,0.9322758316993713,2.7301883697509766,0.22250014543533325,4.5943522453308105,1.1151316165924072,5.528715133666992,0.9893105626106262,6.413678169250488,1.049768090248108,4.8389739990234375,0.9942474365234375,4.903519630432129,1.3298182487487793,3.0177676677703857,0.492982417345047,5.090440273284912,0.5609241127967834,2.076151132583618,0.44181832671165466,4.735304355621338,1.7725266218185425,6.78773307800293,0.32836368680000305,3.2960808277130127,0.479304701089859,2.7937192916870117,0.3199707269668579,4.732870578765869,1.2767820358276367,3.0602686405181885,0.32139724493026733,3.6509242057800293,0.8053879737854004,3.1515676975250244,0.3150658905506134,2.9763805866241455,0.16071036458015442,2.651123523712158,0.9502013921737671,6.840056419372559,0.6811010241508484
UPMC_c005_v001_r001_reg031,2.9150609970092773,0.4443638026714325,2.95662260055542,0.6011665463447571,2.871818780899048,0.5045938491821289,4.2365851402282715,0.7692211866378784,4.541624069213867,0.5795153379440308,3.233644962310791,1.0389683246612549,5.926760673522949,1.375974178314209,3.857891798019409,0.8451765179634094,2.418593168258667,0.3137189447879791,3.796821117401123,0.8538420796394348,4.971404075622559,0.9626242518424988,5.725074291229248,1.2868329286575317,4.318597793579102,1.3417766094207764,4.71503210067749,1.3149244785308838,2.2598772048950195,0.7125255465507507,4.820785999298096,0.7227984070777893,1.5648356676101685,0.5061558485031128,3.122612953186035,1.7938454151153564,6.764795303344727,0.3177303373813629,3.1119349002838135,0.5396677851676941,2.7257978916168213,0.2602350115776062,4.381586074829102,1.1066068410873413,2.706275701522827,0.3324296474456787,2.9884347915649414,0.8036547303199768,2.967503070831299,0.2067742645740509,2.914252758026123,0.1643243432044983,2.521193742752075,1.775199055671692,6.5655670166015625,1.102340579032898
UPMC_c005_v001_r001_reg032,3.6969690322875977,0.37758517265319824,4.502364635467529,0.831764817237854,3.5392329692840576,0.3977110683917999,4.204437732696533,0.7554179430007935,6.211817741394043,1.3355799913406372,4.249369144439697,1.320574402809143,5.368896484375,1.2455202341079712,4.04309606552124,0.8103035092353821,2.891781806945801,0.19205346703529358,3.961362600326538,0.9568827152252197,4.835731029510498,0.8778136372566223,5.505640506744385,1.4387953281402588,4.281074523925781,1.339868426322937,5.0610785484313965,1.1992555856704712,3.147022247314453,0.45726534724235535,5.161398410797119,0.5968654155731201,2.583901882171631,0.42857569456100464,5.0725483894348145,1.363878607749939,6.709507465362549,0.34329941868782043,3.7264087200164795,0.2669607400894165,2.9606597423553467,0.4113503694534302,4.75227165222168,1.3918699026107788,3.0346057415008545,0.3762061297893524,3.7618415355682373,1.0931049585342407,3.013070821762085,0.3061002492904663,3.0105597972869873,0.22076769173145294,4.414175987243652,1.8911375999450684,5.497409343719482,1.5840226411819458
UPMC_c005_v001_r001_reg033,3.2543303966522217,0.2628628611564636,3.969576835632324,0.7731704711914062,3.0929577350616455,0.28202974796295166,3.88580322265625,0.772466778755188,4.321565628051758,0.4633699357509613,4.760127067565918,1.3299933671951294,4.158008098602295,0.46663975715637207,3.424039602279663,0.4702270030975342,2.8211348056793213,0.17786192893981934,3.132382869720459,0.7286167144775391,3.939319372177124,0.7065356969833374,4.269052028656006,1.0331790447235107,2.919328212738037,0.4355902075767517,3.999352216720581,0.8576451539993286,3.179826498031616,0.5886556506156921,4.492218017578125,0.6004643440246582,2.4101548194885254,0.3838958144187927,4.102279186248779,1.2977337837219238,6.26096773147583,0.4315212070941925,3.6589815616607666,0.3104930818080902,2.857454776763916,0.627781331539154,4.629835605621338,0.9627689123153687,2.875539541244507,0.3925218880176544,4.1430840492248535,1.3789321184158325,2.8216307163238525,0.23768827319145203,3.120967388153076,0.26225006580352783,5.518321514129639,1.7576674222946167,6.148135185241699,1.1720167398452759
UPMC_c005_v001_r001_reg035,3.2511136531829834,0.5299696922302246,2.54455304145813,0.9250953793525696,2.825289487838745,0.317073792219162,4.969798564910889,0.6878696084022522,5.107358455657959,0.7670499086380005,3.1548705101013184,0.34612807631492615,6.134958267211914,0.9461725950241089,4.294361114501953,0.8703832030296326,2.813566207885742,0.23794446885585785,4.506049633026123,0.870660126209259,5.8604631423950195,0.764440655708313,6.558924674987793,0.7835332155227661,3.931436777114868,1.311555027961731,6.320219993591309,1.0650759935379028,2.754397392272949,0.6265963912010193,5.6940813064575195,0.5395615696907043,1.6264324188232422,0.6170613765716553,6.150926113128662,1.6013211011886597,7.35031270980835,0.30693089962005615,2.8291397094726562,0.7413851022720337,3.2413220405578613,0.468911737203598,4.916450023651123,1.0120747089385986,2.6867289543151855,0.3740118145942688,3.0291967391967773,0.5973502993583679,3.09173583984375,0.31177017092704773,3.1401753425598145,0.16440078616142273,2.080416679382324,0.7568532824516296,6.6766886711120605,0.5932348370552063
UPMC_c005_v001_r001_reg036,3.3117904663085938,0.18970178067684174,4.252511024475098,0.7469692826271057,3.4207241535186768,0.32465770840644836,4.179182052612305,1.2455759048461914,4.3678789138793945,0.3685908615589142,2.9588565826416016,0.2838587164878845,4.07791805267334,0.3454419672489166,3.4322550296783447,0.5566654801368713,2.8698501586914062,0.14459241926670074,2.9481277465820312,0.49312373995780945,4.257299423217773,0.46586719155311584,4.227182388305664,1.139602780342102,3.239954710006714,0.3967367112636566,4.135021686553955,0.8620168566703796,2.8771979808807373,0.20389492809772491,4.709095478057861,0.49575263261795044,2.695888042449951,0.3024826645851135,3.965789318084717,0.6370405554771423,6.18752908706665,0.36492636799812317,3.7263553142547607,0.19865721464157104,2.6591317653656006,0.2875249683856964,3.7082056999206543,0.8166958689689636,2.7807748317718506,0.17378047108650208,4.8570709228515625,1.234822392463684,2.8692238330841064,0.17346909642219543,2.8044023513793945,0.18334519863128662,3.825533628463745,0.9583336710929871,4.368136882781982,1.4095714092254639
UPMC_c005_v001_r001_reg037,3.271836042404175,0.17157962918281555,3.718442678451538,0.3428434431552887,3.330605983734131,0.2968132793903351,3.560041666030884,0.39766132831573486,4.896113872528076,0.8495491743087769,5.148160934448242,1.0531985759735107,4.335308074951172,0.4320330023765564,3.8451876640319824,0.5077957510948181,2.849031925201416,0.14819423854351044,2.755263566970825,0.24604922533035278,4.166274070739746,0.38164129853248596,3.5479819774627686,0.5994617342948914,3.116133451461792,0.26392239332199097,3.3723487854003906,0.3172154128551483,3.2221462726593018,0.32208672165870667,4.809341907501221,0.5135897397994995,2.530280351638794,0.30180254578590393,3.748281240463257,0.62120121717453,6.2223029136657715,0.3791542947292328,3.669288158416748,0.2255818247795105,2.656951427459717,0.17741478979587555,3.3027052879333496,0.8314885497093201,2.7817769050598145,0.1794441193342209,4.406595706939697,1.3693065643310547,2.810640573501587,0.14371484518051147,2.7921688556671143,0.138809934258461,6.004508972167969,1.2821980714797974,3.98885440826416,1.679364562034607
UPMC_c005_v001_r001_reg038,3.3434557914733887,0.48495128750801086,3.6226305961608887,0.6338775753974915,3.2256922721862793,0.37266162037849426,4.623420238494873,1.1388179063796997,4.4637041091918945,0.7867472171783447,3.4499523639678955,1.1119214296340942,4.347795486450195,1.1676721572875977,3.5929160118103027,0.8915709257125854,2.762235164642334,0.2102413922548294,3.000204563140869,0.6687360405921936,4.254399299621582,0.7822132110595703,4.480007171630859,1.3093771934509277,2.6366190910339355,0.5107989311218262,3.7236640453338623,1.0350639820098877,3.446197032928467,0.6631659865379333,4.997828483581543,0.9679983854293823,2.2686076164245605,0.5186914205551147,2.9347164630889893,1.2761996984481812,6.083271026611328,0.388179749250412,3.582369565963745,0.4827723801136017,2.705653190612793,0.3958173394203186,4.108640670776367,1.279868245124817,2.66841983795166,0.2903486490249634,3.3363027572631836,1.106282114982605,2.795527935028076,0.24468359351158142,2.9165406227111816,0.21550920605659485,3.809915542602539,2.184570789337158,6.567959785461426,1.1695823669433594
UPMC_c005_v001_r001_reg041,3.3439865112304688,0.16974346339702606,3.6478376388549805,0.5116912126541138,3.364562511444092,0.2332078367471695,3.21262264251709,0.3271428942680359,4.792642116546631,0.7696758508682251,4.500436782836914,0.5726528763771057,3.939913749694824,0.29878905415534973,3.4556384086608887,0.3187505006790161,2.9070229530334473,0.13487042486667633,2.8439085483551025,0.22800815105438232,3.9040966033935547,0.364653080701828,3.5881519317626953,0.6680980324745178,3.0573537349700928,0.3134528696537018,3.2134201526641846,0.5790993571281433,3.139389753341675,0.2709823548793793,3.9360029697418213,0.36204177141189575,2.4864296913146973,0.45744386315345764,3.371936559677124,0.4001542031764984,6.354248046875,0.35820701718330383,3.499645948410034,0.38396644592285156,2.662200450897217,0.1342799961566925,3.423555850982666,0.6897146105766296,2.87105131149292,0.15422150492668152,4.970156192779541,0.9791301488876343,2.816526174545288,0.14972159266471863,2.76595139503479,0.13458998501300812,6.153064250946045,0.8608670234680176,3.317763566970825,1.017342448234558
UPMC_c005_v001_r001_reg042,3.8884546756744385,0.24815784394741058,4.31868839263916,0.664064347743988,3.75764536857605,0.3504694998264313,4.436363220214844,0.9823426008224487,4.736847877502441,0.3969862461090088,4.925456523895264,1.278060793876648,5.577884674072266,1.219175100326538,3.8377275466918945,0.4058196246623993,2.9325993061065674,0.15601736307144165,3.71182918548584,1.02828848361969,4.884739875793457,0.8138865828514099,5.703916072845459,1.2853976488113403,4.302299499511719,1.280576229095459,4.9094557762146,1.1244100332260132,3.2276806831359863,0.4875853657722473,5.391091823577881,0.50786954164505,2.2904751300811768,0.3559246361255646,5.0899176597595215,1.232103705406189,6.62294864654541,0.24383199214935303,3.7992711067199707,0.31298157572746277,2.960137128829956,0.4719906151294708,4.8919677734375,1.3869476318359375,3.009493112564087,0.31326544284820557,4.986640930175781,1.2954840660095215,2.8990211486816406,0.20502722263336182,2.9719386100769043,0.22540044784545898,5.6373395919799805,1.9612560272216797,5.4945759773254395,0.9918487668037415
UPMC_c005_v001_r001_reg043,3.5131778717041016,0.23924663662910461,4.055486679077148,0.39461153745651245,3.3920280933380127,0.2674568295478821,4.563549041748047,0.799748420715332,4.695038318634033,0.6558591723442078,4.563961029052734,1.241174578666687,4.580325126647949,0.676435649394989,3.7335195541381836,0.5548412799835205,2.9552805423736572,0.15264569222927094,3.1203079223632812,0.6568202376365662,4.3397746086120605,0.6606852412223816,4.743767738342285,1.0964210033416748,3.605504035949707,0.4989297688007355,4.06367826461792,0.9589112997055054,3.6733696460723877,0.3306407034397125,4.757058143615723,0.6707486510276794,2.770590305328369,0.3306036591529846,4.404300212860107,1.1055442094802856,5.981637954711914,0.47852858901023865,3.894000291824341,0.2741982638835907,2.9435842037200928,0.551575779914856,3.8528807163238525,1.0149019956588745,2.9763457775115967,0.2978503108024597,3.9868974685668945,0.8020011186599731,2.9248757362365723,0.21446040272712708,2.9600071907043457,0.1980387419462204,5.58180046081543,1.6890325546264648,5.170567512512207,1.711952805519104
UPMC_c005_v001_r001_reg044,3.4189810752868652,0.21580317616462708,4.039824485778809,0.39802587032318115,3.4007225036621094,0.2861874997615814,3.710967779159546,0.576921284198761,4.665704250335693,0.6421557664871216,4.760693073272705,1.4607828855514526,4.149584770202637,0.42399629950523376,3.961658477783203,0.6558462381362915,2.93900728225708,0.13377554714679718,2.921081781387329,0.4373912215232849,4.174096584320068,0.5046446323394775,3.904085874557495,0.9277163743972778,3.407684803009033,0.32503968477249146,3.561936616897583,0.5343336462974548,3.5457241535186768,0.3859141170978546,5.048792362213135,0.6681016683578491,2.672089099884033,0.3114359378814697,3.7369847297668457,0.7997544407844543,6.070056915283203,0.41036343574523926,3.9615700244903564,0.28829869627952576,2.758859872817993,0.2473493218421936,3.7227041721343994,1.0345717668533325,2.9387176036834717,0.215569406747818,4.214604377746582,1.1733999252319336,2.891439437866211,0.15338048338890076,2.907834053039551,0.1578650325536728,5.586854457855225,1.9626550674438477,4.9782185554504395,1.837817907333374
UPMC_c005_v001_r001_reg045,3.3481225967407227,0.2077464610338211,4.066243648529053,0.5379812121391296,3.5610599517822266,0.36442452669143677,3.5708861351013184,0.5334399938583374,4.913523197174072,1.0250575542449951,4.849399566650391,0.6947653889656067,4.3238420486450195,0.3381670415401459,3.849012613296509,0.32738378643989563,2.8058409690856934,0.15100108087062836,2.9820268154144287,0.4080311357975006,4.136275768280029,0.4729953408241272,3.913301467895508,0.765709400177002,3.6029508113861084,0.32306480407714844,3.7985622882843018,0.6714456081390381,3.1897265911102295,0.4483778774738312,4.161019802093506,0.3814436197280884,2.527146339416504,0.4254246950149536,3.8344435691833496,0.5495843291282654,6.675641059875488,0.3480547070503235,3.9618523120880127,0.2876517176628113,2.717836856842041,0.17642761766910553,3.5020527839660645,0.6470972299575806,3.0734364986419678,0.18570220470428467,5.120269775390625,1.0528444051742554,2.999335289001465,0.14621096849441528,2.869377613067627,0.13638898730278015,6.066494941711426,0.970975935459137,3.871917486190796,1.397961974143982
UPMC_c005_v001_r001_reg046,3.9305319786071777,0.4456908702850342,4.002647876739502,0.4426155686378479,3.3206112384796143,0.29902324080467224,4.6083149909973145,0.8114315271377563,4.777532577514648,0.2803713083267212,4.2168073654174805,0.8998855948448181,5.264713287353516,0.8880439400672913,4.062465667724609,0.5472915768623352,2.942605972290039,0.15443560481071472,4.393957138061523,0.8914092779159546,5.045225143432617,0.7797579169273376,5.946073532104492,1.023439884185791,4.923142433166504,0.9965863823890686,5.8354315757751465,1.1878894567489624,3.338430404663086,0.4292548894882202,6.161293029785156,0.5069278478622437,2.060926675796509,0.47706374526023865,5.94708251953125,1.5255990028381348,7.180917739868164,0.19746308028697968,3.5491750240325928,0.44441449642181396,3.9950923919677734,0.8101294040679932,4.692626476287842,1.1844631433486938,3.422102928161621,0.36975547671318054,5.306549072265625,1.3004804849624634,3.11968731880188,0.17979861795902252,3.1394760608673096,0.17250290513038635,4.417088508605957,1.8363724946975708,5.939573287963867,0.6686750054359436
UPMC_c005_v001_r001_reg047,3.4976463317871094,0.27867794036865234,4.549077987670898,0.8678289651870728,3.4249215126037598,0.30906710028648376,4.348381519317627,0.7089424729347229,4.715334415435791,0.8589679002761841,3.918436288833618,1.4401105642318726,4.209252834320068,0.550771951675415,3.7220170497894287,0.63792884349823,3.0102787017822266,0.17483122646808624,3.76751446723938,0.8129184246063232,4.569454193115234,0.7197809815406799,4.842888355255127,1.2906856536865234,4.125683307647705,0.27739354968070984,4.345804691314697,0.9360646605491638,3.8379530906677246,0.3242529034614563,5.775047779083252,1.153375267982483,2.8184053897857666,0.5201713442802429,4.614070415496826,1.5643230676651,6.075267791748047,0.4637998342514038,4.0885467529296875,0.31207379698753357,3.046379327774048,0.45802998542785645,5.0883893966674805,1.5292176008224487,3.3924829959869385,0.25789305567741394,3.903245687484741,0.6630944609642029,3.1444804668426514,0.23950491845607758,3.10062313079834,0.2245849370956421,4.290441036224365,1.8889946937561035,6.225128173828125,1.467076063156128
UPMC_c005_v001_r001_reg048,3.3826189041137695,0.27208366990089417,3.5182371139526367,0.4394383132457733,3.265826940536499,0.31310123205184937,3.7447357177734375,0.536571204662323,5.128279685974121,1.0295116901397705,4.472690105438232,1.174621820449829,4.017815113067627,0.4711070954799652,3.656787157058716,0.6200953125953674,2.9813668727874756,0.16806134581565857,3.25050687789917,0.373856782913208,4.131470203399658,0.5341234803199768,3.6759161949157715,0.7731910347938538,4.122354507446289,0.31692713499069214,3.4432387351989746,0.6237529516220093,3.9564716815948486,0.33128517866134644,5.094244956970215,0.7236242294311523,2.457090139389038,0.4692457914352417,3.066711902618408,0.8070705533027649,6.392813205718994,0.49573275446891785,3.846917152404785,0.37286096811294556,2.8801121711730957,0.17282207310199738,3.5351548194885254,0.9653493762016296,3.2807319164276123,0.20156347751617432,3.940361499786377,0.6388201713562012,3.092444658279419,0.16833490133285522,3.110145092010498,0.19601288437843323,5.364871978759766,1.406229853630066,4.9444708824157715,2.041813850402832
UPMC_c005_v001_r001_reg049,3.687838077545166,0.43940290808677673,4.160261631011963,0.6324495077133179,3.583218574523926,0.3778430223464966,4.4759321212768555,0.895815908908844,4.620700836181641,0.5322996973991394,3.037966012954712,0.2701425850391388,4.293425559997559,0.5976319313049316,4.995562553405762,1.447245478630066,3.022646427154541,0.19477929174900055,3.6498823165893555,0.7817702889442444,4.471635341644287,0.6945253014564514,5.235176086425781,1.1498899459838867,4.445387840270996,0.5315240621566772,4.166140556335449,1.0363465547561646,4.0441670417785645,0.31720831990242004,5.329945087432861,0.8071364164352417,2.8246028423309326,0.4033017158508301,4.525588035583496,1.5211107730865479,6.054342269897461,0.40587255358695984,3.8331799507141113,0.31673702597618103,3.0265204906463623,0.37618425488471985,4.859911918640137,1.455495834350586,3.1922290325164795,0.22834450006484985,3.808074474334717,0.3835626244544983,3.146289110183716,0.22489096224308014,3.161724805831909,0.20528797805309296,2.7159647941589355,0.3347551226615906,6.66658353805542,0.8437495827674866
UPMC_c005_v001_r001_reg050,4.147493839263916,0.2120109349489212,4.105454444885254,0.5234318971633911,4.227296829223633,0.4170682430267334,4.616313457489014,0.4789167046546936,4.9810967445373535,0.2585248351097107,3.406630754470825,0.14413148164749146,6.433446884155273,1.0873477458953857,4.212558269500732,0.6971800923347473,3.0737884044647217,0.15222106873989105,5.7977519035339355,0.6919720768928528,6.447348594665527,0.5650026202201843,7.408286094665527,0.3459681570529938,6.0479817390441895,0.5683435797691345,6.132239818572998,0.8415757417678833,4.018154144287109,0.20623424649238586,5.464885711669922,0.43425559997558594,2.541541576385498,0.3963426947593689,5.343618869781494,1.1513206958770752,6.855610370635986,0.2091822773218155,3.5714011192321777,0.3947807550430298,3.102560043334961,0.27222827076911926,5.80446720123291,0.8924368023872375,3.6563456058502197,0.33226847648620605,4.272974491119385,0.554162859916687,3.3649532794952393,0.23795923590660095,3.4180567264556885,0.15904244780540466,2.7077558040618896,0.16761180758476257,6.513543128967285,0.4039839804172516
UPMC_c005_v001_r001_reg051,3.823575258255005,0.2802303433418274,4.511703968048096,0.5089753270149231,3.7559444904327393,0.27466851472854614,4.029750823974609,0.6668796539306641,5.235306739807129,0.9008642435073853,3.8464648723602295,0.7091532349586487,4.602362632751465,0.4811646640300751,3.8942699432373047,0.738551676273346,2.9899747371673584,0.12973958253860474,3.0242760181427,0.3475779592990875,4.37084436416626,0.46222031116485596,4.590964317321777,0.9484488368034363,4.261141777038574,0.6777717471122742,3.8527474403381348,0.5623415112495422,4.184246063232422,0.2368491291999817,5.320614337921143,0.6620954275131226,3.067044496536255,0.34547409415245056,4.1465840339660645,0.6464222073554993,6.782235622406006,0.3334425687789917,3.8483104705810547,0.2354915738105774,2.924574851989746,0.17930831015110016,3.69231915473938,0.6074432134628296,3.0703203678131104,0.16675598919391632,5.143897533416748,1.2678848505020142,3.0720221996307373,0.16736866533756256,3.19233775138855,0.15065443515777588,5.039007663726807,1.5218924283981323,5.795363426208496,0.763556957244873
UPMC_c005_v001_r001_reg052,3.747856855392456,0.2263227105140686,4.194098949432373,0.5731124877929688,3.7599546909332275,0.34315943717956543,4.020810604095459,0.5673784613609314,5.636282444000244,1.2247785329818726,3.705456256866455,1.1296195983886719,5.7091450691223145,1.2377525568008423,3.6650447845458984,0.4647858142852783,3.0411224365234375,0.13033923506736755,4.85993766784668,1.1549749374389648,5.581733226776123,0.933849036693573,6.557374954223633,1.0637398958206177,4.988740921020508,1.0261248350143433,5.218094348907471,1.146565318107605,3.8138821125030518,0.19206459820270538,4.897141456604004,0.4673719108104706,2.1717259883880615,0.3696225881576538,4.94353723526001,1.3968286514282227,6.484770774841309,0.3249284029006958,3.6547904014587402,0.3284968137741089,2.9382388591766357,0.25888577103614807,5.205750942230225,0.9923728108406067,3.0828323364257812,0.255009263753891,3.7090437412261963,0.631366491317749,3.037602186203003,0.21099217236042023,3.102116346359253,0.12169746309518814,3.674900770187378,1.7210136651992798,5.980012893676758,1.1054397821426392
UPMC_c005_v001_r001_reg053,2.8800413608551025,0.2558717429637909,3.6304609775543213,0.37737810611724854,3.121962547302246,0.4721870720386505,4.114530086517334,0.6524423956871033,4.902101039886475,0.919999361038208,3.9152379035949707,1.0302385091781616,5.831687927246094,1.2990275621414185,3.9835922718048096,0.7370802164077759,2.3459694385528564,0.3231678903102875,4.190728187561035,1.0962557792663574,5.3077497482299805,1.0355042219161987,5.724066734313965,1.3314963579177856,5.120112419128418,1.23615300655365,4.578839302062988,1.1239680051803589,3.8214383125305176,0.24977324903011322,4.869048118591309,0.628577470779419,2.103588819503784,0.423628032207489,4.463315010070801,1.647249460220337,6.654576778411865,0.3876681327819824,3.4249372482299805,0.38548487424850464,2.9247677326202393,0.23143906891345978,4.36434268951416,1.1725741624832153,3.0478103160858154,0.32211360335350037,4.2554168701171875,0.818174421787262,3.119262933731079,0.21316462755203247,3.078159809112549,0.16108489036560059,4.114382743835449,2.113355875015259,5.49894380569458,1.4216547012329102
UPMC_c005_v001_r001_reg054,3.9082140922546387,0.22588340938091278,4.252866268157959,0.43077370524406433,3.770836353302002,0.37808874249458313,3.9903321266174316,0.6487351059913635,6.884856224060059,0.8810906410217285,4.430266857147217,1.196502685546875,5.865628719329834,1.0906106233596802,3.921752452850342,0.5190489292144775,2.993691921234131,0.12036252021789551,4.154572486877441,1.0808686017990112,5.024348735809326,1.0387508869171143,5.735476493835449,1.3190429210662842,4.787773609161377,0.9667133092880249,4.748627185821533,1.0064995288848877,3.787385940551758,0.23439250886440277,5.122349739074707,0.545668363571167,2.782113552093506,0.2988976240158081,5.365039825439453,1.0587389469146729,6.570007801055908,0.3574427366256714,3.8510940074920654,0.3023129999637604,3.132246732711792,0.4059123396873474,4.9567975997924805,1.4238557815551758,3.3165230751037598,0.33148741722106934,4.525916576385498,0.9896076321601868,3.1684069633483887,0.17842325568199158,3.1138756275177,0.15651153028011322,4.964066505432129,1.896071434020996,5.113030433654785,1.477341651916504
UPMC_c005_v001_r001_reg055,4.128378391265869,0.5345386266708374,3.8753252029418945,0.6190746426582336,3.2709946632385254,0.24380667507648468,3.5689640045166016,0.7473182082176208,4.6715569496154785,0.4551171362400055,4.89509916305542,0.7657288908958435,4.533041954040527,0.41010814905166626,3.896742105484009,0.5936653017997742,2.773374319076538,0.14881116151809692,3.2706289291381836,0.6684339046478271,4.297282695770264,0.6359323263168335,4.476369857788086,1.1431206464767456,3.4796838760375977,0.3347208797931671,3.6976330280303955,1.070158839225769,3.217346668243408,0.5113150477409363,4.320971488952637,0.563862144947052,2.275892734527588,0.7211557626724243,4.485946178436279,1.3378061056137085,6.519745349884033,0.23894016444683075,3.4058845043182373,0.5755079388618469,3.0061447620391846,0.40508848428726196,4.5855183601379395,1.2815048694610596,3.061729669570923,0.31513512134552,5.912714004516602,1.067162275314331,3.036630153656006,0.17859433591365814,3.002164363861084,0.13584019243717194,6.044668674468994,1.0954580307006836,4.950964450836182,1.357140064239502
UPMC_c005_v001_r001_reg056,3.4600460529327393,0.33031412959098816,3.538769245147705,0.8369709849357605,3.618201971054077,0.371659517288208,4.265763759613037,0.7865492701530457,4.960673809051514,0.47969290614128113,4.6294755935668945,1.340330958366394,5.599194526672363,1.463974952697754,3.8980658054351807,0.5302392840385437,2.9545183181762695,0.165158212184906,4.033674240112305,1.0991449356079102,4.813940048217773,0.9772677421569824,5.674756050109863,1.4007716178894043,4.266455173492432,1.0647485256195068,4.024879455566406,1.2798880338668823,2.6271309852600098,0.3789348602294922,5.170338153839111,0.6118316054344177,1.3932826519012451,0.4033513367176056,4.604306697845459,1.6975667476654053,6.483157634735107,0.44801199436187744,2.9464995861053467,0.5131570100784302,2.9762513637542725,0.38333773612976074,5.307801723480225,1.4147552251815796,3.1632533073425293,0.2530871629714966,4.514431953430176,1.6986045837402344,3.154425859451294,0.30593666434288025,3.0723721981048584,0.17004624009132385,5.057080268859863,1.9899038076400757,5.282393455505371,1.5754780769348145
UPMC_c005_v001_r001_reg057,3.4160444736480713,0.2362465262413025,3.6437692642211914,0.6864441633224487,3.4816436767578125,0.35414186120033264,3.905168294906616,0.9019431471824646,4.666613578796387,0.7770937085151672,5.171710014343262,1.2803473472595215,4.1467719078063965,0.5761834383010864,3.9508655071258545,0.5172569155693054,2.91037654876709,0.1220855861902237,3.235727548599243,0.5740536451339722,4.117514133453369,0.5958176255226135,4.20358419418335,1.1604777574539185,3.8357350826263428,0.4053504467010498,3.306093454360962,0.7723649144172668,3.0534682273864746,0.30098363757133484,4.661959171295166,0.6703420281410217,1.664625883102417,0.33502811193466187,3.826831817626953,1.1813225746154785,6.2288641929626465,0.3848426342010498,3.3064067363739014,0.3811838626861572,2.9096169471740723,0.3017366826534271,4.014790058135986,1.0499060153961182,3.1401760578155518,0.15690872073173523,4.576289176940918,1.3174573183059692,3.040388822555542,0.14018650352954865,2.9681248664855957,0.14196471869945526,5.898210525512695,1.652272343635559,4.417262554168701,1.6251845359802246
UPMC_c005_v001_r001_reg058,3.557974338531494,0.22633104026317596,3.7685129642486572,0.7675466537475586,3.566640853881836,0.3767504096031189,4.208089828491211,0.8900813460350037,4.863986968994141,0.9719449877738953,5.084211826324463,1.235108494758606,4.735246181488037,0.7833015322685242,4.1040940284729,0.8018069863319397,3.0752358436584473,0.1697174310684204,3.6773264408111572,0.6571890115737915,4.63459587097168,0.7702738642692566,5.141934394836426,1.0715980529785156,4.4610185623168945,0.456455260515213,4.181997299194336,1.116804599761963,3.045689105987549,0.5508781671524048,4.874469757080078,0.662817656993866,2.0984909534454346,0.3621596097946167,3.921855926513672,1.231545090675354,6.196344375610352,0.4308881163597107,3.4489805698394775,0.46406763792037964,2.939141035079956,0.35304442048072815,4.862308979034424,1.0117727518081665,3.603317975997925,0.3034322261810303,4.192901611328125,1.2267166376113892,3.2242860794067383,0.17262545228004456,3.051575183868408,0.14016923308372498,5.598498344421387,1.6741182804107666,5.649136543273926,1.2479661703109741
UPMC_c005_v001_r001_reg059,3.5310702323913574,0.2649037837982178,4.184727191925049,0.7709036469459534,3.3044981956481934,0.3042173683643341,4.2377214431762695,0.981260359287262,5.390985012054443,1.2936773300170898,4.335053443908691,1.1999717950820923,4.029963493347168,0.4572126269340515,3.856499671936035,0.8741141557693481,3.0339667797088623,0.13306136429309845,3.748032808303833,0.5630951523780823,4.112583160400391,0.5899434089660645,4.539907455444336,1.1399623155593872,3.9012773036956787,0.3955959975719452,3.7280783653259277,0.8679254055023193,2.950674533843994,0.49625709652900696,5.241058826446533,0.7030832767486572,1.9871482849121094,0.4091951251029968,4.905979633331299,1.7013001441955566,6.209153652191162,0.4933832287788391,3.4014360904693604,0.41187915205955505,2.9985899925231934,0.4183586537837982,4.274651527404785,1.1372710466384888,3.226595640182495,0.22099483013153076,4.474600791931152,0.9320387840270996,3.0596506595611572,0.15261946618556976,3.0146546363830566,0.1421041339635849,5.025278568267822,1.7891260385513306,5.245955467224121,1.5077379941940308
UPMC_c005_v001_r001_reg060,3.3602840900421143,0.34870076179504395,3.0955984592437744,0.5804005861282349,4.587208271026611,1.217013955116272,4.453995704650879,0.9339033961296082,5.087765693664551,0.9988679885864258,3.977226972579956,0.92645263671875,4.919547080993652,0.9968042373657227,3.587461233139038,0.4826483130455017,2.8713531494140625,0.15240390598773956,3.8065474033355713,0.5845041275024414,4.219820499420166,0.6845763921737671,5.161661624908447,1.160993218421936,3.9052977561950684,0.615123987197876,3.853444814682007,1.1347359418869019,3.134526252746582,0.7138370275497437,5.247105598449707,0.826784074306488,1.9088423252105713,0.49912920594215393,5.128200531005859,1.8569713830947876,6.035001277923584,0.393571674823761,3.125690221786499,0.5057012438774109,3.081075429916382,0.4033995270729065,5.204985618591309,0.9675124883651733,3.21242094039917,0.2311374694108963,3.7920806407928467,0.7965424060821533,3.091336727142334,0.20185887813568115,3.7182955741882324,0.6719610095024109,4.673527717590332,1.6977287530899048,5.471426010131836,1.3113517761230469
UPMC_c005_v001_r001_reg061,3.550109624862671,0.2884887754917145,3.9581966400146484,0.6881668567657471,3.393815755844116,0.32114097476005554,4.241844654083252,0.9369295239448547,4.475759029388428,0.3340458571910858,4.910130500793457,1.2185890674591064,4.118350982666016,0.35458722710609436,3.611680030822754,0.5136723518371582,2.8659050464630127,0.10610687732696533,3.332791566848755,0.3767600655555725,4.072458267211914,0.5405095219612122,4.064149379730225,0.8780084252357483,3.563570022583008,0.23943787813186646,3.1162099838256836,0.5445116758346558,3.404439926147461,0.24925674498081207,4.407331466674805,0.6593111753463745,2.653369903564453,0.21899868547916412,3.947328805923462,1.0849287509918213,5.943302631378174,0.4220796823501587,3.7742748260498047,0.2829934358596802,2.8453524112701416,0.1959506720304489,3.673604965209961,0.9190571308135986,3.049988269805908,0.15535306930541992,4.789030075073242,1.2237541675567627,2.9974687099456787,0.1185351088643074,3.071403741836548,0.12658800184726715,5.589455604553223,1.617596983909607,4.544752597808838,1.5742532014846802
UPMC_c005_v001_r001_reg063,3.423401355743408,0.2713407278060913,3.5066256523132324,0.38858166337013245,3.5106325149536133,0.48478999733924866,4.3473639488220215,0.8224901556968689,5.190131187438965,0.9494476318359375,4.68874454498291,1.2258988618850708,5.168520927429199,1.2884587049484253,3.7793641090393066,0.5171444416046143,2.892768621444702,0.13909757137298584,4.038986682891846,0.8241714239120483,4.597924709320068,0.713164746761322,5.533680438995361,1.0252147912979126,3.9908463954925537,0.8697094321250916,4.389191627502441,1.1126102209091187,3.2291178703308105,0.3211697041988373,5.711913585662842,0.7697893381118774,2.2040183544158936,0.3705701529979706,6.007544040679932,1.4729013442993164,6.1759114265441895,0.4479101896286011,2.9854116439819336,0.3670898973941803,3.0211260318756104,0.35256561636924744,4.984355449676514,0.7888014316558838,3.0315561294555664,0.17530909180641174,4.352954387664795,1.2391537427902222,3.0962343215942383,0.1866542547941208,3.0719642639160156,0.13661769032478333,5.327541828155518,1.7156723737716675,5.385331630706787,1.3308653831481934
UPMC_c005_v001_r001_reg064,3.365872621536255,0.33279183506965637,4.444409370422363,1.4757664203643799,3.3000943660736084,0.31220582127571106,3.8246397972106934,0.7250543832778931,5.342005729675293,1.3288874626159668,4.603953838348389,1.3354333639144897,4.275613307952881,0.7639331817626953,3.8132758140563965,0.7531834244728088,2.9293596744537354,0.1947186142206192,3.5021402835845947,0.6470329761505127,4.254878997802734,0.6962452530860901,5.162095069885254,1.0081912279129028,3.953880786895752,0.9514356851577759,3.9363620281219482,1.0850975513458252,3.2327537536621094,0.4769212603569031,5.558500289916992,0.6511549353599548,2.3105578422546387,0.5444106459617615,3.9557950496673584,1.6947811841964722,5.921183109283447,0.4360703229904175,3.2959752082824707,0.47392672300338745,3.024890661239624,0.44469282031059265,4.348459720611572,0.9951684474945068,3.0427000522613525,0.2750972509384155,4.236690044403076,1.3766233921051025,3.0883233547210693,0.34702470898628235,3.047776699066162,0.27626341581344604,5.063718795776367,1.7319146394729614,5.466412544250488,1.354419469833374
UPMC_c006_v001_r001_reg012,3.578756809234619,0.5909713506698608,4.442943096160889,0.7098080515861511,3.4956114292144775,0.4933765232563019,3.1475415229797363,0.5676182508468628,3.1634538173675537,0.529666006565094,3.0041842460632324,0.5100723505020142,3.1093225479125977,0.2574717700481415,2.965444803237915,0.4175039231777191,3.113175630569458,0.33507055044174194,3.715939998626709,0.9223141074180603,4.339468479156494,0.7351762056350708,4.903777122497559,1.1381624937057495,3.6388468742370605,0.833005428314209,4.147109508514404,1.0318264961242676,3.6670432090759277,0.8054157495498657,4.748423099517822,0.7165790796279907,3.4832398891448975,0.5859465003013611,4.359279155731201,1.123708724975586,6.377692699432373,0.4757958650588989,4.378302097320557,0.46079108119010925,2.7834930419921875,0.3776162266731262,3.798536539077759,0.8772018551826477,3.1212987899780273,0.6947567462921143,3.9516074657440186,1.073331356048584,2.7915616035461426,0.490326464176178,2.780501127243042,0.4762069582939148,4.002451419830322,1.1046457290649414,5.401832103729248,1.0543899536132812
UPMC_c006_v001_r001_reg013,3.7743310928344727,0.1967053860425949,4.6223578453063965,0.5402819514274597,3.782752752304077,0.23202933371067047,3.2441956996917725,0.6028046607971191,5.109314441680908,1.098419427871704,2.9560163021087646,0.3648085594177246,3.5749354362487793,0.7424167990684509,2.943073272705078,0.3919214606285095,3.3531367778778076,0.18816405534744263,4.0138373374938965,1.0359179973602295,4.495022296905518,0.7707829475402832,5.16607666015625,1.1351618766784668,3.964008092880249,0.7952033877372742,4.41156005859375,0.9724011421203613,3.40653395652771,0.27240267395973206,5.0332350730896,0.560126781463623,3.7253451347351074,0.3232615292072296,5.151325702667236,1.2036386728286743,6.762796878814697,0.391842782497406,4.589590549468994,0.2732551693916321,2.7071075439453125,0.2044130563735962,4.797251224517822,0.9600669145584106,3.018580198287964,0.22568215429782867,3.874917984008789,0.7758054137229919,2.6408627033233643,0.1398301124572754,2.6235904693603516,0.13374869525432587,4.452786922454834,1.0160598754882812,4.659739971160889,1.3023040294647217
UPMC_c006_v001_r001_reg014,3.6380836963653564,0.3299603760242462,4.285886764526367,0.6780557632446289,3.6704089641571045,0.33889228105545044,3.052276849746704,0.42699071764945984,4.344723701477051,1.3510668277740479,2.937469482421875,0.36180710792541504,3.719721794128418,0.8176409006118774,2.93640398979187,0.3109440803527832,3.242436170578003,0.35004115104675293,3.9064648151397705,0.99253910779953,4.303894996643066,0.651263415813446,4.755986213684082,1.0618430376052856,3.8650035858154297,0.8291909098625183,3.687765121459961,1.0270507335662842,3.322176933288574,0.44432181119918823,4.589354038238525,0.44917869567871094,3.287346363067627,0.4496926963329315,4.64222526550293,1.2354081869125366,6.538513660430908,0.6409253478050232,4.399283409118652,0.4048662483692169,2.696133613586426,0.16418252885341644,3.5804779529571533,0.6783887147903442,2.8779218196868896,0.2648520767688751,3.6243927478790283,0.6091129779815674,2.618624448776245,0.14591553807258606,2.6046464443206787,0.14565780758857727,4.6428046226501465,1.0354057550430298,4.205977916717529,1.3352479934692383
UPMC_c006_v001_r001_reg015,3.5371718406677246,0.3005622327327728,4.2781243324279785,0.49567872285842896,3.5005910396575928,0.2918166220188141,3.050987958908081,0.2541007697582245,3.660061836242676,1.0172125101089478,3.474860191345215,0.5876668691635132,3.139969825744629,0.23208117485046387,2.8624651432037354,0.17899274826049805,3.091785430908203,0.2307751178741455,3.268630027770996,0.5503626465797424,3.6844654083251953,0.38651639223098755,3.9821009635925293,0.7297103404998779,3.2895803451538086,0.3825909197330475,3.1590304374694824,0.6864562034606934,3.433117389678955,0.5178788900375366,4.260976791381836,0.4091798663139343,3.413205146789551,0.4461009204387665,4.459865570068359,0.9388448596000671,6.608184814453125,0.5222284197807312,4.382678031921387,0.3257420063018799,2.7118895053863525,0.24753879010677338,3.9294331073760986,0.5953502655029297,2.8454878330230713,0.27622437477111816,4.1435089111328125,0.9335572719573975,2.619901180267334,0.16072654724121094,2.6621766090393066,0.1640164852142334,5.378612518310547,0.9078700542449951,3.824631690979004,1.0764374732971191
UPMC_c006_v001_r001_reg016,3.4308812618255615,0.32649481296539307,4.419770240783691,0.7609643340110779,3.5047478675842285,0.3460583984851837,3.3884732723236084,0.49236413836479187,3.2280335426330566,0.4364719092845917,3.4900970458984375,0.48052483797073364,3.1754226684570312,0.27257996797561646,2.8965771198272705,0.26092779636383057,2.9728457927703857,0.334825336933136,3.560844659805298,0.6836422681808472,3.970590353012085,0.5146511197090149,4.36993408203125,1.0354180335998535,3.576674222946167,0.6492680907249451,4.0647406578063965,1.406615138053894,3.348388910293579,0.5973943471908569,4.3762712478637695,0.5204756259918213,3.5454213619232178,0.6000628471374512,4.255173206329346,1.3777408599853516,6.764370441436768,0.393809974193573,4.347788333892822,0.4244898557662964,2.7099525928497314,0.19442565739154816,3.7648861408233643,0.5289386510848999,2.8283557891845703,0.2318771928548813,4.563467502593994,0.9055721163749695,2.642845630645752,0.1544654816389084,2.6165473461151123,0.15145103633403778,5.395583629608154,1.036790370941162,3.515357494354248,0.956702470779419
UPMC_c006_v001_r001_reg017,3.5646955966949463,0.16755318641662598,4.708652019500732,0.7548732757568359,3.5899999141693115,0.1919623762369156,3.311532497406006,0.3825187087059021,4.368510723114014,1.2049734592437744,3.2913875579833984,0.7737815380096436,3.331935167312622,0.48073869943618774,3.2097647190093994,0.5201623439788818,3.0189225673675537,0.15949647128582,4.277777671813965,0.8891971111297607,4.369108200073242,0.5611345171928406,5.519301891326904,0.8190886378288269,3.77728009223938,0.5970839858055115,4.601400375366211,0.9840818643569946,3.3403048515319824,0.2758966088294983,5.1609625816345215,0.6380654573440552,3.700234889984131,0.26072371006011963,5.7488555908203125,1.3107247352600098,6.61843204498291,0.38054659962654114,4.397734642028809,0.24597926437854767,2.7543580532073975,0.24360905587673187,4.38283109664917,0.7752062082290649,2.851727247238159,0.2045610100030899,3.682844638824463,0.48188158869743347,2.6375560760498047,0.1634339839220047,2.6231815814971924,0.16227813065052032,4.3922858238220215,1.4204927682876587,4.987040996551514,0.9699663519859314
UPMC_c006_v001_r001_reg018,3.646249532699585,0.1652873456478119,4.387893199920654,0.47779154777526855,3.6350905895233154,0.19588778913021088,3.2185652256011963,0.44062528014183044,3.4840290546417236,0.8122302293777466,3.5413689613342285,0.5984333157539368,3.337146759033203,0.4037778675556183,3.0522682666778564,0.3678739070892334,3.129117965698242,0.16565337777137756,3.9089643955230713,0.9424625635147095,4.129278659820557,0.4738643765449524,4.820321083068848,0.9601343274116516,3.529956102371216,0.4882561266422272,3.798798084259033,0.8521097302436829,3.3635737895965576,0.24917474389076233,4.760687351226807,0.5373557209968567,3.808936834335327,0.2852659523487091,5.2905778884887695,1.2748759984970093,6.267561912536621,0.4397926330566406,4.526096343994141,0.2267492264509201,2.730461359024048,0.2672523558139801,4.272441864013672,0.8432127833366394,2.9398927688598633,0.26993802189826965,4.538837909698486,1.3367979526519775,2.6344802379608154,0.14708763360977173,2.637075185775757,0.14577114582061768,5.318763732910156,1.0598335266113281,4.368440628051758,1.3710217475891113
UPMC_c006_v001_r001_reg019,3.8931562900543213,0.18358087539672852,4.781893730163574,0.7144014835357666,3.898272752761841,0.22717642784118652,3.110870361328125,0.3927658200263977,3.637889862060547,0.9082328677177429,2.7597923278808594,0.1136322021484375,5.022070407867432,1.0995553731918335,3.2265355587005615,0.5447031259536743,3.1247122287750244,0.1657589226961136,5.1463775634765625,1.0786734819412231,5.3254218101501465,0.6381739974021912,6.4003424644470215,0.4554068446159363,5.658640384674072,0.6385000944137573,4.7591400146484375,0.9882901906967163,3.8292558193206787,0.2117074429988861,4.856020450592041,0.4078840911388397,4.081259250640869,0.2716214060783386,5.0160231590271,0.7249269485473633,6.632329940795898,0.2328658401966095,4.68403959274292,0.19447101652622223,2.6985080242156982,0.13807547092437744,4.62031888961792,0.8448201417922974,3.0253093242645264,0.2355010062456131,4.124942302703857,0.717590868473053,2.6829895973205566,0.15176743268966675,2.662367582321167,0.11249223351478577,3.5478620529174805,0.16609695553779602,5.498752593994141,0.5294320583343506
UPMC_c006_v001_r001_reg020,4.115597724914551,0.30066463351249695,4.389154434204102,0.4218675196170807,4.038506984710693,0.29176294803619385,3.034485340118408,0.49726682901382446,3.2310028076171875,0.2731902301311493,3.8286097049713135,0.5919191837310791,3.6530091762542725,0.5468798279762268,2.980637550354004,0.24568025767803192,3.2295258045196533,0.26748359203338623,3.7711234092712402,0.7067172527313232,4.45798397064209,0.39814725518226624,4.884937763214111,0.848131537437439,4.095644950866699,0.6318050622940063,4.018683433532715,0.9227879643440247,3.9617841243743896,0.45180442929267883,4.712144374847412,0.44953596591949463,4.362412452697754,0.345752477645874,5.178506851196289,0.7298939824104309,6.406035423278809,0.2750203609466553,4.88880729675293,0.3285844624042511,2.738104820251465,0.19857157766819,3.6989965438842773,0.791377067565918,3.2424137592315674,0.3585423529148102,5.623602867126465,1.0307905673980713,2.6620306968688965,0.12211713194847107,2.6441867351531982,0.12202496826648712,5.738221168518066,0.6009997725486755,4.2303385734558105,0.9338485598564148
UPMC_c006_v001_r001_reg021,3.963897943496704,0.20196175575256348,4.308849811553955,0.31250083446502686,3.9207632541656494,0.2746361494064331,3.403540849685669,0.6508461833000183,3.2897400856018066,0.2508407533168793,3.137685537338257,0.7066413760185242,5.362987995147705,1.0662158727645874,3.1251511573791504,0.43177521228790283,3.524369716644287,0.308988481760025,4.513832092285156,0.8610535860061646,5.1468048095703125,0.6461859345436096,6.422367572784424,0.6868448853492737,5.649221420288086,0.9730040431022644,5.189216136932373,0.8816521763801575,3.658090353012085,0.26024797558784485,5.060501575469971,0.5407373309135437,4.264993667602539,0.21782606840133667,5.9116387367248535,1.0226831436157227,6.7055792808532715,0.31000223755836487,4.846608638763428,0.18430495262145996,2.7840027809143066,0.24761563539505005,5.167470932006836,0.9286590218544006,3.1580753326416016,0.3110713064670563,4.00954532623291,0.5675755739212036,2.7025091648101807,0.13810768723487854,2.67868971824646,0.14456874132156372,4.312222957611084,1.076768159866333,5.471383094787598,0.7342130541801453
UPMC_c006_v001_r001_reg022,3.8402528762817383,0.2281007468700409,3.9725046157836914,0.5782349705696106,3.854142904281616,0.26016831398010254,2.7698657512664795,0.29733771085739136,3.9383819103240967,0.811994194984436,4.254688739776611,0.7576915621757507,3.7821431159973145,1.016448974609375,3.0294036865234375,0.2880356013774872,3.4103493690490723,0.45500463247299194,3.6765096187591553,0.6727354526519775,4.181814670562744,0.5839810371398926,4.634115695953369,1.1067936420440674,4.109486103057861,0.9810237884521484,4.311548709869385,0.9510375261306763,3.3233978748321533,0.36439818143844604,4.455081462860107,0.4044862985610962,3.8521790504455566,0.376769483089447,4.730100154876709,0.8982757329940796,6.422158241271973,0.27209416031837463,4.552469730377197,0.38347166776657104,2.727989435195923,0.20606571435928345,3.306455373764038,0.7688082456588745,3.017134189605713,0.2523881196975708,5.757379531860352,1.3279759883880615,2.6569199562072754,0.13667410612106323,2.6387922763824463,0.12586919963359833,5.938989162445068,0.8710358142852783,3.9078433513641357,1.2281020879745483
UPMC_c006_v001_r001_reg023,3.7246649265289307,0.16523152589797974,4.065601825714111,0.3875420093536377,3.6820201873779297,0.16516636312007904,2.791862726211548,0.4755561947822571,3.4482221603393555,0.8506194949150085,3.4733221530914307,0.5710159540176392,3.2110800743103027,0.35982105135917664,3.0139591693878174,0.284579336643219,3.124351978302002,0.25675639510154724,3.362502098083496,0.6307637691497803,4.205870628356934,0.5013176798820496,4.303235054016113,0.9250051975250244,3.631915330886841,0.47660762071609497,3.5496137142181396,0.8477247953414917,3.1450788974761963,0.2776739001274109,4.602004051208496,0.667393147945404,4.032186508178711,0.25286561250686646,4.3680830001831055,0.6827190518379211,6.5824127197265625,0.314691424369812,4.413793087005615,0.1966179460287094,2.707537889480591,0.18418551981449127,3.1648693084716797,0.7696561217308044,2.9642539024353027,0.20207636058330536,4.705304145812988,1.0780994892120361,2.634162187576294,0.14240579307079315,2.6155314445495605,0.14376230537891388,5.410678863525391,1.1561212539672852,3.665555000305176,1.247953176498413
UPMC_c006_v001_r001_reg024,4.002697467803955,0.17209820449352264,4.441900730133057,0.42716479301452637,4.020610809326172,0.18241481482982635,2.960963010787964,0.5131628513336182,4.232039451599121,1.0705722570419312,3.608696460723877,0.4444120526313782,3.2474920749664307,0.19054776430130005,3.0357329845428467,0.44255268573760986,3.2307374477386475,0.20142504572868347,3.6881821155548096,0.6050087213516235,4.432633876800537,0.3812505304813385,4.789644718170166,0.7826952338218689,3.6014180183410645,0.3256833255290985,3.727679967880249,0.9679065346717834,3.46462345123291,0.2621169984340668,4.778805255889893,0.3671562075614929,4.286726474761963,0.3420271575450897,5.3501458168029785,0.9544087052345276,6.684609889984131,0.26438814401626587,4.768214702606201,0.2826068103313446,2.794790267944336,0.24091990292072296,3.72072434425354,1.0247033834457397,3.1776177883148193,0.26761767268180847,5.175975322723389,1.125826358795166,2.6795318126678467,0.13122746348381042,2.6485602855682373,0.12648944556713104,5.6396589279174805,0.6522634029388428,3.76257586479187,1.0165975093841553
UPMC_c006_v001_r001_reg025,3.781965970993042,0.2150830626487732,4.2842535972595215,0.7190990447998047,3.860215663909912,0.19751685857772827,3.0453269481658936,0.2875449061393738,3.54758620262146,0.9827019572257996,3.8527212142944336,0.6071217060089111,3.27646541595459,0.41973745822906494,3.0211658477783203,0.28118324279785156,3.036980628967285,0.17994080483913422,3.921137571334839,0.7359499335289001,4.234208106994629,0.4550222158432007,5.033023834228516,0.9046648740768433,3.7437386512756348,0.6522237062454224,3.893514394760132,0.7913362383842468,3.569404363632202,0.34346598386764526,4.763645648956299,0.5165891051292419,4.140321731567383,0.24063487350940704,5.423762798309326,1.0023458003997803,6.273056983947754,0.2546926438808441,4.632978916168213,0.2261236608028412,2.793020486831665,0.2552855610847473,3.9006028175354004,0.6485405564308167,3.0363926887512207,0.26476141810417175,4.823739528656006,1.0623282194137573,2.6579153537750244,0.18168389797210693,2.632505178451538,0.18835200369358063,5.312446117401123,0.9360210299491882,4.2236552238464355,1.1609865427017212
UPMC_c006_v001_r001_reg026,3.606884479522705,0.12940756976604462,4.222220420837402,0.5888615250587463,3.600867986679077,0.18131574988365173,3.068391799926758,0.19778205454349518,3.095109224319458,0.18969625234603882,3.441533088684082,0.3422287404537201,3.0562005043029785,0.24276448786258698,2.902949571609497,0.17341138422489166,3.1830027103424072,0.14612765610218048,3.290600299835205,0.45199906826019287,3.8564791679382324,0.2851158678531647,3.898211717605591,0.6688467264175415,3.593071460723877,0.2608889043331146,3.5243706703186035,0.6649043560028076,3.568028450012207,0.21141457557678223,4.042320728302002,0.3158743381500244,4.0319743156433105,0.15878452360630035,4.591864109039307,0.906629204750061,6.428948879241943,0.24126912653446198,4.468090057373047,0.17216020822525024,2.6721084117889404,0.12896038591861725,3.2630505561828613,0.3776610493659973,2.918621063232422,0.16309581696987152,4.3657450675964355,0.771557092666626,2.6147823333740234,0.12035802751779556,2.60176944732666,0.11832745373249054,5.460309982299805,0.40799787640571594,2.9111990928649902,0.40625834465026855
UPMC_c006_v001_r001_reg027,3.507951021194458,0.2053096443414688,4.42774772644043,0.5696300864219666,3.55499267578125,0.2363397628068924,3.5108399391174316,0.5949317216873169,3.529792070388794,1.0165430307388306,3.1790573596954346,0.466991126537323,3.2831156253814697,0.3706497848033905,3.04573917388916,0.4301055371761322,2.8977954387664795,0.2018190622329712,3.595944881439209,0.9071725010871887,4.113780975341797,0.5081990957260132,4.638976573944092,1.0942628383636475,3.4861884117126465,0.4923763871192932,3.2962024211883545,0.9902090430259705,3.2564663887023926,0.2995094954967499,4.557232856750488,0.3971478343009949,3.555224895477295,0.2673052251338959,4.7162580490112305,1.1717934608459473,6.3854756355285645,0.3992672264575958,4.086818695068359,0.28369230031967163,2.7181954383850098,0.26247209310531616,3.5226693153381348,0.6818040609359741,2.8404700756073,0.2733939588069916,4.420086860656738,1.2436226606369019,2.6219544410705566,0.18415601551532745,2.62735915184021,0.19041825830936432,4.764109134674072,1.1776683330535889,4.394433975219727,1.4030261039733887
UPMC_c006_v001_r001_reg028,3.5197296142578125,0.24693994224071503,4.1018452644348145,0.45051446557044983,3.6893057823181152,0.2635727524757385,3.140064001083374,0.3001925051212311,4.702371120452881,1.3769166469573975,3.2850544452667236,0.5085276365280151,3.2395973205566406,0.3233862519264221,3.1802239418029785,0.5567777156829834,3.0249273777008057,0.17100569605827332,3.2329673767089844,0.581298828125,3.934364080429077,0.3739173412322998,4.289358615875244,1.0099399089813232,3.49123477935791,0.7333338856697083,2.8867058753967285,0.6814126968383789,3.293706178665161,0.29038527607917786,4.550678730010986,0.37625980377197266,3.393136739730835,0.3142263889312744,4.326379299163818,0.849802553653717,6.438028812408447,0.5297626256942749,4.082492828369141,0.26528307795524597,2.686209201812744,0.16539549827575684,3.5355992317199707,0.5803331732749939,2.772214889526367,0.1920960694551468,4.084072589874268,1.1645278930664062,2.612553358078003,0.13800285756587982,2.632988452911377,0.1386452615261078,5.155313491821289,1.0814151763916016,3.879288911819458,1.353009581565857
UPMC_c006_v001_r001_reg029,3.458728551864624,0.24504412710666656,4.073498725891113,0.5152282118797302,3.5708141326904297,0.3738718330860138,3.197361946105957,0.32559511065483093,4.245218276977539,1.485641598701477,2.9280848503112793,0.41630762815475464,3.1564080715179443,0.4281615912914276,3.0163960456848145,0.40765631198883057,3.007490873336792,0.22935642302036285,4.0371832847595215,1.0835521221160889,4.290205955505371,0.6487294435501099,5.092086315155029,1.1739871501922607,3.180631637573242,0.4907243847846985,4.0357489585876465,1.405150294303894,3.0544557571411133,0.5107563734054565,5.366664886474609,0.7264569997787476,3.029449224472046,0.39938992261886597,4.677277088165283,1.493538498878479,6.083706855773926,0.4794013500213623,3.9475700855255127,0.37632349133491516,2.7104368209838867,0.22568738460540771,3.802304744720459,0.7994377017021179,2.8693172931671143,0.23662415146827698,3.37548565864563,0.7560257911682129,2.6095519065856934,0.14914490282535553,2.614238739013672,0.1479645073413849,4.020654201507568,1.1932482719421387,4.568253040313721,1.0602595806121826
UPMC_c006_v001_r001_reg030,3.453584909439087,0.21256409585475922,4.204084396362305,0.5509774684906006,3.5716357231140137,0.2833823263645172,3.170652389526367,0.2788473665714264,5.379295825958252,1.315342903137207,3.1360034942626953,0.44657135009765625,3.7369682788848877,0.7637126445770264,3.0529894828796387,0.34848660230636597,2.9849185943603516,0.15454161167144775,3.989794969558716,1.1473641395568848,4.304178714752197,0.6950768828392029,4.890696048736572,1.2393066883087158,3.870948076248169,0.9153597354888916,3.8302714824676514,1.2522320747375488,3.0185954570770264,0.23928092420101166,4.584229946136475,0.5106724500656128,3.1542959213256836,0.32486578822135925,5.390134334564209,1.2806792259216309,6.45131778717041,0.45515838265419006,3.8744430541992188,0.3047025501728058,2.707376718521118,0.23411990702152252,3.8405094146728516,0.8697274327278137,2.8237144947052,0.23108239471912384,4.046586036682129,1.1346776485443115,2.606412172317505,0.134723961353302,2.6152353286743164,0.13576625287532806,4.676804065704346,1.1539415121078491,4.012807369232178,1.2314255237579346
UPMC_c006_v001_r001_reg031,3.338036298751831,0.2150764912366867,3.2107648849487305,0.44773486256599426,3.3326194286346436,0.17528633773326874,3.113365888595581,0.2761591374874115,3.492865800857544,0.8700040578842163,2.988762855529785,0.23079590499401093,3.105220079421997,0.20145006477832794,2.962618350982666,0.23122508823871613,2.8949661254882812,0.15020984411239624,3.229489803314209,0.6623523831367493,3.939312219619751,0.45088616013526917,3.9501779079437256,0.8918510675430298,3.078378915786743,0.35600900650024414,2.783639430999756,0.8206905722618103,2.8773820400238037,0.23990996181964874,3.644619941711426,0.40333160758018494,3.1571366786956787,0.26174041628837585,4.279708385467529,0.8175397515296936,6.314572334289551,0.3212953209877014,3.756742000579834,0.2701944410800934,2.6381914615631104,0.13503193855285645,3.804405927658081,0.671800434589386,2.6661033630371094,0.18663443624973297,4.192251682281494,1.0621088743209839,2.563091993331909,0.1283196061849594,2.5771186351776123,0.12826168537139893,4.8780951499938965,0.7239037752151489,3.629767656326294,1.1103713512420654
UPMC_c006_v001_r001_reg032,4.271128177642822,0.4224373996257782,4.007160186767578,0.7806605696678162,4.0804924964904785,0.37045300006866455,3.266545295715332,0.35857295989990234,3.1402499675750732,0.5232992172241211,3.049464225769043,0.3762543797492981,3.272495746612549,0.43353167176246643,3.0889084339141846,0.45023977756500244,3.0545899868011475,0.6466852426528931,3.8731396198272705,0.8684669137001038,4.2946014404296875,0.552749514579773,5.065674781799316,0.8887269496917725,3.956029176712036,0.8512563109397888,2.804438352584839,1.4538432359695435,3.459604024887085,0.717773973941803,5.060597896575928,0.4801434874534607,3.97965669631958,0.7976529598236084,5.413992881774902,1.1322882175445557,6.535799980163574,0.31412622332572937,3.999748468399048,0.9094253778457642,2.6804866790771484,0.16741198301315308,3.9897449016571045,0.6805760860443115,3.1508331298828125,0.4233894646167755,4.346718788146973,1.280687689781189,2.5919268131256104,0.13114207983016968,2.619920253753662,0.13570129871368408,5.065171718597412,0.7427518367767334,4.493595600128174,1.2436237335205078
UPMC_c006_v001_r001_reg033,3.4523022174835205,0.2669841945171356,3.1746232509613037,0.7203802466392517,3.3417863845825195,0.23415273427963257,3.271026372909546,0.39666131138801575,3.4660494327545166,1.0070244073867798,2.8703627586364746,0.2603989839553833,3.714224338531494,0.9176270961761475,2.988247871398926,0.33550700545310974,2.868680715560913,0.19630712270736694,4.026754379272461,0.9236942529678345,4.538424015045166,0.6694282293319702,5.204068183898926,1.0466864109039307,3.9643516540527344,1.0616984367370605,3.4705426692962646,1.5039407014846802,2.9596219062805176,0.3102826774120331,4.459636211395264,0.6368972063064575,3.182744264602661,0.388048380613327,5.278444766998291,1.5663717985153198,6.555115222930908,0.3275965452194214,3.5082452297210693,0.46803733706474304,2.668285369873047,0.15456199645996094,4.305785179138184,0.8690906763076782,2.8487274646759033,0.26570501923561096,4.0051751136779785,0.932507336139679,2.595797061920166,0.12867668271064758,2.590771436691284,0.1299077272415161,4.341569900512695,1.1177335977554321,4.629992961883545,1.1008142232894897
UPMC_c006_v001_r001_reg034,3.53377366065979,0.24879394471645355,3.4476046562194824,0.7508289813995361,3.47707462310791,0.2324782907962799,3.2981350421905518,0.339570015668869,3.1178641319274902,0.6432635188102722,3.0551044940948486,0.23939616978168488,3.1011579036712646,0.2816101014614105,3.0605010986328125,0.3635334372520447,2.9848570823669434,0.19767312705516815,3.880868434906006,0.767593502998352,4.260461807250977,0.46202483773231506,4.966012477874756,0.879345715045929,3.49202299118042,0.49673667550086975,3.4195852279663086,1.063570499420166,3.071622371673584,0.3763658404350281,5.102962017059326,0.48485562205314636,3.2390270233154297,0.45797255635261536,5.131356239318848,1.2831875085830688,6.372735500335693,0.23273463547229767,3.8679187297821045,0.4274744391441345,2.6938045024871826,0.17999131977558136,5.315047264099121,0.6813989281654358,2.9230711460113525,0.23909564316272736,5.446568012237549,1.1054342985153198,2.617717742919922,0.13691078126430511,2.621062994003296,0.13364191353321075,5.158682346343994,0.6933693289756775,4.092461585998535,1.0037039518356323
UPMC_c006_v001_r001_reg035,3.3870084285736084,0.3047843277454376,3.9393534660339355,0.7224498391151428,3.3739514350891113,0.28029105067253113,3.1511664390563965,0.3400818407535553,3.2832934856414795,1.054100751876831,2.9318253993988037,0.37839362025260925,3.074354887008667,0.3158749043941498,2.9937543869018555,0.3561905026435852,2.9907896518707275,0.2131740003824234,3.498849868774414,0.8486011624336243,4.230067729949951,0.583544135093689,4.341012001037598,1.117143988609314,3.3820600509643555,0.516649603843689,3.08949613571167,1.1676884889602661,3.0397415161132812,0.4816376268863678,4.507882118225098,0.7003481388092041,2.9871184825897217,0.48872843384742737,4.121980667114258,1.0046406984329224,5.831768035888672,0.45571190118789673,3.7117204666137695,0.46123671531677246,2.667248249053955,0.18656067550182343,5.145529747009277,1.1740247011184692,2.8797285556793213,0.3149382472038269,4.4293317794799805,1.3886051177978516,2.5951242446899414,0.14056381583213806,2.8949732780456543,0.4709222614765167,4.613037586212158,1.09235680103302,4.1565470695495605,1.2330427169799805
UPMC_c006_v001_r001_reg036,3.700442314147949,0.27906593680381775,4.345877647399902,0.40798473358154297,3.5323433876037598,0.2349456548690796,3.5306572914123535,0.4873647391796112,3.1763880252838135,0.3957498371601105,2.9369661808013916,0.24144238233566284,3.5311992168426514,0.5053843259811401,3.168377637863159,0.42453986406326294,3.0116689205169678,0.14814738929271698,4.4128618240356445,0.919344425201416,4.405366897583008,0.5502651929855347,5.435942649841309,0.870428740978241,4.432932376861572,0.8222052454948425,4.260011196136475,1.2983953952789307,3.110076665878296,0.33755940198898315,5.6492133140563965,0.5115227699279785,3.051962375640869,0.4387328028678894,5.942532539367676,1.3652896881103516,6.7455878257751465,0.22830861806869507,3.7475500106811523,0.4456668198108673,2.936872720718384,0.34550440311431885,3.9483585357666016,0.8048447966575623,2.989100933074951,0.2993124723434448,4.891998291015625,1.147834062576294,2.62275767326355,0.131903275847435,2.6425459384918213,0.1355670839548111,4.369350910186768,0.7986401915550232,4.58942985534668,0.7397876977920532
UPMC_c006_v001_r001_reg037,3.724153518676758,0.35956892371177673,4.516815662384033,0.5151617527008057,3.7955942153930664,0.3567506968975067,3.4679088592529297,0.48870739340782166,4.099503517150879,1.2193284034729004,3.3395164012908936,0.30343636870384216,3.541518449783325,0.7121310234069824,3.0981931686401367,0.327401340007782,3.1080381870269775,0.3427462577819824,3.901313304901123,0.8117295503616333,4.4527201652526855,0.49796903133392334,5.038387298583984,0.8344990611076355,4.025251388549805,0.8460042476654053,3.6551709175109863,1.0831012725830078,3.300929069519043,0.5693191289901733,5.032036304473877,0.47385531663894653,3.487577438354492,0.6469271779060364,5.506978511810303,1.31419837474823,6.38712739944458,0.37098386883735657,4.481680870056152,0.4702453315258026,2.729856014251709,0.13930784165859222,4.1937479972839355,0.7526723742485046,3.1109421253204346,0.3732954263687134,4.441614151000977,0.9216786026954651,2.621378183364868,0.132955864071846,2.644767999649048,0.1390388160943985,5.1543450355529785,0.7631586194038391,4.098388195037842,1.1145241260528564
UPMC_c006_v001_r001_reg038,3.6942102909088135,0.322760671377182,4.726541042327881,0.5700468420982361,3.8484678268432617,0.29789912700653076,3.184338331222534,0.29384616017341614,3.2729616165161133,0.5266116261482239,3.2193925380706787,0.28584712743759155,4.839323997497559,1.309520959854126,3.0793447494506836,0.3517632782459259,3.336843252182007,0.27948522567749023,3.887814521789551,0.7839154601097107,4.405407428741455,0.5196067690849304,5.546236038208008,0.9390559196472168,4.980831623077393,1.0631178617477417,3.900719404220581,1.0574166774749756,3.470932722091675,0.4691281020641327,4.809859752655029,0.5432358980178833,3.621274709701538,0.5457569360733032,4.611556053161621,1.030532717704773,6.415192127227783,0.37608712911605835,4.611504554748535,0.4686330556869507,2.7133638858795166,0.13118129968643188,4.893625736236572,1.0857527256011963,3.1328155994415283,0.30257850885391235,4.449953556060791,1.006989598274231,2.6513447761535645,0.16679663956165314,2.660141944885254,0.16647423803806305,4.377521991729736,0.9492942094802856,4.282956123352051,1.0352717638015747
UPMC_c006_v001_r001_reg039,3.858550786972046,0.22705069184303284,4.51303768157959,0.3912009000778198,3.7748188972473145,0.2213631123304367,3.215271472930908,0.42588910460472107,3.1644768714904785,0.18680068850517273,3.3680179119110107,0.32002535462379456,3.2271149158477783,0.23353511095046997,3.0892698764801025,0.34434565901756287,3.2650644779205322,0.19974640011787415,3.625594139099121,0.6597095727920532,4.126671314239502,0.41244012117385864,4.390929698944092,0.7470812797546387,3.576714038848877,0.3796880841255188,3.6145029067993164,0.8117830157279968,3.65230131149292,0.30972427129745483,4.263523578643799,0.3905385434627533,3.8503386974334717,0.3317354619503021,4.838155746459961,0.8556365370750427,6.150002956390381,0.3369500935077667,4.474568843841553,0.3358888328075409,2.730234146118164,0.17719553411006927,4.533239364624023,0.7493613958358765,3.0744917392730713,0.20184046030044556,4.941786766052246,1.0354992151260376,2.617919683456421,0.1303948611021042,2.6603639125823975,0.14712685346603394,5.279040336608887,0.7679076194763184,3.652160167694092,1.0380085706710815
UPMC_c006_v001_r001_reg040,3.667388677597046,0.20787060260772705,4.706110000610352,0.26775869727134705,3.6337759494781494,0.1922980546951294,3.3222579956054688,0.424947589635849,3.2343921661376953,0.38557741045951843,3.18235445022583,0.605435311794281,3.2257463932037354,0.30244025588035583,3.1119613647460938,0.36239129304885864,3.1520729064941406,0.19787606596946716,3.735618829727173,0.7482974529266357,4.426952838897705,0.5855997204780579,4.476894378662109,0.8576943874359131,3.8253471851348877,0.3567308187484741,4.141269207000732,0.8613985180854797,3.9720675945281982,0.41642749309539795,4.692365646362305,0.597357451915741,4.176754951477051,0.2941020131111145,4.766839027404785,0.8114175796508789,6.213787078857422,0.5339275002479553,4.648153781890869,0.33715343475341797,2.722141981124878,0.17630526423454285,4.483205795288086,1.2457993030548096,3.1378097534179688,0.27548837661743164,4.130624771118164,0.6460883617401123,2.6402933597564697,0.19024913012981415,2.6768970489501953,0.20365315675735474,4.466300010681152,1.1000263690948486,5.181939601898193,1.02752685546875
UPMC_c006_v001_r001_reg041,4.11489200592041,0.3723267912864685,5.186094760894775,0.49171385169029236,4.204665660858154,0.39104801416397095,3.9681787490844727,0.7021452784538269,4.828399658203125,1.0499235391616821,2.9784255027770996,0.29431837797164917,3.905151605606079,1.0003591775894165,3.300304889678955,0.4886569380760193,3.5081355571746826,0.34138259291648865,4.700185775756836,0.8888821005821228,5.067930221557617,0.47747769951820374,6.026055335998535,0.7147284150123596,4.601620674133301,0.7976881265640259,5.0338664054870605,0.9737071990966797,4.010126113891602,0.6168648600578308,5.822652339935303,0.6851055026054382,4.627789497375488,0.48916304111480713,6.2283759117126465,1.211478352546692,6.179860591888428,0.43903040885925293,4.982758045196533,0.440731406211853,2.8868460655212402,0.3033200800418854,5.014275550842285,0.8690399527549744,3.4140963554382324,0.4064679443836212,4.545198917388916,0.6866239905357361,2.6530890464782715,0.14036774635314941,2.684720754623413,0.1458958089351654,4.330944538116455,0.5920380353927612,5.065583229064941,0.8481155633926392
UPMC_c006_v001_r001_reg042,3.9632506370544434,0.1463870257139206,5.146660327911377,0.3019685447216034,3.99210262298584,0.2164803147315979,3.1861143112182617,0.3786052167415619,5.643862724304199,1.1468170881271362,3.755518674850464,0.5717576146125793,3.250063419342041,0.3565409779548645,3.052288770675659,0.18099774420261383,3.155682325363159,0.2203909009695053,3.8241875171661377,0.49358928203582764,4.3594584465026855,0.3336244225502014,4.459323883056641,0.7493858933448792,4.255805969238281,0.3994523286819458,3.894270658493042,0.6441769003868103,4.110501289367676,0.30784568190574646,5.505127906799316,0.4306589961051941,4.6075849533081055,0.2749483585357666,5.119298458099365,0.8281058669090271,5.734373569488525,0.5360860824584961,4.577887058258057,0.30305102467536926,2.777137041091919,0.16967520117759705,3.667048931121826,0.5201219916343689,3.286105155944824,0.19797725975513458,4.640618801116943,0.8249170780181885,2.6591386795043945,0.14738941192626953,2.6728382110595703,0.15577763319015503,5.780348300933838,0.5443711876869202,3.2995383739471436,0.9272108674049377
UPMC_c006_v001_r001_reg043,4.0003156661987305,0.20961010456085205,4.173910140991211,1.0343215465545654,4.009166240692139,0.28756415843963623,3.3378567695617676,0.41221317648887634,4.439332008361816,1.2150629758834839,3.9408533573150635,0.6800040006637573,3.8126065731048584,1.007645606994629,3.1055710315704346,0.24671348929405212,2.903982400894165,0.2455415278673172,4.078460216522217,0.46903151273727417,4.6977033615112305,0.438623309135437,4.910785675048828,0.8817646503448486,4.472639560699463,0.6771271824836731,3.10559344291687,1.4116871356964111,3.500389337539673,0.550952672958374,4.718904972076416,0.34413230419158936,3.642956256866455,1.4989076852798462,4.700066089630127,0.6176782250404358,6.2455830574035645,0.3838040828704834,2.5423967838287354,1.660537600517273,2.748459815979004,0.15590301156044006,3.926604986190796,0.5800808668136597,3.108682632446289,0.3081507384777069,4.520214080810547,0.6836724281311035,2.6509695053100586,0.1636732965707779,2.628365993499756,0.13944074511528015,5.963225364685059,0.8345790505409241,3.6123929023742676,0.9884594082832336
UPMC_c006_v001_r001_reg044,4.27178955078125,0.9132692813873291,4.556369304656982,1.0779156684875488,4.266088962554932,0.9409180283546448,3.174855947494507,0.41473886370658875,3.4546093940734863,0.8693490624427795,3.3755359649658203,0.6144735813140869,3.6679470539093018,0.8886467218399048,3.2255265712738037,0.5723097920417786,3.4024550914764404,0.8842452168464661,4.312889099121094,0.9366801381111145,4.954410076141357,0.7346742153167725,5.585899829864502,1.0887460708618164,4.791800022125244,1.0949418544769287,4.614552021026611,1.5345011949539185,3.655604839324951,1.2032419443130493,5.002541542053223,0.7625005841255188,4.386412620544434,1.1896116733551025,5.271920680999756,1.2579846382141113,6.303593158721924,0.39283204078674316,3.3148610591888428,1.3207120895385742,2.7523441314697266,0.25960278511047363,4.278061389923096,1.0438815355300903,3.761439085006714,0.8977046012878418,4.844546318054199,1.2974413633346558,2.701779842376709,0.17348341643810272,2.6499974727630615,0.16741272807121277,5.534671783447266,1.2196975946426392,4.833319664001465,1.0249686241149902
UPMC_c006_v001_r001_reg045,4.01874303817749,0.1941085308790207,4.310919284820557,0.350248783826828,3.9715282917022705,0.2276233583688736,3.138646125793457,0.27996012568473816,3.9564623832702637,1.2208938598632812,2.9667606353759766,0.4956915080547333,4.245975971221924,1.2080998420715332,3.0649611949920654,0.39564889669418335,3.266373634338379,0.17793366312980652,5.108236789703369,1.1331706047058105,5.416367053985596,0.8594492673873901,6.235896587371826,1.1244642734527588,5.46333122253418,0.9258562326431274,4.63621187210083,1.2489901781082153,3.3802120685577393,0.3308144509792328,4.593359470367432,0.3740907609462738,4.186483383178711,0.3352311849594116,5.224632740020752,1.0061848163604736,6.425333499908447,0.3438303768634796,2.7966504096984863,0.5361377596855164,2.732113838195801,0.17745441198349,4.228296279907227,0.7148282527923584,3.391857624053955,0.24658332765102386,3.934816837310791,0.776858925819397,2.6845884323120117,0.15480902791023254,2.6185173988342285,0.12615042924880981,4.4220428466796875,1.1440558433532715,4.956813335418701,1.0911707878112793
UPMC_c006_v001_r001_reg046,4.174171447753906,0.1449769139289856,4.767541408538818,0.3247487246990204,4.086471080780029,0.18902429938316345,3.210881233215332,0.3002421259880066,4.731975555419922,1.1602710485458374,3.215651273727417,0.5175111293792725,4.228670597076416,0.9490547776222229,3.189429998397827,0.37334221601486206,3.2322096824645996,0.16298173367977142,4.676915645599365,0.8988630771636963,5.1058669090271,0.7591280937194824,5.682126522064209,1.1905893087387085,5.219107151031494,0.8269810080528259,4.726443290710449,1.1810563802719116,3.6533846855163574,0.3000272512435913,5.048553943634033,0.4190176725387573,4.581845760345459,0.22520828247070312,5.757530689239502,0.8163639307022095,6.48221492767334,0.32115286588668823,3.6916825771331787,0.5167689919471741,2.8980259895324707,0.3403133451938629,4.458690643310547,0.7832648158073425,3.7273497581481934,0.3337370455265045,5.042490482330322,0.8512240052223206,2.722940683364868,0.13612215220928192,2.658529281616211,0.1299990713596344,5.168191432952881,1.0862236022949219,4.3359270095825195,1.145385503768921
UPMC_c006_v001_r001_reg047,3.9507241249084473,0.18895746767520905,4.909309387207031,0.23318271338939667,4.01676607131958,0.2359643578529358,3.0770275592803955,0.2669293284416199,3.155564785003662,0.27059465646743774,3.5969467163085938,0.6163272857666016,3.073270559310913,0.16207517683506012,3.151291847229004,0.3899853527545929,3.137206792831421,0.21822331845760345,3.805908679962158,0.4945668578147888,4.368814945220947,0.35970956087112427,4.397022724151611,0.8138662576675415,4.184168815612793,0.2659224271774292,3.405702590942383,0.7051777243614197,3.9832911491394043,0.31749996542930603,4.646478652954102,0.31691375374794006,4.581438064575195,0.19066590070724487,4.948477268218994,0.6961929798126221,5.487711429595947,0.42833685874938965,4.487781047821045,0.2655690312385559,2.759355306625366,0.20718230307102203,3.798421859741211,0.43924975395202637,3.4243574142456055,0.1782427877187729,5.027294158935547,0.9412445425987244,2.6617274284362793,0.1485663503408432,2.636462450027466,0.14875206351280212,5.549601078033447,0.8924493789672852,3.69586443901062,1.2542353868484497
UPMC_c006_v001_r001_reg048,3.8281123638153076,0.17569442093372345,4.864490509033203,0.3790455758571625,3.733541250228882,0.16050420701503754,3.498995065689087,0.607403039932251,3.275078535079956,0.6909672021865845,3.3173577785491943,0.4434531629085541,3.28128719329834,0.2836204469203949,3.168828010559082,0.3042791485786438,3.185204267501831,0.20419713854789734,3.9513540267944336,0.7533503770828247,4.42025899887085,0.44762513041496277,4.888678550720215,0.9117254018783569,4.050454616546631,0.32423803210258484,4.080841541290283,0.8287636637687683,3.7771286964416504,0.2945501506328583,4.755146503448486,0.4397858679294586,3.7674827575683594,0.4866199493408203,5.364370822906494,0.997175395488739,5.986622333526611,0.31393855810165405,4.175346851348877,0.403780996799469,2.7721245288848877,0.23040945827960968,4.561713695526123,0.77208411693573,3.253628969192505,0.20997466146945953,5.171487331390381,0.9565637707710266,2.6697421073913574,0.14742830395698547,2.657740831375122,0.16317452490329742,5.103756427764893,0.7980724573135376,4.316107273101807,0.9119913578033447
UPMC_c006_v001_r001_reg049,4.0170817375183105,0.5747318863868713,5.190659523010254,0.6432930827140808,3.9575655460357666,0.49913373589515686,3.1788487434387207,0.4078359305858612,3.279803514480591,0.6348298788070679,3.070647954940796,0.5000401735305786,3.094447135925293,0.23040227591991425,3.1470603942871094,0.4264257550239563,3.5479164123535156,0.43915700912475586,3.558821678161621,0.5657161474227905,4.310793876647949,0.41862738132476807,4.239126682281494,0.7296772003173828,4.00074577331543,0.6948312520980835,3.8710126876831055,0.896186888217926,3.6484973430633545,0.8150951266288757,4.958932399749756,0.6532219052314758,3.675612449645996,0.9425704479217529,4.659984588623047,0.8816405534744263,6.007303714752197,0.4405457377433777,4.3887224197387695,0.7707559466362,2.7095446586608887,0.15773293375968933,3.861926794052124,0.602766752243042,3.4037532806396484,0.42437949776649475,4.3130998611450195,0.7367631196975708,2.6694211959838867,0.15585769712924957,2.647827625274658,0.18418316543102264,4.669672012329102,0.9426172375679016,4.312160491943359,1.2279912233352661
UPMC_c006_v001_r001_reg050,3.886992931365967,0.5175597071647644,5.294571876525879,0.8766354322433472,3.9375853538513184,0.4610162675380707,3.5795366764068604,0.6802648901939392,4.108436584472656,1.5871022939682007,3.1062843799591064,0.31541141867637634,3.348573684692383,0.5473093390464783,3.159574031829834,0.39487266540527344,3.5182158946990967,0.47244876623153687,3.608203411102295,0.6492030024528503,4.376218795776367,0.43460017442703247,4.8221001625061035,0.7796230316162109,3.8828349113464355,0.6762170195579529,3.9798357486724854,1.0205312967300415,3.5138301849365234,0.7450038194656372,5.021265983581543,0.590506911277771,3.78813099861145,0.9114231467247009,4.573665142059326,0.9773773550987244,5.740103721618652,0.4369335174560547,4.560873031616211,0.7539297938346863,2.7811882495880127,0.20555201172828674,4.076149940490723,0.8692022562026978,3.3283584117889404,0.45236921310424805,4.265406608581543,0.8917465806007385,2.6927506923675537,0.16847823560237885,2.7411069869995117,0.22353968024253845,4.748096466064453,0.85586017370224,4.207902431488037,1.1679105758666992
UPMC_c006_v001_r001_reg051,4.248543739318848,0.8405150771141052,5.264615535736084,1.0837750434875488,4.157193183898926,0.6543665528297424,3.4546496868133545,0.5737878084182739,3.2481796741485596,0.6690623760223389,3.0732107162475586,0.15630462765693665,3.1288723945617676,0.19093094766139984,3.265188694000244,0.5818900465965271,3.7378756999969482,0.6697571873664856,3.48736572265625,0.6481619477272034,4.438997745513916,0.462179958820343,4.770461082458496,0.8054689764976501,4.040228366851807,1.1760482788085938,3.994088649749756,1.2763185501098633,3.689840793609619,1.133086919784546,5.581845760345459,0.6458112597465515,4.310484886169434,1.4675495624542236,4.936077117919922,1.3584208488464355,5.613857746124268,0.4585542678833008,4.8302202224731445,1.0009498596191406,2.742027759552002,0.15096263587474823,4.130469799041748,0.7767879962921143,3.4559991359710693,0.6409829258918762,3.992713451385498,0.9803344011306763,2.678248167037964,0.15713459253311157,2.719026803970337,0.21604059636592865,4.537433624267578,0.8174384236335754,4.564764022827148,0.7224012613296509
UPMC_c006_v001_r001_reg053,3.471956968307495,0.47679242491722107,4.275191307067871,0.8989560604095459,3.373464584350586,0.33232706785202026,3.4150285720825195,0.5019536018371582,3.813666582107544,1.517432689666748,2.837583303451538,0.37211304903030396,3.2043297290802,0.6313876509666443,3.1214170455932617,0.5078819990158081,3.1556613445281982,0.29397639632225037,3.1964046955108643,0.6081511378288269,4.031907081604004,0.4227532744407654,4.481700897216797,0.9594905972480774,3.113706588745117,0.49628016352653503,3.0685665607452393,0.917039155960083,2.6261744499206543,0.5846177339553833,5.131899356842041,0.746907114982605,2.648864269256592,0.6823589205741882,3.5986745357513428,1.0342998504638672,6.033576965332031,0.4401005804538727,3.8142971992492676,0.6979516744613647,2.683824062347412,0.16001097857952118,3.8810203075408936,0.7640140652656555,2.8274788856506348,0.22984197735786438,3.4200782775878906,0.9036695957183838,2.6105756759643555,0.1532743275165558,2.5814881324768066,0.16092254221439362,4.119446754455566,0.9343321323394775,4.738770008087158,1.0147656202316284
UPMC_c006_v001_r001_reg054,3.4617464542388916,0.26986023783683777,3.998677968978882,0.549246072769165,3.3845744132995605,0.2879094183444977,3.256514549255371,0.3831007182598114,3.1742756366729736,0.5420405864715576,2.9230308532714844,0.37631961703300476,4.025907516479492,1.057303786277771,2.9839961528778076,0.2952522039413452,3.0744545459747314,0.17057684063911438,3.9938948154449463,0.9437011480331421,4.923161029815674,0.6972547769546509,5.563050746917725,0.9767737984657288,3.9835634231567383,0.8687320351600647,4.520969390869141,1.1257359981536865,2.799694299697876,0.28016623854637146,4.551477432250977,0.47894057631492615,2.7958598136901855,0.3849320113658905,4.859540939331055,1.1032170057296753,6.606614589691162,0.32148608565330505,3.588663101196289,0.49284467101097107,2.709249973297119,0.1807604879140854,4.708902359008789,0.8501682877540588,3.0594077110290527,0.36929309368133545,4.629152297973633,1.1856426000595093,2.623270034790039,0.139963299036026,2.5662667751312256,0.14157988131046295,4.404244422912598,1.0607258081436157,4.435399055480957,0.944892168045044
UPMC_c006_v001_r001_reg055,3.2450854778289795,0.2301328033208847,4.074817657470703,0.9891221523284912,3.3018336296081543,0.27730903029441833,3.2167716026306152,0.5287289023399353,3.682133674621582,1.3540970087051392,2.8587942123413086,0.33895954489707947,3.078758955001831,0.2134670466184616,3.0463480949401855,0.34356003999710083,2.9780025482177734,0.20411759614944458,3.1187236309051514,0.7500534057617188,4.138598442077637,0.5812116265296936,4.09112548828125,1.1417611837387085,3.08396315574646,0.3567172884941101,2.994947910308838,0.9273966550827026,2.623718500137329,0.32453709840774536,4.4976372718811035,0.526889979839325,2.609771966934204,0.3753134608268738,3.585415840148926,0.8082026243209839,6.18181848526001,0.37704259157180786,2.7898616790771484,0.48281943798065186,2.650864839553833,0.16593419015407562,3.251621961593628,0.5978238582611084,2.7216665744781494,0.22994036972522736,3.910099506378174,1.076905369758606,2.5641143321990967,0.153273805975914,2.5604665279388428,0.15095491707324982,4.471249580383301,1.1474149227142334,3.8690881729125977,1.2742362022399902
UPMC_c006_v001_r001_reg056,3.5797712802886963,0.23236268758773804,3.839393377304077,0.4806983172893524,3.5024538040161133,0.2779807448387146,3.2886085510253906,0.4028931260108948,3.056652545928955,0.3843214511871338,2.8235490322113037,0.3492826223373413,3.145012617111206,0.22866176068782806,3.1934871673583984,0.4933508634567261,3.1715331077575684,0.20378753542900085,3.467717170715332,0.6492667198181152,4.912062168121338,0.633397102355957,5.106045722961426,0.9146630167961121,3.3092286586761475,0.6947176456451416,3.3835840225219727,1.3860777616500854,2.4391465187072754,0.38792988657951355,4.742878437042236,0.5265302658081055,2.268782615661621,0.5506803393363953,3.6645054817199707,0.9811105132102966,6.64154052734375,0.3525582253932953,2.9360969066619873,0.7230129837989807,2.681769371032715,0.18349991738796234,3.9155590534210205,0.8336324691772461,2.867884635925293,0.3097819983959198,3.7958881855010986,1.0218127965927124,2.5743987560272217,0.15757408738136292,2.5533719062805176,0.15463167428970337,4.1426777839660645,1.1314619779586792,4.4035468101501465,0.8028637766838074
UPMC_c006_v001_r001_reg058,3.1465675830841064,0.19236861169338226,3.6791915893554688,0.3254416286945343,3.2041738033294678,0.20088276267051697,3.003445863723755,0.1775280386209488,3.120577335357666,0.5158550143241882,3.112123727798462,0.2836686968803406,3.1933536529541016,0.26274874806404114,3.0726866722106934,0.26039108633995056,3.015124559402466,0.1920793652534485,2.89412784576416,0.2688177227973938,3.8370158672332764,0.29796478152275085,3.327819347381592,0.44820985198020935,2.889334201812744,0.25901591777801514,2.79663348197937,0.4155348241329193,2.6470906734466553,0.2898705005645752,4.212792873382568,0.4609646499156952,2.863982677459717,0.31710395216941833,3.7554585933685303,0.47845906019210815,5.557782173156738,0.43443211913108826,2.9785337448120117,0.38351157307624817,2.662680149078369,0.12727351486682892,3.174091100692749,0.5664252042770386,2.640791177749634,0.16739152371883392,4.416350841522217,1.4621713161468506,2.5620782375335693,0.13933560252189636,2.6912972927093506,0.20766855776309967,4.7329912185668945,0.9746280312538147,3.6497249603271484,1.2233881950378418
UPMC_c006_v001_r001_reg060,3.605656623840332,0.2284015566110611,4.232453346252441,0.386907160282135,3.723914623260498,0.23643764853477478,3.3322999477386475,0.4378090798854828,3.2475662231445312,0.46025389432907104,3.2358646392822266,0.21869352459907532,3.3683817386627197,0.2906235456466675,3.0751309394836426,0.20892232656478882,3.419879674911499,0.2098560631275177,3.440340280532837,0.5878092050552368,4.385163307189941,0.4568299353122711,5.0261101722717285,0.7571729421615601,2.9756181240081787,0.33045047521591187,4.254990577697754,0.8377878665924072,3.0787622928619385,0.4009820818901062,5.05731725692749,0.4848161041736603,3.4223554134368896,0.42747312784194946,4.455136299133301,0.7047995924949646,6.494668483734131,0.26476016640663147,3.5537519454956055,0.5521776676177979,2.7570013999938965,0.17606264352798462,4.294678688049316,0.6393123865127563,2.8136932849884033,0.19855748116970062,3.788653612136841,0.5895000696182251,2.587507963180542,0.13639037311077118,2.9242289066314697,0.1457398235797882,4.9848103523254395,0.6449229717254639,3.622361421585083,0.7772014737129211
UPMC_c006_v001_r001_reg061,3.292189121246338,0.2420070320367813,3.9880855083465576,0.3469252586364746,3.3601768016815186,0.2024899423122406,3.001136064529419,0.15981249511241913,3.3251378536224365,0.6502866148948669,3.039442539215088,0.25317320227622986,3.287607431411743,0.2844286859035492,3.050931453704834,0.1860126405954361,3.2116165161132812,0.19702652096748352,2.951233386993408,0.15485481917858124,3.8241219520568848,0.18872292339801788,3.6205029487609863,0.4022952914237976,3.1052780151367188,0.4308711886405945,3.2755982875823975,0.43981754779815674,3.1713292598724365,0.4235345721244812,4.225611686706543,0.33446693420410156,3.3740732669830322,0.31930530071258545,3.9315602779388428,0.3457828462123871,5.600244998931885,0.46712782979011536,4.304206371307373,0.35661232471466064,2.7023935317993164,0.12529273331165314,3.160097599029541,0.38034385442733765,2.8092520236968994,0.19469158351421356,3.910050392150879,1.1291965246200562,2.608616352081299,0.15061640739440918,2.7980434894561768,0.21358267962932587,4.757366180419922,0.5251222252845764,4.324512481689453,0.9326451420783997
UPMC_c006_v001_r001_reg062,3.607612371444702,0.2656328082084656,3.9069244861602783,0.4223213195800781,3.599879741668701,0.25717321038246155,3.0992414951324463,0.3507537841796875,3.15459942817688,0.4196513295173645,3.1479439735412598,0.4166116416454315,3.1643476486206055,0.4012710452079773,3.096233606338501,0.32104378938674927,3.0302298069000244,0.243894562125206,3.306636095046997,0.5328770279884338,4.078562259674072,0.34528252482414246,4.120855331420898,0.8625794053077698,3.1618874073028564,0.5048441886901855,2.9514522552490234,0.791971743106842,2.7028355598449707,0.41101327538490295,4.293240547180176,0.4427453577518463,3.2314226627349854,0.43041062355041504,4.275387287139893,0.8889341354370117,5.919942855834961,0.34378308057785034,3.7543017864227295,0.49973317980766296,2.68526029586792,0.15588264167308807,3.8432257175445557,0.7056592106819153,2.814692497253418,0.22853082418441772,4.537875175476074,1.164663553237915,2.5837948322296143,0.13735193014144897,2.589109420776367,0.16775837540626526,4.959959030151367,1.0060675144195557,3.7268829345703125,1.1328144073486328
UPMC_c006_v001_r001_reg063,3.7835514545440674,0.33731740713119507,4.581602096557617,0.5551547408103943,3.6017887592315674,0.31866854429244995,3.326475143432617,0.3319908380508423,3.880251884460449,0.9675886034965515,2.859454870223999,0.35703375935554504,3.081599712371826,0.18864625692367554,3.074017286300659,0.28861209750175476,3.019681215286255,0.3510769009590149,3.508606433868408,0.6515190601348877,4.269157886505127,0.4607809782028198,4.603052139282227,0.8602722883224487,2.8626627922058105,0.4993237257003784,3.2613608837127686,0.9044743776321411,2.6373324394226074,0.5751534700393677,5.187310695648193,0.6423967480659485,3.260535955429077,0.5131963491439819,4.768875598907471,1.0376309156417847,5.480830669403076,0.47637760639190674,2.9351000785827637,0.9152939319610596,2.7428035736083984,0.21398749947547913,4.112462520599365,0.6408782601356506,2.7037594318389893,0.27487945556640625,3.604625940322876,0.5768932104110718,2.5973970890045166,0.152568519115448,2.599653482437134,0.15959136188030243,4.542301654815674,0.9451905488967896,3.6500861644744873,1.2210057973861694
UPMC_c006_v001_r001_reg064,3.8089208602905273,0.2064720094203949,3.8537845611572266,0.41180863976478577,3.5391616821289062,0.21385815739631653,3.113708734512329,0.35300296545028687,3.1008541584014893,0.3018481731414795,3.435992479324341,0.5693440437316895,3.2525293827056885,0.25840553641319275,3.2026026248931885,0.4056089222431183,2.4716238975524902,0.24021407961845398,3.248544692993164,0.5467186570167542,4.3627519607543945,0.43957018852233887,4.058535099029541,0.8676857352256775,2.9847631454467773,0.5924780964851379,2.6340131759643555,0.8506667017936707,2.6489038467407227,0.35359957814216614,3.96118426322937,0.3343808352947235,3.1358327865600586,0.40692055225372314,4.544383525848389,0.6317774653434753,6.276581764221191,0.37333327531814575,2.2998697757720947,0.5127788186073303,2.702465295791626,0.15914663672447205,3.01017427444458,0.4160462021827698,2.5100088119506836,0.3185720145702362,5.2525787353515625,1.0724345445632935,2.5821661949157715,0.14820902049541473,2.5715696811676025,0.14911240339279175,5.128647327423096,1.1114046573638916,3.6287782192230225,1.205236554145813
UPMC_c006_v001_r001_reg065,3.915363073348999,0.33399656414985657,3.562387228012085,0.486894816160202,3.4331252574920654,0.19495996832847595,3.112077474594116,0.40365028381347656,2.989342212677002,0.24272455275058746,2.9278814792633057,0.2745743691921234,3.4092724323272705,0.6778334975242615,3.2277021408081055,0.47606563568115234,2.3720672130584717,0.2463262975215912,3.6727371215820312,0.8442294001579285,4.649159908294678,0.4975203275680542,4.660776138305664,1.2288144826889038,3.5320022106170654,0.9380384087562561,3.3143084049224854,1.6056932210922241,2.286637783050537,0.4306342303752899,4.0552659034729,0.4679604172706604,2.9858949184417725,0.47879597544670105,5.238603115081787,1.2275749444961548,6.306285858154297,0.3214186429977417,1.817492127418518,0.555354654788971,2.770667314529419,0.27699902653694153,3.660895347595215,0.8367609977722168,2.9626588821411133,0.38946405053138733,5.580375671386719,1.2639390230178833,2.6216185092926025,0.15239427983760834,2.562023401260376,0.13264252245426178,4.779767036437988,1.3244874477386475,4.049810409545898,1.1001367568969727
UPMC_c006_v001_r001_reg066,3.8085052967071533,0.1871427744626999,3.2827348709106445,0.748185932636261,3.501823902130127,0.16946834325790405,2.90453839302063,0.3506249487400055,3.4338252544403076,0.9748722314834595,2.801082134246826,0.33908650279045105,2.993995428085327,0.19861091673374176,3.031205892562866,0.3087384104728699,2.871581554412842,0.19272448122501373,3.1999599933624268,0.42791858315467834,4.288112163543701,0.37508493661880493,3.810990571975708,0.8697096705436707,3.662734031677246,0.49747079610824585,2.7849478721618652,0.8546976447105408,2.854687213897705,0.3283676505088806,4.7585835456848145,0.5274186730384827,2.86196231842041,0.4353303015232086,4.0741286277771,0.5427151322364807,6.307454586029053,0.33502987027168274,2.020110607147217,0.5327889919281006,2.6862449645996094,0.16163697838783264,2.8940954208374023,0.4222465455532074,2.893706798553467,0.24036644399166107,5.0758957862854,1.3021671772003174,2.595425605773926,0.17581182718276978,2.5466935634613037,0.17618714272975922,4.739146709442139,1.171317219734192,4.419020652770996,0.9641085863113403
UPMC_c007_v001_r001_reg001,3.585750102996826,0.16746138036251068,4.15961217880249,0.6774131655693054,3.775327444076538,0.23186025023460388,4.035284996032715,0.6504727005958557,5.0308942794799805,1.1266005039215088,4.758157253265381,1.0304335355758667,4.540219306945801,0.5705474615097046,3.8938913345336914,0.5532804131507874,3.11885666847229,0.17401491105556488,4.422889232635498,0.7210271954536438,4.38845682144165,0.706631064414978,5.600654602050781,0.8799505829811096,4.2517852783203125,0.4968833923339844,4.830580234527588,0.9781820178031921,3.754035234451294,0.30561143159866333,5.190686225891113,0.6167108416557312,3.732835531234741,0.3404260575771332,5.796234607696533,1.1956572532653809,7.2340407371521,0.2637730836868286,3.7638916969299316,0.35096144676208496,3.4112963676452637,0.5293254852294922,4.527101039886475,0.8043719530105591,3.354402780532837,0.2604231536388397,4.306390285491943,0.8531219363212585,3.2356739044189453,0.2635573446750641,3.0746848583221436,0.1937815099954605,4.857128143310547,1.1858099699020386,5.293705463409424,1.2495743036270142
UPMC_c007_v001_r001_reg002,3.546912670135498,0.2686059772968292,4.435408115386963,1.1850295066833496,3.770594835281372,0.21921397745609283,4.056457996368408,0.6690080761909485,4.96246862411499,1.3119748830795288,4.4533843994140625,0.8802218437194824,4.855709075927734,0.6767091751098633,4.065472602844238,0.822593092918396,3.1435399055480957,0.27951809763908386,3.9226913452148438,0.3278198838233948,4.239754676818848,0.5646638870239258,4.828706741333008,0.7910083532333374,4.327994346618652,0.420887291431427,3.580368757247925,0.9008769989013672,3.4459784030914307,0.40467944741249084,4.997138023376465,0.6660423874855042,3.478440046310425,0.5346747636795044,3.3998324871063232,0.7186577320098877,7.289391040802002,0.46952423453330994,3.3410098552703857,0.6808696389198303,3.091456174850464,0.31582197546958923,4.021438121795654,0.7048184275627136,3.563978910446167,0.23098482191562653,4.12863302230835,1.206959843635559,3.161900520324707,0.202864408493042,3.057394027709961,0.21509678661823273,4.67153263092041,1.0919387340545654,4.952723026275635,1.8562984466552734
UPMC_c007_v001_r001_reg003,3.6512880325317383,0.2914067208766937,5.32241678237915,2.322373151779175,3.533809185028076,0.34744665026664734,4.602729320526123,0.8192639350891113,6.095516681671143,2.007497549057007,3.968662977218628,0.8825824856758118,4.619225025177002,0.6322439312934875,4.005620002746582,0.6938945055007935,3.0146288871765137,0.30435463786125183,4.047661304473877,0.5453320741653442,4.4079155921936035,0.7342121601104736,5.590095043182373,0.9309806823730469,3.9871091842651367,0.4406917989253998,3.797069787979126,1.3920159339904785,3.333956241607666,0.5527933835983276,5.986982822418213,0.7512561082839966,2.7715907096862793,0.7485725283622742,3.7901129722595215,1.2935528755187988,7.720182418823242,0.4519140422344208,2.9364726543426514,0.5801406502723694,3.198598623275757,0.3746124804019928,4.541836738586426,0.7582266330718994,3.446824073791504,0.23296178877353668,3.2975246906280518,0.838452935218811,3.2023308277130127,0.2355881929397583,3.204556941986084,0.24289117753505707,3.822129964828491,1.1402826309204102,6.687706470489502,1.3621834516525269
UPMC_c007_v001_r001_reg004,2.949331521987915,0.2847607433795929,3.7250118255615234,0.5076808333396912,2.860713005065918,0.30225351452827454,3.6063919067382812,0.4701366126537323,4.825324535369873,1.27534818649292,4.3905839920043945,0.9019075632095337,4.230010032653809,0.48209261894226074,3.6976914405822754,0.6936023235321045,2.4344139099121094,0.35091423988342285,3.5881268978118896,0.26869770884513855,3.8208446502685547,0.5012513399124146,3.7307050228118896,0.6590453386306763,3.944897413253784,0.26741304993629456,3.1657299995422363,0.7010762691497803,3.5878746509552,0.32997775077819824,4.360095977783203,0.684969425201416,3.2561800479888916,0.38998422026634216,3.6952850818634033,0.6880908608436584,6.903355121612549,0.5912695527076721,3.327118396759033,0.4755208194255829,2.9463186264038086,0.21310776472091675,3.372720718383789,0.4410930275917053,3.088296890258789,0.18217937648296356,4.023629188537598,0.8466156125068665,3.110031843185425,0.15608179569244385,3.0636723041534424,0.1698482781648636,4.427431583404541,1.081276535987854,4.6165900230407715,1.7988474369049072
UPMC_c007_v001_r001_reg005,3.1146929264068604,0.21538160741329193,3.254824161529541,0.6707117557525635,3.4817187786102295,0.2258862406015396,3.605353355407715,0.536685585975647,4.828799247741699,1.2388916015625,4.58326530456543,0.9207333326339722,4.791650772094727,0.7195473909378052,4.023509979248047,0.5820809006690979,2.9725046157836914,0.20286907255649567,3.5289673805236816,0.2393077313899994,4.189258098602295,0.4035581648349762,4.121163845062256,0.622654914855957,3.843923330307007,0.33510416746139526,2.511117696762085,0.8050322532653809,3.430844783782959,0.36344993114471436,4.603126525878906,0.6059125661849976,2.7064049243927,0.5499921441078186,2.6452884674072266,0.8729045987129211,6.825212001800537,0.5606676340103149,3.177349090576172,0.6183921098709106,2.9884326457977295,0.18002201616764069,3.5788979530334473,0.544884204864502,3.2687644958496094,0.15378554165363312,4.394412994384766,1.2800761461257935,3.1409332752227783,0.11567902565002441,3.0675179958343506,0.12213704735040665,4.8684539794921875,1.0844968557357788,4.095484733581543,1.53175950050354
UPMC_c007_v001_r001_reg006,3.2644410133361816,0.2287922352552414,2.421595335006714,1.0419987440109253,3.3733022212982178,0.3103827238082886,3.779468059539795,0.8185784220695496,4.64941930770874,0.8549849390983582,4.490019798278809,0.8930403590202332,4.617085933685303,0.760067880153656,3.7312612533569336,0.43162381649017334,2.9480926990509033,0.2770567238330841,3.599339723587036,0.37770843505859375,4.07083797454834,0.6094762682914734,4.213904857635498,0.8702306747436523,3.6210272312164307,0.4519061744213104,2.6648764610290527,1.2017252445220947,3.4034109115600586,0.5573655962944031,4.809095859527588,0.5721550583839417,2.171096086502075,0.7849989533424377,2.495687246322632,1.2223020792007446,6.821229934692383,0.5441066026687622,3.023470163345337,0.8065967559814453,2.9791433811187744,0.27127915620803833,3.8462629318237305,0.8327688574790955,3.223504066467285,0.16976477205753326,3.8600339889526367,1.171113133430481,3.147871494293213,0.206325963139534,3.0807886123657227,0.21507631242275238,4.954504489898682,0.9681296348571777,4.443229675292969,1.7620614767074585
UPMC_c007_v001_r001_reg007,3.42824649810791,0.16983123123645782,4.234752655029297,0.6466056704521179,3.8591830730438232,0.3366655707359314,4.158390045166016,0.5748296976089478,4.083142280578613,0.4223957061767578,3.651733160018921,0.5800567269325256,6.438536167144775,1.3865994215011597,3.9243052005767822,0.485451877117157,2.9075729846954346,0.17720793187618256,4.666738033294678,0.8728175759315491,5.395278453826904,0.8526419401168823,6.286027431488037,0.9218844771385193,5.6934380531311035,1.003872275352478,5.092634677886963,1.3399057388305664,3.8446497917175293,0.2554677128791809,4.813406944274902,0.465602308511734,3.4225127696990967,0.36395564675331116,4.506843090057373,1.2386584281921387,6.924068927764893,0.32039791345596313,3.57987904548645,0.41120320558547974,3.1135895252227783,0.2550545632839203,5.2412567138671875,1.0788285732269287,3.424269199371338,0.2884981632232666,4.273172855377197,1.0834662914276123,3.3482794761657715,0.2756139934062958,3.1729416847229004,0.13643509149551392,3.419401168823242,0.9190511703491211,6.481678485870361,0.8807563781738281
UPMC_c007_v001_r001_reg008,3.272446632385254,0.1511242687702179,3.635603904724121,0.3457055389881134,3.6109542846679688,0.24931415915489197,3.6892454624176025,0.8690919280052185,4.121481418609619,0.7082332968711853,4.7107415199279785,0.9459726214408875,4.4164958000183105,0.6560174822807312,3.6776256561279297,0.4679490327835083,2.978773593902588,0.13176000118255615,3.5985302925109863,0.5817040205001831,4.03199577331543,0.5382668375968933,4.358376979827881,1.0887378454208374,3.7281205654144287,0.5299238562583923,3.8481204509735107,0.9140573143959045,3.6646599769592285,0.19438587129116058,4.20674991607666,0.7152537703514099,3.2307567596435547,0.31973013281822205,4.2422075271606445,1.2087557315826416,6.5896687507629395,0.49406713247299194,3.6930594444274902,0.38126567006111145,3.0134453773498535,0.2774941623210907,4.430098056793213,0.9392791986465454,3.1543827056884766,0.23321533203125,4.187845706939697,1.063162088394165,3.062033176422119,0.1348571479320526,3.133455991744995,0.17873701453208923,4.710780143737793,0.9913669228553772,4.493175029754639,1.6051210165023804
UPMC_c007_v001_r001_reg009,3.31304669380188,0.17545393109321594,4.3894944190979,0.8404127955436707,3.5005571842193604,0.22810523211956024,4.158713340759277,0.8123862743377686,4.748810768127441,1.1333863735198975,3.4677131175994873,0.5267961025238037,4.0433669090271,0.43950584530830383,3.6052541732788086,0.5589302778244019,3.0259435176849365,0.16799350082874298,3.5817766189575195,0.5569354295730591,4.148789405822754,0.6071173548698425,4.605706214904785,1.054224967956543,3.667222738265991,0.3742024302482605,3.938251256942749,0.932951807975769,3.7360308170318604,0.21008586883544922,4.771516799926758,0.6479868292808533,3.260545015335083,0.298801064491272,4.068697929382324,1.214471697807312,6.704042434692383,0.485951691865921,3.7215495109558105,0.3191099762916565,3.0930423736572266,0.4035983979701996,3.9276156425476074,0.6996567845344543,3.1283693313598633,0.1938956379890442,4.153283596038818,1.1831998825073242,3.0871078968048096,0.1868610382080078,3.0748229026794434,0.1854979246854782,3.679124116897583,0.791712760925293,4.909498691558838,1.6913557052612305
UPMC_c007_v001_r001_reg010,3.285592794418335,0.23677857220172882,4.686004161834717,1.2236863374710083,3.4157967567443848,0.3190224766731262,4.325685501098633,1.0483065843582153,5.1172614097595215,1.8353151082992554,4.337513446807861,1.148486852645874,4.228754043579102,0.5563663244247437,3.6916966438293457,0.7325306534767151,2.9260897636413574,0.25121378898620605,3.375904083251953,0.4547974169254303,4.080109119415283,0.5957573652267456,4.737462520599365,1.042798638343811,3.643432378768921,0.39217516779899597,3.892634868621826,1.0031298398971558,3.742328643798828,0.3191774785518646,5.339537620544434,0.6455074548721313,3.1797685623168945,0.4018895924091339,3.486693859100342,0.6288802027702332,7.074841022491455,0.5299776196479797,3.7164924144744873,0.33218464255332947,2.970435857772827,0.3422825336456299,3.7660388946533203,0.7560390830039978,3.0519485473632812,0.27611157298088074,3.8464996814727783,0.8211942911148071,3.0619964599609375,0.27433323860168457,3.068340301513672,0.2832726240158081,4.2629523277282715,1.1661564111709595,4.882895469665527,1.819989800453186
UPMC_c007_v001_r001_reg011,3.5399162769317627,0.20258492231369019,4.018844127655029,0.3771618604660034,3.700204372406006,0.3484005630016327,3.7847251892089844,0.4178156554698944,4.080038070678711,0.4792015552520752,3.3159592151641846,0.21134519577026367,6.378420352935791,0.8702125549316406,3.9950051307678223,0.6277703046798706,2.9007954597473145,0.16932718455791473,5.395766735076904,0.6139640212059021,5.9533538818359375,0.5891510248184204,6.831109523773193,0.4386657476425171,6.026383876800537,0.5846512317657471,5.369851589202881,0.9155117273330688,3.940363645553589,0.20529010891914368,4.976992607116699,0.48987215757369995,3.177609920501709,0.30796679854393005,5.435330390930176,1.0013577938079834,7.421626567840576,0.2767711877822876,3.661885976791382,0.3498789668083191,2.956838607788086,0.35752642154693604,4.864083290100098,0.778668999671936,3.390179395675659,0.3760954439640045,3.8722095489501953,0.7166589498519897,3.1716597080230713,0.2623659372329712,3.119781732559204,0.16629861295223236,2.881728410720825,0.22475680708885193,6.544190406799316,0.4291692078113556
UPMC_c007_v001_r001_reg012,3.384550094604492,0.23466747999191284,4.182124137878418,0.6073282361030579,3.5447866916656494,0.26069125533103943,4.266784191131592,0.8268979787826538,3.897102117538452,0.66635662317276,3.7756130695343018,1.0489282608032227,5.005552291870117,1.2703200578689575,4.297535419464111,0.9980131387710571,2.9881560802459717,0.24602381885051727,3.9209930896759033,0.7855966687202454,4.620963096618652,0.7049710154533386,5.639194011688232,0.9434443712234497,4.809779167175293,0.9133015871047974,4.603427410125732,1.114151954650879,3.79978346824646,0.26607200503349304,4.927797317504883,0.5163350701332092,3.2763257026672363,0.327356219291687,4.4263482093811035,1.245945930480957,7.086312770843506,0.3790399432182312,3.8119561672210693,0.3059237599372864,3.067382574081421,0.38707777857780457,4.736267566680908,1.0612283945083618,3.282498836517334,0.3578409254550934,3.923882484436035,0.8397663235664368,3.203321695327759,0.2853502035140991,3.1407668590545654,0.23542895913124084,3.632817268371582,1.149922490119934,6.128903388977051,1.0008798837661743
UPMC_c007_v001_r001_reg013,3.231633424758911,0.1689242422580719,5.542236804962158,1.5138970613479614,3.35058331489563,0.23613061010837555,3.5838582515716553,0.469623863697052,6.304229259490967,1.485543131828308,5.030060291290283,0.9397039413452148,4.202670097351074,0.6343587040901184,3.465548276901245,0.25969889760017395,2.9740941524505615,0.14842703938484192,3.115572690963745,0.1383456289768219,3.7014360427856445,0.2762448787689209,4.3228230476379395,0.8660776615142822,3.7565643787384033,0.2946697473526001,3.923215627670288,0.6823740601539612,3.646327495574951,0.21817509829998016,5.714624404907227,0.4879133999347687,3.1194372177124023,0.27967357635498047,3.147941827774048,0.3405914008617401,7.1191205978393555,0.5038483142852783,3.8960962295532227,0.2567937672138214,3.0004703998565674,0.2051829695701599,3.2907605171203613,0.40330085158348083,3.060020685195923,0.13461631536483765,3.7748966217041016,0.7058169841766357,3.0452897548675537,0.15273670852184296,3.02107572555542,0.17519767582416534,5.076740264892578,0.9256854057312012,3.6667087078094482,1.2551705837249756
UPMC_c007_v001_r001_reg014,3.4257025718688965,0.19173289835453033,3.3887722492218018,0.7334361672401428,3.676351547241211,0.2339853197336197,4.526382923126221,0.8287363648414612,3.946524143218994,0.31305578351020813,4.923501968383789,0.8600858449935913,5.375370025634766,0.8634384274482727,4.095457077026367,0.5177700519561768,3.0957202911376953,0.2615947425365448,3.855283737182617,0.744914174079895,4.709615230560303,0.5374593734741211,5.613635540008545,0.9362955689430237,4.469167232513428,0.8634668588638306,4.565777778625488,1.1816993951797485,3.4394748210906982,0.4027961194515228,5.351319789886475,0.606622576713562,2.6482672691345215,0.6723368167877197,4.158604621887207,1.3784407377243042,6.850664138793945,0.3245975971221924,3.2446675300598145,0.5667770504951477,3.1530447006225586,0.439522922039032,4.422845840454102,0.9177250862121582,3.335008144378662,0.24211286008358002,5.787464618682861,1.3126587867736816,3.1495022773742676,0.15139734745025635,3.10333251953125,0.12721893191337585,5.000820636749268,0.9188486337661743,5.603277206420898,1.0268069505691528
UPMC_c007_v001_r001_reg015,3.2846264839172363,0.1745404452085495,3.6959969997406006,0.6011294722557068,3.433509111404419,0.24038977921009064,4.006901741027832,0.8994213938713074,4.719125747680664,1.3385436534881592,4.03510046005249,1.1609700918197632,3.977217674255371,0.5071788430213928,3.7260947227478027,0.7296894788742065,3.089273691177368,0.160947784781456,3.6403768062591553,0.6551747918128967,4.088226318359375,0.5435253977775574,4.5321855545043945,0.9553201198577881,3.80470871925354,0.4406101405620575,4.0555620193481445,0.7982959747314453,3.5486438274383545,0.2607492208480835,4.8279218673706055,0.6830447316169739,3.10368275642395,0.3154766261577606,4.283740997314453,1.4740501642227173,6.630667209625244,0.4622228145599365,3.6943516731262207,0.34733694791793823,2.973703622817993,0.2513354420661926,3.8504526615142822,0.839751660823822,3.160022735595703,0.17100413143634796,4.326662540435791,1.0775105953216553,3.063826560974121,0.14511215686798096,3.0304973125457764,0.1362672597169876,4.093060493469238,1.2134649753570557,5.507518768310547,1.3784812688827515
UPMC_c007_v001_r001_reg017,3.211897134780884,0.34208571910858154,1.973304033279419,1.0054081678390503,3.3619866371154785,0.4152907431125641,3.7934927940368652,0.7839349508285522,4.317780017852783,1.051386833190918,3.9897143840789795,0.910860002040863,4.413679122924805,0.8332715034484863,3.7861363887786865,0.662636935710907,3.0622313022613525,0.3184184730052948,3.4300193786621094,0.4089415669441223,4.014089107513428,0.6733676195144653,4.223103046417236,0.9438866972923279,3.535142183303833,0.5228628516197205,2.6698527336120605,1.2945748567581177,2.9383206367492676,0.6775677800178528,4.266103267669678,0.7757939696311951,2.0565543174743652,0.8383992314338684,2.4242706298828125,1.2292518615722656,6.5037970542907715,0.46494340896606445,2.774634838104248,0.891818106174469,3.003798723220825,0.28656429052352905,3.4803431034088135,0.6540970206260681,3.28127384185791,0.18623341619968414,4.398163318634033,1.1028177738189697,3.0553712844848633,0.1210993081331253,3.0266950130462646,0.1601991355419159,4.2160234451293945,1.1483657360076904,5.026091575622559,1.7508870363235474
UPMC_c007_v001_r001_reg018,3.339418649673462,0.291407972574234,4.133147716522217,0.5808410048484802,3.5098283290863037,0.2762985825538635,4.259232997894287,0.7745121121406555,4.3059563636779785,0.9406545162200928,4.551948070526123,1.38607656955719,4.889128684997559,0.7126350402832031,4.089202880859375,0.7355106472969055,2.9678754806518555,0.19702772796154022,3.635104179382324,0.5641835927963257,4.448940753936768,0.7321520447731018,4.903721809387207,0.9655391573905945,4.407678604125977,0.5159130096435547,4.143973350524902,0.8504927754402161,3.6983773708343506,0.3534584939479828,5.157942295074463,0.6939774751663208,3.2528421878814697,0.49319106340408325,3.918098211288452,0.9729472994804382,6.7341694831848145,0.5578931570053101,3.9692413806915283,0.4141477048397064,3.059654951095581,0.291236937046051,3.882416009902954,0.9092870354652405,3.3567190170288086,0.17701204121112823,4.598939418792725,0.9736329913139343,3.164008617401123,0.21173305809497833,3.113907814025879,0.27367520332336426,4.537290096282959,1.4972617626190186,6.0913286209106445,1.5971810817718506
UPMC_c007_v001_r001_reg019,3.515347719192505,0.1900067776441574,4.163724422454834,0.575614869594574,3.617194414138794,0.22243598103523254,3.6975574493408203,0.6336455345153809,5.166230201721191,1.2269935607910156,4.357680797576904,0.7630372047424316,4.686842918395996,0.6530289649963379,3.677036762237549,0.541660487651825,3.314107894897461,0.21529166400432587,3.5745136737823486,0.45820820331573486,4.127367973327637,0.3901804983615875,4.494566917419434,0.6888346672058105,4.246346950531006,0.28206390142440796,3.9965248107910156,0.7361717820167542,3.8945913314819336,0.28107574582099915,4.583021640777588,0.44219598174095154,3.35211181640625,0.4390875995159149,4.0651679039001465,0.999096691608429,6.578556537628174,0.49520739912986755,3.9246671199798584,0.5106807947158813,3.057302713394165,0.25806355476379395,3.5529372692108154,0.5590968728065491,3.476435899734497,0.1835092157125473,4.780397891998291,0.8369520902633667,3.1213815212249756,0.15136535465717316,3.067176580429077,0.14291085302829742,4.7944016456604,0.7736935615539551,4.334872245788574,1.665980577468872
UPMC_c007_v001_r001_reg021,3.7472968101501465,0.2567581832408905,4.535347938537598,0.661846935749054,3.6767184734344482,0.2443714737892151,4.279810428619385,0.8764539361000061,4.282654762268066,1.2506191730499268,4.142909526824951,1.1260218620300293,4.931695461273193,0.8040351867675781,4.272497177124023,0.9226285815238953,3.508955478668213,0.2356168031692505,3.6923952102661133,0.5237762331962585,4.401727676391602,0.6452550292015076,5.114850044250488,0.8369004726409912,4.859155178070068,0.5024967193603516,4.582276821136475,0.5927248597145081,4.1216535568237305,0.4136345386505127,4.970790386199951,0.5627256035804749,4.281216621398926,0.31781625747680664,4.350401878356934,0.6320568919181824,6.984672546386719,0.5036270022392273,4.120006561279297,0.3718913793563843,2.9971866607666016,0.3858674168586731,3.8907721042633057,0.6659468412399292,3.6668014526367188,0.17391818761825562,4.53311824798584,0.7249900102615356,3.1398584842681885,0.33656662702560425,3.0477609634399414,0.34276723861694336,4.346481800079346,1.1231403350830078,6.0538458824157715,1.5481404066085815
UPMC_c007_v001_r001_reg024,3.3666515350341797,0.18885119259357452,4.2498626708984375,0.3232291638851166,3.7000579833984375,0.19953203201293945,3.4404211044311523,0.2975400686264038,3.9283759593963623,0.6869972944259644,4.785188674926758,0.8559808731079102,4.267978191375732,0.43577831983566284,3.945953130722046,0.5118780136108398,3.256016969680786,0.17056268453598022,3.5231640338897705,0.1921633929014206,4.2501373291015625,0.29983556270599365,3.9862756729125977,0.3489024341106415,4.374013900756836,0.22772812843322754,4.183000564575195,0.25364238023757935,4.016216278076172,0.2480764240026474,4.323036193847656,0.3892359733581543,4.224964141845703,0.18849873542785645,3.882612466812134,0.27624478936195374,6.773426532745361,0.4064478278160095,4.257092475891113,0.30354416370391846,2.889281988143921,0.15584038197994232,3.7058587074279785,0.4540228843688965,3.5580451488494873,0.1506953090429306,5.56336784362793,1.1309905052185059,2.996537685394287,0.13768881559371948,2.920233726501465,0.14763464033603668,5.039584636688232,0.8349061608314514,4.182959079742432,1.540961503982544
UPMC_c007_v001_r001_reg025,3.3906712532043457,0.22973474860191345,4.775201320648193,1.4719855785369873,3.6708645820617676,0.25882774591445923,4.0572428703308105,0.6210973858833313,5.449410915374756,1.649914264678955,3.9653193950653076,0.9377349615097046,4.78560209274292,0.6543629169464111,4.0880842208862305,0.7504878044128418,3.299715518951416,0.2700220048427582,3.760427236557007,0.6223522424697876,4.4174604415893555,0.5806823372840881,5.098451614379883,0.8601899743080139,4.49044132232666,0.6457289457321167,4.255045413970947,0.8000063896179199,3.817169189453125,0.3345981538295746,5.3084716796875,0.7163107395172119,3.5989480018615723,0.47051483392715454,3.6702334880828857,1.1345336437225342,7.159975528717041,0.4693080186843872,3.8660714626312256,0.4423854649066925,3.1902101039886475,0.35845062136650085,3.7994463443756104,0.7545890212059021,3.5434513092041016,0.29329678416252136,4.372772216796875,1.0113178491592407,3.131805181503296,0.1718367040157318,3.1367688179016113,0.1858251839876175,4.155162811279297,1.1016019582748413,6.0831522941589355,1.6434699296951294
UPMC_c007_v001_r001_reg026,2.629720687866211,0.8373987674713135,2.9580583572387695,1.1147626638412476,2.9548802375793457,0.7183604836463928,4.213583946228027,0.650753915309906,4.251997470855713,0.6530789136886597,4.007871627807617,0.862331211566925,4.460358619689941,0.6221415996551514,3.715546131134033,0.6736206412315369,3.080810546875,0.6482072472572327,3.6964235305786133,0.421297162771225,4.626125335693359,0.6041566729545593,5.129567623138428,0.9458446502685547,2.8568551540374756,0.9451230764389038,3.6953072547912598,1.3088871240615845,2.1881792545318604,1.0518373250961304,5.433328628540039,0.9022634625434875,1.307414174079895,1.0249089002609253,1.7805806398391724,1.447238802909851,7.184929847717285,0.3660077750682831,3.0969719886779785,1.1464099884033203,3.0862159729003906,0.28657886385917664,3.909961223602295,1.073820948600769,2.8100075721740723,0.4722990095615387,4.608193397521973,1.3341906070709229,3.0332753658294678,0.14331066608428955,3.102330446243286,0.16391310095787048,3.8608224391937256,1.1374642848968506,5.428730010986328,1.4201879501342773
UPMC_c007_v001_r001_reg027,3.227597713470459,0.21882373094558716,3.5707247257232666,0.8828991651535034,3.683682441711426,0.2980610728263855,4.204598903656006,0.7291393876075745,4.1012864112854,0.8716320395469666,4.6884684562683105,0.7806944251060486,4.411942481994629,0.6890589594841003,4.183920860290527,0.5811570286750793,3.0630931854248047,0.24553708732128143,3.8513360023498535,0.683868944644928,4.537755966186523,0.566146969795227,5.276020050048828,0.9212720990180969,3.5922629833221436,0.7981565594673157,4.4371724128723145,0.9358285665512085,3.391571044921875,0.3946242928504944,5.677369594573975,0.7684424519538879,3.064847707748413,0.4187939465045929,4.475723743438721,1.6087887287139893,6.607386589050293,0.2938227355480194,3.5717926025390625,0.5227364301681519,3.218472480773926,0.48920121788978577,5.985095500946045,0.7719635367393494,3.144500732421875,0.2435041218996048,6.23132848739624,1.5090410709381104,3.1073577404022217,0.23868243396282196,3.0922131538391113,0.20509949326515198,4.968724250793457,0.9062357544898987,5.549770355224609,1.3351863622665405
UPMC_c007_v001_r001_reg029,3.2012484073638916,0.27184200286865234,3.8242485523223877,0.8201299905776978,3.468820810317993,0.2648780941963196,3.7981905937194824,0.6420662999153137,4.511407852172852,1.2987197637557983,3.918701648712158,1.2025588750839233,5.5285749435424805,1.3496379852294922,4.241703510284424,0.9465274810791016,3.0806541442871094,0.2447660118341446,3.7247159481048584,0.7809677124023438,4.619056224822998,0.8358463048934937,5.1186933517456055,1.225024700164795,4.780467510223389,1.1778194904327393,4.424987316131592,1.175490140914917,3.3302788734436035,0.3689570426940918,4.635782241821289,0.5455629825592041,2.842616558074951,0.47268515825271606,4.082004547119141,1.6941107511520386,6.553213119506836,0.43443089723587036,3.729644536972046,0.47437357902526855,2.994983434677124,0.1936374008655548,4.176955699920654,1.1053885221481323,3.096830368041992,0.19586621224880219,4.10338830947876,1.2495934963226318,3.0519955158233643,0.1484544426202774,3.0219993591308594,0.14626893401145935,3.8633077144622803,1.3451013565063477,5.9420342445373535,1.222759485244751
UPMC_c007_v001_r001_reg031,3.300990104675293,0.1533239334821701,3.997234582901001,0.8143737316131592,3.5843706130981445,0.1849476397037506,3.626896619796753,0.6585492491722107,3.9633026123046875,0.882481575012207,4.9605021476745605,0.9587788581848145,4.602052211761475,0.9569106101989746,3.902895927429199,0.5061200857162476,3.00805401802063,0.1391766369342804,3.5233283042907715,0.608978271484375,4.376664161682129,0.6144851446151733,4.888584136962891,1.026260256767273,4.00559663772583,0.6792957186698914,4.282369613647461,0.8967122435569763,3.550654172897339,0.20506267249584198,4.612495422363281,0.569624125957489,3.1375696659088135,0.30059152841567993,3.978484869003296,0.9981765151023865,6.457332134246826,0.3484269082546234,3.900402784347534,0.2990685999393463,3.0485925674438477,0.34829917550086975,4.2964863777160645,0.8152719736099243,3.1293091773986816,0.25838279724121094,5.396912574768066,1.3721884489059448,3.0384504795074463,0.15542592108249664,2.983544111251831,0.13451440632343292,4.983415126800537,1.0065637826919556,5.130425453186035,1.4599326848983765
UPMC_c007_v001_r001_reg032,3.3082566261291504,0.14414475858211517,4.033311367034912,0.6632441282272339,3.505784034729004,0.19670304656028748,3.989645481109619,1.068387746810913,3.7839748859405518,0.5044295787811279,3.4755022525787354,0.42337945103645325,4.705163478851318,0.95481938123703,3.5409493446350098,0.44988933205604553,3.0475008487701416,0.16815797984600067,3.3219354152679443,0.5040146708488464,4.241074562072754,0.5284001231193542,4.569387435913086,1.1388472318649292,3.7938435077667236,0.5318586230278015,4.124203205108643,1.0263667106628418,3.5566627979278564,0.21431002020835876,4.702315807342529,0.5600789189338684,3.0611753463745117,0.31918925046920776,3.7112138271331787,0.72350013256073,6.395186901092529,0.4568009078502655,3.8479485511779785,0.31746920943260193,2.946373701095581,0.30088376998901367,3.8717682361602783,0.8900487422943115,3.1329991817474365,0.256641685962677,5.71489953994751,1.4202488660812378,3.0566341876983643,0.1657307744026184,3.0121243000030518,0.1694411188364029,3.970756769180298,0.8003976941108704,5.137748718261719,1.280011773109436
UPMC_c007_v001_r001_reg033,3.252455949783325,0.19432389736175537,3.5447680950164795,0.5550175309181213,3.4159293174743652,0.2957472503185272,3.508547306060791,0.4929756820201874,4.402768611907959,1.0499658584594727,4.040687084197998,0.926275908946991,3.9691030979156494,0.44053202867507935,3.7143681049346924,0.6692648530006409,3.0296714305877686,0.27569302916526794,3.1834919452667236,0.33486780524253845,4.251391887664795,0.5653417110443115,3.9693188667297363,0.7707929015159607,3.7083122730255127,0.34221360087394714,3.5053582191467285,0.738849937915802,3.6173770427703857,0.2958751916885376,5.02609395980835,0.838472306728363,2.931760787963867,0.3988019824028015,3.0294389724731445,0.6784485578536987,6.884443759918213,0.5010204911231995,3.8595058917999268,0.5050122737884521,2.9146156311035156,0.18299011886119843,3.3774194717407227,0.7631397843360901,3.059619665145874,0.20332740247249603,3.5793418884277344,0.8077405691146851,3.037569284439087,0.13477450609207153,3.0150818824768066,0.1788603961467743,4.261909484863281,0.9988985061645508,5.167347431182861,1.865071415901184
UPMC_c007_v001_r001_reg034,3.343797206878662,0.23456427454948425,4.469595432281494,0.7540286779403687,3.5526866912841797,0.2485724240541458,4.027080059051514,0.6579007506370544,3.902402877807617,0.7426860332489014,3.859745502471924,1.0860419273376465,4.181430339813232,0.5643527507781982,3.7813303470611572,0.6248419880867004,2.993342399597168,0.2235339730978012,3.620757818222046,0.6923467516899109,4.575026035308838,0.5966039896011353,4.894878387451172,1.0719376802444458,3.774472713470459,0.3836172819137573,4.331453323364258,0.9159793257713318,3.767371892929077,0.24114106595516205,5.787864685058594,0.9720380306243896,3.1239848136901855,0.3796575367450714,4.199265003204346,1.3635941743850708,6.718799591064453,0.46848350763320923,3.8742003440856934,0.34953224658966064,3.14846134185791,0.4759064316749573,4.749180793762207,1.3039566278457642,3.1920337677001953,0.3133735954761505,3.9389100074768066,0.8997747302055359,3.1334872245788574,0.23339197039604187,3.057253122329712,0.22613714635372162,3.8376283645629883,1.1420233249664307,6.036890983581543,1.3837493658065796
UPMC_c007_v001_r001_reg035,3.2495291233062744,0.1085260882973671,3.8232827186584473,0.3388434052467346,3.5020201206207275,0.2000870257616043,3.284726142883301,0.40505993366241455,3.5010104179382324,0.14020879566669464,4.587069034576416,0.3939445912837982,3.5978846549987793,0.23264969885349274,3.531867027282715,0.26341477036476135,2.959289073944092,0.1122172623872757,3.2058796882629395,0.32377398014068604,3.877546548843384,0.2988053560256958,3.8892292976379395,0.6981298327445984,3.4023590087890625,0.15644226968288422,3.7027854919433594,0.6348620653152466,3.688077449798584,0.14677488803863525,3.9604361057281494,0.2754962742328644,3.003343343734741,0.23399369418621063,3.8261685371398926,1.0742007493972778,6.90214729309082,0.27454236149787903,3.8737528324127197,0.22129736840724945,2.93275785446167,0.15778358280658722,3.2699146270751953,0.5425432920455933,3.0011112689971924,0.10727593302726746,4.953434944152832,1.0262861251831055,2.9933717250823975,0.12063104659318924,2.9305856227874756,0.10439933836460114,4.970022678375244,0.4156147837638855,3.1996865272521973,0.6157961487770081
UPMC_c007_v001_r001_reg036,3.3112499713897705,0.47791558504104614,3.585158586502075,0.6985960006713867,3.4110734462738037,0.30747127532958984,4.362331390380859,1.0917255878448486,3.7147202491760254,0.4708622097969055,3.059643030166626,0.2615990936756134,4.361393451690674,0.9839397668838501,3.814802646636963,0.9014986157417297,2.8672707080841064,0.22759634256362915,3.842419147491455,0.8367031216621399,4.434942245483398,0.7760359644889832,5.150046348571777,0.9959554076194763,4.145094394683838,0.7089155316352844,4.1722636222839355,1.0426669120788574,3.529608964920044,0.381248414516449,5.540911674499512,0.9729549884796143,2.9014153480529785,0.5461730360984802,4.198959827423096,1.711262822151184,6.6023850440979,0.4826195240020752,3.7855608463287354,0.596867561340332,2.9437057971954346,0.2779930531978607,3.688830614089966,0.8658149838447571,3.0290398597717285,0.19956137239933014,3.5046181678771973,0.655211329460144,3.04366397857666,0.2026602178812027,2.9815869331359863,0.1685696840286255,2.823233127593994,0.310348778963089,6.79250955581665,0.6322103142738342
UPMC_c007_v001_r001_reg037,3.345299005508423,0.17405664920806885,4.16622257232666,0.5987406373023987,3.6965219974517822,0.3058651387691498,3.848095655441284,0.723110556602478,5.903541088104248,1.294877052307129,4.445239067077637,0.9777957201004028,5.32974910736084,1.0733113288879395,3.895012378692627,0.6004072427749634,3.0166537761688232,0.15844543278217316,4.182525634765625,1.0607277154922485,4.71521520614624,0.9110281467437744,5.393852710723877,1.3230481147766113,4.6974592208862305,0.9935883283615112,4.767061233520508,1.0949645042419434,3.6918981075286865,0.19931085407733917,5.015592098236084,0.6504344940185547,3.10652494430542,0.3254088759422302,4.8893585205078125,1.289808988571167,6.640989303588867,0.413610577583313,3.776176691055298,0.3147490620613098,3.224609375,0.4664154350757599,4.442892074584961,1.2838600873947144,3.2842273712158203,0.31410670280456543,4.985692024230957,1.4221798181533813,3.1002485752105713,0.15958566963672638,3.0671064853668213,0.1559048295021057,4.45942497253418,1.2054917812347412,5.157176494598389,1.5259054899215698
UPMC_c007_v001_r001_reg038,3.3382012844085693,0.21797862648963928,3.873833179473877,0.7869130969047546,3.717618703842163,0.32596421241760254,4.729016304016113,0.6976066827774048,3.9481112957000732,0.6087712049484253,3.5406508445739746,0.6796994209289551,6.081092357635498,1.15049147605896,4.3593597412109375,0.7785859107971191,3.0327279567718506,0.2985322177410126,4.656722068786621,0.7508312463760376,5.507351398468018,0.7027363777160645,6.375659465789795,0.7242681980133057,5.334342002868652,0.8023633360862732,5.690791606903076,1.016835331916809,3.218076467514038,0.4660414755344391,5.635184288024902,0.6029008626937866,2.5737698078155518,0.6839898228645325,5.873420238494873,1.3530442714691162,6.764748573303223,0.3922131061553955,3.6022281646728516,0.659765899181366,3.2032134532928467,0.3719671666622162,5.228713035583496,0.9730028510093689,3.4624104499816895,0.35439997911453247,4.077089309692383,1.139304518699646,3.223757266998291,0.20093311369419098,3.094597578048706,0.13201195001602173,3.2376515865325928,0.8892828822135925,6.518396854400635,0.6106883883476257
UPMC_c007_v001_r001_reg040,3.2503886222839355,0.20468999445438385,4.2166666984558105,0.7387768030166626,3.5338733196258545,0.3362036645412445,4.703871726989746,1.1275591850280762,4.033956050872803,1.016141414642334,3.89310884475708,0.950734555721283,4.292252540588379,0.609310507774353,4.048412799835205,0.7635882496833801,3.1093578338623047,0.2290622442960739,3.471065044403076,0.5649085640907288,4.827528476715088,0.6787223815917969,5.047523498535156,0.9811901450157166,3.986490249633789,0.43898382782936096,4.267776966094971,0.7490267157554626,3.4571311473846436,0.32066017389297485,5.056724548339844,0.7728525400161743,2.992999315261841,0.4746398329734802,3.4173097610473633,1.114047884941101,6.62294340133667,0.43827563524246216,4.060905933380127,0.39817869663238525,2.9912309646606445,0.25902602076530457,4.165243148803711,0.9911631345748901,3.1482441425323486,0.14163294434547424,4.24560546875,1.422597885131836,3.0343737602233887,0.13162203133106232,3.0158305168151855,0.12249388545751572,3.8870880603790283,1.099457859992981,5.54400634765625,1.5682783126831055
UPMC_c007_v001_r001_reg041,3.3330795764923096,0.18192030489444733,4.352299690246582,0.5826972126960754,3.5164480209350586,0.20157112181186676,3.9611644744873047,0.9171980023384094,3.934499979019165,1.0666942596435547,4.270780563354492,0.9958133697509766,4.250598430633545,0.6237282752990723,4.048623561859131,0.713091254234314,3.1890017986297607,0.19512388110160828,3.4556422233581543,0.6059625744819641,4.561914920806885,0.6132776737213135,4.813511848449707,1.0311850309371948,3.8025126457214355,0.36055314540863037,4.419776916503906,0.8217313289642334,3.5709707736968994,0.27429768443107605,5.015469074249268,0.8238046169281006,3.153907299041748,0.3268287777900696,3.7150938510894775,0.9520092606544495,6.087715148925781,0.5249823331832886,4.214939117431641,0.33203747868537903,3.024155616760254,0.32188960909843445,5.532571792602539,1.2184473276138306,3.2628610134124756,0.19817377626895905,4.615635395050049,1.5978777408599854,3.0366179943084717,0.13150794804096222,3.618654489517212,0.68692946434021,4.51395320892334,1.09552800655365,5.470344066619873,1.547672152519226
UPMC_c007_v001_r001_reg042,3.2596588134765625,0.20171436667442322,4.077397346496582,0.3417535722255707,3.601731300354004,0.2311839610338211,4.080430507659912,0.9268448352813721,3.794613838195801,0.5463925004005432,4.263290882110596,0.8481752872467041,4.238440036773682,0.4542798399925232,4.223952293395996,0.7445638179779053,2.91373610496521,0.19998443126678467,3.526230573654175,0.5505867004394531,4.4555535316467285,0.5616286993026733,4.719385147094727,0.8947190046310425,3.9584763050079346,0.41723501682281494,4.205672740936279,0.7946017384529114,3.761579751968384,0.28813740611076355,4.531551837921143,0.7015286684036255,3.2839229106903076,0.37213361263275146,4.13535213470459,1.0264960527420044,6.798075199127197,0.374542772769928,4.321976661682129,0.22484195232391357,3.0411620140075684,0.23631924390792847,4.207531929016113,0.9313928484916687,3.256727695465088,0.19493761658668518,4.556909561157227,1.4058167934417725,3.0627434253692627,0.15203072130680084,3.0277812480926514,0.11995385587215424,4.609288215637207,0.9737982749938965,5.347578525543213,1.5939743518829346
UPMC_c007_v001_r001_reg043,3.4314446449279785,0.18425147235393524,4.566405773162842,0.7524415850639343,3.6235036849975586,0.20030245184898376,3.7058141231536865,0.9659010171890259,3.9963090419769287,0.9684627652168274,3.1675150394439697,0.2745632827281952,3.993797540664673,0.3399415612220764,3.530458927154541,0.4314013123512268,3.107301712036133,0.2942434251308441,3.2239482402801514,0.40071994066238403,4.202410697937012,0.4249107539653778,4.094326972961426,0.8258470296859741,3.959974765777588,0.30698269605636597,4.0145583152771,0.6451167464256287,3.910468339920044,0.23313842713832855,4.4947614669799805,0.4897930920124054,3.7122533321380615,0.2542245090007782,4.024075508117676,0.41850924491882324,6.741093158721924,0.3880813419818878,4.358972549438477,0.3282575011253357,3.0663199424743652,0.2904408872127533,3.495107650756836,0.5702791810035706,3.2750120162963867,0.1582905799150467,4.956392765045166,1.4702982902526855,3.0388715267181396,0.15438610315322876,2.9673502445220947,0.16213993728160858,3.7662432193756104,0.5250421166419983,4.928987979888916,1.4421497583389282
UPMC_c007_v001_r001_reg046,3.3903415203094482,0.176969975233078,4.292538166046143,0.3438071608543396,3.732235908508301,0.24103675782680511,4.355766773223877,0.7552715539932251,6.210816383361816,1.2767903804779053,5.343971252441406,0.5939016342163086,4.911869525909424,0.6074068546295166,4.0482892990112305,0.43419280648231506,3.198941469192505,0.20575836300849915,3.339505672454834,0.41284874081611633,4.701623439788818,0.6767227649688721,4.828874588012695,0.9323469996452332,4.083049774169922,0.3688547611236572,4.5149617195129395,0.7458061575889587,3.660571336746216,0.2568689286708832,5.381960868835449,0.38612598180770874,3.262930154800415,0.3669823110103607,3.9455294609069824,0.6202647089958191,6.661550521850586,0.5448976755142212,4.379270553588867,0.2601185739040375,3.1086676120758057,0.24881115555763245,5.024818420410156,0.7190892696380615,3.2312042713165283,0.2294156849384308,5.507447719573975,1.4241589307785034,3.0573978424072266,0.18037667870521545,3.087643623352051,0.1829306185245514,5.403665542602539,0.5817134380340576,4.632392406463623,1.5580297708511353
UPMC_c007_v001_r001_reg047,3.2126779556274414,0.13694949448108673,3.521777868270874,0.741031289100647,3.6358091831207275,0.24248336255550385,4.736946105957031,0.83408123254776,3.9745850563049316,0.8451906442642212,4.534601211547852,0.6262407898902893,4.6222124099731445,0.4572450816631317,3.841745376586914,0.5817902088165283,2.950774669647217,0.2190355807542801,3.5175862312316895,0.4825522005558014,5.045159816741943,0.6326538324356079,5.591049671173096,0.7654860019683838,3.478116750717163,0.414024293422699,4.475099563598633,1.0445243120193481,3.129899024963379,0.4177290201187134,4.904647350311279,0.7747020125389099,2.345625638961792,0.6885379552841187,3.0381436347961426,1.0871515274047852,6.6533002853393555,0.41142910718917847,3.4930543899536133,0.489265501499176,3.2015793323516846,0.46529948711395264,4.986206531524658,0.879831075668335,3.2664215564727783,0.3871075212955475,5.215195655822754,1.300826072692871,3.0515172481536865,0.14341846108436584,3.0879037380218506,0.15296806395053864,4.67975378036499,0.7050266265869141,5.420767307281494,1.1073791980743408
UPMC_c007_v001_r001_reg049,2.853285551071167,0.30559515953063965,2.2747013568878174,1.3318852186203003,3.174757719039917,0.37905848026275635,4.967490196228027,1.0504107475280762,3.7637407779693604,0.456297904253006,4.081197738647461,0.6875560283660889,4.4777116775512695,0.5538012981414795,3.7187113761901855,0.45886898040771484,2.6125316619873047,0.37129461765289307,3.8319528102874756,0.7038834691047668,4.8605546951293945,0.6410132646560669,5.586333274841309,0.7900585532188416,2.2637228965759277,0.7772295475006104,3.652665615081787,1.656163215637207,1.8502920866012573,0.6985787153244019,5.488466262817383,0.8329397439956665,0.9560608863830566,0.709959864616394,3.59582781791687,2.2365195751190186,6.558555603027344,0.45803114771842957,2.399986743927002,1.1099005937576294,3.6509058475494385,0.6778218746185303,5.22469425201416,0.8880580067634583,2.9542958736419678,0.2779030203819275,4.407649040222168,1.7071685791015625,3.008244276046753,0.1508660763502121,3.081538200378418,0.15057691931724548,4.186024188995361,1.0492042303085327,5.8621745109558105,0.7609030604362488
UPMC_c007_v001_r001_reg050,3.2581870555877686,0.1489672213792801,4.664373874664307,1.0085867643356323,3.531259298324585,0.25460711121559143,3.6574511528015137,0.7154242396354675,4.502467155456543,1.4841495752334595,4.276899337768555,1.0875334739685059,4.603198051452637,0.8739050626754761,3.8746750354766846,0.7950599193572998,3.028330087661743,0.1826269030570984,3.4111313819885254,0.5835872292518616,4.299248695373535,0.5507308840751648,4.479247093200684,1.0220552682876587,3.5846872329711914,0.4998987913131714,4.056295871734619,0.8103951811790466,3.5959632396698,0.22124969959259033,5.167236328125,0.8116223216056824,3.0975985527038574,0.28010982275009155,3.89463472366333,1.0240557193756104,6.282740592956543,0.625253438949585,4.093302249908447,0.33064383268356323,2.975672721862793,0.2486298829317093,3.7056033611297607,0.8939879536628723,3.0159356594085693,0.18075181543827057,4.4940385818481445,1.2728685140609741,2.9545364379882812,0.1392035186290741,2.9765450954437256,0.16597378253936768,4.410767078399658,1.184584617614746,5.036402225494385,1.7175748348236084
UPMC_c007_v001_r001_reg051,3.202625274658203,0.1821020245552063,3.8492536544799805,0.6918742060661316,3.480501651763916,0.2893048822879791,3.795009136199951,0.6906760931015015,5.643774032592773,1.421423077583313,4.672055244445801,0.8904951810836792,4.678774833679199,1.316136121749878,3.7161717414855957,0.42184481024742126,2.994739294052124,0.15221631526947021,3.4195806980133057,0.669262170791626,4.226032733917236,0.6989873647689819,4.567432880401611,1.3490586280822754,3.9200439453125,0.997247040271759,3.8360774517059326,1.027008295059204,3.218879461288452,0.39290282130241394,4.878852367401123,0.5467817187309265,2.809830665588379,0.3515986204147339,3.5030269622802734,0.8013126254081726,6.1029510498046875,0.5853464007377625,3.3813066482543945,0.5104662775993347,2.937675714492798,0.1996644139289856,3.699476957321167,0.980795681476593,3.0095815658569336,0.17340664565563202,4.759174823760986,1.6463011503219604,2.962420701980591,0.14396612346172333,2.9639718532562256,0.13883842527866364,4.735864162445068,0.9477869272232056,4.662800312042236,1.6185379028320312
UPMC_c007_v001_r001_reg052,3.123425245285034,0.1524779498577118,3.606051445007324,1.1011749505996704,3.4981791973114014,0.2955312728881836,4.378395080566406,0.9622649550437927,6.695065021514893,0.8937276601791382,4.110057353973389,0.7990699410438538,4.55014705657959,0.6995412111282349,4.069061756134033,0.5285851955413818,2.973633289337158,0.22599832713603973,3.590003252029419,0.859268307685852,4.63816499710083,0.7221906781196594,5.144400119781494,1.4839613437652588,3.6640219688415527,0.8429346680641174,4.0799360275268555,1.5865836143493652,2.5440750122070312,0.3479152023792267,5.703034400939941,0.8006950616836548,2.1418347358703613,0.4736052453517914,4.441478729248047,1.81410551071167,6.702837944030762,0.4595223069190979,2.8546762466430664,0.7126676440238953,3.2441625595092773,0.5571947693824768,4.077723979949951,1.263443946838379,3.161729574203491,0.30944326519966125,4.417632102966309,1.5030064582824707,3.1108827590942383,0.23634116351604462,3.094021797180176,0.15799248218536377,4.324971675872803,1.0289411544799805,4.825068950653076,1.6367683410644531
UPMC_c007_v001_r001_reg053,3.256805896759033,0.32307180762290955,3.074444055557251,0.8159359097480774,3.358867883682251,0.30034539103507996,3.2249045372009277,0.41163334250450134,4.1322340965271,0.9407840967178345,4.271438121795654,0.4962083697319031,3.9162685871124268,0.3744906485080719,3.747065544128418,0.31302154064178467,2.919264078140259,0.16790452599525452,2.965991973876953,0.3004559278488159,4.038873195648193,0.3700122833251953,3.7569401264190674,0.7197887897491455,3.056729555130005,0.5933907628059387,2.945735454559326,0.7808048725128174,2.7213449478149414,0.5538250803947449,3.9306564331054688,0.4202101528644562,2.246600389480591,0.6129997968673706,2.7022993564605713,0.693177342414856,6.656137466430664,0.39594829082489014,3.2021825313568115,0.4156746566295624,2.833364725112915,0.20036637783050537,3.1915369033813477,0.7034968137741089,2.923398017883301,0.36541494727134705,4.853034973144531,1.52169668674469,2.9498512744903564,0.24037207663059235,2.895233154296875,0.23943856358528137,4.855710983276367,0.5530559420585632,3.512923240661621,1.0787194967269897
UPMC_c007_v001_r001_reg054,2.8446357250213623,1.425336480140686,2.49870228767395,1.6064388751983643,2.802839756011963,1.4686144590377808,3.9685778617858887,1.2640612125396729,3.9225549697875977,0.4862648844718933,4.353649139404297,0.9697409272193909,4.898394584655762,0.9360619187355042,4.026943206787109,0.3946111500263214,2.3803517818450928,1.0103956460952759,3.5582196712493896,1.1193907260894775,4.651510238647461,0.6793661117553711,4.78612756729126,1.7857682704925537,2.611478567123413,2.1313962936401367,3.79177188873291,2.0513877868652344,1.6312174797058105,1.331526279449463,5.291588306427002,0.7505543231964111,1.329944133758545,1.1422175168991089,3.075039863586426,2.141201972961426,6.8947038650512695,0.2720682919025421,2.2488105297088623,1.1297767162322998,2.948612928390503,0.9212554693222046,3.1167213916778564,1.898065209388733,2.2340893745422363,1.4488744735717773,4.226109504699707,2.3256607055664062,2.558112382888794,1.0047129392623901,2.485710859298706,1.013551115989685,4.372885704040527,1.4347968101501465,5.5267415046691895,1.2332683801651
UPMC_c007_v001_r001_reg055,3.2352616786956787,0.1569012999534607,3.5698156356811523,0.876447856426239,3.5068185329437256,0.21126484870910645,4.090972900390625,0.9797248244285583,3.838820457458496,0.7821903824806213,4.475492000579834,0.6595779061317444,4.562356472015381,0.5351355075836182,4.300004959106445,0.4587009847164154,2.913710594177246,0.1360890418291092,3.341350793838501,0.6444627046585083,4.331286907196045,0.5307349562644958,4.589724063873291,1.14275062084198,3.2595224380493164,0.5929868221282959,3.7535624504089355,1.1572728157043457,2.7148635387420654,0.30556678771972656,4.722576141357422,0.5536969900131226,2.2552876472473145,0.4764600992202759,3.9425313472747803,1.3784891366958618,6.748098373413086,0.31100189685821533,2.397491931915283,0.5497710108757019,3.003903865814209,0.37792089581489563,4.860625267028809,0.9480822682380676,3.0496068000793457,0.1880873143672943,5.545132637023926,1.4453294277191162,3.0496463775634766,0.17794431746006012,3.023104190826416,0.13989858329296112,4.7830939292907715,0.7589930891990662,4.9756598472595215,1.3391460180282593
UPMC_c007_v001_r001_reg056,3.1850128173828125,0.2571358382701874,4.05179500579834,0.9011269211769104,3.43664288520813,0.343154639005661,4.504162311553955,1.0927602052688599,3.6037540435791016,0.5230612754821777,3.8744401931762695,1.206820011138916,4.309266567230225,0.671738862991333,3.728294849395752,0.6910597085952759,2.862509250640869,0.12892687320709229,3.393462896347046,0.6894053220748901,4.525006294250488,0.701990008354187,4.676738262176514,1.1174944639205933,3.560458183288574,0.45100489258766174,3.8927671909332275,1.014872431755066,3.0681402683258057,0.22982531785964966,4.669610977172852,0.7120288610458374,2.848877191543579,0.276061087846756,3.8992276191711426,1.2422263622283936,6.328265190124512,0.5084702968597412,3.1182706356048584,0.4100838303565979,2.8800580501556396,0.2311563491821289,3.8214573860168457,0.9665791988372803,3.000035285949707,0.1873585432767868,4.183496952056885,1.5095195770263672,2.9491453170776367,0.13146282732486725,2.9621939659118652,0.14711032807826996,3.848733901977539,1.3421069383621216,5.668408393859863,1.5374324321746826
UPMC_c007_v001_r001_reg057,2.994354248046875,0.19679994881153107,4.144284248352051,1.438138484954834,3.183134078979492,0.2836571931838989,4.137931823730469,0.9302711486816406,4.514431476593018,1.596092700958252,3.7538788318634033,0.9388960003852844,4.811931610107422,1.2818394899368286,3.7527146339416504,0.6960530877113342,2.9289612770080566,0.35565513372421265,3.555016279220581,0.7687665224075317,4.367445468902588,0.7299520969390869,4.966248512268066,1.0842947959899902,3.5088980197906494,0.8770343065261841,3.9180054664611816,1.2098910808563232,2.847670793533325,0.5455418229103088,4.987054347991943,0.7826914191246033,2.309919595718384,0.41381293535232544,3.417379140853882,1.434394359588623,6.109587669372559,0.603350818157196,3.166966199874878,0.8512808680534363,3.0050928592681885,0.41691237688064575,4.07316780090332,1.1144179105758667,2.8689863681793213,0.21547439694404602,4.029903411865234,1.4097031354904175,2.9369587898254395,0.19113142788410187,2.9893643856048584,0.22467610239982605,3.7676544189453125,1.114467978477478,5.707907676696777,0.9731629490852356
UPMC_c007_v001_r001_reg058,2.85679030418396,0.32512596249580383,2.4865145683288574,1.3245457410812378,3.4734466075897217,0.4242246448993683,4.97934103012085,0.8357244729995728,3.862403392791748,0.56916743516922,3.559004783630371,0.7218217849731445,4.578231334686279,0.7163926959037781,4.6140265464782715,0.9448004364967346,3.0557045936584473,0.5466311573982239,4.314148426055908,0.698846697807312,4.9074602127075195,0.6685609221458435,6.144856929779053,0.7475528717041016,3.27459716796875,1.1216859817504883,4.768628120422363,1.2454502582550049,1.3604930639266968,0.6463727951049805,6.209109783172607,0.7782617211341858,0.6697407960891724,0.6016151905059814,5.679774284362793,1.6718769073486328,6.732304096221924,0.39004233479499817,2.356961250305176,1.1290063858032227,3.299900770187378,0.45490115880966187,4.917046070098877,0.9315422773361206,3.0720818042755127,0.2628583014011383,4.341799736022949,1.4076520204544067,3.040968894958496,0.1432572901248932,3.091059446334839,0.14250166714191437,3.5420358180999756,0.950714111328125,6.461848258972168,0.6163629293441772
UPMC_c007_v001_r001_reg059,2.919457197189331,0.21572361886501312,3.2331366539001465,0.7199106216430664,3.229947805404663,0.309866338968277,4.050142765045166,0.7747165560722351,3.5533242225646973,0.4241757392883301,3.4619009494781494,0.7722824811935425,4.32509183883667,0.8245133757591248,3.8823890686035156,0.7783961892127991,2.8825478553771973,0.21867337822914124,3.645355463027954,0.605534017086029,4.384260177612305,0.6864261031150818,5.019030570983887,1.0199023485183716,3.418944835662842,0.4443790316581726,4.174911022186279,1.0545873641967773,2.6670596599578857,0.4946916103363037,4.9539008140563965,0.9459054470062256,2.1098062992095947,0.4217374622821808,4.316486835479736,1.853022575378418,6.6363115310668945,0.41319945454597473,3.3024752140045166,0.6492177248001099,2.9113614559173584,0.22448544204235077,4.540876865386963,1.1912689208984375,3.0400595664978027,0.1840149462223053,3.8585760593414307,1.0518529415130615,2.964555025100708,0.1212136372923851,2.9490866661071777,0.12297883629798889,3.5344228744506836,0.9670714139938354,6.246814250946045,0.87115877866745
UPMC_c007_v001_r001_reg060,3.2885870933532715,0.24356484413146973,4.329776763916016,1.6427134275436401,3.7154812812805176,0.35530030727386475,4.6862874031066895,0.6565287709236145,5.025263786315918,1.419153094291687,3.6343905925750732,0.7140220403671265,6.14360237121582,1.1429451704025269,4.0799384117126465,0.9348514676094055,2.9937868118286133,0.16917020082473755,4.377810478210449,0.8561568856239319,5.586135387420654,0.8435177206993103,6.443272590637207,0.8793885111808777,5.283267498016357,0.9667360782623291,5.0102362632751465,1.2410879135131836,2.6389682292938232,0.3807221055030823,5.370176792144775,0.6752139329910278,1.9283604621887207,0.7003202438354492,4.7640767097473145,1.530594825744629,6.943007946014404,0.39857134222984314,2.6865735054016113,0.646349310874939,3.1718435287475586,0.3582333028316498,5.437010765075684,0.819340169429779,3.296097755432129,0.23410825431346893,4.543026447296143,1.4078845977783203,3.1734814643859863,0.2642902433872223,3.096231698989868,0.11375197023153305,3.3502063751220703,0.8359775543212891,6.093595504760742,0.9439184069633484
UPMC_c007_v001_r001_reg061,2.999840497970581,0.14840580523014069,3.5141661167144775,0.6703166365623474,3.3172035217285156,0.26112088561058044,3.669767141342163,0.4540870189666748,4.284059524536133,1.008615255355835,3.865623950958252,1.0826683044433594,3.8611133098602295,0.4669896960258484,3.8164374828338623,0.6612019538879395,2.9702541828155518,0.25170382857322693,3.090330123901367,0.35186925530433655,4.185829162597656,0.49977174401283264,3.9709839820861816,0.7734533548355103,3.5729153156280518,0.3107377886772156,3.4654884338378906,0.8689530491828918,2.720881462097168,0.4147883653640747,4.993732452392578,0.9363933801651001,2.118114471435547,0.46786385774612427,2.8287744522094727,0.8509243726730347,6.413133144378662,0.5678146481513977,3.6286351680755615,0.7499551177024841,2.8985719680786133,0.18240609765052795,3.6727383136749268,1.001893401145935,3.118154764175415,0.15053440630435944,3.955369234085083,1.0116184949874878,2.9551022052764893,0.11009344458580017,2.9527151584625244,0.12684635818004608,4.146215915679932,1.1191046237945557,5.635571479797363,1.470680594444275
UPMC_c007_v001_r001_reg062,3.1709988117218018,0.28582289814949036,3.640394449234009,0.7899906635284424,3.1755805015563965,0.29311156272888184,4.560393810272217,1.0103195905685425,3.909849166870117,0.9518935680389404,3.6730246543884277,0.9025675654411316,4.464785575866699,1.2483323812484741,3.9278547763824463,0.9040552377700806,3.1587040424346924,0.2905287444591522,3.2376744747161865,0.44916874170303345,4.1394944190979,0.5642196536064148,4.49719762802124,0.9164237976074219,3.4804646968841553,0.48502856492996216,3.851865530014038,0.8925984501838684,3.2832820415496826,0.8575651049613953,4.9214863777160645,0.861321210861206,2.3835256099700928,0.5827584266662598,2.9690420627593994,1.0266165733337402,6.224822521209717,0.49846962094306946,3.705913543701172,0.6225970983505249,2.943768262863159,0.35504499077796936,4.009899616241455,0.9688986539840698,3.183783531188965,0.19223451614379883,4.226682662963867,1.3146331310272217,2.9845192432403564,0.1677393615245819,2.950314998626709,0.1819840371608734,4.094631671905518,1.0939066410064697,6.260053634643555,1.0361595153808594
UPMC_c007_v001_r001_reg063,3.298813819885254,0.22994278371334076,3.5663740634918213,0.40407007932662964,3.4975287914276123,0.38687220215797424,3.612180709838867,0.6859776973724365,6.6293110847473145,1.1575700044631958,4.663753986358643,1.2942014932632446,4.341429710388184,0.7424861788749695,3.844749689102173,0.6862244009971619,3.2910523414611816,0.23984727263450623,3.3919081687927246,0.6376352906227112,4.296722888946533,0.6867212057113647,4.534109115600586,1.1475297212600708,4.112692832946777,0.5656651854515076,4.2475481033325195,0.8132649064064026,3.23272705078125,0.4097549021244049,4.671637535095215,0.8174000978469849,3.07887864112854,0.48907336592674255,3.976240396499634,1.1771752834320068,6.350584983825684,0.47887593507766724,3.796161651611328,0.40530288219451904,3.0941591262817383,0.3356618881225586,3.625460624694824,0.9960359930992126,3.3771936893463135,0.26888397336006165,3.8808350563049316,0.8624105453491211,3.07224702835083,0.21756243705749512,2.9863407611846924,0.20524871349334717,4.727743625640869,1.0684016942977905,4.846104621887207,1.6871963739395142
s271_c001_v001_r001_reg001,3.0328469276428223,0.3823064863681793,1.5843929052352905,1.0172677040100098,4.543756008148193,0.5238193869590759,5.308238983154297,0.31084227561950684,3.9700751304626465,0.950005829334259,4.293261528015137,0.571968138217926,4.064776420593262,0.5561530590057373,3.8075144290924072,0.408664345741272,2.612434148788452,0.9172102212905884,3.2000551223754883,0.6748501658439636,4.848515033721924,0.45118939876556396,6.300415515899658,0.6321329474449158,2.62910532951355,0.21350541710853577,3.503504514694214,1.665642261505127,2.154829740524292,1.0443229675292969,5.087565898895264,0.49409595131874084,6.844083309173584,0.36920371651649475,4.357481956481934,1.4598621129989624,6.507094383239746,0.5211635828018188,4.1625285148620605,0.8299070000648499,2.254438638687134,0.6723716855049133,4.529691219329834,0.8277488946914673,2.040632963180542,1.4094940423965454,4.958155155181885,1.229958415031433,2.7804901599884033,0.19974634051322937,2.2682242393493652,0.12223341315984726,4.3754048347473145,0.6615670323371887,3.6269149780273438,1.024415373802185
s271_c001_v001_r001_reg004,3.1385955810546875,0.19656994938850403,3.746415138244629,0.6861669421195984,4.238688945770264,0.26142454147338867,4.908377170562744,0.32348084449768066,3.1985981464385986,1.0270318984985352,4.266421794891357,0.19753292202949524,3.475727081298828,0.5391627550125122,3.097956418991089,0.31009989976882935,3.9273605346679688,0.32000550627708435,3.339604377746582,0.5946734547615051,4.2798752784729,0.3816642761230469,5.948848724365234,0.6579084396362305,2.447260618209839,0.15821698307991028,4.616540908813477,0.7967151403427124,3.8907711505889893,0.29515552520751953,4.2455949783325195,0.5486614108085632,6.446590423583984,0.2529926300048828,5.153690338134766,0.7341609597206116,6.22084379196167,0.5141200423240662,4.427567958831787,0.4991395175457001,2.6119396686553955,0.3393266499042511,4.177073955535889,0.8551225066184998,3.9797961711883545,0.6172934174537659,4.979093551635742,0.7804124355316162,2.6571710109710693,0.21445412933826447,2.2120323181152344,0.13444997370243073,3.769519805908203,0.765224814414978,4.305352687835693,0.892568051815033
s271_c001_v001_r001_reg005,3.141996383666992,0.2662695348262787,4.110380172729492,1.371469259262085,4.4120097160339355,0.3993012607097626,4.773325443267822,0.4756501019001007,3.9968810081481934,1.0610308647155762,4.170884609222412,0.3414878845214844,3.21282696723938,0.44742244482040405,3.1572329998016357,0.57278972864151,3.878011465072632,0.7893550395965576,3.407691717147827,0.6398612856864929,4.600292682647705,0.5550302863121033,6.135526180267334,0.7759789824485779,2.6111059188842773,0.29462823271751404,4.598334312438965,1.1031454801559448,3.16140079498291,0.5387593507766724,5.62229585647583,0.6295707821846008,6.486594200134277,0.42280313372612,4.456794261932373,0.9744099974632263,6.796773910522461,0.4839674234390259,3.675591230392456,0.6548466682434082,2.65661883354187,0.4530526399612427,4.295865058898926,0.951168954372406,3.384474515914917,0.7291744351387024,4.684754371643066,0.9141731262207031,2.5149877071380615,0.20534256100654602,2.213315725326538,0.17820799350738525,2.848327398300171,0.8814070820808411,4.242493152618408,0.7945830821990967
s271_c001_v001_r001_reg006,3.0518407821655273,0.3416426181793213,3.188971757888794,0.602262020111084,4.146933078765869,0.3347707986831665,4.747692108154297,0.36769935488700867,2.7597076892852783,0.3295608162879944,4.148004055023193,0.30928489565849304,3.1357192993164062,0.5275675654411316,3.026320457458496,0.4520474374294281,3.839266538619995,0.639839231967926,3.58294415473938,0.8164212703704834,4.483877182006836,0.6413425207138062,6.067360877990723,0.7246972918510437,2.524580955505371,0.31867849826812744,4.583768367767334,1.029721736907959,3.075735330581665,0.44386643171310425,4.825408935546875,0.5568422675132751,6.262715816497803,0.3920994699001312,4.580359935760498,0.8309682011604309,6.534242630004883,0.5095057487487793,3.814929246902466,0.6510149240493774,2.471604585647583,0.2573511302471161,4.69816255569458,0.9524478912353516,3.6448171138763428,0.7664158344268799,4.299626350402832,0.6681368947029114,2.5023581981658936,0.1852434277534485,2.2022693157196045,0.16118504106998444,3.2088377475738525,1.0127347707748413,3.883607864379883,0.9183054566383362
s271_c001_v001_r001_reg007,3.3822786808013916,0.2847040891647339,3.830613136291504,0.60673588514328,4.483793258666992,0.300022691488266,4.8222336769104,0.3099902272224426,3.0229523181915283,0.2952452600002289,4.609920501708984,0.25363457202911377,3.5800845623016357,0.43365052342414856,3.180016040802002,0.5305235981941223,4.475599765777588,0.7975724935531616,3.5199708938598633,0.4910084009170532,4.507419109344482,0.3062625527381897,6.387004375457764,0.6532106995582581,3.251216411590576,0.6478301286697388,4.291068077087402,0.6740940809249878,3.4412691593170166,0.41600531339645386,4.658837795257568,0.40144771337509155,6.874303340911865,0.28999802470207214,5.18682336807251,0.7503595948219299,6.808071613311768,0.36393630504608154,3.9286139011383057,0.3941062390804291,2.5022685527801514,0.24795739352703094,4.410625457763672,0.6748046875,3.4081287384033203,0.38840940594673157,4.464419364929199,0.45185551047325134,2.6822240352630615,0.16784627735614777,2.216864824295044,0.11916670203208923,3.0496482849121094,0.8714362382888794,3.70916485786438,0.8207370042800903
s271_c001_v001_r001_reg009,3.417168617248535,0.4149162471294403,1.3155046701431274,1.624274492263794,4.612703800201416,0.5457540154457092,5.563122272491455,0.42103660106658936,3.6288065910339355,1.0567024946212769,4.808725357055664,0.4774051308631897,3.5343990325927734,0.4094981849193573,4.147985935211182,0.4814195930957794,2.2692058086395264,1.188167691230774,3.5884885787963867,0.39885255694389343,4.693601131439209,0.45466873049736023,6.434783935546875,0.6831930875778198,2.8104074001312256,0.2353002429008484,2.7649290561676025,1.2423882484436035,0.8035362362861633,0.9127973318099976,4.303648948669434,0.4966847896575928,6.502127170562744,0.5948111414909363,1.6344496011734009,1.0816196203231812,6.626489162445068,0.5025004148483276,2.8636293411254883,0.9306426048278809,2.182016372680664,0.452290415763855,3.6931850910186768,0.6629256010055542,0.6702526211738586,0.8183647394180298,4.180605888366699,0.9436811804771423,3.3843984603881836,0.3233253061771393,2.295623779296875,0.1373211294412613,4.479008197784424,0.8459976315498352,3.1410937309265137,1.2183698415756226
s271_c001_v001_r001_reg012,3.0893988609313965,0.2813224494457245,1.8042818307876587,2.2285494804382324,4.149467945098877,0.4280364215373993,4.991770267486572,0.42450737953186035,5.127902507781982,0.9710270166397095,3.569938898086548,1.2205837965011597,3.2252724170684814,0.4111366271972656,3.0262582302093506,0.24704837799072266,0.713508665561676,0.862856388092041,3.2493367195129395,0.24701468646526337,4.242501735687256,0.3373698592185974,6.511239051818848,0.5488883852958679,2.5400097370147705,0.15775041282176971,1.6230851411819458,1.7955992221832275,0.2290462851524353,0.4531746804714203,5.557632923126221,0.3223746418952942,5.704588413238525,1.3620110750198364,0.19753490388393402,0.4938814043998718,6.671024322509766,0.47176602482795715,1.151767611503601,0.9727040529251099,2.1587882041931152,0.2768877446651459,3.2264904975891113,0.4035547375679016,0.4510863125324249,0.6529956459999084,2.4748876094818115,1.368592619895935,2.632652521133423,0.2019772231578827,2.2307534217834473,0.13342930376529694,4.341457366943359,0.5430192947387695,2.9818739891052246,1.0019010305404663
s271_c001_v001_r001_reg014,3.144155740737915,0.5147064924240112,4.006878852844238,1.9807895421981812,3.1701269149780273,0.5759454369544983,4.887477397918701,0.5876175165176392,5.498707294464111,1.1078124046325684,3.966238498687744,0.5985079407691956,2.949223756790161,0.45137038826942444,2.385819435119629,0.28565308451652527,1.8816514015197754,1.292237639427185,2.8742024898529053,0.369109183549881,3.238732099533081,0.46694815158843994,5.074581623077393,0.8051118850708008,2.4219207763671875,0.28020891547203064,3.754755973815918,1.9293221235275269,2.248926877975464,1.1566119194030762,5.524497985839844,0.6140426993370056,5.090190887451172,1.5693554878234863,1.507970929145813,1.1566697359085083,5.975401878356934,0.5646868944168091,2.738844394683838,1.2981915473937988,2.2118403911590576,0.4914577603340149,3.049246072769165,0.49971744418144226,2.0089569091796875,1.1255989074707031,2.194420337677002,0.9175844192504883,2.4006645679473877,0.2144644856452942,2.193000078201294,0.22308094799518585,3.4363138675689697,0.5154548287391663,2.4023520946502686,0.41641122102737427
s271_c001_v001_r001_reg015,2.735079050064087,0.39743468165397644,3.881657361984253,1.5759071111679077,3.1818253993988037,0.6773812174797058,4.903509616851807,0.4302489161491394,5.612399101257324,0.9691669344902039,3.551945924758911,0.5770897269248962,2.756911277770996,0.3004326820373535,2.374995708465576,0.2592536211013794,2.0889742374420166,0.9621052145957947,2.6544077396392822,0.4221242666244507,3.148385524749756,0.48570331931114197,5.106070518493652,0.6693350672721863,2.3516476154327393,0.2301148921251297,3.884782314300537,1.2907949686050415,1.4177192449569702,0.8922333717346191,5.686359405517578,0.4055750370025635,6.0015058517456055,0.5477185249328613,1.35603928565979,1.3777198791503906,6.675444602966309,0.4693126380443573,2.3120481967926025,0.9446622729301453,1.9763516187667847,0.382005512714386,2.7935173511505127,0.6684246063232422,1.40094792842865,0.9235703349113464,2.1355245113372803,1.1027384996414185,2.3581998348236084,0.15961907804012299,2.1710455417633057,0.1614643782377243,3.39009952545166,0.5624089241027832,2.5564463138580322,0.7077584266662598
s271_c001_v001_r001_reg016,3.42014217376709,0.37912988662719727,3.6883320808410645,0.714377760887146,4.837491989135742,0.40356478095054626,4.838350772857666,0.3602513372898102,2.9379496574401855,0.5147109627723694,4.457898139953613,0.3251117467880249,3.7751684188842773,0.6617546081542969,3.15671968460083,0.5533827543258667,3.469913959503174,0.5542136430740356,3.663947105407715,0.7507697939872742,4.519840240478516,0.444444477558136,5.875144958496094,0.9646310210227966,2.734546184539795,0.42886117100715637,4.013485908508301,1.0229909420013428,3.3836023807525635,0.477590411901474,4.720976829528809,0.5331926345825195,6.780889987945557,0.4128333330154419,5.345008373260498,0.9830685257911682,6.75565242767334,0.4361470937728882,3.6908836364746094,0.5253553986549377,2.5328903198242188,0.4236571788787842,4.426336288452148,1.0650651454925537,3.379667282104492,0.5190736651420593,5.061707019805908,0.9375417828559875,2.6476705074310303,0.19940143823623657,2.2371015548706055,0.15928983688354492,3.274238109588623,0.8089258074760437,3.6672613620758057,1.044960856437683
s271_c001_v001_r001_reg017,3.274430751800537,0.4700632691383362,3.8300716876983643,0.6712732315063477,4.574906349182129,0.3811068534851074,4.926292419433594,0.3605022132396698,3.1903138160705566,0.6674989461898804,4.342869281768799,0.2735159695148468,3.341405153274536,0.5689390897750854,3.391766309738159,0.6014983654022217,3.9017984867095947,0.6157358288764954,3.429119110107422,0.7426488399505615,4.4639811515808105,0.5621494650840759,6.11683464050293,0.7148374319076538,2.5425710678100586,0.3452800512313843,4.253233909606934,0.9034698009490967,3.7984392642974854,0.39759328961372375,4.359549522399902,0.5601039528846741,6.4630045890808105,0.42038312554359436,4.81610631942749,0.698490560054779,6.496420383453369,0.5637001395225525,4.015719413757324,0.5839385390281677,2.491278648376465,0.3794780969619751,4.113883972167969,0.9667413830757141,3.7937591075897217,0.7024215459823608,5.04123592376709,0.7560212016105652,2.5466060638427734,0.1823652684688568,2.231179714202881,0.15544164180755615,3.5798726081848145,1.079300880432129,3.9863204956054688,1.1364609003067017
s271_c001_v001_r001_reg018,3.1137502193450928,0.3758331537246704,3.992753505706787,0.9438297748565674,4.612284183502197,0.4381999373435974,4.740756034851074,0.5069323182106018,3.216921329498291,0.6170846819877625,4.4013848304748535,0.3363485038280487,3.227708101272583,0.5175290107727051,3.177027940750122,0.6262614130973816,4.500798225402832,0.8055352568626404,3.2214605808258057,0.5906360149383545,4.381206035614014,0.5675880312919617,6.154029369354248,0.808277428150177,2.6875622272491455,0.36051270365715027,4.411120891571045,0.9886243939399719,3.664149045944214,0.6342059373855591,5.291492462158203,0.5317409634590149,6.600812911987305,0.6094143986701965,4.510784149169922,0.9527743458747864,7.061715602874756,0.42146825790405273,3.9675469398498535,0.6039620637893677,2.6163036823272705,0.48230797052383423,3.9261186122894287,0.8723927140235901,3.64143967628479,0.6100283861160278,5.355525493621826,0.8787283301353455,2.5120809078216553,0.22883674502372742,2.2551069259643555,0.21993358433246613,2.5313234329223633,0.6916306614875793,4.564848899841309,0.6227251887321472
s271_c001_v001_r001_reg019,3.2164759635925293,0.5161390900611877,3.594895362854004,0.8811743855476379,4.41233491897583,0.6322420835494995,4.868437767028809,0.4151185154914856,3.1043622493743896,0.893195629119873,4.189670085906982,0.400834858417511,3.4349520206451416,0.7017757892608643,3.109633445739746,0.4323381781578064,3.7244462966918945,0.7742499709129333,3.2276527881622314,0.7603157758712769,4.238132953643799,0.6054286956787109,6.3112969398498535,0.6844165325164795,2.436424732208252,0.48566198348999023,4.238564491271973,1.020230770111084,3.8511462211608887,0.600536048412323,4.282665729522705,0.7382670640945435,6.368884563446045,0.3738996982574463,4.887073993682861,0.9442716240882874,5.876016139984131,0.6050428748130798,4.312796115875244,0.8224233984947205,2.666914939880371,0.6099480390548706,4.0686235427856445,0.848122239112854,3.78664231300354,0.8092463612556458,4.981117248535156,0.666439414024353,2.5585901737213135,0.3538734018802643,2.2489497661590576,0.4106407165527344,4.131340503692627,0.7519748210906982,3.540926456451416,1.3048120737075806
s271_c001_v001_r001_reg022,3.4134278297424316,0.24124187231063843,3.175109386444092,0.6382514238357544,4.987767696380615,0.260581910610199,5.2069172859191895,0.2735835313796997,3.9239342212677,1.0728758573532104,4.723740100860596,0.401958167552948,3.8070015907287598,0.4940505623817444,3.3809306621551514,0.39689168334007263,4.180281639099121,0.5593948364257812,3.733762502670288,0.7425655126571655,4.813982963562012,0.5186412334442139,6.640119552612305,0.5709239840507507,2.694528579711914,0.3044651448726654,5.55264139175415,0.8483996987342834,3.6044797897338867,0.5261123180389404,5.405951976776123,0.5808576345443726,6.8818230628967285,0.2713833451271057,5.357619285583496,0.6541092991828918,6.603397846221924,0.4943477511405945,4.509835720062256,0.6618385314941406,2.7310609817504883,0.43980491161346436,5.284235000610352,0.6921539902687073,3.904799461364746,0.9363168478012085,5.640494346618652,0.7784565687179565,2.669473171234131,0.1828571856021881,2.310051441192627,0.1684495210647583,3.509765386581421,0.969310998916626,4.871586322784424,0.8148542046546936
s271_c001_v001_r001_reg023,3.0834498405456543,0.412313848733902,0.6172462105751038,0.756020724773407,4.727301597595215,0.6331939101219177,5.291851997375488,0.33113622665405273,4.282745838165283,1.0298128128051758,3.9932782649993896,0.6699970364570618,3.8917605876922607,0.5497066378593445,3.1814651489257812,0.3405866026878357,0.8861754536628723,0.8693299293518066,3.5264508724212646,0.757442057132721,4.734976291656494,0.6550081372261047,6.579811096191406,0.7740646600723267,2.6959445476531982,0.34954583644866943,4.178823947906494,1.9528266191482544,1.9319227933883667,1.0565680265426636,5.469619274139404,0.7884925603866577,6.786686420440674,0.5647690296173096,3.671811580657959,1.6741751432418823,6.896849155426025,0.5605242252349854,2.5767629146575928,1.1218552589416504,2.3439950942993164,0.6003069877624512,5.215163230895996,0.9524368047714233,2.0734879970550537,1.2838459014892578,5.095231056213379,1.1861584186553955,2.601637840270996,0.17854472994804382,2.310914993286133,0.153343066573143,3.8232855796813965,0.9613189697265625,4.582083225250244,1.0438717603683472
s271_c001_v001_r001_reg024,3.2049293518066406,0.20283465087413788,3.0928685665130615,0.8248409628868103,4.409508228302002,0.33380237221717834,4.90653657913208,0.34089726209640503,3.004024028778076,0.4122026264667511,4.1689958572387695,0.34492528438568115,3.903759002685547,0.6517660617828369,3.02457857131958,0.3165753185749054,3.426236629486084,0.4667639434337616,3.172545909881592,0.4104805290699005,4.485969543457031,0.5530423521995544,6.085549354553223,0.4548185467720032,2.4431166648864746,0.1962296962738037,4.18094539642334,1.1031638383865356,3.5189754962921143,0.4304058253765106,5.113367080688477,0.5809682607650757,6.929553985595703,0.3793678283691406,5.097059726715088,0.6853241920471191,6.895707607269287,0.4334142208099365,4.202807426452637,0.5034230947494507,2.6191484928131104,0.27497658133506775,4.688351631164551,1.0107327699661255,3.475498914718628,0.5497124195098877,5.016281604766846,0.9861262440681458,2.5442469120025635,0.18127502501010895,2.2063775062561035,0.13332661986351013,4.297360897064209,1.0044171810150146,3.8526132106781006,1.2306596040725708
s271_c001_v001_r001_reg028,3.253692388534546,0.21521098911762238,4.236270427703857,0.5718969106674194,4.617469310760498,0.32478007674217224,4.916759967803955,0.34827616810798645,3.0939033031463623,0.8232068419456482,4.523129463195801,0.2510702908039093,3.6011738777160645,0.5986543297767639,3.3307783603668213,0.3538593053817749,3.8504364490509033,0.33988824486732483,4.245532989501953,0.9739903807640076,4.736753940582275,0.5325543284416199,6.639677047729492,0.7105767726898193,2.55971622467041,0.3486069142818451,5.243753433227539,0.8828316926956177,4.094275951385498,0.39122703671455383,4.9369964599609375,0.6834242939949036,6.491608142852783,0.29771050810813904,5.6840949058532715,1.0147552490234375,6.574645519256592,0.5813450813293457,4.268830299377441,0.618135392665863,2.8434741497039795,0.5911393761634827,5.745663166046143,0.6705765724182129,4.2079010009765625,0.6107077598571777,4.946463584899902,0.761841356754303,2.678093433380127,0.2186926156282425,2.3089983463287354,0.1503320336341858,3.5100276470184326,0.7799233794212341,4.0087175369262695,1.1306867599487305
s271_c001_v001_r001_reg029,3.2102978229522705,0.2666294574737549,0.27824437618255615,0.9162981510162354,4.375669002532959,0.4607078433036804,5.138461112976074,0.2586214244365692,2.883840560913086,0.3322155475616455,4.028079509735107,0.38120007514953613,3.4006621837615967,0.45711150765419006,3.52577543258667,0.23948897421360016,0.3881562650203705,0.8348103165626526,3.274122714996338,0.2556299567222595,4.4008917808532715,0.30102676153182983,5.952861309051514,0.4836174249649048,2.4225106239318848,0.131583571434021,0.5760721564292908,0.9132968783378601,0.7450253963470459,0.8888067007064819,3.8677680492401123,0.40296587347984314,6.106059551239014,0.5635959506034851,1.2296514511108398,0.9179980754852295,6.321657180786133,0.4241640865802765,1.8531534671783447,0.8364439606666565,2.1554298400878906,0.27587655186653137,3.298570156097412,0.3888340890407562,0.46831709146499634,0.8194674253463745,3.620342969894409,1.0796706676483154,2.871328830718994,0.1747967153787613,2.222428798675537,0.12527650594711304,4.0834856033325195,0.47917014360427856,2.4781882762908936,0.5689353942871094
s271_c001_v001_r001_reg034,3.202770948410034,0.22811977565288544,4.279220104217529,0.7233328819274902,4.4114274978637695,0.284134179353714,4.793619632720947,0.37230125069618225,2.84275484085083,0.5007117390632629,4.45461893081665,0.29980072379112244,3.7627763748168945,0.7698350548744202,3.227189302444458,0.3577730655670166,3.6710591316223145,0.6383077502250671,4.531745433807373,0.8834494352340698,4.8396196365356445,0.5340729355812073,6.711174488067627,0.6366428136825562,2.7045979499816895,0.4632626473903656,5.282260894775391,0.9901007413864136,3.7337119579315186,0.6206021904945374,5.021374702453613,0.5564053058624268,6.303765773773193,0.2659854292869568,5.716902256011963,0.9816599488258362,6.594003200531006,0.5592036247253418,4.199150085449219,0.8323735594749451,2.830976963043213,0.6533948183059692,5.668309688568115,0.7249454855918884,4.220628261566162,0.7808377742767334,4.631102561950684,0.8410407900810242,2.6300158500671387,0.1890803575515747,2.286262035369873,0.15575990080833435,3.403573989868164,0.8982825875282288,3.9699573516845703,0.9278595447540283
s271_c001_v001_r001_reg035,3.213238000869751,0.35667264461517334,2.234757423400879,1.4583526849746704,4.547822952270508,0.42341721057891846,4.893966197967529,0.44510167837142944,3.428365707397461,0.8301001787185669,4.38503360748291,0.49515512585639954,3.815922737121582,0.7346763610839844,3.415025472640991,0.454219788312912,2.4032254219055176,1.0230375528335571,3.989813804626465,0.9524035453796387,4.615671157836914,0.4440673887729645,6.392545700073242,0.7709270715713501,2.6036338806152344,0.3615144193172455,3.337264060974121,1.7808114290237427,2.0614817142486572,0.9433621168136597,4.340657711029053,0.574150025844574,6.374873161315918,0.6456791758537292,5.068055629730225,1.8136399984359741,6.184378623962402,0.611675500869751,3.1254959106445312,1.1447185277938843,2.5869643688201904,0.6283932328224182,4.083057880401611,0.9051339030265808,2.9092090129852295,1.165086030960083,4.533519268035889,0.7593057751655579,2.7367305755615234,0.31519168615341187,2.2660746574401855,0.14855720102787018,3.9233574867248535,0.8996667861938477,3.6054811477661133,1.2283769845962524
s271_c001_v001_r001_reg047,2.7912237644195557,0.2959516644477844,2.233799934387207,1.4015254974365234,3.7953972816467285,0.54474276304245,4.278141021728516,0.5063236355781555,3.1241064071655273,0.9855424165725708,3.808087110519409,0.47030723094940186,3.667618751525879,0.7260886430740356,3.0947155952453613,0.33989232778549194,2.4654529094696045,0.6986332535743713,2.8449175357818604,0.4649181067943573,3.91795015335083,0.5256260633468628,5.023425102233887,0.7743575572967529,2.3431599140167236,0.19259217381477356,2.636049270629883,1.363782286643982,2.4487054347991943,0.7407674193382263,4.656237602233887,0.5779852867126465,6.126611232757568,0.906505823135376,4.340924263000488,1.0321272611618042,5.758368015289307,0.40168464183807373,3.4759151935577393,0.85613614320755,2.3485302925109863,0.3552083373069763,3.626149892807007,0.7852848172187805,2.3820509910583496,0.9771159291267395,5.1573486328125,1.382805347442627,2.358894109725952,0.16396786272525787,2.189027786254883,0.1386069506406784,3.4834907054901123,0.6801428198814392,4.058918476104736,0.7625692486763
s271_c001_v001_r001_reg048,3.3390674591064453,0.6323936581611633,4.616448402404785,0.9666850566864014,4.848404407501221,0.39490950107574463,5.149070739746094,0.34769341349601746,3.4411470890045166,0.9812535643577576,4.510480880737305,0.5745040774345398,3.7831459045410156,0.6564317941665649,3.0678837299346924,0.40000665187835693,3.9582359790802,0.5350053310394287,4.189368724822998,0.9674975872039795,4.808709144592285,0.5644994974136353,6.731069564819336,0.70829838514328,2.72178053855896,0.5923693776130676,5.5586256980896,0.9987889528274536,3.9398179054260254,0.6717296242713928,5.160582542419434,0.5845717191696167,6.466061115264893,0.25730231404304504,5.542652606964111,0.8892116546630859,6.617868423461914,0.4937264621257782,4.440752983093262,0.8254719376564026,3.0801756381988525,0.7583810091018677,5.646261692047119,0.7689067721366882,4.520286560058594,0.9766511917114258,5.838756084442139,1.1311862468719482,2.700190544128418,0.4735507667064667,2.4838035106658936,0.5018821358680725,3.759303331375122,0.8645172119140625,4.566273212432861,0.8891968131065369
s271_c001_v001_r001_reg049,3.437272071838379,0.2695399522781372,5.3403401374816895,0.5631518363952637,5.12734317779541,0.3139670491218567,5.077566146850586,0.29222574830055237,3.598789930343628,0.5683990716934204,4.762691497802734,0.2807394564151764,4.65580940246582,0.8020694851875305,3.23736572265625,0.6093899607658386,4.1998209953308105,0.5548424124717712,4.059161186218262,0.6385250091552734,4.929346084594727,0.49160444736480713,6.967494487762451,0.5688612461090088,4.053192138671875,0.6751128435134888,5.456091403961182,0.8354237675666809,4.403629302978516,0.5420442223548889,5.404437065124512,0.354817271232605,6.866232395172119,0.27683669328689575,5.5048747062683105,0.6220799088478088,7.266260147094727,0.3139931857585907,4.212666988372803,0.31348904967308044,2.9968643188476562,0.4167969822883606,5.228322982788086,0.7413679361343384,3.9526779651641846,0.3308890759944916,5.100291728973389,0.39854252338409424,2.6607232093811035,0.16470786929130554,2.329345464706421,0.12717582285404205,2.384766101837158,0.5524237155914307,4.390762805938721,0.4632880687713623
s271_c001_v001_r001_reg052,3.250028133392334,0.4345042407512665,3.684105634689331,1.7749005556106567,4.710923671722412,0.7893659472465515,5.051142692565918,0.39976441860198975,4.688557147979736,0.8852807283401489,4.269609451293945,0.5588862299919128,4.177035808563232,0.8085377216339111,3.144939661026001,0.41664499044418335,2.314030885696411,0.9623146057128906,3.6792187690734863,0.6281824111938477,4.597070693969727,0.5874722003936768,6.429168701171875,0.5191897749900818,2.6946592330932617,0.2823277711868286,3.7250380516052246,1.5224043130874634,2.095773935317993,0.9361544847488403,5.192530632019043,0.507578432559967,6.719931125640869,0.49015605449676514,4.129860877990723,1.5682967901229858,7.22938346862793,0.39677363634109497,2.7971458435058594,1.0869640111923218,2.4760775566101074,0.5372803211212158,4.451061248779297,0.7937855124473572,2.0037245750427246,0.9599108695983887,5.750157833099365,1.2832502126693726,2.8048384189605713,0.3003291189670563,2.267937183380127,0.11731339991092682,4.207709789276123,0.7903883457183838,3.4365170001983643,0.7943227887153625
s271_c001_v001_r001_reg053,3.4332191944122314,0.7490417957305908,3.4653329849243164,1.784648060798645,4.144527435302734,0.886086106300354,5.100195407867432,0.3982608914375305,3.480372190475464,0.9205237627029419,3.973551034927368,0.6471830606460571,3.5436336994171143,0.42672649025917053,2.812183380126953,0.32180872559547424,2.5848629474639893,1.4343193769454956,2.901693820953369,0.6699064373970032,4.068631649017334,0.5637385249137878,6.08304500579834,0.7435855865478516,2.7429111003875732,0.27963635325431824,2.1372182369232178,1.4849610328674316,2.237651824951172,1.1505695581436157,4.096675872802734,0.5526003241539001,5.655666351318359,0.8758752346038818,2.707611083984375,1.1617635488510132,6.667507648468018,0.4383549094200134,2.289543628692627,1.0127143859863281,1.6872800588607788,0.6255365014076233,5.217571258544922,1.1743806600570679,1.687220573425293,1.1449253559112549,5.915338039398193,1.224477767944336,2.6547327041625977,0.18263453245162964,2.202289581298828,0.13223858177661896,2.630812644958496,0.5147061944007874,4.011098384857178,0.7100452780723572
s271_c001_v001_r001_reg054,3.189401865005493,0.28033003211021423,4.325753211975098,0.9221315383911133,4.918190956115723,0.27998462319374084,5.061568737030029,0.40637022256851196,3.05461049079895,0.512219250202179,4.585702896118164,0.5059133172035217,4.367436408996582,0.71940678358078,3.0051193237304688,0.43746986985206604,2.959895372390747,0.5465860366821289,4.823358058929443,0.7974354028701782,5.234948635101318,0.5485920310020447,7.068530559539795,0.5261014103889465,3.28407883644104,0.5194625854492188,5.592649936676025,1.0135536193847656,3.063645601272583,0.5791192650794983,5.202714443206787,0.44004717469215393,6.475014686584473,0.28038716316223145,5.2151713371276855,1.0702316761016846,7.1695404052734375,0.39624810218811035,3.7120704650878906,0.6919145584106445,2.8516685962677,0.45833486318588257,5.589923858642578,1.006113052368164,3.6743013858795166,0.6819202899932861,4.843255519866943,0.5332809686660767,2.515136241912842,0.23776379227638245,2.297980785369873,0.20902489125728607,2.282984972000122,0.20365002751350403,4.63710880279541,0.4883056581020355
s271_c001_v001_r001_reg055,3.235072135925293,0.23566444218158722,4.6966705322265625,0.9642626643180847,4.80557918548584,0.4136943817138672,5.105915546417236,0.37365543842315674,3.481816530227661,0.9032449126243591,4.598433494567871,0.34964311122894287,3.4967284202575684,0.46098005771636963,3.090501546859741,0.5935103893280029,3.4554760456085205,0.6938758492469788,3.290994167327881,0.4155908226966858,4.5149335861206055,0.4779144823551178,6.313911437988281,0.7194920182228088,2.8019423484802246,0.5245850682258606,4.460402965545654,1.0529382228851318,3.661492109298706,0.5615517497062683,4.89037561416626,0.7951499819755554,6.61287260055542,0.37960851192474365,5.057271957397461,0.6350353360176086,6.835414409637451,0.46823033690452576,3.9447407722473145,0.4764585494995117,2.8042097091674805,0.5443449020385742,4.212876319885254,0.9630610346794128,3.483654260635376,0.5053414106369019,5.161639213562012,0.765827476978302,2.499138116836548,0.1540413796901703,2.2448551654815674,0.1490478366613388,3.3281068801879883,1.1815409660339355,3.932311534881592,1.1591310501098633
s271_c001_v001_r001_reg056,2.9932401180267334,0.4064750671386719,3.794235944747925,0.9637782573699951,4.341893196105957,0.5078673362731934,4.909026145935059,0.37773075699806213,3.1677136421203613,0.8198221921920776,4.172691345214844,0.45415741205215454,3.476030111312866,0.6011428236961365,2.7515907287597656,0.3072754144668579,3.3336293697357178,0.5542961359024048,3.7391653060913086,0.9527405500411987,4.410838603973389,0.5465646386146545,6.21990442276001,0.7805359959602356,2.4681074619293213,0.3427557945251465,4.815027236938477,1.1033778190612793,3.276336193084717,0.5680407881736755,4.8513569831848145,0.5783193707466125,6.196186065673828,0.35911038517951965,5.098175525665283,1.0052001476287842,6.392170429229736,0.6084957718849182,4.249420166015625,0.8062418103218079,2.9120445251464844,0.6539188027381897,5.308955192565918,0.8058013319969177,3.884584903717041,1.0254935026168823,5.642269134521484,1.1599500179290771,2.4808831214904785,0.29145750403404236,2.311805009841919,0.3075299561023712,3.816535234451294,0.8587560653686523,4.043513774871826,1.1063251495361328
s271_c001_v001_r001_reg057,2.7823452949523926,0.2437642365694046,2.0460753440856934,1.0090898275375366,3.8656179904937744,0.429334431886673,4.348453521728516,0.41087883710861206,2.971637725830078,0.7929023504257202,3.7785396575927734,0.39737793803215027,3.5394420623779297,0.6796301603317261,3.019976854324341,0.31802690029144287,2.4301774501800537,0.5839757919311523,2.9004287719726562,0.45270687341690063,3.90781831741333,0.4553165137767792,5.013498783111572,0.6286747455596924,2.3257412910461426,0.17349860072135925,2.5605010986328125,1.2472002506256104,2.3171072006225586,0.6577317118644714,4.567969799041748,0.47370538115501404,6.216024875640869,0.4540562927722931,4.087582588195801,0.8921178579330444,5.626858234405518,0.362797349691391,3.445859909057617,0.6538277864456177,2.4335970878601074,0.25773343443870544,3.7744228839874268,0.7047959566116333,2.170844554901123,0.8889236450195312,4.830113887786865,1.4213687181472778,2.3452091217041016,0.15148161351680756,2.2063539028167725,0.1361861377954483,3.6965067386627197,0.7729150056838989,3.981105089187622,0.847582995891571
s271_c001_v001_r001_reg058,3.1636886596679688,0.21016697585582733,4.034426689147949,0.5588500499725342,4.637673377990723,0.3238454759120941,5.000303745269775,0.3106497526168823,4.198982238769531,0.9392181038856506,4.297380447387695,0.24755984544754028,3.89443039894104,0.5976388454437256,3.1855103969573975,0.3705057203769684,4.183716773986816,0.26528462767601013,3.1183927059173584,0.22065328061580658,4.47643518447876,0.35304996371269226,6.03508996963501,0.6249730587005615,2.392610788345337,0.1590857058763504,4.131824493408203,0.3732520043849945,3.862741708755493,0.28865331411361694,4.019752502441406,0.24669283628463745,6.798651218414307,0.3652387857437134,5.203662872314453,0.3747074007987976,6.391486644744873,0.5637351274490356,4.573134899139404,0.21428412199020386,2.5870323181152344,0.15449409186840057,4.0106329917907715,0.7054489850997925,3.964080572128296,0.2259535789489746,5.516878128051758,0.4542831480503082,2.454836368560791,0.13471990823745728,2.197826385498047,0.13513201475143433,4.735996246337891,0.7695395946502686,2.8571441173553467,0.9789822101593018
s271_c001_v001_r001_reg059,2.8062222003936768,0.33450326323509216,3.397040843963623,0.9643167853355408,3.2750749588012695,0.5870232582092285,5.00192403793335,0.43985891342163086,3.506479501724243,0.9248956441879272,3.9947078227996826,0.43028688430786133,2.974787712097168,0.38751640915870667,2.6228158473968506,0.2273138463497162,3.161409854888916,0.9887183904647827,2.8090431690216064,0.3735159933567047,3.6724236011505127,0.34748193621635437,5.458934783935547,0.7807657718658447,2.267608880996704,0.1968471258878708,3.1979119777679443,1.0577515363693237,3.596292018890381,0.8831608295440674,4.5218400955200195,0.45495542883872986,6.120016574859619,0.5467634797096252,3.796259880065918,1.264699101448059,6.007482528686523,0.5363683104515076,4.129133701324463,0.8372424244880676,2.294733762741089,0.37326306104660034,2.7825796604156494,0.5289213061332703,3.2771716117858887,0.881486177444458,4.66407585144043,1.1573532819747925,2.309812068939209,0.15647689998149872,2.1727042198181152,0.16668124496936798,5.043914794921875,0.5592897534370422,3.1241769790649414,1.0221415758132935
s271_c001_v001_r001_reg060,3.3071017265319824,0.4321895241737366,4.189235687255859,0.8499903082847595,4.627870559692383,0.458773672580719,4.96591854095459,0.42308753728866577,3.381152629852295,1.0750792026519775,4.267081260681152,0.3892221748828888,3.7125961780548096,0.8479785323143005,3.152477979660034,0.831929087638855,4.294734001159668,0.6103218793869019,3.3393752574920654,0.5459746718406677,4.365025997161865,0.7944087982177734,5.555544376373291,0.7773551940917969,2.5885727405548096,0.55301833152771,4.4311017990112305,0.7499426007270813,4.124361991882324,0.5448575615882874,4.576660633087158,0.6872658133506775,6.45918083190918,0.3437163531780243,4.991669654846191,0.5320636034011841,6.415130138397217,0.5222173929214478,4.661953926086426,0.7032660245895386,2.760364294052124,0.43074339628219604,3.866666793823242,0.9297326803207397,3.9909512996673584,0.6467013955116272,5.970090389251709,0.9211407899856567,2.47033429145813,0.36843109130859375,2.328749895095825,0.4514067471027374,3.7767889499664307,0.8913193345069885,4.309908866882324,1.0405946969985962
s271_c001_v001_r001_reg061,3.044908285140991,0.2844925820827484,3.8108415603637695,0.34613868594169617,4.561999320983887,0.44951483607292175,4.790975093841553,0.399316668510437,2.809793710708618,0.27669623494148254,4.15349006652832,0.309295117855072,3.0981850624084473,0.4010845422744751,2.8903188705444336,0.37171459197998047,4.082644939422607,0.3355211019515991,3.000120162963867,0.4686550796031952,4.218898773193359,0.5287295579910278,5.345822811126709,0.8073033690452576,2.3759090900421143,0.17478643357753754,4.221067905426025,0.49872639775276184,3.7033214569091797,0.37616485357284546,4.107624530792236,0.5584659576416016,6.384335517883301,0.4680440127849579,4.687605381011963,0.45556920766830444,6.206045150756836,0.532153844833374,4.303815841674805,0.34427282214164734,2.7434189319610596,0.22096268832683563,3.9239022731781006,1.0786924362182617,3.652360439300537,0.4631907641887665,5.583189010620117,0.49099066853523254,2.3641257286071777,0.14194566011428833,2.201960802078247,0.16381117701530457,4.077213764190674,1.1123753786087036,3.9439432621002197,1.3148136138916016
s271_c001_v001_r001_reg063,3.1128990650177,0.23491090536117554,5.5452680587768555,1.4449881315231323,4.876974105834961,0.4304196834564209,4.712485313415527,0.4065994918346405,5.005740165710449,0.9800432324409485,4.323119640350342,0.3798380196094513,3.6634724140167236,0.5698779225349426,2.961651563644409,0.537471354007721,3.482619047164917,0.565410852432251,3.267319679260254,0.495199978351593,4.23516845703125,0.46546700596809387,6.193576812744141,0.7343305945396423,2.6369988918304443,0.3359176516532898,4.695841312408447,1.1009560823440552,3.298722982406616,0.4817862808704376,5.219438552856445,0.5130847692489624,6.543347358703613,0.4184613525867462,4.4339141845703125,0.8154658079147339,6.6973652839660645,0.4873547852039337,3.859560966491699,0.574932873249054,2.5937013626098633,0.21766117215156555,3.876171350479126,0.8962383270263672,3.338115930557251,0.521202564239502,5.2346696853637695,0.8011860251426697,2.4089996814727783,0.1583259105682373,2.258604049682617,0.16137388348579407,2.9982752799987793,1.018130898475647,4.60581111907959,0.9900645613670349
s271_c001_v001_r001_reg066,3.2948410511016846,0.41692692041397095,3.744523286819458,1.2867379188537598,4.867578029632568,0.39967799186706543,4.964871406555176,0.38689157366752625,3.5845067501068115,0.818726122379303,4.296658992767334,0.48430317640304565,4.081422805786133,0.7817914485931396,3.242079496383667,0.6708387732505798,2.6937525272369385,0.9230852723121643,4.2548627853393555,0.9096715450286865,4.7447919845581055,0.6950019598007202,6.805964469909668,0.9123786687850952,3.175633430480957,0.6083446741104126,4.829609394073486,1.6112415790557861,3.481431722640991,0.7563447952270508,4.987759113311768,0.5592074990272522,6.321649074554443,0.37280434370040894,4.280403137207031,1.4071199893951416,7.057456016540527,0.4573110342025757,3.3082971572875977,0.7793968915939331,2.6739888191223145,0.5049163699150085,4.686469554901123,0.9088134765625,2.5601351261138916,0.8646804094314575,4.886374473571777,0.6781359314918518,2.4897236824035645,0.22558259963989258,2.2982099056243896,0.2335357815027237,2.292327642440796,0.20009568333625793,4.646855354309082,0.641748309135437
s271_c001_v001_r001_reg067,3.1645798683166504,0.391169935464859,3.883995532989502,0.6963267922401428,4.661787033081055,0.3402121961116791,4.9534430503845215,0.3468019962310791,2.8748111724853516,0.6677479147911072,4.269298553466797,0.3690076172351837,3.343045949935913,0.5352717041969299,3.070958137512207,0.4760683476924896,3.4850051403045654,0.42027485370635986,4.1630659103393555,1.017651915550232,4.586051940917969,0.5617685317993164,6.72023344039917,0.6648517847061157,2.5475943088531494,0.3572356402873993,5.02072811126709,1.0982439517974854,3.3816404342651367,0.4353392720222473,5.1651458740234375,0.5755495429039001,6.161728858947754,0.29546740651130676,5.492685794830322,1.036106824874878,6.541873931884766,0.5014482140541077,4.016148567199707,0.6242063045501709,2.8336589336395264,0.6521127223968506,5.348104476928711,0.7508949041366577,3.6055893898010254,0.6057842969894409,4.886204242706299,0.7690957188606262,2.497424840927124,0.23547148704528809,2.2802984714508057,0.2494954615831375,3.568925142288208,1.0927706956863403,4.248027801513672,0.9759006500244141
s271_c001_v001_r001_reg068,3.4587836265563965,0.619638204574585,3.9157185554504395,1.3095970153808594,4.716447353363037,0.5435481071472168,4.942810535430908,0.4160742163658142,3.4133832454681396,0.7230073809623718,4.214496612548828,0.4950408935546875,3.4549002647399902,0.38798069953918457,3.1298091411590576,0.7489153146743774,2.4261462688446045,0.9700548648834229,3.4427802562713623,0.6667541861534119,4.402485370635986,0.5463466048240662,6.099639892578125,0.7929973602294922,2.7532424926757812,0.43678149580955505,2.7399556636810303,1.3230431079864502,2.7427845001220703,0.8859652876853943,4.883719444274902,0.5679046511650085,6.441300392150879,0.585624635219574,3.908263683319092,1.188458800315857,6.555217266082764,0.49884966015815735,3.1158909797668457,0.9266983866691589,2.501380205154419,0.3644322454929352,4.575161933898926,0.8954848647117615,2.467714786529541,0.7989327311515808,4.710455417633057,0.8806999325752258,2.5085701942443848,0.18290956318378448,2.238896131515503,0.13829946517944336,2.7774434089660645,0.9299463629722595,4.333488941192627,0.876153826713562
s271_c001_v001_r001_reg071,3.3568646907806396,0.5074658989906311,4.103671073913574,0.9592817425727844,4.829655170440674,0.48193299770355225,5.05797815322876,0.3522333800792694,3.6838417053222656,0.972200334072113,4.437276363372803,0.5153017640113831,3.464460611343384,0.5621348023414612,3.139845848083496,0.38604724407196045,3.947171449661255,0.7822096347808838,4.185172080993652,0.8765791654586792,4.560535907745361,0.5210608839988708,6.950047492980957,0.586102306842804,2.7417733669281006,0.4997785687446594,5.170712947845459,1.1235673427581787,3.5377376079559326,0.6845359206199646,5.32611083984375,0.5910285115242004,6.26630973815918,0.3665187656879425,5.559480667114258,1.040719747543335,6.593325138092041,0.4816778004169464,3.896253824234009,0.7338578701019287,3.0926504135131836,0.7191195487976074,5.592392921447754,0.7326712608337402,3.731024980545044,0.8602638840675354,5.346206188201904,0.7814192175865173,2.5830893516540527,0.3760502338409424,2.435389518737793,0.41277745366096497,3.7669270038604736,1.006100058555603,4.523788928985596,0.9479604959487915
s271_c001_v001_r001_reg077,3.307351589202881,0.3102341294288635,4.743578910827637,0.9367706775665283,4.897716522216797,0.37928736209869385,5.108241558074951,0.4282597005367279,3.7527084350585938,0.8724859356880188,4.451523303985596,0.4167053699493408,3.5112438201904297,0.45894744992256165,3.146188974380493,0.6425020098686218,4.0352678298950195,0.7198238372802734,3.595335006713867,0.6665321588516235,4.575023651123047,0.6128508448600769,6.391337871551514,0.7049798965454102,2.7810134887695312,0.4223902225494385,4.841862678527832,1.072081208229065,3.7954587936401367,0.5798218846321106,5.183776378631592,0.6035515069961548,6.722406387329102,0.39602169394493103,5.181410789489746,0.9231961965560913,7.289862632751465,0.4322698414325714,3.754483699798584,0.5488519072532654,2.8223607540130615,0.3628848195075989,4.638582706451416,0.8354177474975586,3.779555559158325,0.5259627103805542,5.544034481048584,0.653141438961029,2.4347143173217773,0.215968057513237,2.3265647888183594,0.2665179371833801,2.489511251449585,0.4966181814670563,4.682764530181885,0.8192324042320251
s271_c001_v001_r001_reg079,3.0831832885742188,0.24503782391548157,4.938714504241943,0.9850044250488281,4.45475435256958,0.42541393637657166,4.671924114227295,0.3611775040626526,4.491316795349121,0.8113898038864136,4.366243362426758,0.6009521484375,3.0455996990203857,0.30158737301826477,2.6430251598358154,0.42214417457580566,3.158703565597534,0.5363805294036865,3.309513807296753,0.5492841005325317,4.484128475189209,0.46457692980766296,5.994004726409912,0.6845505833625793,2.469428062438965,0.2093053013086319,4.436978816986084,0.9800030589103699,3.0061116218566895,0.4670877754688263,5.336500644683838,0.4278847873210907,6.1752190589904785,0.44841644167900085,3.857072353363037,0.8629184365272522,6.715753078460693,0.39932680130004883,3.349186897277832,0.655629575252533,2.7838284969329834,0.24351142346858978,5.005084037780762,0.9385787844657898,3.2630269527435303,0.4928785562515259,4.542636871337891,0.8249304890632629,2.292119026184082,0.1502601057291031,2.2228291034698486,0.14960837364196777,2.2445147037506104,0.19545012712478638,4.242513656616211,1.0665254592895508
s271_c001_v001_r001_reg081,3.006469249725342,0.15676723420619965,3.689558744430542,1.1266202926635742,5.198943138122559,0.47156596183776855,4.893618106842041,0.3790914714336395,3.5150163173675537,1.0053491592407227,4.004122257232666,0.24421948194503784,3.6341822147369385,0.46332094073295593,2.7305479049682617,0.2844187617301941,3.5688633918762207,0.4483798146247864,3.063530206680298,0.3714689612388611,4.157025337219238,0.3055092394351959,5.178514003753662,0.656956136226654,2.4814414978027344,0.1952577829360962,3.2575440406799316,0.8126044273376465,3.2728796005249023,0.35446763038635254,4.2068257331848145,0.3093138635158539,6.590348720550537,0.3304654359817505,4.6352338790893555,0.546730101108551,6.9175567626953125,0.3801628649234772,3.849295139312744,0.41488903760910034,2.482431650161743,0.18703600764274597,3.233551502227783,0.49898144602775574,3.250542402267456,0.3948138952255249,5.6592206954956055,0.852828323841095,2.392454147338867,0.1439482867717743,2.2021615505218506,0.12576979398727417,3.4159162044525146,0.6473506689071655,3.1997790336608887,0.9428398013114929
s271_c001_v001_r001_reg082,2.5696051120758057,0.2781129479408264,1.280135154724121,1.0720605850219727,3.7947800159454346,0.6074694395065308,4.0412397384643555,0.6612997651100159,2.811760425567627,0.7035391926765442,3.878164052963257,0.6208842396736145,3.4100241661071777,0.8575682044029236,2.811716318130493,0.5257102251052856,2.058955192565918,0.8733753561973572,2.9359936714172363,0.640933096408844,3.887643575668335,0.7755025029182434,5.133634090423584,1.122745394706726,2.536275863647461,0.3521004915237427,2.4489948749542236,1.1930915117263794,1.7486674785614014,0.7800590395927429,4.2696356773376465,0.7778236865997314,5.433043003082275,0.950294554233551,2.3625988960266113,1.2843198776245117,5.766274929046631,0.2743133306503296,1.8113768100738525,0.7543435096740723,2.3352365493774414,0.45667564868927,3.887103319168091,1.0874722003936768,1.2296018600463867,0.725614607334137,2.4270551204681396,0.9102330207824707,2.2909295558929443,0.1894000768661499,2.202885627746582,0.1782960593700409,2.2356808185577393,0.16609540581703186,3.983497381210327,0.6217476725578308
s271_c001_v001_r001_reg083,3.1460886001586914,0.288067102432251,4.873829364776611,0.9348719716072083,4.612227916717529,0.2543060779571533,4.730127334594727,0.33213549852371216,3.8930957317352295,0.8676764369010925,4.287886142730713,0.28832298517227173,3.6372482776641846,0.3368627429008484,3.606419563293457,0.5207942128181458,4.798203468322754,0.6483439803123474,3.6522316932678223,0.6762409806251526,4.568798542022705,0.40779876708984375,6.590969085693359,0.39241668581962585,3.3400683403015137,0.37157341837882996,4.5105509757995605,0.9495527148246765,3.5085418224334717,0.3420199751853943,5.124847888946533,0.3588511347770691,6.877685546875,0.3432556986808777,5.029417514801025,0.5809445381164551,7.094640731811523,0.3289565443992615,4.019033432006836,0.44264641404151917,2.622371196746826,0.26285409927368164,4.453607082366943,0.7248311042785645,3.6323719024658203,0.4955787658691406,4.960833549499512,0.41966739296913147,2.443962812423706,0.13712581992149353,2.2865867614746094,0.11203470826148987,2.3038744926452637,0.34568968415260315,4.636303424835205,0.33667171001434326
s271_c001_v001_r001_reg085,3.2781577110290527,0.28323930501937866,4.494321823120117,0.6788697838783264,4.821225643157959,0.32873326539993286,4.986515045166016,0.3749765455722809,3.8769311904907227,1.0054185390472412,4.324409008026123,0.26381218433380127,3.782350778579712,0.6261584162712097,3.0704455375671387,0.3780861496925354,4.048420429229736,0.301824152469635,4.552753448486328,1.0096962451934814,4.74123477935791,0.5729588866233826,7.068299770355225,0.49617478251457214,2.6736950874328613,0.346296101808548,5.596317291259766,1.0422710180282593,3.946150779724121,0.3367699682712555,4.819555282592773,0.5611226558685303,6.5624542236328125,0.32024556398391724,6.188281059265137,0.924485445022583,6.874800205230713,0.536999523639679,4.471809387207031,0.46527647972106934,2.9587182998657227,0.5127802491188049,5.432683944702148,0.9020551443099976,4.305859088897705,0.5842688679695129,5.446074485778809,0.8431059718132019,2.6000137329101562,0.2055473029613495,2.269641637802124,0.1193806380033493,3.568061351776123,1.1404194831848145,4.306426048278809,1.1233482360839844
s271_c001_v001_r001_reg086,3.5170416831970215,0.5178211331367493,4.209173202514648,1.0392682552337646,4.919926643371582,0.4459086060523987,5.000303745269775,0.4215109050273895,3.7046422958374023,0.9191741943359375,4.420231342315674,0.4361335039138794,3.8185837268829346,0.7447351217269897,3.2613346576690674,0.5377157330513,3.813001871109009,0.7578731775283813,3.507195234298706,0.5575482249259949,4.574633598327637,0.48416441679000854,5.592150688171387,0.6546688079833984,2.7064998149871826,0.489998459815979,4.134063720703125,0.9116590619087219,4.057790279388428,0.5922641158103943,4.324874401092529,0.5453630685806274,6.647559642791748,0.3984571695327759,5.028201103210449,0.5970569252967834,6.312619209289551,0.5326555371284485,4.282722473144531,0.6110168695449829,2.8955256938934326,0.6183404922485352,4.087093830108643,0.9273726344108582,3.6825504302978516,0.6454919576644897,5.646566390991211,0.8322795033454895,2.575975179672241,0.3940873146057129,2.3178296089172363,0.42861878871917725,3.9476990699768066,0.9969238042831421,3.7022013664245605,1.1558966636657715
s271_c001_v001_r001_reg087,3.1697371006011963,0.3026553690433502,3.5242819786071777,0.979815661907196,4.28481388092041,0.5034393072128296,4.693338394165039,0.3303726613521576,3.850374698638916,1.121041178703308,4.031395435333252,0.4805365800857544,3.583411931991577,0.5931635499000549,2.9607019424438477,0.3066665232181549,3.5262370109558105,0.9067649245262146,3.516993522644043,0.7798361778259277,4.120611667633057,0.417412668466568,6.10389518737793,0.6151620745658875,2.366093873977661,0.15867136418819427,4.062179088592529,0.9846212267875671,3.357489585876465,0.5802696347236633,4.1498308181762695,0.5184928774833679,6.238537311553955,0.49963483214378357,5.145402908325195,1.3467775583267212,6.154330730438232,0.5729227662086487,3.9912610054016113,0.6975477337837219,2.48740291595459,0.36167511343955994,3.3274691104888916,0.6871204972267151,3.2750184535980225,0.7041015625,5.084412574768066,0.9924149513244629,2.430450201034546,0.1581719070672989,2.2061290740966797,0.12715798616409302,4.6313982009887695,0.7664957642555237,3.296902894973755,1.2211638689041138
s271_c001_v001_r001_reg088,3.0124995708465576,0.2951665222644806,3.9705142974853516,1.0616343021392822,4.750698566436768,0.7572100162506104,4.813638687133789,0.5853933095932007,3.4097561836242676,1.0356645584106445,3.968799114227295,0.41205736994743347,3.4710230827331543,0.6013928651809692,3.184434175491333,0.5011066198348999,3.505449056625366,0.6027582287788391,3.211886405944824,0.6143714785575867,4.13532829284668,0.6138212084770203,5.932455062866211,0.969474732875824,2.4685986042022705,0.2390269786119461,3.5713748931884766,0.9918047785758972,3.403729200363159,0.541801929473877,4.122631549835205,0.505523681640625,5.997808456420898,0.5592451691627502,4.20892858505249,0.7496979832649231,5.962345123291016,0.5756367444992065,4.12258768081665,0.7021561861038208,2.5457937717437744,0.28121015429496765,3.9606924057006836,1.1242111921310425,3.311767339706421,0.7090775966644287,5.216827392578125,0.8156257271766663,2.472956418991089,0.19345979392528534,2.2618696689605713,0.18154051899909973,4.133124351501465,1.2718926668167114,3.8459177017211914,1.2368977069854736
s271_c001_v001_r001_reg089,3.152799129486084,0.2772684395313263,4.372513294219971,0.8322998881340027,4.756324768066406,0.3092755973339081,4.683047294616699,0.3418022692203522,3.3297321796417236,0.765288233757019,4.292218208312988,0.32034608721733093,3.6096534729003906,0.4617128372192383,3.3190722465515137,0.625644326210022,4.5419416427612305,0.9468830227851868,3.650174140930176,0.7779450416564941,4.569547653198242,0.4931395649909973,6.472460746765137,0.4977806806564331,3.0191757678985596,0.4781571626663208,4.164424896240234,1.1039255857467651,3.461246967315674,0.4062284827232361,4.916280269622803,0.5048155784606934,6.756925582885742,0.3682924509048462,5.106608867645264,0.6507347226142883,6.946828365325928,0.45542994141578674,4.1600446701049805,0.4930862784385681,2.6205341815948486,0.2979518473148346,4.4195332527160645,0.8580254316329956,3.7829978466033936,0.5344513654708862,5.147643566131592,0.48442357778549194,2.431810140609741,0.14500287175178528,2.2591545581817627,0.13246513903141022,2.800731897354126,0.9943062663078308,4.469159126281738,0.8285709619522095
s271_c001_v001_r001_reg090,2.987208843231201,0.25768178701400757,2.5789036750793457,1.6667019128799438,4.56587553024292,0.5562162399291992,4.664102554321289,0.4428044259548187,3.660263776779175,1.0615215301513672,3.799103021621704,0.36548981070518494,3.633071184158325,0.6912832260131836,2.748512029647827,0.27513572573661804,2.393540620803833,0.6785605549812317,3.1158711910247803,0.4470997154712677,4.101912975311279,0.44070136547088623,5.256585597991943,0.7992915511131287,2.4562854766845703,0.2507255971431732,2.5466766357421875,1.151132583618164,2.3223788738250732,0.6952111124992371,4.4494781494140625,0.5899006724357605,6.381324768066406,0.6186203360557556,3.714919090270996,0.8355990052223206,6.7828521728515625,0.48486393690109253,3.2068727016448975,0.7412227392196655,2.571908950805664,0.2886653542518616,3.532686710357666,0.9421281218528748,2.3235933780670166,0.8603021502494812,5.2434186935424805,0.9906227588653564,2.381925582885742,0.14541877806186676,2.2040841579437256,0.14207954704761505,3.557581663131714,0.9232975840568542,3.430870294570923,1.1534738540649414
s271_c001_v001_r001_reg092,3.011296510696411,0.26152414083480835,3.1729400157928467,1.2663906812667847,4.043694496154785,0.4021589457988739,4.40151309967041,0.3309149742126465,3.7122161388397217,0.9323750734329224,3.6928954124450684,0.3369494080543518,3.2960407733917236,0.4524514079093933,2.4692468643188477,0.15451188385486603,2.737318515777588,0.6145085096359253,2.8472795486450195,0.22459326684474945,3.799250841140747,0.2731955945491791,4.847240924835205,0.6128714084625244,2.246732711791992,0.14214196801185608,2.614501714706421,0.8686805963516235,2.80922532081604,0.5877490639686584,4.596181869506836,0.3798404037952423,5.78713846206665,0.522224485874176,3.4422361850738525,0.9686170220375061,5.77221155166626,0.5742517709732056,3.485639810562134,0.49451741576194763,2.6701571941375732,0.17198500037193298,3.2398133277893066,0.43224385380744934,3.006255865097046,0.5163872241973877,4.787112236022949,0.7544515132904053,2.2909598350524902,0.13720208406448364,2.171812057495117,0.15478065609931946,4.579415798187256,0.5134989023208618,2.375466823577881,0.47299349308013916
s271_c001_v001_r001_reg094,3.266470432281494,0.33081990480422974,4.074810028076172,0.6175997257232666,4.524028778076172,0.3335544466972351,4.395685195922852,0.4178968369960785,3.7072057723999023,0.7687467932701111,4.351860523223877,0.29071444272994995,3.3416786193847656,0.5839768648147583,2.7079312801361084,0.398363322019577,3.86978816986084,0.3638710081577301,3.8035545349121094,0.68666672706604,4.492598533630371,0.5251040458679199,6.095752239227295,0.657954216003418,2.6030354499816895,0.30597537755966187,5.168255805969238,0.7569981813430786,3.933803081512451,0.29667824506759644,5.196072101593018,0.5676672458648682,6.271028518676758,0.33366304636001587,4.788853645324707,0.8434445858001709,7.34975004196167,0.42063337564468384,4.439688205718994,0.47851094603538513,2.8641159534454346,0.319223552942276,5.087136745452881,0.8231525421142578,4.08897590637207,0.47609585523605347,5.118141174316406,0.5498993992805481,2.3305325508117676,0.15130949020385742,2.2614142894744873,0.15402942895889282,2.590714454650879,0.579775333404541,4.5497236251831055,0.6525202989578247
s271_c001_v001_r001_reg096,2.997476577758789,0.1996242105960846,3.84818696975708,0.5479072332382202,4.641449451446533,0.3264651298522949,4.432271480560303,0.36261892318725586,2.851311683654785,0.3436693847179413,4.025689601898193,0.26280707120895386,3.1500654220581055,0.4225170910358429,2.602360248565674,0.20603619515895844,3.631664752960205,0.32998740673065186,3.4091644287109375,0.758171021938324,4.236510753631592,0.4881872236728668,5.708588123321533,0.6425703763961792,2.3306846618652344,0.17773883044719696,4.196410655975342,0.81882244348526,3.5443992614746094,0.24854248762130737,4.346403121948242,0.5641238689422607,6.294626712799072,0.4077417552471161,4.7550272941589355,0.786370038986206,5.927648067474365,0.5164076685905457,4.179208278656006,0.425660103559494,2.7192866802215576,0.3157133162021637,5.182322978973389,0.9798471331596375,3.6938164234161377,0.4469216763973236,5.144397258758545,0.6085654497146606,2.330681800842285,0.14158695936203003,2.234712839126587,0.13863635063171387,4.003156661987305,0.9965329766273499,3.9191324710845947,1.1650784015655518
s271_c001_v001_r001_reg097,3.003915548324585,0.2893619239330292,2.3755288124084473,0.5582914352416992,4.46946382522583,0.3987797796726227,4.660155773162842,0.3555143475532532,2.889697551727295,0.30212944746017456,3.819938898086548,0.29269081354141235,3.6498193740844727,0.3768061697483063,2.577806234359741,0.18592245876789093,2.2528061866760254,0.545954167842865,3.076097249984741,0.4777989983558655,4.150543689727783,0.3706476092338562,4.925858974456787,0.6904507875442505,2.3511149883270264,0.13713262975215912,2.5479495525360107,0.8626311421394348,2.3521652221679688,0.4703482389450073,3.9492437839508057,0.4556284546852112,5.883362293243408,0.6153571605682373,3.6001334190368652,0.8255934119224548,6.800710678100586,0.5171518921852112,3.0361263751983643,0.5656247138977051,2.6059036254882812,0.3355743885040283,6.686814785003662,0.695236325263977,2.4157016277313232,0.49966952204704285,5.969447135925293,0.6828175187110901,2.4014267921447754,0.13545554876327515,2.2190237045288086,0.1171812042593956,2.62673020362854,0.3630777597427368,3.7254981994628906,0.7427600622177124
s271_c001_v001_r001_reg103,3.1658709049224854,0.31586936116218567,3.3314902782440186,0.8365676999092102,4.673349857330322,0.3827047646045685,4.986914157867432,0.3518936336040497,3.13301157951355,0.5712947845458984,4.163540363311768,0.3563535809516907,3.4015517234802246,0.5810239911079407,3.27646541595459,0.5237720012664795,3.088114023208618,0.732603907585144,3.177011251449585,0.4581182301044464,4.527075290679932,0.42970600724220276,5.231439113616943,0.693267285823822,2.5645670890808105,0.32712072134017944,3.2197535037994385,1.0180705785751343,3.3843791484832764,0.7179177403450012,4.296144485473633,0.5486841797828674,6.571162223815918,0.41106680035591125,4.546815872192383,0.736617922782898,6.317936897277832,0.5218548774719238,3.8635218143463135,0.6679325699806213,2.4629018306732178,0.28540074825286865,3.8146939277648926,0.978157103061676,3.094163417816162,0.6807541251182556,5.143274307250977,0.7401964068412781,2.500821828842163,0.22690963745117188,2.2240097522735596,0.2522704303264618,3.5740561485290527,1.0448601245880127,3.654921054840088,1.274692416191101
s271_c001_v001_r001_reg104,3.117555618286133,0.238254114985466,3.275677442550659,0.8549542427062988,4.668787002563477,0.3159264922142029,5.029877185821533,0.37933358550071716,3.5702686309814453,0.7977764010429382,4.071193695068359,0.26461347937583923,3.460655450820923,0.5763546824455261,3.099730968475342,0.36278077960014343,3.262472152709961,0.6104379892349243,3.063736915588379,0.23455391824245453,4.244710922241211,0.32513073086738586,4.995150566101074,0.6167327761650085,2.476243495941162,0.20703724026679993,3.340709686279297,0.6822861433029175,3.140641689300537,0.3857901692390442,4.146736145019531,0.44657814502716064,6.7900872230529785,0.38050228357315063,4.627825736999512,0.678063154220581,6.156237602233887,0.5387219190597534,3.8624801635742188,0.34861502051353455,2.4330320358276367,0.13774524629116058,3.5490992069244385,0.7514231204986572,3.146714687347412,0.3805006444454193,5.619100570678711,0.7519658803939819,2.3848447799682617,0.14071407914161682,2.2013473510742188,0.12836484611034393,4.48562479019165,0.851743221282959,3.3602383136749268,1.1611729860305786
s271_c001_v001_r001_reg109,2.9886927604675293,0.27961140871047974,3.5157620906829834,0.6510878205299377,4.494352340698242,0.4367798864841461,4.547362327575684,0.3809581398963928,3.110431671142578,0.6227250695228577,3.894928455352783,0.2916409969329834,3.2747128009796143,0.4269315004348755,2.696624755859375,0.36059531569480896,3.3515541553497314,0.6046136021614075,3.1306333541870117,0.5469201803207397,4.251148700714111,0.650909423828125,5.608575820922852,0.6665880084037781,2.505234956741333,0.349814236164093,3.482490062713623,0.8992161154747009,2.9868242740631104,0.5179663896560669,4.347367286682129,0.5053355693817139,5.865944862365723,0.39624908566474915,3.9174203872680664,0.8614519238471985,6.129904747009277,0.4316555857658386,3.8396835327148438,0.4408411383628845,2.5543582439422607,0.21690258383750916,3.6440627574920654,0.7103652358055115,3.1435694694519043,0.4181474447250366,5.199813365936279,0.7299240827560425,2.2971930503845215,0.13490697741508484,2.182929277420044,0.13456261157989502,3.834212303161621,1.3636642694473267,3.5678300857543945,1.1755576133728027
s271_c001_v001_r001_reg110,2.9719295501708984,0.3306748867034912,2.662233829498291,1.3222485780715942,4.571619510650635,0.41468024253845215,4.4218010902404785,0.36483460664749146,2.865941286087036,0.3086070716381073,4.129916191101074,0.4551178812980652,3.202493190765381,0.5165198445320129,2.616333484649658,0.22865156829357147,2.4932329654693604,1.0633543729782104,3.247817039489746,0.7503805160522461,4.385170936584473,0.5026941299438477,5.651792049407959,0.7654731273651123,2.408674716949463,0.223209947347641,2.7060117721557617,1.6891294717788696,2.1316421031951904,0.7238319516181946,4.996283531188965,0.8722935318946838,5.993487358093262,0.6981980204582214,2.9050447940826416,1.1092218160629272,6.119754791259766,0.4060193598270416,3.0908455848693848,0.8786141872406006,2.5812771320343018,0.2991738021373749,4.983082294464111,0.9541819095611572,2.406477451324463,0.9802806973457336,4.979949474334717,0.7717623710632324,2.3354921340942383,0.16914193332195282,2.230191946029663,0.17885184288024902,3.1555545330047607,1.0217549800872803,4.389053821563721,1.01558256149292
s271_c001_v001_r001_reg112,3.0551860332489014,0.4061405658721924,3.821758985519409,0.5872704386711121,4.309142589569092,0.47720491886138916,4.341214656829834,0.4841616451740265,3.4448673725128174,0.8514710664749146,4.045234680175781,0.42728954553604126,3.0274641513824463,0.4915330410003662,2.703645944595337,0.3300149142742157,3.5804250240325928,0.4778999984264374,3.1690104007720947,0.57460618019104,3.9926435947418213,0.5713291764259338,5.199087619781494,0.8285553455352783,2.347010612487793,0.211150124669075,4.037423610687256,0.8845526576042175,3.5762088298797607,0.48517271876335144,4.816586017608643,0.5833046436309814,6.086308002471924,0.38840267062187195,4.142178535461426,0.5893011093139648,6.6545796394348145,0.5921218395233154,4.145257472991943,0.5038124918937683,2.718442440032959,0.21703913807868958,4.033637046813965,0.9020355939865112,3.926530599594116,0.535966694355011,5.150452136993408,0.8289854526519775,2.2939438819885254,0.14669610559940338,2.255213737487793,0.2241145372390747,3.797560453414917,0.9832025766372681,3.6241023540496826,1.15986168384552
