region_id,domain_00,domain_01,domain_02,domain_03,domain_04,domain_05,domain_06,domain_07,domain_08,domain_09
BaselTMA_SP41_100_X15Y5,0.45446880269814505,0.0,0.0,0.11242270938729623,0.0,0.0,0.0,0.0,0.28976953344575607,0.1433389544688027
BaselTMA_SP41_101_X10Y8,0.9041654529565978,0.0,0.0,0.0052432274978153216,0.0,0.0,0.0,0.0,0.07049228080396155,0.0200990387416254
BaselTMA_SP41_104_X7Y4,0.0,0.0,0.20204081632653062,0.28775510204081634,0.0,0.0,0.0,0.0,0.07551020408163266,0.4346938775510204
BaselTMA_SP41_104_X8Y4_175,0.42857142857142855,0.0,0.0027159152634437804,0.24769147202607278,0.0,0.0,0.19011406844106463,0.0,0.044541010320478004,0.08636610537751223
BaselTMA_SP41_104_X8Y4_233,0.16715542521994134,0.0,0.0,0.007331378299120235,0.0,0.0,0.0,0.0,0.6813294232649071,0.1441837732160313
BaselTMA_SP41_106_X2Y9,0.24102352455633513,0.0,0.0033016921172100704,0.021460998761865455,0.0,0.0,0.031366075113495664,0.0,0.44242674370614943,0.2604209657449443
BaselTMA_SP41_112_X5Y8,0.5736248718824736,0.0,0.0,0.08336180389477281,0.0020498804236419544,0.0,0.0,0.0,0.13290058079945336,0.20806286299965834
BaselTMA_SP41_114_X13Y4,0.6810790835181079,0.0,0.0014781966001478197,0.032520325203252036,0.0,0.0,0.16851441241685144,0.04841093865484109,0.06762749445676275,0.0003695491500369549
BaselTMA_SP41_114_X14Y4,0.006172839506172839,0.0,0.15123456790123457,0.027777777777777776,0.0,0.0,0.0,0.0,0.4382716049382716,0.3765432098765432
BaselTMA_SP41_117_X13Y3,0.328740157480315,0.0008748906386701663,0.0004374453193350831,0.013779527559055118,0.0,0.0,0.5999562554680665,0.0,0.05533683289588801,0.0008748906386701663
BaselTMA_SP41_117_X14Y3,0.0,0.0,0.0,0.0,0.0,0.0,0.0,0.0,0.5112107623318386,0.48878923766816146
BaselTMA_SP41_11_X13Y7,0.6407447973713034,0.0,0.007667031763417305,0.140197152245345,0.0,0.05410733844468784,0.0019715224534501644,0.0,0.15268346111719605,0.002628696604600219
BaselTMA_SP41_126_X14Y7,0.4000691562932227,0.0,0.0,0.045988934993084374,0.0,0.0,0.0,0.0,0.5421853388658368,0.011756569847856155
BaselTMA_SP41_129_X7Y8,0.49571673329525984,0.0,0.047401484865790974,0.03769274700171331,0.0,0.0,0.18332381496287836,0.0028555111364934323,0.0885208452312964,0.14448886350656767
BaselTMA_SP41_133_X3Y6,0.36714044808479884,0.0,0.0,0.011804384485666104,0.0,0.0,0.0,0.15104794025536014,0.3688267887256083,0.10118043844856661
BaselTMA_SP41_134_X3Y8,0.022614201718679332,0.0,0.0009045680687471732,0.45906829488919043,0.0,0.0004522840343735866,0.0,0.0,0.30800542740841247,0.208955223880597
BaselTMA_SP41_135_X8Y5,0.8889218009478673,0.0,0.0002962085308056872,0.0005924170616113745,0.0,0.0,0.01569905213270142,0.0,0.054502369668246446,0.03998815165876777
BaselTMA_SP41_141_X11Y2,0.8541151536559519,0.0,0.0,0.03461674320028259,0.0,0.035676439420699396,0.0,0.0,0.07559166372306605,0.0
BaselTMA_SP41_141_X12Y2,0.2514705882352941,0.0,0.013235294117647059,0.0029411764705882353,0.0,0.0,0.052941176470588235,0.0,0.38823529411764707,0.2911764705882353
BaselTMA_SP41_14_X1Y8,0.14966186415760072,0.0,0.008232872684504558,0.6739194354601588,0.0,0.0005880623346074683,0.05321964128197589,0.0,0.03851808291678918,0.07586004116436343
BaselTMA_SP41_153_X7Y5,0.06792452830188679,0.0,0.009056603773584906,0.5207547169811321,0.0,0.0,0.00830188679245283,0.0,0.004528301886792453,0.38943396226415095
BaselTMA_SP41_159_X11Y4,0.0,0.0,0.0,0.032362459546925564,0.0,0.0,0.0,0.0,0.22653721682847897,0.7411003236245954
BaselTMA_SP41_159_X12Y4,0.14473161033797216,0.0075546719681908545,0.011133200795228629,0.0341948310139165,0.0,0.0,0.1562624254473161,0.02823061630218688,0.34314115308151094,0.2747514910536779
BaselTMA_SP41_165_X5Y6,0.006440281030444965,0.028688524590163935,0.022833723653395786,0.3747072599531616,0.0,0.00819672131147541,0.12763466042154567,0.0,0.001756440281030445,0.4297423887587822
BaselTMA_SP41_166_X15Y4,0.6330724070450098,0.0,0.00228310502283105,0.1725375081539465,0.0,0.0,0.0,0.0,0.09165035877364644,0.1004566210045662
BaselTMA_SP41_177_X16Y5,0.09144326110907088,0.0,0.08042600073448403,0.4950422328314359,0.0,0.07601909658464928,0.003672420124862284,0.0,0.12706573632023505,0.12633125229526257
BaselTMA_SP41_186_X5Y4,0.07515742433475522,0.0022344099126548854,0.013000203128173878,0.4844606946983547,0.0,0.03026609790777981,0.39488117001828155,0.0,0.0,0.0
BaselTMA_SP41_186_X6Y4,0.3796437659033079,0.0,0.0,0.3440203562340967,0.0,0.0,0.009669211195928753,0.0,0.20508905852417303,0.06157760814249364
BaselTMA_SP41_187_X3Y2,0.05670103092783505,0.0,0.0,0.04639175257731959,0.0,0.0,0.0,0.0,0.09278350515463918,0.8041237113402062
BaselTMA_SP41_187_X4Y2,0.0,0.0,0.0,0.0,0.0,0.0,0.0,0.0,0.9516129032258065,0.04838709677419355
BaselTMA_SP41_18_X13Y5,0.04862236628849271,0.0,0.0,0.0,0.0,0.0,0.0,0.0,0.9324689357104268,0.0189086980010805
BaselTMA_SP41_191_X15Y7,0.22975352112676056,0.0,0.0,0.5413732394366197,0.003961267605633803,0.0015404929577464788,0.0,0.0,0.22337147887323944,0.0
BaselTMA_SP41_196_X5Y7,0.3146551724137931,0.0,0.01221264367816092,0.16235632183908047,0.0,0.0035919540229885057,0.007902298850574713,0.0,0.3599137931034483,0.13936781609195403
BaselTMA_SP41_203_X8Y8,0.8899314326957777,0.0,0.0,0.006495849873691808,0.0,0.0,0.01154817755322988,0.0,0.04366654637315049,0.048357993504150126
BaselTMA_SP41_204_X16Y4_237,0.06984667802385008,0.0,0.03577512776831346,0.6831345826235093,0.0,0.0,0.044293015332197615,0.0,0.01192504258943782,0.15502555366269166
BaselTMA_SP41_204_X16Y4_238,0.07324364723467862,0.0,0.059790732436472344,0.5515695067264574,0.0,0.0,0.01943198804185351,0.0,0.016442451420029897,0.2795216741405082
BaselTMA_SP41_206_X1Y2,0.6650929477722042,0.0,0.0,0.0,0.0,0.0,0.019179699026261435,0.0,0.2570079669519032,0.05871938624963116
BaselTMA_SP41_206_X2Y2,0.5801403130059363,0.0,0.0,0.014031300593631947,0.0,0.0,0.017269293038316244,0.0,0.26281705342687534,0.12574203993524016
BaselTMA_SP41_20_X12Y5,0.0,0.0,0.20551378446115287,0.40100250626566414,0.0,0.002506265664160401,0.0,0.0,0.06015037593984962,0.3308270676691729
BaselTMA_SP41_211_X4Y6,0.6339754816112084,0.00043782837127845885,0.0,0.0017513134851138354,0.0,0.0,0.01532399299474606,0.0,0.18739054290718038,0.16112084063047286
BaselTMA_SP41_212_X1Y9,0.028597367226509306,0.0,0.0,0.0,0.0,0.0,0.0,0.0,0.5088515660463006,0.4625510667271902
BaselTMA_SP41_214_X15Y6,0.25953838907206783,0.0,0.0,0.11210551106924165,0.0,0.0,0.0,0.0,0.02166745171926519,0.6066886481394254
BaselTMA_SP41_216_X1Y6,0.5165152766308836,0.0,0.00041288191577208916,0.002477291494632535,0.0,0.0,0.1069364161849711,0.0,0.30759702725020643,0.06606110652353427
BaselTMA_SP41_218_X10Y4_193,0.04581049334377447,0.4291307752545027,0.022709475332811275,0.13978073610023492,0.0,0.0,0.21652310101801095,0.0031323414252153485,0.023101018010963197,0.11981205951448708
BaselTMA_SP41_218_X10Y4_244,0.3480551053484603,0.0,0.0012155591572123178,0.1454619124797407,0.0,0.0640194489465154,0.01012965964343598,0.0,0.14627228525121555,0.2848460291734198
BaselTMA_SP41_218_X9Y4_185,0.0,0.0,0.0,0.08235294117647059,0.0,0.0,0.0,0.0,0.27058823529411763,0.6470588235294118
BaselTMA_SP41_218_X9Y4_240,0.6054263565891473,0.0,0.0,0.060077519379844964,0.0,0.0011627906976744186,0.012790697674418604,0.0011627906976744186,0.014728682170542635,0.30465116279069765
BaselTMA_SP41_219_X8Y7,0.30671506352087113,0.0,0.020326678765880218,0.037023593466424684,0.0,0.0,0.0,0.0,0.39600725952813065,0.23992740471869328
BaselTMA_SP41_220_X10Y5,0.6592883160549173,0.0,0.03446343513589241,0.1938918464555898,0.0,0.017652003362286353,0.02269543289436817,0.0,0.019893527598767162,0.05211543849817876
BaselTMA_SP41_224_X3Y7,0.2015065913370998,0.0,0.023854362837413684,0.3107344632768362,0.0,0.054613935969868174,0.0514752040175769,0.0,0.17639673571876963,0.18141870684243566
BaselTMA_SP41_227_X9Y6,0.41446965052115264,0.0006131207847946045,0.0,0.036174126302881665,0.0,0.0,0.3120784794604537,0.0,0.1649294911097486,0.07173513182096873
BaselTMA_SP41_228_X7Y3,0.12547528517110265,0.0,0.0,0.04182509505703422,0.0,0.0,0.0,0.0,0.2585551330798479,0.5741444866920152
BaselTMA_SP41_231_X6Y6_10,0.07007125890736342,0.0,0.0,0.18171021377672208,0.0,0.0,0.18646080760095013,0.0,0.02494061757719715,0.5368171021377672
BaselTMA_SP41_231_X6Y6_256,0.5599250936329588,0.0,0.0,0.08926342072409488,0.0,0.0,0.18976279650436953,0.0,0.06304619225967541,0.09800249687890138
BaselTMA_SP41_234_X10Y6,0.13454075032341525,0.0,0.036653730056058646,0.18326865028029324,0.00258732212160414,0.00129366106080207,0.5817162570073308,0.02630444156964209,0.018542475204829666,0.015092712376024149
BaselTMA_SP41_237_X16Y6,0.2596745027124774,0.0,0.0,0.11609403254972875,0.0,0.0,0.0,0.0,0.40904159132007234,0.21518987341772153
BaselTMA_SP41_238_X7Y1,0.2649710238248551,0.0028976175144880875,0.009658725048293626,0.06374758531873792,0.0,0.0,0.4581455247907276,0.0,0.03766902768834514,0.16291049581455247
BaselTMA_SP41_238_X8Y1,0.13238886174890083,0.0039081582804103565,0.08842208109428432,0.11089399120664387,0.0,0.0,0.3869076697606253,0.007816316560820713,0.07327796775769418,0.19638495359062041
BaselTMA_SP41_239_X11Y3_151,0.0,0.0,0.0,0.0,0.0,0.0,0.0,0.0,0.49206349206349204,0.5079365079365079
BaselTMA_SP41_239_X11Y3_165,0.44476956839795173,0.0,0.025603511338697878,0.15618141916605707,0.0,0.0,0.08193123628383321,0.0,0.08412582297000731,0.20738844184345281
BaselTMA_SP41_239_X12Y3,0.0,0.0,0.0,0.0,0.0,0.0,0.0,0.0,0.4520547945205479,0.547945205479452
BaselTMA_SP41_247_X13Y6,0.3260103064822349,0.004610794684024953,0.01817195551939246,0.15812313534038513,0.0,0.0,0.2617304041225929,0.0,0.14022240303770003,0.09113100081366965
BaselTMA_SP41_249_X3Y9,0.28373382624768945,0.0,0.005083179297597043,0.09658040665434381,0.0,0.0,0.0023105360443622922,0.0,0.3077634011090573,0.3045286506469501
BaselTMA_SP41_24_X5Y2,0.2631824545030331,0.0,0.0,0.0027998133457769483,0.0,0.0,0.0,0.0,0.03453103126458236,0.6994867008866076
BaselTMA_SP41_24_X6Y2,0.4242685025817556,0.0,0.0,0.0034423407917383822,0.0,0.0,0.12306368330464716,0.0,0.2891566265060241,0.16006884681583478
BaselTMA_SP41_254_X11Y6,0.3856995531110347,0.0,0.059126847713991064,0.07047095221725679,0.0024063251976624267,0.0,0.017531797868683398,0.0,0.23994499828119628,0.22481952561017532
BaselTMA_SP41_255_X12Y8,0.0641304347826087,0.0,0.004347826086956522,0.03858695652173913,0.0,0.0,0.008695652173913044,0.0,0.01684782608695652,0.8673913043478261
BaselTMA_SP41_256_X9Y7,0.3801413881748072,0.0,0.008033419023136246,0.1230719794344473,0.0,0.0,0.04691516709511568,0.0,0.14974293059125965,0.2920951156812339
BaselTMA_SP41_257_X3Y1,0.84057577403585,0.0,0.0008147745790331341,0.03367734926670288,0.0,0.0,0.00977729494839761,0.0,0.10266159695817491,0.012493210211841391
BaselTMA_SP41_259_X10Y3,0.13302502720348205,0.0,0.009521218715995648,0.27149075081610446,0.0,0.0002720348204570185,0.5432535364526659,0.0,0.013057671381936888,0.029379760609358
BaselTMA_SP41_263_X1Y4,0.024691358024691357,0.0,0.033950617283950615,0.033950617283950615,0.0,0.0,0.0,0.0,0.4660493827160494,0.44135802469135804
BaselTMA_SP41_263_X2Y4,0.0043859649122807015,0.0029239766081871343,0.07602339181286549,0.06432748538011696,0.0,0.0029239766081871343,0.05263157894736842,0.0,0.10526315789473684,0.6915204678362573
BaselTMA_SP41_267_X13Y8,0.6588109266202464,0.0,0.010176754151044456,0.02088912694161757,0.0,0.0,0.0144617032672737,0.0,0.22603106588109267,0.06963042313872522
BaselTMA_SP41_268_X6Y7,0.4441645675902603,0.0,0.013853904282115869,0.03232577665827036,0.0,0.0,0.0,0.0,0.2619647355163728,0.24769101595298068
BaselTMA_SP41_274_X13Y1,0.04734848484848485,0.007575757575757576,0.001893939393939394,0.125,0.0,0.0,0.05113636363636364,0.0,0.23295454545454544,0.5340909090909091
BaselTMA_SP41_274_X14Y1,0.11185308848080133,0.0,0.0,0.0,0.0,0.0,0.0,0.0,0.17362270450751252,0.7145242070116862
BaselTMA_SP41_276_X9Y8,0.04178957718780728,0.2295968534906588,0.00344149459193707,0.022369714847590955,0.0,0.0,0.6914945919370699,0.0,0.0007374631268436578,0.010570304818092428
BaselTMA_SP41_277_X12Y6,0.37801204819277107,0.0,0.0,0.2620481927710843,0.0,0.0030120481927710845,0.13253012048192772,0.0,0.15060240963855423,0.07379518072289157
BaselTMA_SP41_280_X9Y5,0.11069095909247163,0.0,0.0,0.01065658301821932,0.0,0.0010312822275696115,0.0,0.0,0.1687865245788931,0.7088346510828464
BaselTMA_SP41_282_X1Y3,0.03740648379052369,0.29800498753117205,0.005403158769742311,0.12801330008312553,0.0,0.0,0.47381546134663344,0.0,0.0020781379883624274,0.055278470490440566
BaselTMA_SP41_282_X2Y3_148,0.0,0.0,0.0,0.0,0.0,0.0,0.0,0.0,0.033707865168539325,0.9662921348314607
BaselTMA_SP41_282_X2Y3_149,0.0,0.0,0.0,0.0,0.0,0.0,0.0,0.0,0.5441176470588235,0.45588235294117646
BaselTMA_SP41_283_X2Y6,0.42699289660615625,0.0,0.0,0.0055248618784530384,0.0,0.0,0.0,0.0,0.511049723756906,0.05643251775848461
BaselTMA_SP41_284_X7Y2,0.025889967637540454,0.02912621359223301,0.05177993527508091,0.36084142394822005,0.0,0.0008090614886731392,0.2766990291262136,0.0008090614886731392,0.0412621359223301,0.2127831715210356
BaselTMA_SP41_284_X8Y2,0.027777777777777776,0.0,0.08333333333333333,0.3425925925925926,0.0,0.0,0.0,0.0,0.037037037037037035,0.5092592592592593
BaselTMA_SP41_2_X2Y8,0.26004464285714285,0.009300595238095238,0.0003720238095238095,0.16331845238095238,0.0,0.0,0.20498511904761904,0.0,0.16517857142857142,0.19680059523809523
BaselTMA_SP41_31_X15Y2,0.3654916512059369,0.0,0.0,0.0,0.0,0.0,0.0,0.0,0.48678107606679033,0.14772727272727273
BaselTMA_SP41_31_X16Y2,0.0,0.0,0.0,0.014492753623188406,0.0,0.0,0.0,0.0,0.6666666666666666,0.3188405797101449
BaselTMA_SP41_33_X14Y6,0.015185601799775027,0.0,0.012935883014623173,0.8970753655793026,0.0,0.0343082114735658,0.0,0.009561304836895388,0.02924634420697413,0.001687289088863892
BaselTMA_SP41_37_X7Y6,0.5745125348189415,0.0,0.013231197771587743,0.03447075208913649,0.0,0.0,0.21692200557103064,0.001392757660167131,0.0908774373259053,0.0685933147632312
BaselTMA_SP41_38_X4Y7,0.018656716417910446,0.00041459369817578774,0.04809286898839138,0.31260364842454397,0.0,0.020729684908789386,0.5945273631840796,0.00041459369817578774,0.00041459369817578774,0.0041459369817578775
BaselTMA_SP41_39_X1Y7,0.6148969889064976,0.0,0.01941362916006339,0.020602218700475437,0.0,0.002377179080824089,0.007527733755942948,0.0,0.07805071315372425,0.2571315372424723
BaselTMA_SP41_40_X16Y7,0.393313298271976,0.0018782870022539444,0.0067618332081141996,0.04169797145003756,0.0,0.0,0.18106686701728025,0.0007513148009015778,0.31555221637866265,0.05897821187077385
BaselTMA_SP41_41_X11Y8,0.8740304064536146,0.0,0.0,0.04405833074775054,0.0,0.0,0.014582686937635743,0.0,0.026993484331368292,0.04033509152963078
BaselTMA_SP41_42_X14Y5,0.268760907504363,0.0011634671320535194,0.06748109365910412,0.09365910413030831,0.0,0.0,0.36532867946480513,0.0,0.17161140197789412,0.031995346131471786
BaselTMA_SP41_44_X2Y7,0.6206463759021023,0.0,0.008471917163476624,0.07059930969563853,0.0009413241292751804,0.0,0.125196109193599,0.0,0.049576404141826166,0.12456855977408221
BaselTMA_SP41_45_X3Y3,0.06612410986775177,0.0,0.0,0.00033909799932180403,0.0,0.0,0.0,0.0,0.9294676161410648,0.004069175991861648
BaselTMA_SP41_45_X4Y3,0.0,0.0,0.011494252873563218,0.09195402298850575,0.0,0.0,0.0,0.0,0.3103448275862069,0.5862068965517241
BaselTMA_SP41_48_X14Y8,0.8173749327595481,0.0,0.0,0.025282409897794515,0.0,0.0,0.013179128563743949,0.0,0.14201183431952663,0.002151694459386767
BaselTMA_SP41_52_X10Y2_101,0.0,0.0,0.0,0.0,0.0,0.0,0.0,0.0,0.7777777777777778,0.2222222222222222
BaselTMA_SP41_52_X10Y2_102,0.0,0.0,0.0,0.0,0.0,0.0,0.0,0.0,1.0,0.0
BaselTMA_SP41_52_X9Y3,0.06846473029045644,0.03250345781466114,0.18983402489626555,0.06950207468879668,0.0,0.00034578146611341634,0.12655601659751037,0.1459197786998617,0.27800829875518673,0.088865836791148
BaselTMA_SP41_53_X6Y8,0.5348837209302325,0.0,0.0,0.004186046511627907,0.0,0.00046511627906976747,0.031162790697674417,0.0,0.15255813953488373,0.27674418604651163
BaselTMA_SP41_55_X10Y7,0.3675840978593272,0.0,0.009174311926605505,0.24281345565749235,0.0,0.0,0.0856269113149847,0.0,0.011620795107033639,0.28318042813455657
BaselTMA_SP41_57_X8Y6,0.20833333333333334,0.0008012820512820513,0.03926282051282051,0.10657051282051282,0.0,0.0008012820512820513,0.008814102564102564,0.0,0.38060897435897434,0.2548076923076923
BaselTMA_SP41_58_X15Y1,0.7186565447435013,0.0,0.00046008741660915573,0.0280653324131585,0.0,0.0,0.12353347135955832,0.0,0.11824246606855303,0.011042097998619738
BaselTMA_SP41_58_X16Y1,0.0,0.0,0.015355086372360844,0.013435700575815739,0.0,0.0,0.0,0.0,0.6621880998080614,0.30902111324376197
BaselTMA_SP41_60_X11Y7,0.6838458207016024,0.0,0.0086617583369424,0.06366392377652663,0.0,0.0,0.07622347336509311,0.0,0.012559549588566478,0.15504547423126894
BaselTMA_SP41_61_X3Y4,0.0,0.0,0.005157297576070139,0.3739040742650851,0.0,0.0,0.0,0.0,0.3857658586900464,0.23517276946879834
BaselTMA_SP41_61_X4Y4,0.017241379310344827,0.0,0.017241379310344827,0.22413793103448276,0.0,0.0,0.0,0.0,0.46551724137931033,0.27586206896551724
BaselTMA_SP41_62_X7Y7,0.27244793444861726,0.0,0.0075110959371799246,0.36599522021167635,0.0,0.0,0.2103106862410379,0.0,0.0064868555821099355,0.13724820757937864
BaselTMA_SP41_63_X4Y9,0.2254872563718141,0.0038980509745127436,0.0017991004497751124,0.004197901049475262,0.0,0.0,0.7085457271364318,0.0,0.008095952023988006,0.047976011994003
BaselTMA_SP41_68_X10Y1,0.006802721088435374,0.04081632653061224,0.06802721088435375,0.22789115646258504,0.0,0.0,0.30272108843537415,0.0,0.10204081632653061,0.25170068027210885
BaselTMA_SP41_68_X9Y1,0.13890129522108083,0.027690933452434122,0.05582849486377847,0.19874944171505135,0.0,0.0,0.3653416703885663,0.0,0.03841000446627959,0.17507815989280928
BaselTMA_SP41_69_X5Y3,0.183977643223102,0.0,0.0009315323707498836,0.7005123428039124,0.0,0.009315323707498836,0.0,0.0,0.08616674429436423,0.019096413600372612
BaselTMA_SP41_72_X11Y1,0.7478774455518642,0.0,0.00036913990402362494,0.12809154669619785,0.0,0.0,0.014396456256921373,0.0,0.017349575489110373,0.09191583610188261
BaselTMA_SP41_72_X12Y1,0.23578947368421052,0.0,0.04631578947368421,0.010526315789473684,0.0,0.0,0.0,0.0,0.33473684210526317,0.3726315789473684
BaselTMA_SP41_7_X5Y1,0.42771555092471997,0.0,0.0,0.0,0.0,0.0,0.0007814535035165407,0.0,0.4193800468872102,0.15212294868455326
BaselTMA_SP41_83_X13Y2,0.2537896187413872,0.0,0.0,0.5909508497932935,0.0,0.005741846577859439,0.00022967386311437759,0.0,0.14010105649977034,0.009186954524575103
BaselTMA_SP41_83_X14Y2,0.22722820763956905,0.0,0.0484818805093046,0.13516160626836435,0.0,0.0,0.4226248775710088,0.014201762977473066,0.1346718903036239,0.01762977473065622
BaselTMA_SP41_86_X15Y3,0.17936507936507937,0.0,0.008994708994708995,0.025925925925925925,0.0,0.0,0.0,0.0,0.6015873015873016,0.18412698412698414
BaselTMA_SP41_88_X11Y5_235,0.5716104392106939,0.0,0.0002121790791427965,0.2597071928707829,0.001273074474856779,0.004031402503713134,0.15510290685338426,0.005092297899427116,0.002970507107999151,0.0
BaselTMA_SP41_88_X11Y5_242,0.3704318936877076,0.0,0.0,0.05398671096345515,0.0,0.0,0.06976744186046512,0.0,0.19933554817275748,0.3064784053156146
BaselTMA_SP41_8_X5Y9,0.057615230460921846,0.0,0.02004008016032064,0.35521042084168336,0.0,0.0,0.001503006012024048,0.0,0.0,0.5656312625250501
BaselTMA_SP41_92_X12Y7,0.009927200529450696,0.0,0.021619236708581513,0.09772777410103684,0.0,0.7443194352525921,0.07235826163688507,0.018971983234061327,0.01698654312817119,0.018089565409221266
BaselTMA_SP41_9_X6Y9,0.812987012987013,0.0,0.006307977736549165,0.0575139146567718,0.0,0.0,0.022634508348794064,0.005936920222634508,0.02857142857142857,0.06604823747680891
BaselTMA_SP42_105_X10Y1,0.3995398773006135,0.0,0.0,0.0,0.0,0.0,0.0598159509202454,0.0,0.401840490797546,0.1388036809815951
BaselTMA_SP42_105_X9Y1,0.015306122448979591,0.0,0.0663265306122449,0.20408163265306123,0.0,0.00510204081632653,0.002551020408163265,0.0,0.11224489795918367,0.5943877551020408
BaselTMA_SP42_109_X10Y6,0.3505836575875486,0.0,0.0,0.0062256809338521405,0.0,0.0,0.04357976653696498,0.0,0.10428015564202335,0.4953307392996109
BaselTMA_SP42_10_X1Y5,0.5144270403957131,0.00041220115416323167,0.0016488046166529267,0.11253091508656224,0.0,0.0,0.24031327287716406,0.0,0.07708161582852432,0.05358615004122012
BaselTMA_SP42_113_X2Y5,0.3284694194349581,0.0,0.002173238124805961,0.07606333436820863,0.0,0.0,0.015833592052157716,0.0,0.554486184414778,0.022974231605091586
BaselTMA_SP42_120_X5Y2,0.5077399380804953,0.0,0.0006191950464396285,0.0,0.0,0.0,0.0043343653250774,0.0,0.4535603715170279,0.033746130030959755
BaselTMA_SP42_120_X6Y2,0.322180916976456,0.0,0.0,0.0024783147459727386,0.0,0.0012391573729863693,0.009913258983890954,0.0,0.573729863692689,0.09045848822800495
BaselTMA_SP42_121_X11Y8,0.10640138408304499,0.0,0.006055363321799308,0.013408304498269897,0.0,0.0,0.0,0.00043252595155709344,0.7647058823529411,0.10899653979238755
BaselTMA_SP42_123_X8Y6,0.0213903743315508,0.0,0.0,0.17647058823529413,0.0,0.0,0.0855614973262032,0.0106951871657754,0.34759358288770054,0.3582887700534759
BaselTMA_SP42_127_X2Y8,0.0,0.0,0.0,0.00014609203798392987,0.0,0.0,0.0,0.0,0.9998539079620161,0.0
BaselTMA_SP42_12_X12Y8,0.051031487513572206,0.0,0.04451682953311618,0.5287730727470141,0.0010857763300760044,0.033659066232356136,0.09120521172638436,0.0,0.07166123778501629,0.1780673181324647
BaselTMA_SP42_130_X1Y6,0.3449579831932773,0.0,0.0,0.008403361344537815,0.0,0.0,0.0,0.0,0.3521008403361345,0.29453781512605043
BaselTMA_SP42_136_X10Y4,0.5506198347107438,0.0,0.006198347107438017,0.0010330578512396695,0.0,0.0,0.18698347107438015,0.0010330578512396695,0.23140495867768596,0.022727272727272728
BaselTMA_SP42_136_X9Y4,0.5147798742138365,0.0,0.00440251572327044,0.27169811320754716,0.0,0.0,0.009433962264150943,0.0,0.1959119496855346,0.0037735849056603774
BaselTMA_SP42_138_X3Y5,0.43970510795155343,0.0,0.0002632964718272775,0.007635597682991048,0.0,0.0,0.0002632964718272775,0.0,0.54739336492891,0.004739336492890996
BaselTMA_SP42_13_X5Y8,0.4522578421234057,0.0,0.0003447087211306446,0.0,0.0,0.0,0.0,0.0,0.2350913478110996,0.31230610134436404
BaselTMA_SP42_145_X1Y4,0.2856292770008926,0.0,0.0011901219875037191,0.20886640880690271,0.0,0.0,0.0,0.0,0.40017851829812556,0.10413567390657542
BaselTMA_SP42_145_X2Y4_141,0.0,0.0,0.0,0.0,0.0,0.0,0.0,0.0,0.6909090909090909,0.3090909090909091
BaselTMA_SP42_145_X2Y4_142,0.0,0.0,0.0,0.0,0.0,0.0,0.0,0.0,0.24,0.76
BaselTMA_SP42_146_X16Y6,0.015873015873015872,0.0,0.0,0.09523809523809523,0.0,0.0,0.0,0.0,0.47619047619047616,0.4126984126984127
BaselTMA_SP42_148_X5Y6,0.07904998227578873,0.0,0.0,0.18220489188231123,0.0,0.0007089684509039348,0.0,0.0,0.6451612903225806,0.09287486706841545
BaselTMA_SP42_151_X14Y7,0.13504742885671492,0.0,0.0029955067398901645,0.2401397903145282,0.0,0.005741387918122816,0.5142286570144783,0.10134797803295058,0.0004992511233150275,0.0
BaselTMA_SP42_152_X15Y6,0.7454328832406671,0.0,0.0,0.0011914217633042098,0.0,0.0,0.0,0.0,0.15369340746624305,0.09968228752978554
BaselTMA_SP42_154_X7Y4,0.28425998433829286,0.0,0.0,0.01096319498825372,0.0,0.0,0.0007830853563038371,0.0007830853563038371,0.6021926389976507,0.10101801096319499
BaselTMA_SP42_154_X8Y4,0.018604651162790697,0.0,0.19069767441860466,0.4573643410852713,0.0,0.0031007751937984496,0.0,0.0,0.12558139534883722,0.20465116279069767
BaselTMA_SP42_155_X4Y9,0.15376226826608505,0.0,0.003489640130861505,0.06652126499454744,0.0,0.04100327153762268,0.0,0.0,0.7195201744820066,0.015703380588876773
BaselTMA_SP42_156_X15Y1,0.0,0.0,0.0,0.0,0.0,0.0,0.0,0.0,0.4239766081871345,0.5760233918128655
BaselTMA_SP42_156_X16Y1,0.1994219653179191,0.0,0.010115606936416185,0.05346820809248555,0.0,0.0,0.27890173410404623,0.0,0.2976878612716763,0.16040462427745664
BaselTMA_SP42_158_X12Y6,0.023083264633140973,0.0,0.0,0.0,0.0,0.0,0.0,0.0,0.6397361912613355,0.3371805441055235
BaselTMA_SP42_160_X13Y5,0.5195402298850574,0.0,0.0,0.009852216748768473,0.0,0.0,0.2880131362889984,0.0,0.1399014778325123,0.042692939244663386
BaselTMA_SP42_161_X13Y3,0.08104642215952808,0.006668376506796614,0.015132085150038471,0.18055911772249295,0.0,0.0010259040779687098,0.5452680174403693,0.0,0.11926134906386253,0.05103872787894332
BaselTMA_SP42_162_X16Y7,0.5160674514794782,0.0,0.0003181673560292714,0.053133948456888326,0.0,0.0,0.012090359529112313,0.0,0.16703786191536749,0.2513522112631244
BaselTMA_SP42_163_X1Y9,0.08810408921933086,0.0,0.0,0.06691449814126393,0.0,0.0,0.0,0.0,0.45092936802973976,0.3940520446096654
BaselTMA_SP42_164_X9Y8,0.17568353694008143,0.0,0.0,0.17219313554392088,0.0,0.0,0.02501454333915067,0.09714950552646888,0.0,0.5299592786503782
BaselTMA_SP42_167_X14Y8,0.011396011396011397,0.0,0.005698005698005698,0.06837606837606838,0.0,0.0,0.0,0.0,0.002849002849002849,0.9116809116809117
BaselTMA_SP42_169_X3Y8,0.26570188133140377,0.0,0.0,0.04746743849493488,0.00723589001447178,0.0,0.007814761215629523,0.0,0.5942112879884226,0.07756874095513748
BaselTMA_SP42_16_X3Y4,0.17590822179732313,0.0,0.0019120458891013384,0.011472275334608031,0.0,0.0,0.1739961759082218,0.0,0.5621414913957935,0.0745697896749522
BaselTMA_SP42_16_X4Y4,0.0,0.0,0.0,0.07692307692307693,0.0,0.0,0.0,0.00904977375565611,0.7692307692307693,0.14479638009049775
BaselTMA_SP42_171_X2Y7,0.5972112601946856,0.0,0.0,0.029729018679294922,0.0,0.0,0.00026308866087871614,0.0,0.2515127598000526,0.12128387266508814
BaselTMA_SP42_174_X9Y6,0.8460891505466779,0.0,0.0,0.011494252873563218,0.0,0.0,0.009251471825063078,0.0,0.09503784693019345,0.038127277824502384
BaselTMA_SP42_175_X15Y5_235,0.0845856590811507,0.0,0.016745384285100903,0.5384285100901675,0.0,0.0,0.009446114212108201,0.0,0.34950622584800345,0.0012881064834693002
BaselTMA_SP42_175_X15Y5_236,0.23652694610778444,0.0,0.0,0.4655688622754491,0.0,0.0,0.0,0.0,0.29790419161676646,0.0
BaselTMA_SP42_176_X3Y7,0.016565317676661775,0.0,0.0,0.001887188089746278,0.0,0.0,0.0,0.0,0.9809184315370099,0.0006290626965820927
BaselTMA_SP42_178_X13Y7,0.3575788402848423,0.0,0.0,0.0,0.0,0.0,0.0,0.0,0.5803662258392676,0.06205493387589013
BaselTMA_SP42_179_X13Y8,0.014847666795217894,0.0,0.07983031237948322,0.5028924026224451,0.08580794446586965,0.08175858079444659,0.15696104897801774,0.07790204396451986,0.0,0.0
BaselTMA_SP42_181_X6Y5,0.5843373493975904,0.0,0.002008032128514056,0.004016064257028112,0.0,0.0,0.01104417670682731,0.0,0.19126506024096385,0.2073293172690763
BaselTMA_SP42_182_X1Y8,0.5421822272215973,0.0,0.0,0.017622797150356206,0.0,0.0,0.32320959880015,0.0,0.0772403449568804,0.03974503187101612
BaselTMA_SP42_183_X3Y6,0.33989266547406083,0.0,0.0,0.004919499105545617,0.0,0.0,0.004472271914132379,0.0,0.5156529516994633,0.13506261180679785
BaselTMA_SP42_184_X6Y8,0.05365296803652968,0.0,0.0,0.010730593607305937,0.0,0.04200913242009133,0.0,0.0,0.828310502283105,0.06529680365296804
BaselTMA_SP42_185_X7Y5,0.1850020601565719,0.0,0.00041203131437989287,0.13720642768850433,0.0,0.0,0.0,0.0,0.5673671199011124,0.1100123609394314
BaselTMA_SP42_188_X10Y5,0.29684601113172543,0.0,0.0006184291898577613,0.0686456400742115,0.0,0.0006184291898577613,0.06617192331478046,0.0,0.11131725417439703,0.4557823129251701
BaselTMA_SP42_189_X5Y5,0.451751866743251,0.0,0.0,0.1424468696151637,0.0,0.0,0.0,0.0,0.3262492820218265,0.07955198161975877
BaselTMA_SP42_190_X9Y5,0.07651245551601424,0.0,0.006524317912218268,0.4442467378410439,0.0,0.012455516014234875,0.16785290628706998,0.0,0.2147093712930012,0.07769869513641756
BaselTMA_SP42_192_X8Y5,0.40753543034911854,0.0,0.035948842032492226,0.04493605254061528,0.0,0.0,0.12374697545800208,0.0,0.34980988593155893,0.03802281368821293
BaselTMA_SP42_198_X7Y8,0.5761411584196394,0.0,0.0,0.006137322593018795,0.002685078634445723,0.0,0.05945531261986958,0.0,0.3517453011123897,0.0038358266206367474
BaselTMA_SP42_208_X15Y7,0.125,0.001091703056768559,0.0638646288209607,0.04148471615720524,0.0,0.0,0.3247816593886463,0.0,0.05786026200873363,0.3859170305676856
BaselTMA_SP42_210_X4Y5,0.3287781350482315,0.0,0.0297427652733119,0.09686495176848875,0.0,0.0,0.0040192926045016075,0.0,0.3420418006430868,0.1985530546623794
BaselTMA_SP42_215_X3Y1,0.07467386414754835,0.019343229869545658,0.015744489428699954,0.4727845254161044,0.0,0.0,0.294646873594242,0.0,0.00899685110211426,0.1138101664417454
BaselTMA_SP42_215_X4Y1,0.0,0.0,0.0,0.0,0.0,0.0,0.0,0.0,0.7987421383647799,0.20125786163522014
BaselTMA_SP42_217_X1Y3,0.13036690085870414,0.0,0.0005204267499349467,0.012750455373406194,0.0,0.00078064012490242,0.004163413999479573,0.0,0.7712724434035909,0.08014571948998178
BaselTMA_SP42_217_X2Y3,0.02912621359223301,0.002912621359223301,0.32524271844660196,0.12135922330097088,0.0,0.0,0.3786407766990291,0.04563106796116505,0.06990291262135923,0.027184466019417475
BaselTMA_SP42_223_X9Y7,0.4761341222879684,0.0,0.0003944773175542406,0.0,0.0,0.0003944773175542406,0.1289940828402367,0.0,0.3747534516765286,0.01932938856015779
BaselTMA_SP42_229_X1Y7,0.6262692433671798,0.0,0.0,0.00491320013101867,0.0,0.0,0.0,0.0,0.35669832951195546,0.012119226989846053
BaselTMA_SP42_232_X7Y6,0.4583504308576118,0.0,0.0016413623307345096,0.09355765285186705,0.0,0.0,0.08453016003282725,0.0,0.32991382847763645,0.03200656544932294
BaselTMA_SP42_236_X11Y7,0.07879234167893961,0.0,0.005891016200294551,0.36119293078055964,0.0,0.0,0.02614138438880707,0.0,0.2345360824742268,0.2934462444771723
BaselTMA_SP42_240_X10Y2,0.160828025477707,0.0,0.007961783439490446,0.1337579617834395,0.0,0.0,0.07802547770700637,0.0,0.30254777070063693,0.31687898089171973
BaselTMA_SP42_240_X9Y2,0.25961157352358305,0.0,0.04597701149425287,0.04359889021006738,0.0,0.010305192231470472,0.5049544193420531,0.0,0.05905667855727309,0.07649623464130004
BaselTMA_SP42_251_X15Y2,0.24390243902439024,0.0,0.0,0.10569105691056911,0.0,0.0,0.0005807200929152149,0.0029036004645760743,0.27990708478513354,0.3670150987224158
BaselTMA_SP42_251_X16Y2,0.0022935779816513763,0.0,0.0,0.0022935779816513763,0.0,0.0,0.0022935779816513763,0.0,0.6032110091743119,0.38990825688073394
BaselTMA_SP42_253_X13Y2,0.5648560403680617,0.0,0.0,0.02879192638765212,0.0,0.0,0.07687741169486495,0.0,0.188780053428317,0.14069456812110417
BaselTMA_SP42_253_X14Y2,0.3100833965125095,0.0,0.000758150113722517,0.009097801364670205,0.0,0.0,0.2608036391205459,0.0,0.3502653525398029,0.06899166034874905
BaselTMA_SP42_258_X4Y7,0.18756530825496343,0.015151515151515152,0.03134796238244514,0.024555903866248695,0.0,0.0,0.29519331243469177,0.0010449320794148381,0.4336468129571578,0.011494252873563218
BaselTMA_SP42_25_X3Y2,0.8968992248062015,0.0,0.0,0.0015503875968992248,0.0,0.0,0.03798449612403101,0.0,0.04186046511627907,0.021705426356589147
BaselTMA_SP42_25_X4Y2,0.14939024390243902,0.0,0.0,0.006097560975609756,0.0,0.0,0.0,0.0,0.42378048780487804,0.42073170731707316
BaselTMA_SP42_261_X11Y6,0.4481216457960644,0.0,0.005068574836016696,0.34824090638044125,0.0,0.0035778175313059034,0.0041741204531902205,0.0,0.18187239117471676,0.008944543828264758
BaselTMA_SP42_262_X10Y8,0.0,0.0,0.05504587155963303,0.0963302752293578,0.0,0.0045871559633027525,0.0,0.0,0.4954128440366973,0.3486238532110092
BaselTMA_SP42_264_X14Y5,0.016506189821182942,0.0,0.0,0.0,0.0,0.0,0.0,0.0,0.9513984410820725,0.03209536909674461
BaselTMA_SP42_265_X14Y1,0.0851063829787234,0.0,0.0070921985815602835,0.0851063829787234,0.0,0.0,0.20567375886524822,0.0,0.5531914893617021,0.06382978723404255
BaselTMA_SP42_273_X6Y7,0.1960306406685237,0.0,0.009052924791086351,0.008356545961002786,0.0,0.0017409470752089136,0.013231197771587743,0.0,0.2646239554317549,0.5069637883008357
BaselTMA_SP42_275_X5Y4,0.06736609607951408,0.0,0.0027609055770292656,0.17945886250690227,0.0,0.011595803423522915,0.0,0.0,0.5665378244064053,0.17228050800662617
BaselTMA_SP42_275_X6Y4,0.0,0.0,0.0,0.018867924528301886,0.0,0.0,0.0,0.0,0.7735849056603774,0.20754716981132076
BaselTMA_SP42_279_X14Y6,0.5433937823834197,0.0,0.010362694300518135,0.06347150259067358,0.0,0.0,0.0,0.0,0.3711139896373057,0.011658031088082901
BaselTMA_SP42_27_X6Y6,0.0841854124062713,0.0,0.007839127471029312,0.2194955691888207,0.0023858214042263124,0.0006816632583503749,0.03306066802999318,0.6404226312201773,0.0006816632583503749,0.011247443762781187
BaselTMA_SP42_285_X7Y7,0.49604743083003955,0.001129305477131564,0.0,0.045454545454545456,0.0,0.0,0.33992094861660077,0.0,0.002540937323546019,0.11490683229813664
BaselTMA_SP42_28_X11Y2,0.07147766323024055,0.0006872852233676976,0.03745704467353952,0.21993127147766323,0.0,0.0,0.4343642611683849,0.0027491408934707906,0.030927835051546393,0.20240549828178694
BaselTMA_SP42_28_X12Y2,0.06178586542530681,0.0,0.08506136267456622,0.11722386796445197,0.0,0.0,0.46804909013965296,0.006771053745239103,0.2158273381294964,0.0452814219212865
BaselTMA_SP42_29_X7Y2,0.0,0.0,0.0,0.0,0.0,0.0,0.0,0.0,0.9844357976653697,0.01556420233463035
BaselTMA_SP42_30_X8Y3,0.005,0.0,0.0625,0.325,0.0,0.0,0.0,0.0,0.38,0.2275
BaselTMA_SP42_35_X16Y4,0.10985748218527316,0.0,0.0,0.14608076009501186,0.0,0.0011876484560570072,0.007719714964370546,0.004750593824228029,0.009501187648456057,0.7209026128266033
BaselTMA_SP42_36_X5Y1,0.08467917939764295,0.0528153644696639,0.012658227848101266,0.3142732431252728,0.0,0.0,0.4901789611523352,0.0,0.01789611523352248,0.02749890877346137
BaselTMA_SP42_36_X6Y1,0.4565972222222222,0.0,0.0,0.001736111111111111,0.0,0.0,0.057291666666666664,0.0,0.3541666666666667,0.13020833333333334
BaselTMA_SP42_46_X10Y7,0.2333678042054464,0.0,0.0,0.045156842468114446,0.0,0.0003447087211306446,0.0,0.0,0.7142364701826956,0.006894174422612892
BaselTMA_SP42_51_X1Y2,0.2356687898089172,0.0,0.0017371163867979154,0.15402431962941518,0.0,0.0,0.2368268674001158,0.0,0.26462072958888244,0.10712217718587146
BaselTMA_SP42_54_X12Y5,0.37637271214642265,0.0,0.015307820299500832,0.050249584026622295,0.0,0.0,0.0026622296173044926,0.0026622296173044926,0.5437603993344426,0.008985024958402662
BaselTMA_SP42_56_X2Y6,0.4192932187201528,0.0,0.0,0.03215536453358803,0.0,0.0,0.0,0.0,0.4495383635784782,0.09901305316778096
BaselTMA_SP42_59_X3Y9,0.07733333333333334,0.0,0.00044444444444444447,0.003777777777777778,0.021555555555555557,0.0,0.0,0.0,0.892,0.004888888888888889
BaselTMA_SP42_5_X8Y7,0.11549769004619907,0.0,0.02393952120957581,0.041579168416631666,0.0,0.0020999580008399833,0.004199916001679967,0.0,0.6089878202435951,0.20369592608147838
BaselTMA_SP42_64_X13Y4,0.6633384536610343,0.0,0.027905785970302098,0.19150025601638504,0.0002560163850486431,0.0,0.0002560163850486431,0.0,0.10496671786994367,0.011776753712237584
BaselTMA_SP42_64_X14Y4,0.4022346368715084,0.0,0.0031036623215394167,0.17525346575625905,0.0004138216428719222,0.008069522036002483,0.0014483757500517278,0.0,0.40823505069315125,0.0012414649286157666
BaselTMA_SP42_6_X11Y1,0.23157894736842105,0.0,0.005263157894736842,0.04263157894736842,0.0,0.002105263157894737,0.4063157894736842,0.0,0.05473684210526316,0.2573684210526316
BaselTMA_SP42_6_X12Y1,0.0,0.0,0.04477611940298507,0.0,0.0,0.0,0.0,0.0,0.11940298507462686,0.835820895522388
BaselTMA_SP42_70_X5Y3,0.18792379722311914,0.0,0.0,0.16241524055537618,0.0,0.0,0.0,0.0,0.636745237326445,0.012915724895059735
BaselTMA_SP42_70_X6Y3,0.0053475935828877,0.0,0.0,0.0053475935828877,0.0,0.0,0.0,0.0,0.7807486631016043,0.20855614973262032
BaselTMA_SP42_71_X8Y8,0.49898785425101216,0.0,0.0010121457489878543,0.0015182186234817814,0.0,0.0,0.026821862348178137,0.0,0.2950404858299595,0.17661943319838055
BaselTMA_SP42_73_X12Y7,0.0990582490408092,0.0017439832577607255,0.023020579002441578,0.3439134984304151,0.0,0.0,0.3571677711893966,0.0,0.06243460062783397,0.11266131845134286
BaselTMA_SP42_74_X15Y3,0.09673832468495182,0.046330615270570794,0.0018532246108228317,0.01704966641957005,0.0,0.0,0.829873980726464,0.0,0.0037064492216456633,0.004447739065974796
BaselTMA_SP42_74_X16Y3,0.0,0.0,0.07421875,0.24609375,0.0,0.0,0.0078125,0.0,0.3203125,0.3515625
BaselTMA_SP42_76_X13Y6,0.49426229508196723,0.0,0.0,0.0,0.0,0.0,0.0,0.0,0.07663934426229509,0.4290983606557377
BaselTMA_SP42_80_X3Y3,0.5573351903435468,0.0,0.003714020427112349,0.04665738161559889,0.0,0.0,0.030872794800371403,0.00046425255338904364,0.11792014856081709,0.24303621169916434
BaselTMA_SP42_80_X4Y3,0.08571428571428572,0.0,0.0,0.02857142857142857,0.0,0.0,0.02857142857142857,0.0,0.5428571428571428,0.3142857142857143
BaselTMA_SP42_81_X11Y4,0.35716515766468937,0.0,0.0,0.009990633780830472,0.0,0.0,0.0,0.0,0.4452076178582579,0.1876365906962223
BaselTMA_SP42_81_X12Y4,0.058423913043478264,0.04076086956521739,0.08695652173913043,0.18614130434782608,0.0,0.0,0.36141304347826086,0.005434782608695652,0.23233695652173914,0.028532608695652172
BaselTMA_SP42_82_X2Y9,0.037420382165605094,0.0,0.0007961783439490446,0.38495222929936307,0.0,0.005374203821656051,0.0019904458598726115,0.0,0.5485668789808917,0.02089968152866242
BaselTMA_SP42_84_X7Y1,0.009174311926605505,0.0,0.0,0.05421184320266889,0.0,0.0,0.0,0.0,0.8707256046705588,0.0658882402001668
BaselTMA_SP42_84_X8Y1,0.0,0.0,0.0,0.0,0.0,0.0,0.0,0.0,0.4097560975609756,0.5902439024390244
BaselTMA_SP42_89_X4Y6,0.31794871794871793,0.0,0.0007326007326007326,0.11648351648351649,0.0,0.0,0.0,0.0,0.5567765567765568,0.00805860805860806
BaselTMA_SP42_91_X11Y3,0.04870288790993637,0.38595203132648065,0.0041605482134116495,0.07905041605482134,0.0,0.0,0.39500734214390604,0.0,0.004405286343612335,0.08272148800783162
BaselTMA_SP42_91_X12Y3,0.003484320557491289,0.0313588850174216,0.09407665505226481,0.059233449477351915,0.0,0.0,0.1672473867595819,0.010452961672473868,0.29965156794425085,0.3344947735191638
BaselTMA_SP42_96_X10Y3,0.2857142857142857,0.0,0.008571428571428572,0.012857142857142857,0.0,0.0,0.25285714285714284,0.07285714285714286,0.2057142857142857,0.16142857142857142
BaselTMA_SP42_96_X9Y3,0.08222591362126246,0.0,0.24086378737541528,0.09634551495016612,0.0,0.0,0.06561461794019934,0.006644518272425249,0.2707641196013289,0.23754152823920266
BaselTMA_SP42_98_X11Y5,0.25726802070888094,0.011150935882118677,0.01632815611310235,0.02190362405416169,0.0,0.0,0.47869374751095184,0.0,0.17881322182397452,0.035842293906810034
BaselTMA_SP42_99_X5Y7,0.22412896515860634,0.0,0.0005200208008320333,0.045761830473218926,0.0,0.0015600624024961,0.0,0.0,0.624544981799272,0.10348413936557463
BaselTMA_SP43_102_X1Y4,0.0077654824305960005,0.0,0.0,0.0009706853038245001,0.0,0.0,0.0,0.0,0.8885653271209474,0.10269850514463211
BaselTMA_SP43_102_X2Y4,0.006507592190889371,0.0,0.31019522776572667,0.0650759219088937,0.0,0.0,0.0,0.0,0.5726681127982647,0.0455531453362256
BaselTMA_SP43_103_X5Y4,0.12047904191616766,0.0,0.19041916167664671,0.5748502994011976,0.013892215568862276,0.0,0.0718562874251497,0.0026347305389221557,0.0,0.025868263473053894
BaselTMA_SP43_103_X6Y4,0.0,0.00558659217877095,0.17318435754189945,0.061452513966480445,0.0,0.0,0.19553072625698323,0.0,0.12849162011173185,0.43575418994413406
BaselTMA_SP43_107_X4Y7,0.3765453903214412,0.002472624514305899,0.003885552808194984,0.24902861179795124,0.0007064641469445425,0.0007064641469445425,0.3602967149417167,0.005298481102084069,0.0,0.0010596962204168139
BaselTMA_SP43_108_X13Y8,0.01787974683544304,0.0,0.028639240506329114,0.3261075949367089,0.0,0.0,0.627373417721519,0.0,0.0,0.0
BaselTMA_SP43_110_X14Y8,0.1625222024866785,0.0026642984014209592,0.12788632326820604,0.42095914742451157,0.0,0.0008880994671403197,0.047957371225577264,0.0008880994671403197,0.003552397868561279,0.23268206039076378
BaselTMA_SP43_111_X8Y6,0.004152659679651968,0.0,0.015424164524421594,0.24836859798299388,0.0015819655922483687,0.7130709907059521,0.011271504844769626,0.0,0.0017797112912794147,0.004350405378683014
BaselTMA_SP43_115_X4Y8,0.18474954370310281,0.0,0.06002839180693571,0.3778138308659501,0.0,0.00020279862096937742,0.15372135469478806,0.0,0.2046238085581018,0.018860271750152098
BaselTMA_SP43_116_X3Y4,0.05997693194925029,0.0,0.07991431866864393,0.413577195584116,0.0954028670291646,0.23710660734882189,0.08881199538638986,0.01071016641950898,0.0014829461196243204,0.013016971494480145
BaselTMA_SP43_116_X4Y4,0.09725085910652921,0.0,0.17972508591065292,0.24570446735395188,0.0,0.012714776632302405,0.19312714776632303,0.003780068728522337,0.030584192439862542,0.23711340206185566
BaselTMA_SP43_118_X13Y5,0.08854638863705047,0.46721063765488063,0.04593532789362345,0.0123904502870958,0.0,0.0,0.2937443336355394,0.005137503777576307,0.02085222121486854,0.06618313689936536
BaselTMA_SP43_119_X9Y8,0.19646241313960833,0.0,0.0,0.0,0.0,0.0,0.003790271636133923,0.0,0.6847757422615287,0.114971572962729
BaselTMA_SP43_122_X12Y8,0.14143484626647146,0.02137628111273792,0.19970717423133236,0.014055636896046853,0.0,0.0,0.3121522693997072,0.0,0.17481698389458272,0.1364568081991215
BaselTMA_SP43_124_X10Y8,0.0037735849056603774,0.0,0.011320754716981131,0.0,0.0,0.0,0.026415094339622643,0.0,0.8905660377358491,0.06792452830188679
BaselTMA_SP43_125_X5Y7,0.27197518097207857,0.001034126163391934,0.03257497414684592,0.1297828335056877,0.0,0.0025853154084798345,0.2647362978283351,0.0025853154084798345,0.13029989658738367,0.16442605997931747
BaselTMA_SP43_128_X16Y7,0.7737068965517241,0.0,0.0,0.0035266457680250786,0.0,0.0,0.0,0.006857366771159875,0.0017633228840125393,0.21414576802507837
BaselTMA_SP43_131_X13Y4,0.0226576852418861,0.31475811390079605,0.08573178199632578,0.03735456215554195,0.0,0.0,0.35884874464176364,0.000612369871402327,0.018983466013472138,0.16105327617881202
BaselTMA_SP43_131_X14Y4,0.001160092807424594,0.03944315545243619,0.2819025522041763,0.08932714617169374,0.0,0.0,0.0,0.2482598607888631,0.048723897911832945,0.29118329466357307
BaselTMA_SP43_132_X13Y1,0.6305777360263034,0.0,0.02677313292625646,0.15100986378581494,0.0,0.015500234852043212,0.06317519962423673,0.0,0.1085016439643025,0.004462188821042743
BaselTMA_SP43_132_X14Y1,0.0,0.0,0.13170731707317074,0.08414634146341464,0.0,0.0,0.0,0.0024390243902439024,0.09634146341463415,0.6853658536585366
BaselTMA_SP43_137_X10Y3,0.11702127659574468,0.0,0.2375886524822695,0.03900709219858156,0.0,0.0,0.0673758865248227,0.010638297872340425,0.14184397163120568,0.38652482269503546
BaselTMA_SP43_137_X9Y3,0.20859465737514518,0.0,0.0013937282229965157,0.5103368176538908,0.0,0.0,0.003484320557491289,0.06759581881533101,0.1619047619047619,0.046689895470383276
BaselTMA_SP43_139_X1Y7,0.0,0.0,0.0,0.00046061722708429296,0.006909258406264394,0.0013818516812528789,0.0,0.0,0.7844311377245509,0.20681713496084753
BaselTMA_SP43_140_X10Y7,0.37451089994410286,0.0011179429849077697,0.023476802683063163,0.2604807154835103,0.0,0.005030743432084964,0.24203465623253215,0.0,0.015651201788708775,0.07769703745109
BaselTMA_SP43_142_X5Y1,0.5637994292702813,0.0,0.004484304932735426,0.0016306563391765185,0.0,0.0,0.00978393803505911,0.0,0.0110069302894415,0.40929474113330616
BaselTMA_SP43_142_X6Y1,0.024539877300613498,0.0,0.010224948875255624,0.028629856850715747,0.0,0.04294478527607362,0.3292433537832311,0.044989775051124746,0.2658486707566462,0.25357873210633947
BaselTMA_SP43_143_X1Y2,0.009174311926605505,0.0,0.0,0.009174311926605505,0.0,0.0,0.0,0.0,0.4036697247706422,0.5779816513761468
BaselTMA_SP43_143_X2Y2,0.0,0.0,0.3384932920536636,0.07739938080495357,0.0,0.0,0.043343653250773995,0.09907120743034056,0.29411764705882354,0.1475748194014448
BaselTMA_SP43_144_X15Y1,0.17440561672251476,0.00015956598053295037,0.03733843944471039,0.23918940481889261,0.0,0.26647518749002713,0.19786181586085846,0.00829743098771342,0.05696505505026329,0.019307483644486995
BaselTMA_SP43_144_X16Y1,0.06615017878426699,0.0,0.09475566150178784,0.01132300357568534,0.0,0.0,0.20202622169249107,0.22765196662693682,0.1901072705601907,0.20798569725864124
BaselTMA_SP43_147_X6Y6,0.0,0.0,0.37888198757763975,0.45962732919254656,0.0,0.009316770186335404,0.0,0.0,0.06521739130434782,0.08695652173913043
BaselTMA_SP43_149_X10Y6_222,0.4577205882352941,0.0,0.04044117647058824,0.15073529411764705,0.0,0.0,0.051470588235294115,0.0,0.09558823529411764,0.20404411764705882
BaselTMA_SP43_149_X10Y6_223,0.07478632478632478,0.0,0.07051282051282051,0.25427350427350426,0.0,0.0,0.0,0.0,0.42094017094017094,0.1794871794871795
BaselTMA_SP43_150_X5Y3,0.0008539709649871904,0.04910333048676345,0.12169086251067464,0.6622544833475662,0.0,0.0029888983774551663,0.14645602049530315,0.0008539709649871904,0.0008539709649871904,0.014944491887275833
BaselTMA_SP43_150_X6Y3,0.0,0.0,0.014563106796116505,0.13592233009708737,0.0,0.019417475728155338,0.0,0.0,0.28640776699029125,0.5436893203883495
BaselTMA_SP43_157_X4Y5,0.25726744186046513,0.00436046511627907,0.023255813953488372,0.17587209302325582,0.0,0.011627906976744186,0.07122093023255814,0.027616279069767442,0.15988372093023256,0.2688953488372093
BaselTMA_SP43_15_X1Y9,0.022292993630573247,0.0,0.08166515013648772,0.8626023657870792,0.0006824385805277526,0.025250227479526842,0.00022747952684258417,0.0,0.006824385805277525,0.00045495905368516835
BaselTMA_SP43_168_X10Y5,0.34887087434858133,0.00014475969889982628,0.00390851187029531,0.3005211349160394,0.009843659525188187,0.002026635784597568,0.2114939200926462,0.11971627099015635,0.003474232773595831,0.0
BaselTMA_SP43_170_X3Y3,0.04792490118577075,0.1551383399209486,0.16946640316205533,0.001976284584980237,0.0,0.0024703557312252965,0.5474308300395256,0.0,0.0009881422924901185,0.07460474308300395
BaselTMA_SP43_170_X4Y3,0.008488964346349746,0.0,0.7147707979626485,0.12393887945670629,0.0,0.0,0.001697792869269949,0.001697792869269949,0.09507640067911714,0.05432937181663837
BaselTMA_SP43_172_X10Y2,0.004901960784313725,0.0,0.08333333333333333,0.12254901960784313,0.0,0.0,0.0,0.0,0.3284313725490196,0.46078431372549017
BaselTMA_SP43_172_X9Y2,0.08778250900753358,0.0,0.0,0.0,0.0,0.0,0.0,0.0,0.8987880773010154,0.013429413691451031
BaselTMA_SP43_173_X2Y8,0.5279214064115823,0.0,0.0,0.0,0.0,0.0,0.26301275422268183,0.0,0.20768700448121338,0.0013788348845225785
BaselTMA_SP43_17_X11Y4,0.3941857600394186,0.0,0.06775067750677506,0.07883715200788372,0.0,0.0004927322000492732,0.42301059374230104,0.0,0.0014781966001478197,0.03424488790342449
BaselTMA_SP43_17_X12Y4,0.009596928982725527,0.0,0.16698656429942418,0.11708253358925144,0.0,0.007677543186180422,0.09021113243761997,0.21689059500959693,0.19961612284069097,0.19193857965451055
BaselTMA_SP43_180_X5Y2,0.038946162657502864,0.033218785796105384,0.08209240168003054,0.17945780832378772,0.0,0.017563955708285606,0.6086292478045056,0.0015273004963726614,0.018327605956471937,0.020236731576937762
BaselTMA_SP43_180_X6Y2,0.0,0.0,0.23148148148148148,0.14814814814814814,0.0,0.0,0.0,0.0,0.018518518518518517,0.6018518518518519
BaselTMA_SP43_193_X9Y7,0.10767969390543865,0.004646078163432632,0.06340530199508063,0.2771248975129817,0.0,0.0,0.4993167532112599,0.0,0.022683793386171085,0.02514348182563542
BaselTMA_SP43_194_X11Y7,0.1382636655948553,0.0010718113612004287,0.05037513397642015,0.1007502679528403,0.0,0.03429796355841372,0.015005359056806002,0.0,0.011789924973204717,0.6484458735262594
BaselTMA_SP43_195_X11Y6,0.4686513306269734,0.0,0.0027063599458728013,0.48308525033829497,0.0,0.0013531799729364006,0.018042399639152006,0.0,0.010374379792512404,0.015787099684258007
BaselTMA_SP43_197_X4Y9,0.0993939393939394,0.0,0.14666666666666667,0.11636363636363636,0.0,0.0,0.13818181818181818,0.0,0.15515151515151515,0.34424242424242424
BaselTMA_SP43_199_X8Y5,0.15698267074413863,0.0,0.02310567448182127,0.5973496432212029,0.0,0.0054366292898402994,0.09650016989466531,0.10227658851512063,0.0013591573224600749,0.016989466530750934
BaselTMA_SP43_19_X15Y2,0.35142045454545456,0.004261363636363636,0.007670454545454545,0.03579545454545455,0.0,0.0,0.26136363636363635,0.0002840909090909091,0.2761363636363636,0.06306818181818181
BaselTMA_SP43_19_X16Y2,0.0,0.0,0.007246376811594203,0.09057971014492754,0.0,0.0,0.0,0.0,0.30434782608695654,0.5978260869565217
BaselTMA_SP43_1_X1Y8,0.3285173718610251,0.0013759889920880633,0.012039903680770554,0.048847609219126245,0.0,0.0,0.5115239078087376,0.0,0.015479876160990712,0.08221534227726178
BaselTMA_SP43_200_X9Y6,0.0355917667238422,0.04759862778730703,0.00986277873070326,0.09090909090909091,0.0,0.0017152658662092624,0.7096912521440824,0.002144082332761578,0.03344768439108062,0.06903945111492281
BaselTMA_SP43_201_X14Y5,0.00033921302578018993,0.26492537313432835,0.30156037991858886,0.19674355495251017,0.0,0.0,0.09497964721845319,0.0,0.004409769335142469,0.13704206241519673
BaselTMA_SP43_202_X9Y5,0.0114247311827957,0.04939516129032258,0.08400537634408602,0.1935483870967742,0.0003360215053763441,0.0030241935483870967,0.603494623655914,0.012096774193548387,0.0003360215053763441,0.04233870967741935
BaselTMA_SP43_205_X3Y6,0.024804177545691905,0.014795474325500435,0.04046997389033943,0.24412532637075718,0.0,0.0017406440382941688,0.6275021758050479,0.0004351610095735422,0.006092254134029591,0.04003481288076589
BaselTMA_SP43_207_X1Y6,0.0415202810603641,0.06196103481315873,0.036090705844778026,0.19290961354199937,0.0,0.0,0.4404343660172469,0.06579367614180773,0.027147876077930375,0.13414244650271478
BaselTMA_SP43_209_X11Y1,0.5015290519877675,0.0005096839959225281,0.01834862385321101,0.02089704383282365,0.0,0.0,0.05504587155963303,0.0,0.199796126401631,0.2038735983690112
BaselTMA_SP43_209_X12Y1,0.028070175438596492,0.0,0.021052631578947368,0.11929824561403508,0.0,0.0,0.0,0.0,0.014035087719298246,0.8175438596491228
BaselTMA_SP43_213_X7Y7,0.14407814407814407,0.0,0.019536019536019536,0.12087912087912088,0.0,0.003663003663003663,0.2838827838827839,0.0,0.04395604395604396,0.38400488400488403
BaselTMA_SP43_21_X3Y5,0.3367756741250717,0.0,0.0034423407917383822,0.5456110154905336,0.0,0.0,0.011474469305794608,0.0,0.002868617326448652,0.09982788296041308
BaselTMA_SP43_221_X2Y7,0.01875,0.0,0.0015625,0.00625,0.0,0.0,0.0,0.0015625,0.48359375,0.48828125
BaselTMA_SP43_222_X7Y2,0.6154087065455685,0.0,0.0554337613529596,0.08455997494519261,0.0,0.0,0.18697150015659256,0.0,0.057626056999686814,0.0
BaselTMA_SP43_222_X8Y2,0.0,0.0,0.0,0.0,0.0,0.009345794392523364,0.0,0.0,0.4672897196261682,0.5233644859813084
BaselTMA_SP43_225_X2Y9,0.7348484848484849,0.0,0.0006887052341597796,0.0030991735537190084,0.0,0.0,0.0030991735537190084,0.0,0.2572314049586777,0.0010330578512396695
BaselTMA_SP43_226_X6Y9,0.7109049602423324,0.0,0.00814085573646346,0.001893222264293828,0.0,0.0,0.27489587277546385,0.0,0.0041650889814464215,0.0
BaselTMA_SP43_22_X12Y6,0.018892090938200448,0.013128402177393531,0.03073967339097022,0.052513608709574125,0.0,0.0067243035542747355,0.856227985910983,0.018892090938200448,0.0,0.002881844380403458
BaselTMA_SP43_230_X11Y5,0.17581967213114755,0.0,0.42540983606557375,0.3495901639344262,0.002459016393442623,0.009016393442622951,0.03278688524590164,0.003278688524590164,0.0,0.001639344262295082
BaselTMA_SP43_233_X13Y7,0.022907900888265546,0.04862085086489014,0.08461898083216457,0.45675549322113135,0.0,0.009817671809256662,0.3384759233286583,0.0,0.002805049088359046,0.035998129967274424
BaselTMA_SP43_235_X11Y2,0.5133735979292493,0.0,0.0005752085130859936,0.0020132297958009777,0.0,0.0,0.07362668967500718,0.0,0.38654012079378774,0.02387115329306874
BaselTMA_SP43_235_X12Y2,0.0,0.024898373983739838,0.29115853658536583,0.24390243902439024,0.0,0.0,0.32113821138211385,0.041158536585365856,0.003556910569105691,0.0741869918699187
BaselTMA_SP43_23_X15Y7,0.01457614115841964,0.0011507479861910242,0.02991944764096663,0.6632144227080936,0.0011507479861910242,0.0,0.25163022631377063,0.03605677023398542,0.0,0.0023014959723820483
BaselTMA_SP43_241_X7Y3,0.0013153567905294311,0.0,0.056889181190397896,0.2502466293982243,0.0009865175928970734,0.0,0.004274909569220651,0.6803682999013483,0.0006576783952647156,0.005261427162117725
BaselTMA_SP43_241_X8Y3,0.0,0.0,0.0,0.0,0.0,0.0,0.0,0.0196078431372549,0.7843137254901961,0.19607843137254902
BaselTMA_SP43_242_X5Y6,0.1932745674175645,0.001305909239307868,0.008161932745674175,0.24583741429970618,0.0,0.00652954619653934,0.44629448253346393,0.0,0.007835455435847209,0.09076069213189683
BaselTMA_SP43_243_X13Y3,0.2670775552131484,0.0,0.04930662557781202,0.08423215202876219,0.0,0.0,0.07858243451463791,0.005136106831022085,0.025680534155110426,0.4899845916795069
BaselTMA_SP43_243_X14Y3,0.046153846153846156,0.001282051282051282,0.17692307692307693,0.1064102564102564,0.0,0.0,0.27692307692307694,0.04230769230769231,0.18205128205128204,0.16794871794871793
BaselTMA_SP43_244_X3Y1,0.321197686287853,0.0,0.003402517863218782,0.31099013269819664,0.0,0.0,0.008846546444368834,0.0,0.23647499149370535,0.11908812521265737
BaselTMA_SP43_244_X4Y1,0.0,0.0,0.018518518518518517,0.018518518518518517,0.0,0.0,0.0,0.0,0.7962962962962963,0.16666666666666666
BaselTMA_SP43_245_X6Y5,0.26836646499567846,0.0012964563526361278,0.00972342264477096,0.05812445980985307,0.0,0.0023768366464995676,0.6583837510803803,0.0,0.000864304235090752,0.000864304235090752
BaselTMA_SP43_246_X2Y6,0.03624856156501726,0.17894131185270426,0.0189873417721519,0.02991944764096663,0.0005753739930955121,0.0017261219792865361,0.6518987341772152,0.0005753739930955121,0.037399309551208286,0.04372842347525892
BaselTMA_SP43_248_X8Y8,0.11779448621553884,0.0,0.0,0.02506265664160401,0.0,0.0,0.0,0.0,0.8132832080200502,0.043859649122807015
BaselTMA_SP43_250_X1Y3,0.36752136752136755,0.0,0.014245014245014245,0.16687016687016687,0.0,0.0,0.17338217338217338,0.0,0.11558811558811559,0.1623931623931624
BaselTMA_SP43_250_X2Y3,0.09073265405143134,0.026200873362445413,0.0024260067928190197,0.05579815623483746,0.0,0.0009704027171276079,0.12518195050946143,0.3532265890344493,0.07714701601164484,0.2683163512857836
BaselTMA_SP43_252_X6Y7,0.5636569701548924,0.0,0.009822440498677748,0.013222516055912353,0.0,0.0011333585190782018,0.2217604835663015,0.0026445032111824707,0.18095957687948622,0.00680015111446921
BaselTMA_SP43_260_X10Y4,0.26617179215270415,0.0,0.127960410038883,0.1647225167903853,0.0,0.0010604453870625664,0.28950159066808057,0.0010604453870625664,0.0021208907741251328,0.1474019088016967
BaselTMA_SP43_260_X9Y4,0.08996138996138996,0.02857142857142857,0.010038610038610039,0.16756756756756758,0.0,0.0003861003861003861,0.6293436293436293,0.0,0.010424710424710425,0.0637065637065637
BaselTMA_SP43_266_X7Y8,0.35025906735751294,0.0,0.0062176165803108805,0.004145077720207254,0.0,0.0,0.26191709844559585,0.00025906735751295336,0.17616580310880828,0.20103626943005182
BaselTMA_SP43_269_X5Y9,0.2747336377473364,0.0,0.11364789446981227,0.07584982242516489,0.0,0.0,0.3904109589041096,0.0,0.12075088787417554,0.024606798579401318
BaselTMA_SP43_26_X16Y5,0.1922110552763819,0.010678391959798994,0.001256281407035176,0.19912060301507536,0.0,0.0,0.5012562814070352,0.000628140703517588,0.007537688442211055,0.08731155778894473
BaselTMA_SP43_270_X6Y8,0.2791075993492912,0.0,0.022310016267720195,0.3072275156867302,0.0,0.0030211480362537764,0.27933999535207993,0.0027887520334650244,0.10597257727167093,0.00023239600278875203
BaselTMA_SP43_271_X11Y8,0.0,0.0,0.0,0.04698581560283688,0.0,0.0,0.0,0.0,0.7384751773049646,0.21453900709219859
BaselTMA_SP43_272_X11Y3,0.003374578177727784,0.0,0.05174353205849269,0.6434195725534309,0.0,0.0022497187851518562,0.006749156355455568,0.0,0.048368953880764905,0.2440944881889764
BaselTMA_SP43_272_X12Y3,0.014858841010401188,0.09063893016344725,0.10401188707280833,0.10401188707280833,0.0,0.0,0.23328380386329867,0.08320950965824665,0.20802377414561665,0.16196136701337296
BaselTMA_SP43_278_X3Y2,0.24489795918367346,0.014868804664723033,0.014868804664723033,0.016034985422740525,0.0,0.0,0.6478134110787171,0.0,0.04518950437317784,0.0163265306122449
BaselTMA_SP43_278_X4Y2,0.0,0.0009182736455463728,0.6464646464646465,0.012855831037649219,0.0,0.0018365472910927456,0.0,0.0,0.03397612488521579,0.3039485766758494
BaselTMA_SP43_281_X8Y7,0.042766151046405826,0.0,0.2083712465878071,0.3089171974522293,0.0,0.0009099181073703367,0.14740673339399454,0.0018198362147406734,0.010009099181073703,0.27979981801637854
BaselTMA_SP43_32_X4Y6,0.8359734287174246,0.0,0.001021972406745018,0.0007664793050587634,0.0,0.0,0.049821154828819623,0.0,0.07434849259070005,0.03806847215125191
BaselTMA_SP43_34_X12Y5,0.5287637698898409,0.0,0.016727866177070585,0.13627090983272133,0.0,0.0036719706242350062,0.1211750305997552,0.0,0.023255813953488372,0.1701346389228886
BaselTMA_SP43_3_X13Y6,0.12859884836852206,0.0,0.022392834293026232,0.4382597568777991,0.0,0.0,0.2124120281509917,0.013435700575815739,0.0012795905310300703,0.1836212412028151
BaselTMA_SP43_43_X5Y5,0.10222222222222223,0.014666666666666666,0.032,0.46844444444444444,0.0,0.016444444444444446,0.2733333333333333,0.0022222222222222222,0.084,0.006666666666666667
BaselTMA_SP43_47_X16Y4,0.059582542694497156,0.0003795066413662239,0.06110056925996205,0.6163187855787476,0.0,0.0,0.20872865275142316,0.0,0.003415559772296015,0.05047438330170778
BaselTMA_SP43_49_X1Y5,0.23011564786405475,0.0,0.011328770356384235,0.17630398867122965,0.0,0.0,0.5607741326410196,0.0,0.0007080481472740147,0.02076941232003776
BaselTMA_SP43_4_X15Y3,0.06306892067620286,0.03283485045513654,0.03868660598179454,0.04973992197659298,0.0,0.0,0.2964889466840052,0.0,0.0019505851755526658,0.5172301690507152
BaselTMA_SP43_4_X16Y3,0.0,0.0,0.12837837837837837,0.006756756756756757,0.0,0.0,0.0,0.0,0.16216216216216217,0.7027027027027027
BaselTMA_SP43_50_X7Y1,0.013783597518952447,0.0,0.033425223983459686,0.8966230186078566,0.0,0.00034458993797381116,0.02722260509993108,0.015161957270847692,0.0017229496898690559,0.01171605789110958
BaselTMA_SP43_50_X8Y1,0.0,0.0,0.0,0.06666666666666667,0.0,0.0,0.0,0.0,0.4,0.5333333333333333
BaselTMA_SP43_65_X14Y6,0.01020408163265306,0.0,0.0,0.32653061224489793,0.0,0.0,0.0,0.01020408163265306,0.6326530612244898,0.02040816326530612
BaselTMA_SP43_66_X15Y6,0.001215066828675577,0.0,0.043134872417982986,0.8912515188335358,0.0,0.022478736330498177,0.0,0.0,0.03462940461725395,0.007290400972053463
BaselTMA_SP43_67_X14Y7,0.19958233890214797,0.0002983293556085919,0.026252983293556086,0.7097255369928401,0.0,0.014021479713603818,0.04504773269689737,0.0,0.0,0.005071599045346062
BaselTMA_SP43_75_X2Y5,0.17683146878383255,0.001804402742692169,0.011187297004691447,0.277878022374594,0.0,0.16997473836160232,0.34680620714543486,0.004330566582461205,0.0054132082280765065,0.00577408877661494
BaselTMA_SP43_77_X3Y8,0.0,0.0,0.0,0.009615384615384616,0.0,0.007692307692307693,0.0,0.0,0.7793269230769231,0.20336538461538461
BaselTMA_SP43_78_X3Y9,0.0055376095985233045,0.06645131518227965,0.16428241808952468,0.4785417628057222,0.0,0.0,0.23165666820489156,0.023304107060452238,0.0,0.03022611905860637
BaselTMA_SP43_79_X7Y4,0.002230897936419409,0.018404907975460124,0.4542665923034021,0.13552704963747908,0.0,0.002230897936419409,0.3798103736754044,0.0,0.0,0.007529280535415505
BaselTMA_SP43_79_X8Y4,0.008082292432035268,0.007592456527063434,0.31790350232672054,0.04579965711486652,0.0,0.005878030859662013,0.4376683810923341,0.15748224344844478,0.0017144256674014205,0.017879010531471957
BaselTMA_SP43_85_X10Y1,0.16879795396419436,0.0,0.005115089514066497,0.09718670076726342,0.0,0.0,0.30179028132992325,0.10230179028132992,0.29923273657289,0.02557544757033248
BaselTMA_SP43_85_X9Y1,0.0769656699889258,0.0,0.0221483942414175,0.3831672203765227,0.0,0.012181616832779624,0.044296788482835,0.0,0.1212624584717608,0.3399778516057586
BaselTMA_SP43_87_X15Y4,0.17866390471258414,0.0005178663904712584,0.035732780942516834,0.07819782496116003,0.0,0.0,0.5416882444329363,0.0010357327809425167,0.0005178663904712584,0.16364577938891767
BaselTMA_SP43_90_X7Y6,0.008140262993112084,0.0015654351909830933,0.004070131496556042,0.42391984971822166,0.0,0.012836568566061366,0.0034439574201628053,0.00031308703819661864,0.5338134001252348,0.011897307451471509
BaselTMA_SP43_93_X15Y5,0.048438978240302744,0.0,0.012109744560075686,0.1053926206244087,0.0,0.0,0.8325449385052034,0.0,0.0011352885525070956,0.0003784295175023652
BaselTMA_SP43_94_X12Y7,0.16683383483784686,0.0,0.04847876964226011,0.242728184553661,0.0,0.00033433634236041456,0.44399866265463056,0.0006686726847208291,0.03510531594784353,0.0618522233366767
BaselTMA_SP43_95_X13Y2,0.34924242424242424,0.0,0.01628787878787879,0.15492424242424244,0.0,0.0,0.36742424242424243,0.0,0.0030303030303030303,0.10909090909090909
BaselTMA_SP43_95_X14Y2,0.0390625,0.005208333333333333,0.13802083333333334,0.09375,0.0,0.0,0.23177083333333334,0.015625,0.0546875,0.421875
BaselTMA_SP43_97_X16Y6,0.07730263157894737,0.3111293859649123,0.003289473684210526,0.12362938596491228,0.0,0.0,0.45778508771929827,0.0,0.006853070175438596,0.0200109649122807
ZTMA208_slide_10_By10x4,0.048305084745762714,0.1694915254237288,0.08135593220338982,0.04152542372881356,0.0,0.0,0.09915254237288136,0.16779661016949152,0.000847457627118644,0.39152542372881355
ZTMA208_slide_10_By10x5,0.002654867256637168,0.13274336283185842,0.18761061946902655,0.11415929203539824,0.0,0.0,0.28761061946902655,0.0,0.0,0.2752212389380531
ZTMA208_slide_10_By10x6,0.00844205679201842,0.19723714504988488,0.3200306983883346,0.13660782808902533,0.0,0.0007674597083653108,0.25709900230237914,0.0023023791250959325,0.0,0.07751343054489639
ZTMA208_slide_10_By10x7,0.012957317073170731,0.09070121951219512,0.40625,0.04649390243902439,0.0,0.0,0.2736280487804878,0.0,0.0,0.16996951219512196
ZTMA208_slide_10_By10x8,0.0,0.0,0.20848056537102475,0.1978798586572438,0.0,0.0,0.0,0.0,0.045936395759717315,0.5477031802120141
ZTMA208_slide_11_By5x8,0.001583531274742676,0.3499604117181314,0.057007125890736345,0.07442596991290577,0.0,0.0,0.4932699920823436,0.0,0.0023752969121140144,0.021377672209026127
ZTMA208_slide_11_By6x1,0.008264462809917356,0.3421487603305785,0.14214876033057852,0.1371900826446281,0.0,0.006611570247933884,0.2743801652892562,0.0,0.011570247933884297,0.07768595041322314
ZTMA208_slide_11_By6x2,0.053156146179401995,0.02159468438538206,0.1079734219269103,0.046511627906976744,0.0,0.0033222591362126247,0.3122923588039867,0.0,0.0,0.45514950166112955
ZTMA208_slide_11_By6x3,0.003926701570680628,0.09554973821989529,0.14790575916230367,0.1793193717277487,0.0,0.017015706806282723,0.5039267015706806,0.0,0.0,0.05235602094240838
ZTMA208_slide_11_By6x4,0.0,0.0,0.06584362139917696,0.012345679012345678,0.0,0.0,0.0,0.0,0.11934156378600823,0.8024691358024691
ZTMA208_slide_12_Ay13x7,0.0,0.8858947368421053,0.005894736842105263,0.0,0.0029473684210526317,0.0,0.10147368421052631,0.003789473684210526,0.0,0.0
ZTMA208_slide_12_Ay13x8,0.00900360144057623,0.1914765906362545,0.20108043217286914,0.09903961584633854,0.006002400960384154,0.0234093637454982,0.3277310924369748,0.12605042016806722,0.0,0.016206482593037214
ZTMA208_slide_12_Ay14x2,0.0012422360248447205,0.0,0.0,0.0,0.0,0.0,0.002484472049689441,0.0,0.9496894409937888,0.046583850931677016
ZTMA208_slide_12_Ay14x3,0.0,0.0,0.0,0.0,0.0,0.0,0.0,0.0,0.5169491525423728,0.4830508474576271
ZTMA208_slide_13_Cy9x1,0.004375,0.114375,0.32375,0.118125,0.00125,0.0,0.29375,0.02875,0.0,0.115625
ZTMA208_slide_13_Cy9x2,0.00254323499491353,0.3550356052899288,0.22431332655137334,0.09053916581892167,0.007121057985757884,0.014750762970498474,0.21566632756866735,0.07273652085452696,0.0,0.017293997965412006
ZTMA208_slide_13_Cy9x3,0.0,0.18711446196024675,0.1850582590815627,0.15695681973954764,0.05894448252227553,0.006854009595613434,0.1864290610006854,0.1706648389307745,0.00616860863605209,0.041809458533241944
ZTMA208_slide_13_Cy9x4,0.0,0.053617571059431525,0.35012919896640826,0.2454780361757106,0.01227390180878553,0.0103359173126615,0.1834625322997416,0.0,0.0,0.14470284237726097
ZTMA208_slide_13_Cy9x5,0.002028397565922921,0.06288032454361055,0.2718052738336714,0.07910750507099391,0.0,0.0,0.3306288032454361,0.002028397565922921,0.04665314401622718,0.20486815415821502
ZTMA208_slide_14_Cy3x4,0.0,0.0,0.0,0.25,0.0,0.0,0.0,0.0,0.0,0.75
ZTMA208_slide_14_Cy3x5,0.0,0.0,0.2688927943760984,0.5729349736379613,0.0,0.08084358523725835,0.0,0.0,0.0017574692442882249,0.07557117750439367
ZTMA208_slide_14_Cy3x6,0.019058963668850508,0.16378796902918405,0.054198927933293624,0.20131030375223347,0.0,0.0,0.5533055390113163,0.0,0.0,0.008338296605122097
ZTMA208_slide_14_Cy3x7,0.06012024048096192,0.0674682698730795,0.08884435537742151,0.22110888443553775,0.0,0.0,0.48229792919171677,0.0,0.0,0.08016032064128256
ZTMA208_slide_15_By13x6,0.05813953488372093,0.09651162790697675,0.12790697674418605,0.2,0.0,0.005813953488372093,0.2686046511627907,0.011627906976744186,0.0,0.2313953488372093
ZTMA208_slide_15_By13x7,0.03424657534246575,0.3065068493150685,0.1541095890410959,0.13013698630136986,0.0,0.003424657534246575,0.23972602739726026,0.0,0.0,0.13184931506849315
ZTMA208_slide_15_By13x8,0.038128249566724434,0.12305025996533796,0.04072790294627383,0.21317157712305027,0.0,0.0,0.4202772963604853,0.0,0.0,0.16464471403812825
ZTMA208_slide_15_By14x1,0.04985337243401759,0.14271749755620725,0.03128054740957967,0.20430107526881722,0.0,0.0,0.23558162267839688,0.0,0.0,0.3362658846529814
ZTMA208_slide_15_By14x2,0.0,0.0,0.11702127659574468,0.0,0.0,0.0,0.0,0.0,0.05319148936170213,0.8297872340425532
ZTMA208_slide_16_Ay16x4,0.0,0.0,0.0,0.0,0.0,0.0,0.0,0.0,0.7558441558441559,0.24415584415584415
ZTMA208_slide_16_Ay16x5,0.15384615384615385,0.0024549918166939444,0.018821603927986905,0.06137479541734861,0.0,0.0016366612111292963,0.13011456628477905,0.029459901800327332,0.40098199672667756,0.20130932896890344
ZTMA208_slide_16_Ay16x6,0.0512396694214876,0.384297520661157,0.04628099173553719,0.02809917355371901,0.0,0.0,0.39090909090909093,0.008264462809917356,0.001652892561983471,0.08925619834710743
ZTMA208_slide_16_Ay16x7,0.05035506778566817,0.39638476436410586,0.014848289218850872,0.019367333763718526,0.0,0.0,0.47643641058747577,0.0,0.0,0.04260813428018076
ZTMA208_slide_16_Ay16x8,0.004975124378109453,0.06965174129353234,0.39800995024875624,0.014925373134328358,0.0,0.0,0.22885572139303484,0.029850746268656716,0.0,0.2537313432835821
ZTMA208_slide_17_Ay8x2,0.06855277475516866,0.10990206746463548,0.08161044613710555,0.16757344940152338,0.0,0.0,0.12295973884657237,0.0,0.0,0.44940152339499456
ZTMA208_slide_17_Ay8x3,0.04886561954624782,0.5700988947062245,0.051192553810354854,0.013379872018615475,0.0,0.0,0.2198952879581152,0.0,0.0,0.09656777196044211
ZTMA208_slide_17_Ay8x4,0.08203350664355864,0.3731946851530907,0.0415944540727903,0.05430387059503177,0.0,0.0,0.29347198151357595,0.004043905257076834,0.0,0.15135759676487578
ZTMA208_slide_17_Ay8x5,0.005277044854881266,0.0,0.0870712401055409,0.018469656992084433,0.0,0.0,0.002638522427440633,0.6068601583113457,0.002638522427440633,0.2770448548812665
ZTMA208_slide_18_Cy6x5,0.0,0.0,0.06834862385321101,0.00963302752293578,0.0,0.0,0.0,0.8885321100917432,0.0,0.033486238532110094
ZTMA208_slide_18_Cy6x6,0.0,0.0,0.04110207768744354,0.0027100271002710027,0.009033423667570008,0.0,0.0,0.9250225835591689,0.00045167118337850043,0.02168021680216802
ZTMA208_slide_18_Cy6x7,0.0,0.0,0.0015641293013555788,0.0,0.0,0.0,0.0,0.9984358706986444,0.0,0.0
ZTMA208_slide_18_Cy6x8,0.0,0.0,0.03739445114595899,0.05729794933655006,0.0,0.0,0.0,0.7394451145958987,0.0,0.16586248492159228
ZTMA208_slide_18_Cy7x1,0.0,0.06851851851851852,0.18888888888888888,0.08333333333333333,0.0,0.0,0.10185185185185185,0.15925925925925927,0.007407407407407408,0.3907407407407407
ZTMA208_slide_19_Cy8x4,0.007458975634012929,0.0,0.08055693684733964,0.030333167578319244,0.556936847339632,0.003978120338140228,0.23222277473893585,0.08552958727001492,0.0004972650422675286,0.002486325211337643
ZTMA208_slide_19_Cy8x5,0.0,0.0,0.272768463978251,0.038513819664703214,0.4209333937471681,0.19438151336656095,0.02084277299501586,0.001359311282283643,0.0,0.05120072496601722
ZTMA208_slide_19_Cy8x6,0.0,0.0004562043795620438,0.03832116788321168,0.014142335766423358,0.6113138686131386,0.11405109489051095,0.004105839416058394,0.2176094890510949,0.0,0.0
ZTMA208_slide_19_Cy8x7,0.0,0.0,0.12504900039200315,0.06860054880439044,0.1897295178361427,0.5993727949823598,0.0003920031360250882,0.0,0.0,0.01685613484907879
ZTMA208_slide_19_Cy8x8,0.0,0.0,0.5357142857142857,0.16071428571428573,0.0,0.0,0.0,0.0,0.0,0.30357142857142855
ZTMA208_slide_1_Ay12x5,0.028953229398663696,0.19265033407572382,0.06792873051224944,0.22048997772828507,0.0,0.0,0.24498886414253898,0.0,0.0,0.24498886414253898
ZTMA208_slide_1_Ay12x6,0.009061488673139158,0.512621359223301,0.08996763754045307,0.04789644012944984,0.0,0.0,0.2621359223300971,0.0,0.0,0.07831715210355987
ZTMA208_slide_1_Ay12x7,0.016556291390728478,0.16556291390728478,0.0728476821192053,0.019867549668874173,0.0,0.0,0.31788079470198677,0.0,0.0,0.40728476821192056
ZTMA208_slide_1_Ay12x8,0.004545454545454545,0.38484848484848483,0.08787878787878788,0.15454545454545454,0.0,0.0,0.15757575757575756,0.0,0.0,0.2106060606060606
ZTMA208_slide_20_Ay5x5,0.02159468438538206,0.5132890365448505,0.03986710963455149,0.023255813953488372,0.0,0.0,0.24833887043189368,0.0,0.0,0.1536544850498339
ZTMA208_slide_20_Ay5x6,0.08562918838421445,0.20402084884586746,0.0387192851824274,0.011913626209977662,0.0,0.0,0.41250930752047654,0.10573343261355175,0.0,0.14147431124348472
ZTMA208_slide_20_Ay5x7,0.03151515151515152,0.48,0.044848484848484846,0.03333333333333333,0.0,0.0,0.2793939393939394,0.0,0.0,0.13090909090909092
ZTMA208_slide_20_Ay5x8,0.0390728476821192,0.39470198675496687,0.0913907284768212,0.022516556291390728,0.0,0.0,0.3490066225165563,0.0,0.0,0.10331125827814569
ZTMA208_slide_21_Cy5x8,0.15256257449344457,0.0,0.04469606674612634,0.4684147794994041,0.00834326579261025,0.009535160905840286,0.004767580452920143,0.2467222884386174,0.0023837902264600714,0.06257449344457688
ZTMA208_slide_21_Cy6x1,0.0023752969121140144,0.0,0.5249406175771971,0.3016627078384798,0.0,0.014251781472684086,0.0,0.0,0.007125890736342043,0.1496437054631829
ZTMA208_slide_21_Cy6x2,0.0,0.0,0.16519694297472076,0.2968841857730747,0.014697236919459141,0.011757789535567314,0.014109347442680775,0.4732510288065844,0.0,0.024103468547912992
ZTMA208_slide_21_Cy6x3,0.0,0.0,0.1763717805151176,0.18029115341545351,0.05039193729003359,0.1455767077267637,0.0,0.4412094064949608,0.0,0.006159014557670772
ZTMA208_slide_21_Cy6x4,0.0,0.0,0.7047619047619048,0.02857142857142857,0.0,0.0,0.0,0.0,0.10476190476190476,0.1619047619047619
ZTMA208_slide_22_Cy10x1,0.0006600660066006601,0.07062706270627063,0.299009900990099,0.38613861386138615,0.0,0.034323432343234324,0.09042904290429044,0.0,0.009240924092409241,0.10957095709570958
ZTMA208_slide_22_Cy10x2,0.002403846153846154,0.0,0.11778846153846154,0.07211538461538461,0.0,0.0,0.0,0.47115384615384615,0.11538461538461539,0.22115384615384615
ZTMA208_slide_22_Cy9x6,0.0011574074074074073,0.2037037037037037,0.24363425925925927,0.06365740740740741,0.0023148148148148147,0.012152777777777778,0.4699074074074074,0.0,0.0,0.003472222222222222
ZTMA208_slide_22_Cy9x7,0.0006640106241699867,0.021248339973439574,0.0398406374501992,0.25232403718459495,0.0099601593625498,0.5119521912350598,0.16135458167330677,0.0,0.0,0.0026560424966799467
ZTMA208_slide_22_Cy9x8,0.003977724741447892,0.3118536197295147,0.19411296738265713,0.12569610182975338,0.002386634844868735,0.024661893396976928,0.2012728719172633,0.08750994431185362,0.0015910898965791568,0.046937151949085126
ZTMA208_slide_23_Cy5x3,0.0,0.42848751835535975,0.0041116005873715125,0.001762114537444934,0.0,0.0,0.5656387665198238,0.0,0.0,0.0
ZTMA208_slide_23_Cy5x4,0.002002002002002002,0.7592592592592593,0.06156156156156156,0.06156156156156156,0.0,0.002002002002002002,0.07307307307307308,0.0,0.003003003003003003,0.03753753753753754
ZTMA208_slide_23_Cy5x5,0.0,0.4832522187231606,0.006012024048096192,0.000572573718866304,0.0,0.0,0.5101631835098769,0.0,0.0,0.0
ZTMA208_slide_23_Cy5x6,0.0,0.6782892944701716,0.003813674748025061,0.00027240533914464724,0.0,0.0,0.3176246254426587,0.0,0.0,0.0
ZTMA208_slide_23_Cy5x7_310,0.049145299145299144,0.00641025641025641,0.12606837606837606,0.3418803418803419,0.0,0.03205128205128205,0.2905982905982906,0.014957264957264958,0.0405982905982906,0.09829059829059829
ZTMA208_slide_23_Cy5x7_311,0.01171875,0.0,0.16015625,0.17578125,0.0,0.203125,0.27734375,0.109375,0.04296875,0.01953125
ZTMA208_slide_24_By1x2,0.014645577035735208,0.0,0.0,0.0,0.0,0.0,0.0,0.0,0.9373169302870533,0.04803749267721148
ZTMA208_slide_24_By1x3,0.0,0.0,0.0,0.0,0.0,0.0,0.0,0.0,0.9294573643410853,0.07054263565891473
ZTMA208_slide_24_By1x4,0.26849733028222733,0.0,0.011441647597254004,0.036613272311212815,0.0,0.0,0.02517162471395881,0.0,0.5774218154080855,0.08085430968726164
ZTMA208_slide_24_By1x5,0.21505376344086022,0.023809523809523808,0.03302611367127496,0.039938556067588324,0.0,0.0,0.554531490015361,0.0,0.11367127496159754,0.019969278033794162
ZTMA208_slide_25_By14x8,0.0,0.2607167955024596,0.09346451159522136,0.2297962052002811,0.0,0.3134223471539002,0.0421644413211525,0.014054813773717497,0.009838369641602248,0.036542515811665496
ZTMA208_slide_25_By15x1,0.08528198074277854,0.21595598349381018,0.08665749656121045,0.050206327372764786,0.0,0.000687757909215956,0.14305364511691884,0.0,0.21801925722145804,0.20013755158184318
ZTMA208_slide_25_By15x2,0.014654161781946073,0.5046893317702228,0.01406799531066823,0.038686987104337635,0.0,0.0,0.40211019929660025,0.007033997655334115,0.0,0.01875732708089097
ZTMA208_slide_25_By15x3,0.009174311926605505,0.6760762173606211,0.068454481298518,0.0465772759350741,0.007057163020465773,0.0,0.1333803810868031,0.004940014114326041,0.0,0.05434015525758645
ZTMA208_slide_25_By15x4,0.002421307506053269,0.13317191283292978,0.06295399515738499,0.06053268765133172,0.0,0.0,0.2179176755447942,0.0,0.024213075060532687,0.49878934624697335
ZTMA208_slide_26_Ay3x6,0.0,0.5521868787276342,0.1988071570576541,0.0805168986083499,0.0,0.0,0.05715705765407555,0.0004970178926441351,0.0,0.11083499005964215
ZTMA208_slide_26_Ay3x7,0.0,0.5912876361306855,0.2626521460602178,0.011531069827033953,0.0,0.0,0.017937219730941704,0.0,0.0,0.11659192825112108
ZTMA208_slide_26_Ay3x8,0.0057273768613974796,0.424971363115693,0.16494845360824742,0.054982817869415807,0.0,0.0,0.044673539518900345,0.16036655211912945,0.0,0.14432989690721648
ZTMA208_slide_26_Ay4x2,0.0,0.0,0.15748031496062992,0.15748031496062992,0.0,0.0,0.0,0.0,0.007874015748031496,0.6771653543307087
ZTMA208_slide_27_Cy10x8,0.005188067444876783,0.0019455252918287938,0.25745784695201035,0.2808041504539559,0.0,0.005836575875486381,0.34824902723735407,0.0,0.0,0.10051880674448768
ZTMA208_slide_27_Cy11x1,0.022525597269624574,0.005460750853242321,0.05802047781569966,0.29283276450511947,0.0,0.0,0.5665529010238908,0.0,0.0006825938566552901,0.05392491467576792
ZTMA208_slide_27_Cy11x2,0.0,0.0028949545078577337,0.03143093465674111,0.010752688172043012,0.00041356492969396195,0.9478908188585607,0.006617038875103391,0.0,0.0,0.0
ZTMA208_slide_27_Cy11x3,0.0,0.23724928366762177,0.09283667621776505,0.08538681948424069,0.02521489971346705,0.11575931232091691,0.44355300859598856,0.0,0.0,0.0
ZTMA208_slide_27_Cy11x4,0.0,0.2320675105485232,0.17440225035161744,0.0759493670886076,0.0,0.0,0.2911392405063291,0.11954992967651196,0.06329113924050633,0.04360056258790436
ZTMA208_slide_28_Cy14x3,0.05511811023622047,0.12935883014623173,0.10573678290213723,0.21822272215973004,0.0044994375703037125,0.03487064116985377,0.3340832395950506,0.0,0.007874015748031496,0.11023622047244094
ZTMA208_slide_28_Cy14x4,0.07142857142857142,0.2568027210884354,0.03741496598639456,0.08843537414965986,0.011904761904761904,0.0,0.3299319727891156,0.0,0.04081632653061224,0.16326530612244897
ZTMA208_slide_28_Cy14x5,0.014084507042253521,0.17018779342723006,0.07746478873239436,0.24178403755868544,0.017605633802816902,0.24295774647887325,0.18309859154929578,0.0,0.005868544600938967,0.046948356807511735
ZTMA208_slide_28_Cy14x6,0.0,0.07062264939406603,0.020476389469285417,0.02632678646050982,0.0058503969912244045,0.8353531132469704,0.028834099456748852,0.010447137484329294,0.0,0.002089427496865859
ZTMA208_slide_28_Cy14x7,0.029411764705882353,0.0,0.058823529411764705,0.0,0.0,0.0,0.0,0.0,0.7058823529411765,0.20588235294117646
ZTMA208_slide_29_By12x4,0.06157635467980296,0.07943349753694581,0.010467980295566502,0.2733990147783251,0.0,0.0049261083743842365,0.5123152709359606,0.0,0.0,0.05788177339901478
ZTMA208_slide_29_By12x5,0.016069221260815822,0.1161928306551298,0.05871446229913473,0.22435105067985167,0.0,0.005562422744128554,0.5562422744128553,0.0,0.0,0.022867737948084055
ZTMA208_slide_29_By12x6,0.013197969543147208,0.19593908629441625,0.028426395939086295,0.18984771573604062,0.0,0.10253807106598985,0.4700507614213198,0.0,0.0,0.0
ZTMA208_slide_29_By12x7,0.03942652329749104,0.2910394265232975,0.04516129032258064,0.08745519713261649,0.0007168458781362007,0.0,0.5275985663082438,0.0,0.0014336917562724014,0.007168458781362007
ZTMA208_slide_29_By12x8,0.0,0.34386281588447654,0.3348375451263538,0.07220216606498195,0.0,0.0,0.1796028880866426,0.00631768953068592,0.013537906137184115,0.04963898916967509
ZTMA208_slide_2_By16x7,0.00176522506619594,0.5692850838481907,0.23477493380406,0.03265666372462489,0.00088261253309797,0.0,0.12533097969991175,0.0,0.0,0.0353045013239188
ZTMA208_slide_2_By16x8,0.14907651715039577,0.0,0.059366754617414245,0.027704485488126648,0.0,0.0,0.13192612137203166,0.0,0.13720316622691292,0.4947229551451187
ZTMA208_slide_2_Cy1x1,0.002936857562408223,0.0,0.0014684287812041115,0.2912383749388155,0.0,0.540381791483113,0.0,0.0,0.09789525208027411,0.06607929515418502
ZTMA208_slide_2_Cy1x2,0.21951219512195122,0.036004645760743324,0.03368176538908246,0.17073170731707318,0.0011614401858304297,0.0023228803716608595,0.23809523809523808,0.0,0.023228803716608595,0.27526132404181186
ZTMA208_slide_2_Cy1x3,0.16111111111111112,0.0,0.016666666666666666,0.011111111111111112,0.0,0.0,0.044444444444444446,0.0,0.4666666666666667,0.3
ZTMA208_slide_30_By10x1,0.17002881844380405,0.011527377521613832,0.05187319884726225,0.10951008645533142,0.0,0.002881844380403458,0.15561959654178675,0.06340057636887608,0.002881844380403458,0.4322766570605187
ZTMA208_slide_30_By10x2,0.0,0.0,0.0,0.05,0.0,0.0,0.0,0.0,0.0,0.95
ZTMA208_slide_30_By9x6,0.002849002849002849,0.0,0.05270655270655271,0.011396011396011397,0.0,0.0,0.021367521367521368,0.7094017094017094,0.0,0.2022792022792023
ZTMA208_slide_30_By9x8,0.05263157894736842,0.0,0.0,0.02631578947368421,0.0,0.0,0.0,0.0,0.7105263157894737,0.21052631578947367
ZTMA208_slide_31_Ay7x4,0.0,0.8123997862105826,0.09139497594869055,0.03527525387493319,0.0,0.0,0.05451630144307857,0.0,0.0,0.006413682522715126
ZTMA208_slide_31_Ay7x5,0.001029336078229542,0.7467833247555327,0.12660833762223367,0.02007205352547607,0.04323211528564076,0.001544004117344313,0.048893463715903245,0.0,0.0,0.011837364899639732
ZTMA208_slide_31_Ay7x6,0.0,0.0,0.634315424610052,0.22530329289428075,0.0,0.1346042749855575,0.0,0.0,0.0,0.005777007510109763
ZTMA208_slide_31_Ay7x7,0.0,0.7544545849630595,0.17774880486744893,0.012168622338113864,0.015210777922642329,0.03302911777488049,0.007388092133854845,0.0,0.0,0.0
ZTMA208_slide_31_Ay7x8,0.003257328990228013,0.2671009771986971,0.30293159609120524,0.019543973941368076,0.0,0.0,0.003257328990228013,0.06514657980456026,0.013029315960912053,0.3257328990228013
ZTMA208_slide_32_By8x4,0.008264462809917356,0.4830954169797145,0.06836964688204357,0.18181818181818182,0.0,0.003005259203606311,0.23891810668670171,0.0,0.0,0.01652892561983471
ZTMA208_slide_32_By8x5,0.04076433121019108,0.07643312101910828,0.0751592356687898,0.10318471337579618,0.0,0.0012738853503184713,0.062420382165605096,0.0,0.0012738853503184713,0.6394904458598726
ZTMA208_slide_32_By8x6,0.0,0.0,0.3277216610549944,0.017957351290684626,0.0,0.0,0.0,0.0,0.06734006734006734,0.5869809203142536
ZTMA208_slide_32_By8x7,0.0,0.0,0.5025041736227045,0.25375626043405675,0.0,0.14858096828046743,0.0,0.0,0.01335559265442404,0.08180300500834725
ZTMA208_slide_32_By8x8,0.0,0.0,0.037037037037037035,0.18518518518518517,0.0,0.0,0.0,0.0,0.37037037037037035,0.4074074074074074
ZTMA208_slide_33_Cy7x2,0.006227758007117438,0.0,0.02891459074733096,0.8589857651245552,0.027580071174377226,0.061832740213523134,0.002224199288256228,0.0,0.012455516014234875,0.0017793594306049821
ZTMA208_slide_33_Cy7x3,0.0,0.0,0.0035657686212361333,0.4706814580031696,0.2559429477020602,0.0491283676703645,0.06854199683042789,0.1450079239302694,0.006339144215530904,0.000792393026941363
ZTMA208_slide_33_Cy7x4,0.0,0.0,0.005352960856473737,0.23619939779190366,0.0,0.7584476413516226,0.0,0.0,0.0,0.0
ZTMA208_slide_33_Cy7x5,0.0,0.0,0.07833859095688749,0.23291272344900105,0.019453207150368034,0.6267087276550999,0.035226077812828605,0.007360672975814932,0.0,0.0
ZTMA208_slide_33_Cy7x6,0.0,0.0,0.16129032258064516,0.2903225806451613,0.0,0.0,0.0,0.0,0.5,0.04838709677419355
ZTMA208_slide_34_Ay13x6,0.1091644204851752,0.0,0.12129380053908356,0.16576819407008087,0.0,0.0,0.33557951482479786,0.0,0.05660377358490566,0.21159029649595687
ZTMA208_slide_35_By15x5,0.0,0.0,0.058007566204287514,0.5725094577553594,0.0,0.004413619167717529,0.33354350567465324,0.02459016393442623,0.0006305170239596469,0.006305170239596469
ZTMA208_slide_35_By15x6,0.0,0.0,0.0,0.6449051610057345,0.0,0.0,0.0,0.0,0.0,0.3550948389942655
ZTMA208_slide_35_By15x7,0.0,0.0,0.446918694976696,0.31434489901605384,0.007767995857068877,0.22682547902641118,0.0,0.0,0.0,0.004142931123770067
ZTMA208_slide_35_By15x8,0.0,0.0,0.13863636363636364,0.5613636363636364,0.010227272727272727,0.2681818181818182,0.0,0.0,0.0,0.02159090909090909
ZTMA208_slide_35_By16x1,0.002220988339811216,0.0,0.0,0.0,0.0,0.0,0.0,0.0,0.963353692393115,0.034425319267073845
ZTMA208_slide_36_By6x5,0.13214739517153748,0.09783989834815757,0.020330368487928845,0.13468869123252858,0.0,0.0,0.3036848792884371,0.0,0.015247776365946633,0.2960609911054638
ZTMA208_slide_36_By6x6,0.07086614173228346,0.025196850393700787,0.06771653543307087,0.11496062992125984,0.0,0.0,0.17165354330708663,0.0,0.0,0.5496062992125984
ZTMA208_slide_36_By6x7,0.07087628865979381,0.0663659793814433,0.20231958762886598,0.08247422680412371,0.0,0.0,0.3427835051546392,0.0,0.0,0.23518041237113402
ZTMA208_slide_36_By6x8,0.029484029484029485,0.12285012285012285,0.09582309582309582,0.16216216216216217,0.0,0.002457002457002457,0.14496314496314497,0.0,0.002457002457002457,0.4398034398034398
ZTMA208_slide_36_By7x1,0.01016260162601626,0.11178861788617886,0.1443089430894309,0.0040650406504065045,0.0,0.0,0.07113821138211382,0.3516260162601626,0.12601626016260162,0.18089430894308944
ZTMA208_slide_37_Cy1x5,0.3745557924662402,0.0,0.0,0.016346837242359632,0.0,0.0,0.008528784648187633,0.0,0.3169864960909737,0.2835820895522388
ZTMA208_slide_37_Cy1x6,0.04424202992843201,0.0988939492517892,0.2498373454782043,0.014964216005204945,0.20624593363695512,0.0006506180871828237,0.2797657774886142,0.0,0.10540013012361743,0.0
ZTMA208_slide_37_Cy1x7,0.0,0.01935483870967742,0.15806451612903225,0.22258064516129034,0.0,0.012903225806451613,0.4290322580645161,0.0,0.0,0.15806451612903225
ZTMA208_slide_37_Cy1x8,0.02068045363575717,0.409606404269513,0.18545697131420946,0.01801200800533689,0.06604402935290193,0.012675116744496331,0.07871914609739826,0.0,0.19946631087391595,0.009339559706470981
ZTMA208_slide_37_Cy2x1,0.0,0.0,0.16666666666666666,0.041666666666666664,0.0,0.0,0.0,0.0,0.041666666666666664,0.75
ZTMA208_slide_38_By4x6,0.08402100525131283,0.05026256564141035,0.09152288072018004,0.21005251312828208,0.0,0.00900225056264066,0.34433608402100524,0.0450112528132033,0.00900225056264066,0.15678919729932483
ZTMA208_slide_38_By4x7,0.21804511278195488,0.023923444976076555,0.12440191387559808,0.1114149008885851,0.0,0.02323991797676008,0.34518113465481887,0.06493506493506493,0.015037593984962405,0.07382091592617908
ZTMA208_slide_38_By4x8,0.25806451612903225,0.029512697323266987,0.06520247083047358,0.12354152367879204,0.0,0.0,0.40905971173644473,0.002059025394646534,0.0061770761839396015,0.10638297872340426
ZTMA208_slide_38_By5x2,0.11475409836065574,0.05737704918032787,0.02459016393442623,0.028688524590163935,0.0,0.0,0.4098360655737705,0.06557377049180328,0.05327868852459016,0.2459016393442623
ZTMA208_slide_39_Ay15x7,0.009009009009009009,0.10810810810810811,0.10810810810810811,0.27927927927927926,0.0,0.02702702702702703,0.25225225225225223,0.0,0.018018018018018018,0.1981981981981982
ZTMA208_slide_39_Ay15x8,0.06387921022067364,0.07781649245063879,0.005807200929152149,0.18583042973286876,0.0,0.0,0.5389082462253194,0.0,0.0,0.12775842044134728
ZTMA208_slide_39_Ay16x2,0.0,0.0,0.0,0.0,0.0,0.0,0.0,0.0,0.8545150501672241,0.1454849498327759
ZTMA208_slide_39_Ay16x3,0.0,0.0,0.0,0.0,0.0,0.0,0.0,0.0,0.8311688311688312,0.16883116883116883
ZTMA208_slide_3_Ay10x2,0.021575984990619138,0.5126641651031895,0.05347091932457786,0.12664165103189493,0.0,0.0,0.14399624765478425,0.0375234521575985,0.014540337711069419,0.08958724202626642
ZTMA208_slide_3_Ay10x3,0.06389986824769434,0.16798418972332016,0.01383399209486166,0.1613965744400527,0.0,0.0,0.2549407114624506,0.01383399209486166,0.03162055335968379,0.2924901185770751
ZTMA208_slide_3_Ay10x4,0.0,0.0,0.39371980676328505,0.16666666666666666,0.0,0.0024154589371980675,0.0,0.2318840579710145,0.026570048309178744,0.178743961352657
ZTMA208_slide_3_Ay9x8,0.03627232142857143,0.7589285714285714,0.028459821428571428,0.015066964285714286,0.0,0.0011160714285714285,0.11328125,0.0,0.016741071428571428,0.030133928571428572
ZTMA208_slide_40_By7x2,0.012140575079872205,0.26517571884984026,0.024920127795527155,0.0670926517571885,0.0012779552715654952,0.0006389776357827476,0.6038338658146964,0.0,0.0,0.024920127795527155
ZTMA208_slide_40_By7x3,0.0,0.027707808564231738,0.08060453400503778,0.535264483627204,0.0,0.03526448362720403,0.06801007556675064,0.0,0.005037783375314861,0.24811083123425692
ZTMA208_slide_40_By7x4,0.052140077821011675,0.2,0.029571984435797664,0.14474708171206227,0.0,0.027237354085603113,0.49961089494163424,0.0,0.014785992217898832,0.031906614785992216
ZTMA208_slide_40_By7x5,0.14545454545454545,0.00404040404040404,0.03232323232323232,0.1414141414141414,0.0,0.0,0.298989898989899,0.0,0.21414141414141413,0.16363636363636364
ZTMA208_slide_40_By7x6,0.0031914893617021275,0.1702127659574468,0.1702127659574468,0.11382978723404255,0.0,0.05531914893617021,0.1829787234042553,0.22872340425531915,0.03829787234042553,0.03723404255319149
ZTMA208_slide_41_Cy15x1,0.008960573476702509,0.0035842293906810036,0.07616487455197132,0.32974910394265233,0.0,0.004480286738351254,0.17383512544802868,0.01971326164874552,0.0,0.3835125448028674
ZTMA208_slide_41_Cy15x2,0.006535947712418301,0.047619047619047616,0.12511671335200747,0.23996265172735762,0.0,0.0,0.1092436974789916,0.06349206349206349,0.003734827264239029,0.4042950513538749
ZTMA208_slide_41_Cy15x3,0.01646090534979424,0.07956104252400549,0.12757201646090535,0.2578875171467764,0.0,0.009602194787379973,0.3950617283950617,0.0,0.0,0.11385459533607682
ZTMA208_slide_41_Cy15x4,0.2656675749318801,0.029291553133514985,0.0,0.004087193460490463,0.005449591280653951,0.0,0.6021798365122616,0.0,0.08174386920980926,0.011580381471389645
ZTMA208_slide_41_Cy15x5,0.0,0.0,0.26785714285714285,0.044642857142857144,0.0,0.0,0.0,0.0,0.008928571428571428,0.6785714285714286
ZTMA208_slide_42_Ay1x7,0.04006284367635507,0.17596229379418696,0.0636292223095051,0.0589159465828751,0.0,0.0,0.3527101335428123,0.0,0.0,0.3087195600942655
ZTMA208_slide_42_Ay1x8,0.0,0.5314685314685315,0.09712509712509712,0.03496503496503497,0.0,0.0,0.09557109557109557,0.0,0.024087024087024088,0.21678321678321677
ZTMA208_slide_42_Ay2x2,0.03089887640449438,0.0,0.06179775280898876,0.3061797752808989,0.0,0.16573033707865167,0.0056179775280898875,0.0,0.19101123595505617,0.23876404494382023
ZTMA208_slide_42_Ay2x3,0.0,0.0,0.0,0.0,0.0,0.0,0.0,0.0,0.4424778761061947,0.5575221238938053
ZTMA208_slide_43_Ay10x5,0.010101010101010102,0.2398989898989899,0.22474747474747475,0.08080808080808081,0.0,0.0,0.08080808080808081,0.0,0.005050505050505051,0.35858585858585856
ZTMA208_slide_43_Ay10x6,0.0,0.011185682326621925,0.27740492170022374,0.13870246085011187,0.0,0.0,0.006711409395973154,0.0,0.006711409395973154,0.5592841163310962
ZTMA208_slide_43_Ay10x7,0.05574043261231281,0.3086522462562396,0.024958402662229616,0.1480865224625624,0.0,0.0008319467554076539,0.3768718801996672,0.0,0.008319467554076539,0.07653910149750416
ZTMA208_slide_43_Ay10x8,0.003067484662576687,0.3282208588957055,0.3231083844580777,0.09406952965235174,0.0,0.014314928425357873,0.18711656441717792,0.0,0.0010224948875255625,0.049079754601226995
ZTMA208_slide_44_Ay6x2,0.016079158936301793,0.23314780457637602,0.19480519480519481,0.08286951144094001,0.0,0.0030921459492888066,0.1453308596165739,0.0,0.0,0.3246753246753247
ZTMA208_slide_44_Ay6x3,0.011042944785276074,0.28957055214723926,0.0736196319018405,0.08834355828220859,0.0,0.0,0.11288343558282209,0.0,0.0,0.4245398773006135
ZTMA208_slide_44_Ay6x4,0.03537735849056604,0.3761792452830189,0.10377358490566038,0.125,0.0,0.0,0.10377358490566038,0.0,0.0011792452830188679,0.25471698113207547
ZTMA208_slide_44_Ay6x5,0.04878048780487805,0.24765478424015008,0.09943714821763602,0.0675422138836773,0.0,0.001876172607879925,0.1801125703564728,0.0,0.0,0.3545966228893058
ZTMA208_slide_44_Ay6x6,0.0,0.0,0.04744525547445255,0.20437956204379562,0.0,0.0,0.0,0.0,0.12408759124087591,0.6240875912408759
ZTMA208_slide_45_By11x1,0.05539358600583091,0.02478134110787172,0.04664723032069971,0.31341107871720114,0.0,0.0,0.18658892128279883,0.021137026239067054,0.0007288629737609329,0.35131195335276966
ZTMA208_slide_45_By11x2,0.00675219446320054,0.11478730587440918,0.08102633355840648,0.17825793382849425,0.0,0.0006752194463200541,0.37339635381498987,0.1836596893990547,0.0,0.06144496961512492
ZTMA208_slide_45_By11x3,0.003278688524590164,0.20163934426229507,0.08360655737704918,0.3016393442622951,0.0,0.0,0.03770491803278689,0.0,0.001639344262295082,0.3704918032786885
ZTMA208_slide_45_By11x4,0.04287598944591029,0.23087071240105542,0.16754617414248021,0.1358839050131926,0.001978891820580475,0.0,0.2704485488126649,0.08905013192612138,0.0,0.06134564643799472
ZTMA208_slide_45_By11x5,0.0,0.0,0.13157894736842105,0.10526315789473684,0.0,0.0,0.0,0.0,0.0,0.7631578947368421
ZTMA208_slide_46_By8x1,0.07268722466960352,0.014684287812041116,0.04552129221732746,0.5139500734214391,0.0,0.05433186490455213,0.27312775330396477,0.0,0.003671071953010279,0.022026431718061675
ZTMA208_slide_46_By8x2,0.05733005733005733,0.012285012285012284,0.01638001638001638,0.34234234234234234,0.0,0.012285012285012284,0.4398034398034398,0.0,0.001638001638001638,0.11793611793611794
ZTMA208_slide_46_By8x3,0.0,0.43047337278106507,0.07248520710059171,0.10502958579881656,0.0,0.0029585798816568047,0.023668639053254437,0.010355029585798817,0.0,0.35502958579881655
ZTMA208_slide_47_Ay9x3,0.014358974358974359,0.29435897435897435,0.08615384615384615,0.23282051282051283,0.0,0.0005128205128205128,0.15025641025641026,0.0,0.0,0.22153846153846155
ZTMA208_slide_47_Ay9x4,0.0023223409196470044,0.25313516024152344,0.03344170924291686,0.20483046911286576,0.0,0.3929400836042731,0.08360427310729215,0.0,0.0013934045517882026,0.02833255921969345
ZTMA208_slide_47_Ay9x5,0.02947598253275109,0.15229257641921398,0.07368995633187773,0.0906113537117904,0.0,0.0,0.3395196506550218,0.0,0.0005458515283842794,0.3138646288209607
ZTMA208_slide_47_Ay9x6,0.011570247933884297,0.39614325068870526,0.07768595041322314,0.1763085399449036,0.0,0.06391184573002755,0.16859504132231404,0.005509641873278237,0.001652892561983471,0.09862258953168045
ZTMA208_slide_47_Ay9x7,0.0,0.0,0.0,0.07692307692307693,0.0,0.01098901098901099,0.0,0.0,0.2967032967032967,0.6153846153846154
ZTMA208_slide_48_By3x2,0.014762165117550574,0.0,0.03991252050300711,0.6167304537998907,0.0,0.0010934937124111536,0.12520503007107708,0.0,0.0,0.20229633679606343
ZTMA208_slide_48_By3x3,0.0,0.0,0.043973941368078175,0.5651465798045603,0.0,0.39087947882736157,0.0,0.0,0.0,0.0
ZTMA208_slide_48_By3x4,0.004251700680272109,0.0,0.023809523809523808,0.25595238095238093,0.0017006802721088435,0.6700680272108843,0.03826530612244898,0.0,0.00510204081632653,0.0008503401360544217
ZTMA208_slide_48_By3x5,0.0,0.0,0.012059369202226345,0.09137291280148423,0.0013914656771799629,0.7648423005565863,0.1303339517625232,0.0,0.0,0.0
ZTMA208_slide_48_By3x6,0.0,0.0,0.0,0.0,0.0,0.0,0.0,0.0,0.3076923076923077,0.6923076923076923
ZTMA208_slide_49_By2x5,0.003244646333549643,0.22647631408176508,0.31862426995457493,0.1745619727449708,0.0,0.0317975340687865,0.10966904607397794,0.050616482803374434,0.0,0.08500973393900065
ZTMA208_slide_49_By2x6,0.0009225092250922509,0.011992619926199263,0.2933579335793358,0.2656826568265683,0.0,0.023985239852398525,0.01937269372693727,0.11346863468634687,0.0009225092250922509,0.2702952029520295
ZTMA208_slide_49_By2x7,0.0009615384615384616,0.4971153846153846,0.2528846153846154,0.05913461538461538,0.0004807692307692308,0.03125,0.11201923076923077,0.02980769230769231,0.0,0.016346153846153847
ZTMA208_slide_49_By2x8,0.003948667324777887,0.38252714708785784,0.20039486673247778,0.16189536031589338,0.0,0.0004935834155972359,0.23149062191510364,0.0,0.0,0.0192497532082922
ZTMA208_slide_49_By3x1,0.009433962264150943,0.4110512129380054,0.006738544474393531,0.1711590296495957,0.0,0.08692722371967655,0.2884097035040431,0.0047169811320754715,0.0020215633423180594,0.01954177897574124
ZTMA208_slide_4_Ay2x4,0.04552845528455285,0.22601626016260162,0.07642276422764227,0.056910569105691054,0.0,0.0016260162601626016,0.1902439024390244,0.0,0.00975609756097561,0.3934959349593496
ZTMA208_slide_4_Ay2x5,0.014405762304921969,0.01800720288115246,0.08763505402160865,0.0744297719087635,0.0,0.0,0.11644657863145258,0.06842737094837935,0.0,0.6206482593037215
ZTMA208_slide_4_Ay2x6,0.06405693950177936,0.2526690391459075,0.037366548042704624,0.037366548042704624,0.010676156583629894,0.0,0.3505338078291815,0.0,0.010676156583629894,0.23665480427046262
ZTMA208_slide_4_Ay2x7,0.09390862944162437,0.08883248730964467,0.07106598984771574,0.04314720812182741,0.0,0.0,0.37817258883248733,0.0,0.015228426395939087,0.3096446700507614
ZTMA208_slide_4_Ay2x8,0.0,0.0,0.4745762711864407,0.0,0.0,0.0,0.0,0.0,0.01694915254237288,0.5084745762711864
ZTMA208_slide_50_Ay11x2,0.0,0.0,0.0,0.0,0.0,0.0,0.0,0.0,0.8961442786069652,0.10385572139303482
ZTMA208_slide_50_Ay11x3,0.1325153374233129,0.0,0.00245398773006135,0.1116564417177914,0.0,0.0,0.2196319018404908,0.0,0.001226993865030675,0.5325153374233129
ZTMA208_slide_50_Ay11x4,0.0007092198581560284,0.676595744680851,0.019148936170212766,0.12624113475177304,0.0,0.0014184397163120568,0.1624113475177305,0.0,0.0,0.01347517730496454
ZTMA208_slide_50_Ay11x5,0.028072837632776935,0.11760242792109256,0.006828528072837633,0.18209408194233687,0.0,0.0007587253414264037,0.255690440060698,0.0,0.0,0.40895295902883155
ZTMA208_slide_50_Ay11x6,0.0,0.0,0.0,0.0,0.0,0.0,0.0,0.0,0.08695652173913043,0.9130434782608695
ZTMA208_slide_51_Ay6x7,0.014895729890764648,0.4826216484607746,0.09930486593843098,0.06653426017874876,0.0,0.0,0.3058589870903674,0.0004965243296921549,0.0,0.03028798411122145
ZTMA208_slide_51_Ay6x8,0.023582257158899493,0.38854576080853453,0.13980909601347558,0.11734980348119034,0.0,0.0,0.2588433464345873,0.003368893879842785,0.0,0.06850084222346996
ZTMA208_slide_51_Ay7x2,0.03333333333333333,0.4075757575757576,0.11060606060606061,0.15833333333333333,0.0,0.06212121212121212,0.14545454545454545,0.0,0.0015151515151515152,0.08106060606060606
ZTMA208_slide_51_Ay7x3,0.0,0.0,0.27555555555555555,0.13333333333333333,0.0,0.0,0.0,0.0,0.02666666666666667,0.5644444444444444
ZTMA208_slide_52_Cy2x7,0.0,0.0008319467554076539,0.1622296173044925,0.4442595673876872,0.0,0.29367720465890185,0.06156405990016639,0.0,0.0016638935108153079,0.03577371048252912
ZTMA208_slide_52_Cy2x8,0.0,0.0,0.3408521303258145,0.2794486215538847,0.010025062656641603,0.023809523809523808,0.06516290726817042,0.0,0.0,0.2807017543859649
ZTMA208_slide_52_Cy3x1,0.0003832886163280951,0.005749329244921426,0.0011498658489842851,0.1245688003066309,0.25488692985818323,0.354925258719816,0.053660406285933306,0.0,0.20467612111920275,0.0
ZTMA208_slide_52_Cy3x2,0.0,0.0,0.016916070266753416,0.13923227065712426,0.0,0.8282368249837345,0.0,0.0,0.011711125569290826,0.003903708523096942
ZTMA208_slide_52_Cy3x3,0.0,0.0,0.0,0.20454545454545456,0.0,0.0,0.0,0.0,0.36363636363636365,0.4318181818181818
ZTMA208_slide_53_By11x6,0.07174887892376682,0.2556053811659193,0.1697629724535554,0.1268417680973735,0.0,0.019218449711723255,0.2005124919923126,0.08968609865470852,0.0025624599615631004,0.06406149903907751
ZTMA208_slide_53_By11x7,0.013671875,0.65234375,0.0537109375,0.1015625,0.0,0.0,0.0927734375,0.0,0.0,0.0859375
ZTMA208_slide_53_By11x8,0.03376477208778841,0.5796285875070343,0.062464828362408555,0.012943162633652222,0.0011254924029262803,0.0,0.27574563871693863,0.027574563871693866,0.005064715813168261,0.0016882386043894203
ZTMA208_slide_53_By12x1,0.0,0.1190909090909091,0.45,0.14272727272727273,0.0,0.08727272727272728,0.11454545454545455,0.025454545454545455,0.0027272727272727275,0.05818181818181818
ZTMA208_slide_53_By12x2,0.01639344262295082,0.0,0.1721311475409836,0.4180327868852459,0.0,0.01639344262295082,0.0,0.0,0.09016393442622951,0.28688524590163933
ZTMA208_slide_54_Cy10x3,0.0033222591362126247,0.0,0.016057585825027684,0.07585825027685493,0.0,0.0,0.0016611295681063123,0.8914728682170543,0.0,0.011627906976744186
ZTMA208_slide_54_Cy10x4,0.0,0.0,0.2293354943273906,0.2633711507293355,0.02106969205834684,0.014586709886547812,0.0016207455429497568,0.4659643435980551,0.0008103727714748784,0.0032414910858995136
ZTMA208_slide_54_Cy10x5,0.004261363636363636,0.0,0.2727272727272727,0.453125,0.0014204545454545455,0.0,0.07244318181818182,0.12642045454545456,0.0,0.06960227272727272
ZTMA208_slide_54_Cy10x6,0.018776077885952713,0.0,0.002086230876216968,0.15229485396383866,0.061196105702364396,0.0,0.16063977746870653,0.6015299026425591,0.0013908205841446453,0.002086230876216968
ZTMA208_slide_54_Cy10x7,0.00847457627118644,0.010169491525423728,0.3711864406779661,0.06864406779661017,0.0,0.006779661016949152,0.18389830508474575,0.18220338983050846,0.000847457627118644,0.16779661016949152
ZTMA208_slide_55_Ay11x7,0.029152542372881354,0.12135593220338983,0.27661016949152545,0.0888135593220339,0.0,0.013559322033898305,0.18440677966101696,0.0,0.0,0.2861016949152542
ZTMA208_slide_55_Ay11x8,0.12060301507537688,0.002871500358937545,0.07465900933237617,0.26920315865039485,0.0,0.00574300071787509,0.3826274228284279,0.0,0.0007178750897343862,0.14357501794687724
ZTMA208_slide_55_Ay12x2,0.0,0.0,0.0,0.0,0.0,0.0,0.0,0.0,0.6123388581952118,0.3876611418047882
ZTMA208_slide_55_Ay12x3,0.0,0.0,0.0,0.0,0.0,0.0,0.0,0.0,0.9230769230769231,0.07692307692307693
ZTMA208_slide_56_By1x8,0.06233766233766234,0.09480519480519481,0.03116883116883117,0.35064935064935066,0.0012987012987012987,0.0025974025974025974,0.2753246753246753,0.0,0.01038961038961039,0.17142857142857143
ZTMA208_slide_56_By2x1,0.16862088218872137,0.0,0.0,0.0,0.0,0.0,0.0,0.0,0.7599106644332775,0.07146845337800112
ZTMA208_slide_56_By2x2,0.24442025040827436,0.0,0.02558519324986391,0.3941208492106696,0.0,0.0010887316276537834,0.06967882416984214,0.0,0.17365269461077845,0.0914534567229178
ZTMA208_slide_56_By2x3,0.24578833693304536,0.2241900647948164,0.045788336933045355,0.10151187904967603,0.0,0.012958963282937365,0.34600431965442763,0.0,0.018574514038876888,0.005183585313174946
ZTMA208_slide_56_By2x4,0.0,0.0,0.03664921465968586,0.5497382198952879,0.0,0.015706806282722512,0.0,0.0,0.14659685863874344,0.2513089005235602
ZTMA208_slide_57_Cy11x6,0.0,0.0,0.036813518406759206,0.2619191309595655,0.01448400724200362,0.5859987929993965,0.06457453228726615,0.036210018105009054,0.0,0.0
ZTMA208_slide_57_Cy11x7,0.0,0.0,0.11618669314796425,0.2959285004965243,0.0009930486593843098,0.44786494538232374,0.0009930486593843098,0.04865938430983118,0.00893743793445879,0.0804369414101291
ZTMA208_slide_57_Cy11x8,0.0,0.0,0.1273074474856779,0.3061744112030554,0.008274984086569064,0.01718650541056652,0.0,0.5366008911521324,0.0006365372374283895,0.0038192234245703373
ZTMA208_slide_57_Cy12x1,0.0,0.0,0.04002760524499655,0.3857832988267771,0.0,0.0,0.002070393374741201,0.5106970324361628,0.0006901311249137336,0.06073153899240856
ZTMA208_slide_57_Cy12x2,0.007168458781362007,0.0,0.06810035842293907,0.0931899641577061,0.0,0.04659498207885305,0.0,0.5161290322580645,0.10752688172043011,0.16129032258064516
ZTMA208_slide_58_Ay13x4,0.08579335793357934,0.015682656826568265,0.16051660516605165,0.20387453874538744,0.0009225092250922509,0.0,0.38099630996309963,0.0,0.026752767527675275,0.12546125461254612
ZTMA208_slide_58_Ay13x5,0.41571524513096036,0.0,0.08126259234385494,0.08797850906648758,0.000671591672263264,0.001343183344526528,0.3854936198791135,0.0,0.008730691739422432,0.01880456682337139
ZTMA208_slide_58_By5x3,0.004008016032064128,0.342685370741483,0.1963927855711423,0.1462925851703407,0.004008016032064128,0.0,0.19839679358717435,0.0,0.01603206412825651,0.09218436873747494
ZTMA208_slide_58_By5x4,0.004132231404958678,0.13636363636363635,0.45041322314049587,0.15702479338842976,0.0,0.012396694214876033,0.09090909090909091,0.0,0.0371900826446281,0.1115702479338843
ZTMA208_slide_58_By5x5,0.0,0.0,0.35877862595419846,0.1297709923664122,0.0,0.0,0.0,0.0,0.061068702290076333,0.45038167938931295
ZTMA208_slide_58_By5x6,0.0,0.0,0.5,0.12121212121212122,0.0,0.030303030303030304,0.0,0.11363636363636363,0.045454545454545456,0.1893939393939394
ZTMA208_slide_58_By5x7,0.0,0.0,0.15714285714285714,0.17142857142857143,0.014285714285714285,0.0,0.0,0.07142857142857142,0.08571428571428572,0.5
ZTMA208_slide_59_Cy7x7,0.0,0.0,0.1930515759312321,0.03330945558739255,0.23531518624641834,0.538323782234957,0.0,0.0,0.0,0.0
ZTMA208_slide_59_Cy7x8,0.0,0.0,0.211484593837535,0.03676470588235294,0.49719887955182074,0.25210084033613445,0.0,0.0024509803921568627,0.0,0.0
ZTMA208_slide_59_Cy8x1,0.0,0.0,0.07885968159940762,0.11699370603480193,0.4198445020362829,0.38430211032950756,0.0,0.0,0.0,0.0
ZTMA208_slide_59_Cy8x2,0.0,0.0,0.04644080700418728,0.02131709173962695,0.5782261134373811,0.33917015607156453,0.0,0.014845831747240197,0.0,0.0
ZTMA208_slide_59_Cy8x3,0.0,0.0,0.0,0.07017543859649122,0.0,0.0,0.0,0.0,0.14035087719298245,0.7894736842105263
ZTMA208_slide_5_Ay1x2,0.0,0.0,0.0,0.0006341154090044388,0.0,0.0,0.0,0.0,0.9441978440076094,0.055168040583386174
ZTMA208_slide_5_Ay1x3,0.14784394250513347,0.0,0.003080082135523614,0.00513347022587269,0.0,0.0,0.008213552361396304,0.0,0.555441478439425,0.2802874743326489
ZTMA208_slide_5_Ay1x4,0.03476245654692932,0.11066048667439166,0.10312862108922363,0.10892236384704519,0.0,0.0034762456546929316,0.24275782155272305,0.04982618771726535,0.0,0.3464658169177289
ZTMA208_slide_5_Ay1x5,0.0,0.1238244514106583,0.23824451410658307,0.03761755485893417,0.0,0.0,0.10658307210031348,0.11912225705329153,0.0,0.37460815047021945
ZTMA208_slide_5_Ay1x6,0.0,0.0,0.14754098360655737,0.004098360655737705,0.0,0.0,0.00819672131147541,0.2336065573770492,0.0,0.6065573770491803
ZTMA208_slide_60_Cy13x6,0.0,0.004721435316336166,0.277148253068933,0.14730878186968838,0.03163361661945231,0.48536355051935787,0.006137865911237016,0.025967894239848913,0.0,0.021718602455146365
ZTMA208_slide_60_Cy13x7,0.0,0.11479346781940442,0.10902977905859751,0.13496637848222862,0.05187319884726225,0.5566762728146013,0.03170028818443804,0.0,0.0,0.0009606147934678194
ZTMA208_slide_60_Cy13x8,0.0,0.10963983050847458,0.2770127118644068,0.16578389830508475,0.04184322033898305,0.2865466101694915,0.11917372881355932,0.0,0.0,0.0
ZTMA208_slide_60_Cy14x1,0.0,0.0,0.6482593037214885,0.22088835534213686,0.0,0.09243697478991597,0.0,0.0,0.0,0.03841536614645858
ZTMA208_slide_60_Cy14x2,0.0,0.0,0.14545454545454545,0.2,0.0,0.0,0.0,0.0,0.01818181818181818,0.6363636363636364
ZTMA208_slide_61_Ay8x6,0.11981566820276497,0.052534562211981564,0.008294930875576038,0.01566820276497696,0.0,0.0,0.5557603686635945,0.0,0.0,0.24792626728110598
ZTMA208_slide_61_Ay8x7,0.02610441767068273,0.17670682730923695,0.11746987951807229,0.31224899598393574,0.0,0.04216867469879518,0.1746987951807229,0.0,0.002008032128514056,0.14859437751004015
ZTMA208_slide_61_Ay8x8,0.02535211267605634,0.19436619718309858,0.09014084507042254,0.08661971830985915,0.0,0.0,0.43591549295774645,0.0014084507042253522,0.0,0.16619718309859155
ZTMA208_slide_61_Ay9x2,0.0,0.0,0.0,0.0,0.0,0.0,0.0,0.0,0.9655172413793104,0.034482758620689655
ZTMA208_slide_62_By9x1,0.007194244604316547,0.1618705035971223,0.19424460431654678,0.23201438848920863,0.0,0.0035971223021582736,0.08812949640287769,0.0,0.0,0.3129496402877698
ZTMA208_slide_62_By9x2,0.0018248175182481751,0.021897810218978103,0.1177007299270073,0.24361313868613138,0.0,0.5593065693430657,0.013686131386861315,0.0,0.0,0.041970802919708027
ZTMA208_slide_62_By9x3,0.0352035203520352,0.25962596259625964,0.07920792079207921,0.24312431243124313,0.0,0.019801980198019802,0.2838283828382838,0.0,0.026402640264026403,0.052805280528052806
ZTMA208_slide_62_By9x4,0.0028585040495474035,0.3334921391138637,0.02572653644592663,0.08384945212005716,0.0,0.06955693187232015,0.48404001905669364,0.0,0.0,0.0004764173415912339
ZTMA208_slide_62_By9x5,0.0,0.0,0.29411764705882354,0.0,0.0,0.0,0.0,0.0,0.17647058823529413,0.5294117647058824
ZTMA208_slide_63_Cy12x4,0.007380073800738007,0.18265682656826568,0.2730627306273063,0.11439114391143912,0.0,0.0,0.14575645756457564,0.0,0.0,0.2767527675276753
ZTMA208_slide_63_Cy12x5,0.017163504968383016,0.2872628726287263,0.22764227642276422,0.028906955736224028,0.0,0.0018066847335140017,0.3866305329719964,0.0,0.0,0.05058717253839205
ZTMA208_slide_63_Cy12x6,0.0028222013170272815,0.22765757290686736,0.35559736594543745,0.04233301975540922,0.008466603951081843,0.0009407337723424271,0.2878645343367827,0.0,0.0,0.07431796801505174
ZTMA208_slide_63_Cy12x7,0.0,0.0,0.21739130434782608,0.13043478260869565,0.0,0.0,0.0,0.0,0.391304347826087,0.2608695652173913
ZTMA208_slide_64_Ay3x2,0.048153034300791556,0.35883905013192613,0.11015831134564644,0.011873350923482849,0.0,0.0,0.2434036939313984,0.004617414248021108,0.07981530343007916,0.14313984168865435
ZTMA208_slide_64_Ay3x3,0.0054249547920434,0.0433996383363472,0.09764918625678119,0.2820976491862568,0.0,0.0,0.20614828209764918,0.0,0.009041591320072333,0.3562386980108499
ZTMA208_slide_64_Ay3x4,0.03618711385701677,0.17387466902030008,0.14474845542806708,0.18181818181818182,0.0,0.0,0.294792586054722,0.0176522506619594,0.00088261253309797,0.1500441306266549
ZTMA208_slide_64_Ay3x5,0.0,0.02506265664160401,0.24728487886382622,0.031746031746031744,0.0,0.000835421888053467,0.005847953216374269,0.5096073517126148,0.006683375104427736,0.17293233082706766
ZTMA208_slide_65_By16x2,0.14689709347996857,0.0,0.0,0.036920659858601726,0.019638648860958365,0.0,0.046347211311861744,0.0,0.47368421052631576,0.27651217596229377
ZTMA208_slide_65_By16x3,0.2310126582278481,0.0015822784810126582,0.0,0.1360759493670886,0.030063291139240507,0.0,0.08860759493670886,0.04588607594936709,0.00949367088607595,0.4572784810126582
ZTMA208_slide_65_By16x4,0.3192142418661756,0.026396562308164517,0.0012277470841006752,0.06322897483118478,0.09392265193370165,0.0,0.36464088397790057,0.0,0.03130755064456722,0.10006138735420503
ZTMA208_slide_65_By16x5,0.20177777777777778,0.07555555555555556,0.049777777777777775,0.17422222222222222,0.011555555555555555,0.0,0.3253333333333333,0.0,0.016888888888888887,0.1448888888888889
ZTMA208_slide_65_By16x6,0.0,0.0,0.6571428571428571,0.19682539682539682,0.0,0.05396825396825397,0.0,0.0,0.015873015873015872,0.0761904761904762
ZTMA208_slide_66_Cy4x1,0.0,0.015806111696522657,0.48419388830347737,0.022128556375131718,0.0,0.007903055848261328,0.0,0.3266596417281349,0.03161222339304531,0.11169652265542676
ZTMA208_slide_66_Cy4x2,0.0,0.001549186676994578,0.8024786986831913,0.026336173508907823,0.0,0.0,0.005422153369481022,0.0,0.0,0.16421378776142526
ZTMA208_slide_66_Cy4x3,0.0,0.37456078706957135,0.3942375263527758,0.11314125087842586,0.0,0.054813773717498245,0.027406886858749122,0.0,0.0,0.035839775122979624
ZTMA208_slide_66_Cy4x4,0.0,0.2835820895522388,0.539609644087256,0.006314580941446613,0.0,0.04822043628013777,0.04075774971297359,0.07979334098737084,0.0,0.001722158438576349
ZTMA208_slide_67_Ay14x4,0.0012961762799740765,0.4944912508101102,0.3104342190537913,0.04147764095917045,0.0,0.0,0.13156189241736876,0.0,0.0,0.020738820479585224
ZTMA208_slide_67_Ay14x5,0.0,0.43927973199329984,0.1708542713567839,0.07202680067001675,0.0,0.0678391959798995,0.16415410385259632,0.08542713567839195,0.0,0.0004187604690117253
ZTMA208_slide_67_Ay14x6,0.0,0.21255274261603377,0.31751054852320676,0.052742616033755275,0.0,0.3739451476793249,0.037447257383966245,0.004746835443037975,0.0,0.0010548523206751054
ZTMA208_slide_67_Ay14x7,0.0007342143906020558,0.05873715124816446,0.3267254038179148,0.08737151248164464,0.0,0.0,0.07268722466960352,0.24963289280469897,0.0,0.20411160058737152
ZTMA208_slide_67_Ay14x8,0.00411522633744856,0.03292181069958848,0.40329218106995884,0.23045267489711935,0.0,0.0,0.0,0.0,0.1440329218106996,0.18518518518518517
ZTMA208_slide_68_Cy4x7,0.1232876712328767,0.0,0.01761252446183953,0.50293542074364,0.0,0.06653620352250489,0.1232876712328767,0.0,0.046966731898238745,0.11937377690802348
ZTMA208_slide_68_Cy5x2,0.0,0.0,0.2,0.2,0.0,0.0,0.0,0.0,0.0,0.6
ZTMA208_slide_69_Ay4x8,0.03489361702127659,0.09446808510638298,0.02468085106382979,0.06723404255319149,0.0,0.0,0.5906382978723405,0.0,0.0,0.18808510638297873
ZTMA208_slide_69_Ay5x2,0.29411764705882354,0.0,0.026737967914438502,0.05454545454545454,0.0,0.0021390374331550803,0.3304812834224599,0.0,0.039572192513368985,0.25240641711229944
ZTMA208_slide_69_Ay5x3,0.21052631578947367,0.030470914127423823,0.02123730378578024,0.06740535549399815,0.0,0.0,0.569713758079409,0.0,0.003693444136657433,0.09695290858725762
ZTMA208_slide_69_Ay5x4,0.0,0.0,0.32,0.06,0.0,0.0,0.0,0.0,0.3,0.32
ZTMA208_slide_6_Ay4x3,0.03512014787430684,0.0018484288354898336,0.11275415896487985,0.1922365988909427,0.0,0.3049907578558225,0.2144177449168207,0.0,0.0018484288354898336,0.1367837338262477
ZTMA208_slide_6_Ay4x4,0.17123287671232876,0.0,0.1689497716894977,0.02968036529680365,0.0,0.0,0.2922374429223744,0.0,0.00684931506849315,0.3310502283105023
ZTMA208_slide_6_Ay4x6,0.06703296703296703,0.001098901098901099,0.012087912087912088,0.12637362637362637,0.0,0.0,0.041758241758241756,0.03076923076923077,0.13076923076923078,0.5901098901098901
ZTMA208_slide_6_Ay4x7,0.0,0.0,0.09375,0.21875,0.0,0.0,0.0,0.0,0.34375,0.34375
ZTMA208_slide_70_By13x1,0.03682170542635659,0.14631782945736435,0.2189922480620155,0.1124031007751938,0.0,0.0,0.13372093023255813,0.0,0.0,0.35174418604651164
ZTMA208_slide_70_By13x2,0.028792912513842746,0.10520487264673312,0.07419712070874862,0.2369878183831672,0.0,0.0,0.1672203765227021,0.0,0.0022148394241417496,0.3853820598006645
ZTMA208_slide_70_By13x3,0.011479591836734694,0.012755102040816327,0.02806122448979592,0.05994897959183673,0.0,0.002551020408163265,0.04591836734693878,0.0,0.0012755102040816326,0.8380102040816326
ZTMA208_slide_70_By13x4,0.13773314203730272,0.1133428981348637,0.047345767575322814,0.1836441893830703,0.0,0.0,0.19368723098995697,0.0,0.06025824964131994,0.26398852223816355
ZTMA208_slide_70_By13x5,0.008333333333333333,0.0,0.08333333333333333,0.0,0.0,0.0,0.008333333333333333,0.0,0.0,0.9
ZTMA208_slide_71_Ay15x2,0.0,0.0,0.0,0.0,0.0,0.0,0.0,0.0,0.9114864864864864,0.08851351351351351
ZTMA208_slide_71_Ay15x3,0.0,0.0,0.0,0.0,0.0,0.0,0.0,0.0,0.7796610169491526,0.22033898305084745
ZTMA208_slide_71_Ay15x4,0.0005461496450027307,0.2796286182413981,0.3424358274167122,0.09284543965046423,0.0,0.1387220098306936,0.14199890770071,0.002730748225013654,0.0,0.0010922992900054614
ZTMA208_slide_71_Ay15x5,0.0,0.017777777777777778,0.17333333333333334,0.11555555555555555,0.0,0.0,0.0044444444444444444,0.12,0.08,0.4888888888888889
ZTMA208_slide_72_By14x3,0.0,0.0,0.2255498362189986,0.018717828731867104,0.5343940102948058,0.2213383247543285,0.0,0.0,0.0,0.0
ZTMA208_slide_72_By14x4,0.0,0.00617011899515205,0.0123402379903041,0.027324812692816218,0.9065667695019832,0.04671661524900837,0.0008814455707360071,0.0,0.0,0.0
ZTMA208_slide_72_By14x5,0.0017969451931716084,0.0008984725965858042,0.027403414195867025,0.004043126684636119,0.9519317160826595,0.009883198562443846,0.004043126684636119,0.0,0.0,0.0
ZTMA208_slide_72_By14x6,0.0,0.0,0.014540337711069419,0.007035647279549718,0.9690431519699813,0.003283302063789869,0.006097560975609756,0.0,0.0,0.0
ZTMA208_slide_72_By14x7,0.01791044776119403,0.0,0.2208955223880597,0.3880597014925373,0.0,0.0,0.0,0.0,0.03880597014925373,0.33432835820895523
ZTMA208_slide_7_Cy2x2,0.1861671469740634,0.017867435158501442,0.016138328530259365,0.2760806916426513,0.0,0.07723342939481267,0.14005763688760806,0.0011527377521613833,0.05187319884726225,0.2334293948126801
ZTMA208_slide_7_Cy2x3,0.2717311906501096,0.04601899196493791,0.04163623082542001,0.21037253469685901,0.0,0.0007304601899196494,0.07450693937180423,0.0,0.09276844411979547,0.26223520818115414
ZTMA208_slide_7_Cy2x4,0.023587833643699565,0.06021104903786468,0.019242706393544383,0.08504034761018,0.0,0.0006207324643078833,0.8038485412787089,0.0,0.0,0.0074487895716946
ZTMA208_slide_7_Cy2x5,0.019452449567723344,0.2478386167146974,0.04971181556195965,0.0036023054755043226,0.0,0.0,0.6649855907780979,0.013688760806916427,0.0,0.0007204610951008645
ZTMA208_slide_7_Cy2x6,0.0,0.0,0.0,0.0,0.0,0.0,0.0,0.0,0.5625,0.4375
ZTMA208_slide_8_Cy12x8,0.019115890083632018,0.2031063321385902,0.12066905615292713,0.17562724014336917,0.0,0.06810035842293907,0.25567502986857826,0.0,0.0035842293906810036,0.15412186379928317
ZTMA208_slide_8_Cy13x1,0.014457831325301205,0.21124497991967872,0.12449799196787148,0.04899598393574297,0.0,0.00321285140562249,0.5236947791164659,0.04417670682730924,0.0024096385542168677,0.027309236947791166
ZTMA208_slide_8_Cy13x2,0.0,0.0,0.39603960396039606,0.26732673267326734,0.0,0.0,0.0,0.0,0.12871287128712872,0.2079207920792079
ZTMA208_slide_8_Cy13x3,0.0,0.6398678414096917,0.19933920704845814,0.09801762114537445,0.0,0.003303964757709251,0.03854625550660793,0.0,0.0011013215859030838,0.019823788546255508
ZTMA208_slide_8_Cy13x4,0.0,0.0,0.3076923076923077,0.29411764705882354,0.0,0.0,0.0,0.19457013574660634,0.04072398190045249,0.16289592760180996
ZTMA208_slide_9_By3x8,0.00456158134820071,0.027876330461226558,0.0957932083122149,0.1951343132285859,0.0005068423720223011,0.5408008109477952,0.12113532691332995,0.0,0.0,0.01419158641662443
ZTMA208_slide_9_By4x1,0.14144736842105263,0.01644736842105263,0.0625,0.1118421052631579,0.0,0.0,0.5164473684210527,0.0,0.08223684210526316,0.06907894736842106
ZTMA208_slide_9_By4x2,0.033478893740902474,0.021834061135371178,0.1324599708879185,0.3930131004366812,0.0,0.013100436681222707,0.3784570596797671,0.0,0.002911208151382824,0.024745269286754003
ZTMA208_slide_9_By4x3,0.04148783977110158,0.2224606580829757,0.05150214592274678,0.34835479256080115,0.0,0.005722460658082976,0.12589413447782546,0.0,0.006437768240343348,0.19814020028612303
ZTMA208_slide_9_By4x4,0.0,0.0,0.3493975903614458,0.39156626506024095,0.0,0.018072289156626505,0.0,0.03614457831325301,0.0,0.20481927710843373
