task,kind,region_id,n_cells,top_k,top_expected_frac,background_frac,enrichment,passed,dataset,selected
motif_apc_t_contact,spatial,BaselTMA_SP41_100_X15Y5,3558,356,0.23595505617977527,0.24395727937043282,0.9671982602392171,False,bc_jackson2020,True
motif_apc_t_contact,spatial,BaselTMA_SP41_104_X7Y4,490,49,0.1836734693877551,0.09183673469387756,2.0,True,bc_jackson2020,True
motif_apc_t_contact,spatial,BaselTMA_SP41_104_X8Y4_175,1841,185,0.16216216216216217,0.2558392178164041,0.6338440351179205,False,bc_jackson2020,True
motif_apc_t_contact,spatial,BaselTMA_SP41_117_X13Y3,4572,458,0.03275109170305677,0.02974628171478565,1.1010146416645261,False,bc_jackson2020,True
motif_apc_t_contact,spatial,BaselTMA_SP41_11_X13Y7,4565,457,0.13347921225382933,0.20657174151150054,0.6461639490336489,False,bc_jackson2020,True
motif_apc_t_contact,spatial,BaselTMA_SP41_129_X7Y8,1751,176,0.028409090909090908,0.03255282695602513,0.872707336523126,False,bc_jackson2020,True
motif_apc_t_contact,spatial,BaselTMA_SP41_133_X3Y6,4151,416,0.026442307692307692,0.040713081185256565,0.6494794037323623,False,bc_jackson2020,True
motif_apc_t_contact,spatial,BaselTMA_SP41_134_X3Y8,2211,222,0.38288288288288286,0.49525101763907736,0.7731087251635196,False,bc_jackson2020,True
motif_apc_t_contact,spatial,BaselTMA_SP41_135_X8Y5,3376,338,0.023668639053254437,0.015995260663507108,1.4797282489590182,True,bc_jackson2020,True
motif_apc_t_contact,spatial,BaselTMA_SP41_141_X11Y2,5662,567,0.1128747795414462,0.04786294595549276,2.3582915194231306,True,bc_jackson2020,True
motif_apc_t_contact,spatial,BaselTMA_SP41_14_X1Y8,3401,341,0.40175953079178883,0.47250808585710086,0.8502701706427341,False,bc_jackson2020,True
motif_apc_t_contact,spatial,BaselTMA_SP41_153_X7Y5,1325,133,0.18796992481203006,0.06792452830188679,2.7673350041771094,True,bc_jackson2020,True
motif_apc_t_contact,spatial,BaselTMA_SP41_177_X16Y5,2723,273,0.30036630036630035,0.4190231362467866,0.7168250971931953,False,bc_jackson2020,True
motif_apc_t_contact,spatial,BaselTMA_SP41_186_X6Y4,1965,197,0.4365482233502538,0.40458015267175573,1.0790154199789292,False,bc_jackson2020,True
motif_apc_t_contact,spatial,BaselTMA_SP41_187_X3Y2,194,20,0.0,0.061855670103092786,0.0,False,bc_jackson2020,True
motif_apc_t_contact,spatial,BaselTMA_SP41_18_X13Y5,1851,186,0.016129032258064516,0.027552674230145867,0.5853889943074003,False,bc_jackson2020,True
motif_apc_t_contact,spatial,BaselTMA_SP41_206_X1Y2,3389,339,0.22713864306784662,0.08527589259368545,2.663573914729869,True,bc_jackson2020,True
motif_apc_t_contact,spatial,BaselTMA_SP41_20_X12Y5,399,40,0.2,0.10025062656641603,1.9950000000000003,True,bc_jackson2020,True
motif_apc_t_contact,spatial,BaselTMA_SP41_212_X1Y9,2203,221,0.23076923076923078,0.2687244666364049,0.8587577962577962,False,bc_jackson2020,True
motif_apc_t_contact,spatial,BaselTMA_SP41_216_X1Y6,2422,243,0.037037037037037035,0.03633360858794385,1.0193602693602692,False,bc_jackson2020,True
motif_apc_t_contact,spatial,BaselTMA_SP41_218_X10Y4_244,2468,247,0.2793522267206478,0.28889789303079416,0.9669583387749773,False,bc_jackson2020,True
motif_apc_t_contact,spatial,BaselTMA_SP41_218_X9Y4_240,2580,258,0.04263565891472868,0.031395348837209305,1.3580246913580245,True,bc_jackson2020,True
motif_apc_t_contact,spatial,BaselTMA_SP41_220_X10Y5,3569,357,0.10644257703081232,0.1283272625385262,0.8294619157706751,False,bc_jackson2020,True
motif_apc_t_contact,spatial,BaselTMA_SP41_224_X3Y7,1593,160,0.14375,0.2033898305084746,0.7067708333333332,False,bc_jackson2020,True
motif_apc_t_contact,spatial,BaselTMA_SP41_227_X9Y6,1631,164,0.10975609756097561,0.06253832004904966,1.7550215208034434,True,bc_jackson2020,True
motif_apc_t_contact,spatial,BaselTMA_SP41_228_X7Y3,263,27,0.1111111111111111,0.08365019011406843,1.3282828282828283,True,bc_jackson2020,True
motif_apc_t_contact,spatial,BaselTMA_SP41_231_X6Y6_256,1602,161,0.08695652173913043,0.10674157303370786,0.8146453089244852,False,bc_jackson2020,True
motif_apc_t_contact,spatial,BaselTMA_SP41_237_X16Y6,2765,277,0.2743682310469314,0.2820976491862568,0.9726002036471351,False,bc_jackson2020,True
motif_apc_t_contact,spatial,BaselTMA_SP41_238_X8Y1,2047,205,0.02926829268292683,0.03517342452369321,0.8321138211382114,False,bc_jackson2020,True
motif_apc_t_contact,spatial,BaselTMA_SP41_24_X6Y2,1162,117,0.042735042735042736,0.0378657487091222,1.1285936285936287,False,bc_jackson2020,True
motif_apc_t_contact,spatial,BaselTMA_SP41_254_X11Y6,2909,291,0.20962199312714777,0.1509109659676865,1.389044141245724,True,bc_jackson2020,True
motif_apc_t_contact,spatial,BaselTMA_SP41_257_X3Y1,3682,369,0.0948509485094851,0.06463878326996197,1.4673999681173284,True,bc_jackson2020,True
motif_apc_t_contact,spatial,BaselTMA_SP41_259_X10Y3,3676,368,0.18478260869565216,0.1308487486398259,1.4121847600108468,True,bc_jackson2020,True
motif_apc_t_contact,spatial,BaselTMA_SP41_263_X1Y4,324,33,0.21212121212121213,0.14814814814814814,1.4318181818181819,True,bc_jackson2020,True
motif_apc_t_contact,spatial,BaselTMA_SP41_267_X13Y8,1867,187,0.11764705882352941,0.10658810926620246,1.1037540644398462,False,bc_jackson2020,True
motif_apc_t_contact,spatial,BaselTMA_SP41_274_X13Y1,528,53,0.16981132075471697,0.12121212121212122,1.400943396226415,True,bc_jackson2020,True
motif_apc_t_contact,spatial,BaselTMA_SP41_277_X12Y6,664,67,0.19402985074626866,0.21084337349397592,0.9202558635394456,False,bc_jackson2020,True
motif_apc_t_contact,spatial,BaselTMA_SP41_284_X7Y2,1236,124,0.25,0.28883495145631066,0.865546218487395,False,bc_jackson2020,True
motif_apc_t_contact,spatial,BaselTMA_SP41_33_X14Y6,3556,356,0.44662921348314605,0.5868953880764904,0.761003106442773,False,bc_jackson2020,True
motif_apc_t_contact,spatial,BaselTMA_SP41_37_X7Y6,2872,288,0.041666666666666664,0.0584958217270195,0.7123015873015873,False,bc_jackson2020,True
motif_apc_t_contact,spatial,BaselTMA_SP41_41_X11Y8,3223,323,0.015479876160990712,0.014892956872479057,1.039409184726522,False,bc_jackson2020,True
motif_apc_t_contact,spatial,BaselTMA_SP41_45_X4Y3,87,9,0.1111111111111111,0.11494252873563218,0.9666666666666667,False,bc_jackson2020,True
motif_apc_t_contact,spatial,BaselTMA_SP41_57_X8Y6,1248,125,0.096,0.13782051282051283,0.6965581395348837,False,bc_jackson2020,True
motif_apc_t_contact,spatial,BaselTMA_SP41_58_X16Y1,521,53,0.03773584905660377,0.044145873320537425,0.8547990155865464,False,bc_jackson2020,True
motif_apc_t_contact,spatial,BaselTMA_SP41_60_X11Y7,2309,231,0.012987012987012988,0.02728453876136856,0.4759843331271903,False,bc_jackson2020,True
motif_apc_t_contact,spatial,BaselTMA_SP41_61_X4Y4,58,6,0.6666666666666666,0.1896551724137931,3.515151515151515,True,bc_jackson2020,True
motif_apc_t_contact,spatial,BaselTMA_SP41_63_X4Y9,3335,334,0.02694610778443114,0.03328335832083958,0.8095970221718725,False,bc_jackson2020,True
motif_apc_t_contact,spatial,BaselTMA_SP41_68_X9Y1,2239,224,0.026785714285714284,0.030370701205895488,0.8819590336134454,False,bc_jackson2020,True
motif_apc_t_contact,spatial,BaselTMA_SP41_72_X11Y1,2709,271,0.2066420664206642,0.14691768180140274,1.4065159747074856,True,bc_jackson2020,True
motif_apc_t_contact,spatial,BaselTMA_SP41_72_X12Y1,475,48,0.0625,0.035789473684210524,1.7463235294117647,True,bc_jackson2020,True
motif_apc_t_contact,spatial,BaselTMA_SP41_83_X13Y2,4354,436,0.3922018348623853,0.5925585668350941,0.661878600384041,False,bc_jackson2020,True
motif_apc_t_contact,spatial,BaselTMA_SP41_88_X11Y5_235,4713,472,0.19915254237288135,0.1096965839168258,1.8154853620955316,True,bc_jackson2020,True
motif_apc_t_contact,spatial,BaselTMA_SP41_8_X5Y9,1996,200,0.22,0.21492985971943887,1.0235897435897436,False,bc_jackson2020,True
motif_apc_t_contact,spatial,BaselTMA_SP41_92_X12Y7,4533,454,0.013215859030837005,0.020295609971321422,0.6511683585520015,False,bc_jackson2020,True
motif_apc_t_contact,spatial,BaselTMA_SP41_9_X6Y9,2695,270,0.025925925925925925,0.006679035250463822,3.8816872427983538,True,bc_jackson2020,True
motif_apc_t_contact,spatial,BaselTMA_SP42_109_X10Y6,2570,257,0.04669260700389105,0.05642023346303502,0.8275862068965517,False,bc_jackson2020,True
motif_apc_t_contact,spatial,BaselTMA_SP42_120_X5Y2,3230,323,0.04643962848297214,0.04891640866873065,0.949367088607595,False,bc_jackson2020,True
motif_apc_t_contact,spatial,BaselTMA_SP42_123_X8Y6,374,38,0.05263157894736842,0.07754010695187166,0.6787658802177857,False,bc_jackson2020,True
motif_apc_t_contact,spatial,BaselTMA_SP42_12_X12Y8,921,93,0.34408602150537637,0.31704668838219324,1.0852850198851085,False,bc_jackson2020,True
motif_apc_t_contact,spatial,BaselTMA_SP42_136_X10Y4,968,97,0.020618556701030927,0.026859504132231406,0.7676447264076129,False,bc_jackson2020,True
motif_apc_t_contact,spatial,BaselTMA_SP42_136_X9Y4,3180,318,0.10062893081761007,0.22767295597484277,0.44198895027624313,False,bc_jackson2020,True
motif_apc_t_contact,spatial,BaselTMA_SP42_138_X3Y5,3798,380,0.12894736842105264,0.17482885729331227,0.7375634115409005,False,bc_jackson2020,True
motif_apc_t_contact,spatial,BaselTMA_SP42_145_X1Y4,3361,337,0.2344213649851632,0.3231181196072597,0.7254974288352979,False,bc_jackson2020,True
motif_apc_t_contact,spatial,BaselTMA_SP42_148_X5Y6,2821,283,0.36395759717314485,0.315136476426799,1.1549205642580898,False,bc_jackson2020,True
motif_apc_t_contact,spatial,BaselTMA_SP42_151_X14Y7,4006,401,0.16458852867830423,0.14802795806290564,1.1118746136345476,False,bc_jackson2020,True
motif_apc_t_contact,spatial,BaselTMA_SP42_152_X15Y6,2518,252,0.027777777777777776,0.022239872915011914,1.2490079365079365,False,bc_jackson2020,True
motif_apc_t_contact,spatial,BaselTMA_SP42_154_X8Y4,645,65,0.1076923076923077,0.06976744186046512,1.5435897435897437,True,bc_jackson2020,True
motif_apc_t_contact,spatial,BaselTMA_SP42_155_X4Y9,4585,459,0.2636165577342048,0.32453653217011996,0.8122862346850329,False,bc_jackson2020,True
motif_apc_t_contact,spatial,BaselTMA_SP42_156_X16Y1,692,70,0.0,0.011560693641618497,0.0,False,bc_jackson2020,True
motif_apc_t_contact,spatial,BaselTMA_SP42_160_X13Y5,3045,305,0.04262295081967213,0.052216748768472904,0.8162697185276833,False,bc_jackson2020,True
motif_apc_t_contact,spatial,BaselTMA_SP42_167_X14Y8,351,36,0.1111111111111111,0.21937321937321938,0.5064935064935064,False,bc_jackson2020,True
motif_apc_t_contact,spatial,BaselTMA_SP42_16_X4Y4,221,23,0.13043478260869565,0.05429864253393665,2.402173913043478,True,bc_jackson2020,True
motif_apc_t_contact,spatial,BaselTMA_SP42_175_X15Y5_236,668,67,0.40298507462686567,0.44011976047904194,0.9156259518732865,False,bc_jackson2020,True
motif_apc_t_contact,spatial,BaselTMA_SP42_176_X3Y7,4769,477,0.03563941299790356,0.04613126441602013,0.7725652753954639,False,bc_jackson2020,True
motif_apc_t_contact,spatial,BaselTMA_SP42_179_X13Y8,5186,519,0.15028901734104047,0.27284998071731587,0.5508119038379052,False,bc_jackson2020,True
motif_apc_t_contact,spatial,BaselTMA_SP42_181_X6Y5,1992,200,0.115,0.053714859437751006,2.1409345794392522,True,bc_jackson2020,True
motif_apc_t_contact,spatial,BaselTMA_SP42_183_X3Y6,2236,224,0.15178571428571427,0.1346153846153846,1.1275510204081631,False,bc_jackson2020,True
motif_apc_t_contact,spatial,BaselTMA_SP42_184_X6Y8,4380,438,0.3036529680365297,0.39337899543378996,0.771909460243761,False,bc_jackson2020,True
motif_apc_t_contact,spatial,BaselTMA_SP42_185_X7Y5,2427,243,0.1522633744855967,0.1450350226617223,1.0498386644219977,False,bc_jackson2020,True
motif_apc_t_contact,spatial,BaselTMA_SP42_192_X8Y5,2893,290,0.06896551724137931,0.05737988247493951,1.2019110926464478,False,bc_jackson2020,True
motif_apc_t_contact,spatial,BaselTMA_SP42_198_X7Y8,2607,261,0.210727969348659,0.16417337936325277,1.283569663766248,True,bc_jackson2020,True
motif_apc_t_contact,spatial,BaselTMA_SP42_208_X15Y7,1832,184,0.059782608695652176,0.07478165938864628,0.7994287527768963,False,bc_jackson2020,True
motif_apc_t_contact,spatial,BaselTMA_SP42_210_X4Y5,2488,249,0.2248995983935743,0.1712218649517685,1.3134981239512038,True,bc_jackson2020,True
motif_apc_t_contact,spatial,BaselTMA_SP42_215_X3Y1,2223,223,0.29596412556053814,0.28250112460638777,1.0476564508297392,False,bc_jackson2020,True
motif_apc_t_contact,spatial,BaselTMA_SP42_217_X1Y3,3843,385,0.2571428571428571,0.36325787145459276,0.7078796561604583,False,bc_jackson2020,True
motif_apc_t_contact,spatial,BaselTMA_SP42_229_X1Y7,3053,306,0.006535947712418301,0.030461840812315753,0.21456181038723734,False,bc_jackson2020,True
motif_apc_t_contact,spatial,BaselTMA_SP42_232_X7Y6,2437,244,0.20491803278688525,0.1826015592942142,1.122214035734021,False,bc_jackson2020,True
motif_apc_t_contact,spatial,BaselTMA_SP42_236_X11Y7,2716,272,0.05514705882352941,0.13880706921944036,0.3972928694024028,False,bc_jackson2020,True
motif_apc_t_contact,spatial,BaselTMA_SP42_240_X10Y2,628,63,0.12698412698412698,0.15605095541401273,0.8137350178166505,False,bc_jackson2020,True
motif_apc_t_contact,spatial,BaselTMA_SP42_251_X15Y2,1722,173,0.08092485549132948,0.050522648083623695,1.6017540362766594,True,bc_jackson2020,True
motif_apc_t_contact,spatial,BaselTMA_SP42_251_X16Y2,436,44,0.022727272727272728,0.052752293577981654,0.4308300395256917,False,bc_jackson2020,True
motif_apc_t_contact,spatial,BaselTMA_SP42_253_X14Y2,1319,132,0.007575757575757576,0.01592115238817286,0.4758297258297258,False,bc_jackson2020,True
motif_apc_t_contact,spatial,BaselTMA_SP42_258_X4Y7,1914,192,0.07291666666666667,0.1426332288401254,0.5112179487179488,False,bc_jackson2020,True
motif_apc_t_contact,spatial,BaselTMA_SP42_25_X4Y2,328,33,0.12121212121212122,0.04878048780487805,2.484848484848485,True,bc_jackson2020,True
motif_apc_t_contact,spatial,BaselTMA_SP42_262_X10Y8,218,22,0.22727272727272727,0.21559633027522937,1.0541586073500966,False,bc_jackson2020,True
motif_apc_t_contact,spatial,BaselTMA_SP42_265_X14Y1,141,15,0.0,0.0851063829787234,0.0,False,bc_jackson2020,True
motif_apc_t_contact,spatial,BaselTMA_SP42_275_X5Y4,1811,182,0.27472527472527475,0.23633351739370514,1.1624473657183938,False,bc_jackson2020,True
motif_apc_t_contact,spatial,BaselTMA_SP42_279_X14Y6,1544,155,0.08387096774193549,0.13406735751295337,0.6255882811282532,False,bc_jackson2020,True
motif_apc_t_contact,spatial,BaselTMA_SP42_27_X6Y6,2934,294,0.05782312925170068,0.06918882072256305,0.8357293656378808,False,bc_jackson2020,True
motif_apc_t_contact,spatial,BaselTMA_SP42_285_X7Y7,3542,355,0.07887323943661972,0.05505364201016375,1.4326616106897798,True,bc_jackson2020,True
motif_apc_t_contact,spatial,BaselTMA_SP42_28_X11Y2,2910,291,0.14432989690721648,0.0986254295532646,1.4634146341463414,True,bc_jackson2020,True
motif_apc_t_contact,spatial,BaselTMA_SP42_28_X12Y2,2363,237,0.02109704641350211,0.02031316123571731,1.0385900140646975,False,bc_jackson2020,True
motif_apc_t_contact,spatial,BaselTMA_SP42_30_X8Y3,400,40,0.1,0.0325,3.076923076923077,True,bc_jackson2020,True
motif_apc_t_contact,spatial,BaselTMA_SP42_35_X16Y4,1684,169,0.07100591715976332,0.057007125890736345,1.2455621301775148,False,bc_jackson2020,True
motif_apc_t_contact,spatial,BaselTMA_SP42_36_X5Y1,2291,230,0.10869565217391304,0.06765604539502401,1.6065918653576436,True,bc_jackson2020,True
motif_apc_t_contact,spatial,BaselTMA_SP42_46_X10Y7,2901,291,0.18900343642611683,0.20889348500517063,0.9047837773468068,False,bc_jackson2020,True
motif_apc_t_contact,spatial,BaselTMA_SP42_51_X1Y2,1727,173,0.23699421965317918,0.23161551823972207,1.023222543352601,False,bc_jackson2020,True
motif_apc_t_contact,spatial,BaselTMA_SP42_54_X12Y5,3005,301,0.11960132890365449,0.14342762063227954,0.8338793349315121,False,bc_jackson2020,True
motif_apc_t_contact,spatial,BaselTMA_SP42_56_X2Y6,3141,315,0.26031746031746034,0.24609996816300542,1.057771206800961,False,bc_jackson2020,True
motif_apc_t_contact,spatial,BaselTMA_SP42_5_X8Y7,2381,239,0.1799163179916318,0.3229735405291894,0.5570620977088105,False,bc_jackson2020,True
motif_apc_t_contact,spatial,BaselTMA_SP42_64_X13Y4,3906,391,0.289002557544757,0.10215053763440861,2.829182931753937,True,bc_jackson2020,True
motif_apc_t_contact,spatial,BaselTMA_SP42_64_X14Y4,4833,484,0.14256198347107438,0.2048417132216015,0.695961682945154,False,bc_jackson2020,True
motif_apc_t_contact,spatial,BaselTMA_SP42_71_X8Y8,1976,198,0.13636363636363635,0.08248987854251012,1.6530953708867817,True,bc_jackson2020,True
motif_apc_t_contact,spatial,BaselTMA_SP42_73_X12Y7,2867,287,0.2682926829268293,0.25078479246599233,1.069812408833407,False,bc_jackson2020,True
motif_apc_t_contact,spatial,BaselTMA_SP42_74_X15Y3,2698,270,0.003703703703703704,0.021868050407709415,0.16936597614563717,False,bc_jackson2020,True
motif_apc_t_contact,spatial,BaselTMA_SP42_82_X2Y9,5024,503,0.34393638170974156,0.5734474522292994,0.5997696569627704,False,bc_jackson2020,True
motif_apc_t_contact,spatial,BaselTMA_SP42_84_X7Y1,1199,120,0.425,0.4011676396997498,1.0594074844074843,False,bc_jackson2020,True
motif_apc_t_contact,spatial,BaselTMA_SP42_89_X4Y6,2730,273,0.34798534798534797,0.5787545787545788,0.60126582278481,False,bc_jackson2020,True
motif_apc_t_contact,spatial,BaselTMA_SP42_96_X9Y3,1204,121,0.08264462809917356,0.1478405315614618,0.5590119788281178,False,bc_jackson2020,True
motif_apc_t_contact,spatial,BaselTMA_SP42_98_X11Y5,2511,252,0.01984126984126984,0.009159697331740343,2.166149068322981,True,bc_jackson2020,True
motif_apc_t_contact,spatial,BaselTMA_SP42_99_X5Y7,1923,193,0.21243523316062177,0.33125325013000523,0.6413076191018455,False,bc_jackson2020,True
motif_apc_t_contact,spatial,BaselTMA_SP43_102_X1Y4,5151,516,0.003875968992248062,0.0108716754028344,0.3565199335548173,False,bc_jackson2020,True
motif_apc_t_contact,spatial,BaselTMA_SP43_102_X2Y4,461,47,0.0,0.0455531453362256,0.0,False,bc_jackson2020,True
motif_apc_t_contact,spatial,BaselTMA_SP43_103_X5Y4,4175,418,0.014354066985645933,0.008383233532934131,1.712235133287765,True,bc_jackson2020,True
motif_apc_t_contact,spatial,BaselTMA_SP43_111_X8Y6,5057,506,0.2707509881422925,0.21475182914771604,1.2607621980069734,True,bc_jackson2020,True
motif_apc_t_contact,spatial,BaselTMA_SP43_115_X4Y8,4931,494,0.05465587044534413,0.11052524842831069,0.49451027002934295,False,bc_jackson2020,True
motif_apc_t_contact,spatial,BaselTMA_SP43_116_X3Y4,6069,607,0.24217462932454695,0.24518042511122096,0.9877404740394324,False,bc_jackson2020,True
motif_apc_t_contact,spatial,BaselTMA_SP43_116_X4Y4,2910,291,0.06872852233676977,0.11030927835051546,0.6230529595015577,False,bc_jackson2020,True
motif_apc_t_contact,spatial,BaselTMA_SP43_119_X9Y8,1583,159,0.2578616352201258,0.20720151610865445,1.244496855345912,False,bc_jackson2020,True
motif_apc_t_contact,spatial,BaselTMA_SP43_125_X5Y7,1934,194,0.06701030927835051,0.03981385729058945,1.683090105770518,True,bc_jackson2020,True
motif_apc_t_contact,spatial,BaselTMA_SP43_131_X13Y4,1633,164,0.06097560975609756,0.02510716472749541,2.428613920285544,True,bc_jackson2020,True
motif_apc_t_contact,spatial,BaselTMA_SP43_131_X14Y4,862,87,0.05747126436781609,0.052204176334106726,1.1008939974457217,False,bc_jackson2020,True
motif_apc_t_contact,spatial,BaselTMA_SP43_132_X13Y1,4258,426,0.2136150234741784,0.18600281822451856,1.148450467112439,False,bc_jackson2020,True
motif_apc_t_contact,spatial,BaselTMA_SP43_137_X10Y3,282,29,0.0,0.04964539007092199,0.0,False,bc_jackson2020,True
motif_apc_t_contact,spatial,BaselTMA_SP43_140_X10Y7,1789,179,0.03910614525139665,0.05813303521520403,0.6727009024495058,False,bc_jackson2020,True
motif_apc_t_contact,spatial,BaselTMA_SP43_143_X2Y2,969,97,0.061855670103092786,0.0608875128998968,1.015900751354185,False,bc_jackson2020,True
motif_apc_t_contact,spatial,BaselTMA_SP43_144_X15Y1,6267,627,0.16905901116427433,0.2052018509653742,0.823866891886864,False,bc_jackson2020,True
motif_apc_t_contact,spatial,BaselTMA_SP43_149_X10Y6_222,544,55,0.16363636363636364,0.16176470588235295,1.0115702479338842,False,bc_jackson2020,True
motif_apc_t_contact,spatial,BaselTMA_SP43_149_X10Y6_223,468,47,0.1702127659574468,0.26282051282051283,0.6476388168137001,False,bc_jackson2020,True
motif_apc_t_contact,spatial,BaselTMA_SP43_15_X1Y9,4396,440,0.46136363636363636,0.5648316651501365,0.8168161681250686,False,bc_jackson2020,True
motif_apc_t_contact,spatial,BaselTMA_SP43_168_X10Y5,6908,691,0.03328509406657019,0.012304574406485235,2.705099174257257,True,bc_jackson2020,True
motif_apc_t_contact,spatial,BaselTMA_SP43_170_X3Y3,2024,203,0.009852216748768473,0.009387351778656126,1.049520352605652,False,bc_jackson2020,True
motif_apc_t_contact,spatial,BaselTMA_SP43_172_X10Y2,204,21,0.09523809523809523,0.0392156862745098,2.4285714285714284,True,bc_jackson2020,True
motif_apc_t_contact,spatial,BaselTMA_SP43_172_X9Y2,3053,306,0.12418300653594772,0.07075008188666886,1.755234809973372,True,bc_jackson2020,True
motif_apc_t_contact,spatial,BaselTMA_SP43_193_X9Y7,3659,366,0.22404371584699453,0.33916370593058215,0.6605769188429919,False,bc_jackson2020,True
motif_apc_t_contact,spatial,BaselTMA_SP43_195_X11Y6,2217,222,0.28378378378378377,0.33964817320703655,0.8355227737697857,False,bc_jackson2020,True
motif_apc_t_contact,spatial,BaselTMA_SP43_199_X8Y5,2943,295,0.04406779661016949,0.03126061841658172,1.4096904937361827,True,bc_jackson2020,True
motif_apc_t_contact,spatial,BaselTMA_SP43_1_X1Y8,2907,291,0.01718213058419244,0.008943928448572412,1.9210943695479779,True,bc_jackson2020,True
motif_apc_t_contact,spatial,BaselTMA_SP43_205_X3Y6,2298,230,0.1956521739130435,0.10530896431679722,1.8578871721164212,True,bc_jackson2020,True
motif_apc_t_contact,spatial,BaselTMA_SP43_221_X2Y7,1280,128,0.0234375,0.04609375,0.5084745762711864,False,bc_jackson2020,True
motif_apc_t_contact,spatial,BaselTMA_SP43_222_X7Y2,3193,320,0.046875,0.07265894143438772,0.6451373922413793,False,bc_jackson2020,True
motif_apc_t_contact,spatial,BaselTMA_SP43_230_X11Y5,2440,244,0.5327868852459017,0.5110655737704918,1.0425020048115479,False,bc_jackson2020,True
motif_apc_t_contact,spatial,BaselTMA_SP43_23_X15Y7,2607,261,0.25287356321839083,0.3379363252780974,0.7482876042115152,False,bc_jackson2020,True
motif_apc_t_contact,spatial,BaselTMA_SP43_241_X7Y3,3041,305,0.013114754098360656,0.024334100624794474,0.5389455028799292,False,bc_jackson2020,True
motif_apc_t_contact,spatial,BaselTMA_SP43_242_X5Y6,3063,307,0.23778501628664495,0.227554684949396,1.0449576827632618,False,bc_jackson2020,True
motif_apc_t_contact,spatial,BaselTMA_SP43_244_X4Y1,108,11,0.18181818181818182,0.12962962962962962,1.4025974025974026,True,bc_jackson2020,True
motif_apc_t_contact,spatial,BaselTMA_SP43_248_X8Y8,798,80,0.05,0.14285714285714285,0.35000000000000003,False,bc_jackson2020,True
motif_apc_t_contact,spatial,BaselTMA_SP43_250_X1Y3,2457,246,0.0975609756097561,0.06837606837606838,1.4268292682926829,True,bc_jackson2020,True
motif_apc_t_contact,spatial,BaselTMA_SP43_260_X10Y4,2829,283,0.024734982332155476,0.019088016967126194,1.2958382410679228,True,bc_jackson2020,True
motif_apc_t_contact,spatial,BaselTMA_SP43_266_X7Y8,3860,386,0.023316062176165803,0.017357512953367876,1.3432835820895521,True,bc_jackson2020,True
motif_apc_t_contact,spatial,BaselTMA_SP43_270_X6Y8,4303,431,0.12761020881670534,0.1303741575644899,0.9787998726172604,False,bc_jackson2020,True
motif_apc_t_contact,spatial,BaselTMA_SP43_271_X11Y8,2256,226,0.11504424778761062,0.16312056737588654,0.7052712581762216,False,bc_jackson2020,True
motif_apc_t_contact,spatial,BaselTMA_SP43_272_X11Y3,1778,178,0.24157303370786518,0.15691788526434194,1.5394869316580082,True,bc_jackson2020,True
motif_apc_t_contact,spatial,BaselTMA_SP43_272_X12Y3,673,68,0.04411764705882353,0.04606240713224369,0.9577798861480076,False,bc_jackson2020,True
motif_apc_t_contact,spatial,BaselTMA_SP43_34_X12Y5,2451,246,0.21138211382113822,0.09873521011831905,2.1408990122959084,True,bc_jackson2020,True
motif_apc_t_contact,spatial,BaselTMA_SP43_43_X5Y5,2250,225,0.39555555555555555,0.416,0.9508547008547009,False,bc_jackson2020,True
motif_apc_t_contact,spatial,BaselTMA_SP43_49_X1Y5,4237,424,0.09905660377358491,0.08048147274014633,1.2308000885298511,False,bc_jackson2020,True
motif_apc_t_contact,spatial,BaselTMA_SP43_50_X7Y1,2902,291,0.15807560137457044,0.2253618194348725,0.7014302678730939,False,bc_jackson2020,True
motif_apc_t_contact,spatial,BaselTMA_SP43_65_X14Y6,98,10,0.3,0.12244897959183673,2.45,True,bc_jackson2020,True
motif_apc_t_contact,spatial,BaselTMA_SP43_66_X15Y6,1646,165,0.46060606060606063,0.6020656136087484,0.76504296241935,False,bc_jackson2020,True
motif_apc_t_contact,spatial,BaselTMA_SP43_67_X14Y7,3352,336,0.40476190476190477,0.39916467780429593,1.0140223503452204,False,bc_jackson2020,True
motif_apc_t_contact,spatial,BaselTMA_SP43_75_X2Y5,2771,278,0.2517985611510791,0.24648141465175027,1.0215722005119183,False,bc_jackson2020,True
motif_apc_t_contact,spatial,BaselTMA_SP43_77_X3Y8,2080,208,0.13942307692307693,0.1076923076923077,1.2946428571428572,True,bc_jackson2020,True
motif_apc_t_contact,spatial,BaselTMA_SP43_79_X7Y4,3586,359,0.18662952646239556,0.1497490239821528,1.2462820891883621,False,bc_jackson2020,True
motif_apc_t_contact,spatial,BaselTMA_SP43_85_X10Y1,391,40,0.0,0.05370843989769821,0.0,False,bc_jackson2020,True
motif_apc_t_contact,spatial,BaselTMA_SP43_85_X9Y1,1806,181,0.1270718232044199,0.17940199335548174,0.7083077552690813,False,bc_jackson2020,True
motif_apc_t_contact,spatial,BaselTMA_SP43_87_X15Y4,1931,194,0.015463917525773196,0.011393060590367685,1.3573102155576382,True,bc_jackson2020,True
motif_apc_t_contact,spatial,BaselTMA_SP43_90_X7Y6,3194,320,0.609375,0.7163431433938635,0.8506747159090909,False,bc_jackson2020,True
motif_apc_t_contact,spatial,BaselTMA_SP43_93_X15Y5,5285,529,0.10586011342155009,0.025733207190160833,4.113755142888913,True,bc_jackson2020,True
motif_apc_t_contact,spatial,BaselTMA_SP43_94_X12Y7,2991,300,0.21,0.15947843530591777,1.3167924528301886,True,bc_jackson2020,True
motif_cd8_tumor_contact,spatial,BaselTMA_SP41_100_X15Y5,3558,356,0.6039325842696629,0.6408094435075885,0.9424526907155529,False,bc_jackson2020,True
motif_cd8_tumor_contact,spatial,BaselTMA_SP41_101_X10Y8,3433,344,0.6337209302325582,0.7171570055345179,0.883657170385204,False,bc_jackson2020,True
motif_cd8_tumor_contact,spatial,BaselTMA_SP41_104_X7Y4,490,49,0.08163265306122448,0.08163265306122448,1.0,False,bc_jackson2020,True
motif_cd8_tumor_contact,spatial,BaselTMA_SP41_104_X8Y4_175,1841,185,0.4594594594594595,0.5002715915263444,0.9184200487132084,False,bc_jackson2020,True
motif_cd8_tumor_contact,spatial,BaselTMA_SP41_104_X8Y4_233,2046,205,0.7951219512195122,0.6392961876832844,1.2437458044305214,False,bc_jackson2020,True
motif_cd8_tumor_contact,spatial,BaselTMA_SP41_114_X13Y4,2706,271,0.8671586715867159,0.9441980783444198,0.9184075793791207,False,bc_jackson2020,True
motif_cd8_tumor_contact,spatial,BaselTMA_SP41_11_X13Y7,4565,457,0.6980306345733042,0.7099671412924425,0.9831872406131236,False,bc_jackson2020,True
motif_cd8_tumor_contact,spatial,BaselTMA_SP41_126_X14Y7,2892,290,0.8068965517241379,0.8796680497925311,0.917273910214704,False,bc_jackson2020,True
motif_cd8_tumor_contact,spatial,BaselTMA_SP41_129_X7Y8,1751,176,0.6761363636363636,0.440890919474586,1.5335683584550164,True,bc_jackson2020,True
motif_cd8_tumor_contact,spatial,BaselTMA_SP41_133_X3Y6,4151,416,0.7524038461538461,0.7899301373163093,0.9524941644966805,False,bc_jackson2020,True
motif_cd8_tumor_contact,spatial,BaselTMA_SP41_135_X8Y5,3376,338,0.7307692307692307,0.7813981042654028,0.9352073248964834,False,bc_jackson2020,True
motif_cd8_tumor_contact,spatial,BaselTMA_SP41_141_X11Y2,5662,567,0.7336860670194003,0.8991522430236666,0.8159753509062747,False,bc_jackson2020,True
motif_cd8_tumor_contact,spatial,BaselTMA_SP41_141_X12Y2,680,68,0.5588235294117647,0.38235294117647056,1.4615384615384617,True,bc_jackson2020,True
motif_cd8_tumor_contact,spatial,BaselTMA_SP41_159_X12Y4,2515,252,0.6468253968253969,0.49502982107355864,1.3066392554344362,True,bc_jackson2020,True
motif_cd8_tumor_contact,spatial,BaselTMA_SP41_177_X16Y5,2723,273,0.5494505494505495,0.5045905251560778,1.0889038181614603,False,bc_jackson2020,True
motif_cd8_tumor_contact,spatial,BaselTMA_SP41_186_X5Y4,4923,493,0.8255578093306288,0.8226691042047533,1.00351138156412,False,bc_jackson2020,True
motif_cd8_tumor_contact,spatial,BaselTMA_SP41_186_X6Y4,1965,197,0.41116751269035534,0.5328244274809161,0.7716754177999505,False,bc_jackson2020,True
motif_cd8_tumor_contact,spatial,BaselTMA_SP41_191_X15Y7,4544,455,0.8153846153846154,0.8661971830985915,0.9413383364602878,False,bc_jackson2020,True
motif_cd8_tumor_contact,spatial,BaselTMA_SP41_196_X5Y7,1392,140,0.42142857142857143,0.3807471264367816,1.1068463611859838,False,bc_jackson2020,True
motif_cd8_tumor_contact,spatial,BaselTMA_SP41_203_X8Y8,2771,278,0.841726618705036,0.8029592204980152,1.0482806563737774,False,bc_jackson2020,True
motif_cd8_tumor_contact,spatial,BaselTMA_SP41_206_X1Y2,3389,339,0.5899705014749262,0.7353201534375922,0.8023314725114467,False,bc_jackson2020,True
motif_cd8_tumor_contact,spatial,BaselTMA_SP41_206_X2Y2,1853,186,0.46774193548387094,0.6826767404209391,0.6851587402779548,False,bc_jackson2020,True
motif_cd8_tumor_contact,spatial,BaselTMA_SP41_211_X4Y6,2284,229,0.6331877729257642,0.623029772329247,1.0163041977248386,False,bc_jackson2020,True
motif_cd8_tumor_contact,spatial,BaselTMA_SP41_214_X15Y6,2123,213,0.39906103286384975,0.3151201130475742,1.2663775377727249,True,bc_jackson2020,True
motif_cd8_tumor_contact,spatial,BaselTMA_SP41_218_X10Y4_193,2554,256,0.67578125,0.6362568519968677,1.0621201923076924,False,bc_jackson2020,True
motif_cd8_tumor_contact,spatial,BaselTMA_SP41_220_X10Y5,3569,357,0.7619047619047619,0.683384701597086,1.1148987680352993,False,bc_jackson2020,True
motif_cd8_tumor_contact,spatial,BaselTMA_SP41_227_X9Y6,1631,164,0.5853658536585366,0.6664622930717351,0.8783180380101869,False,bc_jackson2020,True
motif_cd8_tumor_contact,spatial,BaselTMA_SP41_231_X6Y6_10,842,85,0.5058823529411764,0.40973871733966744,1.2346462063086103,False,bc_jackson2020,True
motif_cd8_tumor_contact,spatial,BaselTMA_SP41_231_X6Y6_256,1602,161,0.8385093167701864,0.7471910112359551,1.122215476579648,False,bc_jackson2020,True
motif_cd8_tumor_contact,spatial,BaselTMA_SP41_234_X10Y6,2319,232,0.9181034482758621,0.8318240620957309,1.1037231190003756,False,bc_jackson2020,True
motif_cd8_tumor_contact,spatial,BaselTMA_SP41_238_X8Y1,2047,205,0.5170731707317073,0.537371763556424,0.9622261640798226,False,bc_jackson2020,True
motif_cd8_tumor_contact,spatial,BaselTMA_SP41_24_X5Y2,2143,215,0.3488372093023256,0.4041063929071395,0.8632311080079489,False,bc_jackson2020,True
motif_cd8_tumor_contact,spatial,BaselTMA_SP41_24_X6Y2,1162,117,0.6666666666666666,0.5163511187607573,1.2911111111111109,True,bc_jackson2020,True
motif_cd8_tumor_contact,spatial,BaselTMA_SP41_254_X11Y6,2909,291,0.6219931271477663,0.5390168442763836,1.1539400554036048,False,bc_jackson2020,True
motif_cd8_tumor_contact,spatial,BaselTMA_SP41_255_X12Y8,1840,184,0.266304347826087,0.12554347826086956,2.1212121212121215,True,bc_jackson2020,True
motif_cd8_tumor_contact,spatial,BaselTMA_SP41_263_X1Y4,324,33,0.21212121212121213,0.25,0.8484848484848485,False,bc_jackson2020,True
motif_cd8_tumor_contact,spatial,BaselTMA_SP41_268_X6Y7,2382,239,0.7364016736401674,0.609151973131822,1.2088964759551197,False,bc_jackson2020,True
motif_cd8_tumor_contact,spatial,BaselTMA_SP41_276_X9Y8,4068,407,0.7518427518427518,0.88913470993117,0.8455892492386825,False,bc_jackson2020,True
motif_cd8_tumor_contact,spatial,BaselTMA_SP41_277_X12Y6,664,67,0.9253731343283582,0.5903614457831325,1.5674687785561985,True,bc_jackson2020,True
motif_cd8_tumor_contact,spatial,BaselTMA_SP41_283_X2Y6,2534,254,0.5,0.521310181531176,0.959121877365632,False,bc_jackson2020,True
motif_cd8_tumor_contact,spatial,BaselTMA_SP41_33_X14Y6,3556,356,0.6769662921348315,0.6032058492688414,1.1222807155391425,False,bc_jackson2020,True
motif_cd8_tumor_contact,spatial,BaselTMA_SP41_37_X7Y6,2872,288,0.7916666666666666,0.7409470752089137,1.068452380952381,False,bc_jackson2020,True
motif_cd8_tumor_contact,spatial,BaselTMA_SP41_38_X4Y7,2412,242,0.9669421487603306,0.9444444444444444,1.0238210986874088,False,bc_jackson2020,True
motif_cd8_tumor_contact,spatial,BaselTMA_SP41_40_X16Y7,2662,267,0.6292134831460674,0.6111945905334335,1.029481433395717,False,bc_jackson2020,True
motif_cd8_tumor_contact,spatial,BaselTMA_SP41_42_X14Y5,1719,172,0.7732558139534884,0.6073298429319371,1.2732056936647955,True,bc_jackson2020,True
motif_cd8_tumor_contact,spatial,BaselTMA_SP41_44_X2Y7,3187,319,0.8307210031347962,0.6325698148729212,1.3132479350151764,True,bc_jackson2020,True
motif_cd8_tumor_contact,spatial,BaselTMA_SP41_48_X14Y8,3718,372,0.717741935483871,0.6678321678321678,1.0747339976355346,False,bc_jackson2020,True
motif_cd8_tumor_contact,spatial,BaselTMA_SP41_60_X11Y7,2309,231,0.8571428571428571,0.6409701169337375,1.3372586872586874,True,bc_jackson2020,True
motif_cd8_tumor_contact,spatial,BaselTMA_SP41_63_X4Y9,3335,334,0.8293413173652695,0.8818590704647676,0.9404465465532723,False,bc_jackson2020,True
motif_cd8_tumor_contact,spatial,BaselTMA_SP41_68_X10Y1,294,30,0.23333333333333334,0.41156462585034015,0.5669421487603306,False,bc_jackson2020,True
motif_cd8_tumor_contact,spatial,BaselTMA_SP41_68_X9Y1,2239,224,0.7142857142857143,0.4131308619919607,1.728957528957529,True,bc_jackson2020,True
motif_cd8_tumor_contact,spatial,BaselTMA_SP41_72_X11Y1,2709,271,0.7527675276752768,0.6998892580287929,1.0755523378018592,False,bc_jackson2020,True
motif_cd8_tumor_contact,spatial,BaselTMA_SP41_72_X12Y1,475,48,0.4583333333333333,0.2736842105263158,1.674679487179487,True,bc_jackson2020,True
motif_cd8_tumor_contact,spatial,BaselTMA_SP41_7_X5Y1,3839,384,0.5677083333333334,0.5345141964053138,1.0621015066601691,False,bc_jackson2020,True
motif_cd8_tumor_contact,spatial,BaselTMA_SP41_83_X14Y2,2042,205,0.6731707317073171,0.7399608227228207,0.9097383415925491,False,bc_jackson2020,True
motif_cd8_tumor_contact,spatial,BaselTMA_SP41_88_X11Y5_235,4713,472,0.8177966101694916,0.8977296838531721,0.9109608659250328,False,bc_jackson2020,True
motif_cd8_tumor_contact,spatial,BaselTMA_SP41_88_X11Y5_242,1204,121,0.5950413223140496,0.49169435215946844,1.210185392003574,False,bc_jackson2020,True
motif_cd8_tumor_contact,spatial,BaselTMA_SP41_9_X6Y9,2695,270,0.8703703703703703,0.9053803339517625,0.9613312082574377,False,bc_jackson2020,True
motif_cd8_tumor_contact,spatial,BaselTMA_SP42_105_X10Y1,1304,131,0.5954198473282443,0.5529141104294478,1.076875840382844,False,bc_jackson2020,True
motif_cd8_tumor_contact,spatial,BaselTMA_SP42_10_X1Y5,2426,243,0.7160493827160493,0.6195383347073372,1.155778977025373,False,bc_jackson2020,True
motif_cd8_tumor_contact,spatial,BaselTMA_SP42_123_X8Y6,374,38,0.7105263157894737,0.5267379679144385,1.3489179802297622,True,bc_jackson2020,True
motif_cd8_tumor_contact,spatial,BaselTMA_SP42_127_X2Y8,6845,685,0.8262773722627738,0.8819576333089847,0.9368674197678791,False,bc_jackson2020,True
motif_cd8_tumor_contact,spatial,BaselTMA_SP42_136_X10Y4,968,97,0.7628865979381443,0.7138429752066116,1.0687036567353454,False,bc_jackson2020,True
motif_cd8_tumor_contact,spatial,BaselTMA_SP42_136_X9Y4,3180,318,0.7264150943396226,0.6622641509433962,1.0968660968660968,False,bc_jackson2020,True
motif_cd8_tumor_contact,spatial,BaselTMA_SP42_138_X3Y5,3798,380,0.6157894736842106,0.5853080568720379,1.0520775623268699,False,bc_jackson2020,True
motif_cd8_tumor_contact,spatial,BaselTMA_SP42_13_X5Y8,2901,291,0.6838487972508591,0.6332299207169941,1.0799375943520644,False,bc_jackson2020,True
motif_cd8_tumor_contact,spatial,BaselTMA_SP42_145_X1Y4,3361,337,0.45103857566765576,0.6209461469800654,0.7263730967029186,False,bc_jackson2020,True
motif_cd8_tumor_contact,spatial,BaselTMA_SP42_146_X16Y6,63,7,0.42857142857142855,0.14285714285714285,3.0,True,bc_jackson2020,True
motif_cd8_tumor_contact,spatial,BaselTMA_SP42_151_X14Y7,4006,401,0.8927680798004988,0.9420868696954569,0.9476494243987276,False,bc_jackson2020,True
motif_cd8_tumor_contact,spatial,BaselTMA_SP42_152_X15Y6,2518,252,0.6706349206349206,0.7144559173947578,0.9386652196546581,False,bc_jackson2020,True
motif_cd8_tumor_contact,spatial,BaselTMA_SP42_158_X12Y6,1213,122,0.18032786885245902,0.24896949711459193,0.7242970361524265,False,bc_jackson2020,True
motif_cd8_tumor_contact,spatial,BaselTMA_SP42_162_X16Y7,3143,315,0.4507936507936508,0.508749602290805,0.8860815787645056,False,bc_jackson2020,True
motif_cd8_tumor_contact,spatial,BaselTMA_SP42_164_X9Y8,1719,172,0.6162790697674418,0.6428155904595695,0.9587182994843734,False,bc_jackson2020,True
motif_cd8_tumor_contact,spatial,BaselTMA_SP42_169_X3Y8,3455,346,0.44508670520231214,0.6558610709117222,0.6786295527246198,False,bc_jackson2020,True
motif_cd8_tumor_contact,spatial,BaselTMA_SP42_16_X3Y4,523,53,0.41509433962264153,0.40535372848948376,1.0240299038803844,False,bc_jackson2020,True
motif_cd8_tumor_contact,spatial,BaselTMA_SP42_171_X2Y7,3801,381,0.5721784776902887,0.47224414627729544,1.211615818217709,False,bc_jackson2020,True
motif_cd8_tumor_contact,spatial,BaselTMA_SP42_176_X3Y7,4769,477,0.46331236897274636,0.5518976724680227,0.8394896229601168,False,bc_jackson2020,True
motif_cd8_tumor_contact,spatial,BaselTMA_SP42_178_X13Y7,1966,197,0.8527918781725888,0.6149542217700915,1.386756685266592,True,bc_jackson2020,True
motif_cd8_tumor_contact,spatial,BaselTMA_SP42_179_X13Y8,5186,519,0.9132947976878613,0.8812186656382568,1.0363997419713893,False,bc_jackson2020,True
motif_cd8_tumor_contact,spatial,BaselTMA_SP42_181_X6Y5,1992,200,0.605,0.6290160642570282,0.9618196328810853,False,bc_jackson2020,True
motif_cd8_tumor_contact,spatial,BaselTMA_SP42_182_X1Y8,2667,267,0.8277153558052435,0.7319085114360705,1.1309000276293977,False,bc_jackson2020,True
motif_cd8_tumor_contact,spatial,BaselTMA_SP42_183_X3Y6,2236,224,0.5401785714285714,0.4561717352415027,1.184156162464986,False,bc_jackson2020,True
motif_cd8_tumor_contact,spatial,BaselTMA_SP42_185_X7Y5,2427,243,0.7777777777777778,0.6975690152451587,1.1149832644221302,False,bc_jackson2020,True
motif_cd8_tumor_contact,spatial,BaselTMA_SP42_192_X8Y5,2893,290,0.5793103448275863,0.596958174904943,0.9704370744564025,False,bc_jackson2020,True
motif_cd8_tumor_contact,spatial,BaselTMA_SP42_198_X7Y8,2607,261,0.8314176245210728,0.7859608745684695,1.057835894156387,False,bc_jackson2020,True
motif_cd8_tumor_contact,spatial,BaselTMA_SP42_208_X15Y7,1832,184,0.3967391304347826,0.46943231441048033,0.8451466127401416,False,bc_jackson2020,True
motif_cd8_tumor_contact,spatial,BaselTMA_SP42_210_X4Y5,2488,249,0.5060240963855421,0.5237138263665595,0.9662225263294159,False,bc_jackson2020,True
motif_cd8_tumor_contact,spatial,BaselTMA_SP42_215_X3Y1,2223,223,0.515695067264574,0.40395861448493026,1.2766037132841292,True,bc_jackson2020,True
motif_cd8_tumor_contact,spatial,BaselTMA_SP42_217_X2Y3,2060,206,0.7330097087378641,0.762621359223301,0.9611712285168682,False,bc_jackson2020,True
motif_cd8_tumor_contact,spatial,BaselTMA_SP42_223_X9Y7,2535,254,0.7480314960629921,0.5771203155818541,1.2961448000818079,True,bc_jackson2020,True
motif_cd8_tumor_contact,spatial,BaselTMA_SP42_240_X10Y2,628,63,0.5555555555555556,0.3375796178343949,1.6457023060796647,True,bc_jackson2020,True
motif_cd8_tumor_contact,spatial,BaselTMA_SP42_240_X9Y2,2523,253,0.42292490118577075,0.7364248910027745,0.5742946855175993,False,bc_jackson2020,True
motif_cd8_tumor_contact,spatial,BaselTMA_SP42_251_X15Y2,1722,173,0.7052023121387283,0.575493612078978,1.225386863272341,False,bc_jackson2020,True
motif_cd8_tumor_contact,spatial,BaselTMA_SP42_253_X13Y2,3369,337,0.5311572700296736,0.6728999703176016,0.789355466576961,False,bc_jackson2020,True
motif_cd8_tumor_contact,spatial,BaselTMA_SP42_253_X14Y2,1319,132,0.696969696969697,0.5314632297194845,1.3114165910171618,True,bc_jackson2020,True
motif_cd8_tumor_contact,spatial,BaselTMA_SP42_258_X4Y7,1914,192,0.5625,0.5188087774294671,1.084214501510574,False,bc_jackson2020,True
motif_cd8_tumor_contact,spatial,BaselTMA_SP42_25_X3Y2,3870,387,0.8475452196382429,0.9049095607235143,0.9366076527698458,False,bc_jackson2020,True
motif_cd8_tumor_contact,spatial,BaselTMA_SP42_261_X11Y6,3354,336,0.6815476190476191,0.6702444841979726,1.0168641967463143,False,bc_jackson2020,True
motif_cd8_tumor_contact,spatial,BaselTMA_SP42_265_X14Y1,141,15,0.8,0.3262411347517731,2.4521739130434783,True,bc_jackson2020,True
motif_cd8_tumor_contact,spatial,BaselTMA_SP42_279_X14Y6,1544,155,0.535483870967742,0.6373056994818653,0.8402307894046682,False,bc_jackson2020,True
motif_cd8_tumor_contact,spatial,BaselTMA_SP42_27_X6Y6,2934,294,0.8537414965986394,0.8640081799591002,0.9881173771283661,False,bc_jackson2020,True
motif_cd8_tumor_contact,spatial,BaselTMA_SP42_285_X7Y7,3542,355,0.8028169014084507,0.7924901185770751,1.0130308032735065,False,bc_jackson2020,True
motif_cd8_tumor_contact,spatial,BaselTMA_SP42_28_X11Y2,2910,291,0.711340206185567,0.4927835051546392,1.4435146443514644,True,bc_jackson2020,True
motif_cd8_tumor_contact,spatial,BaselTMA_SP42_36_X5Y1,2291,230,0.9043478260869565,0.5949367088607594,1.5200740055504165,True,bc_jackson2020,True
motif_cd8_tumor_contact,spatial,BaselTMA_SP42_36_X6Y1,576,58,0.4827586206896552,0.5069444444444444,0.9522909777987719,False,bc_jackson2020,True
motif_cd8_tumor_contact,spatial,BaselTMA_SP42_46_X10Y7,2901,291,0.6460481099656358,0.6804550155118925,0.9494354442808052,False,bc_jackson2020,True
motif_cd8_tumor_contact,spatial,BaselTMA_SP42_51_X1Y2,1727,173,0.5433526011560693,0.4881297046902142,1.1131316040291006,False,bc_jackson2020,True
motif_cd8_tumor_contact,spatial,BaselTMA_SP42_64_X13Y4,3906,391,0.6035805626598465,0.7726574500768049,0.7811748435219883,False,bc_jackson2020,True
motif_cd8_tumor_contact,spatial,BaselTMA_SP42_64_X14Y4,4833,484,0.6880165289256198,0.7186012828470929,0.9574384924553759,False,bc_jackson2020,True
motif_cd8_tumor_contact,spatial,BaselTMA_SP42_6_X11Y1,1900,190,0.5368421052631579,0.5852631578947368,0.9172661870503598,False,bc_jackson2020,True
motif_cd8_tumor_contact,spatial,BaselTMA_SP42_71_X8Y8,1976,198,0.7727272727272727,0.6199392712550608,1.2464564007421148,False,bc_jackson2020,True
motif_cd8_tumor_contact,spatial,BaselTMA_SP42_74_X15Y3,2698,270,0.8148148148148148,0.8977020014825797,0.9076673700951157,False,bc_jackson2020,True
motif_cd8_tumor_contact,spatial,BaselTMA_SP42_76_X13Y6,2440,244,0.48360655737704916,0.4860655737704918,0.9949409780775716,False,bc_jackson2020,True
motif_cd8_tumor_contact,spatial,BaselTMA_SP42_81_X12Y4,736,74,0.8243243243243243,0.46059782608695654,1.7896834887985331,True,bc_jackson2020,True
motif_cd8_tumor_contact,spatial,BaselTMA_SP42_84_X7Y1,1199,120,0.55,0.5262718932443703,1.0450871632329637,False,bc_jackson2020,True
motif_cd8_tumor_contact,spatial,BaselTMA_SP42_91_X11Y3,4086,409,0.5843520782396088,0.7112090063631914,0.8216319998923061,False,bc_jackson2020,True
motif_cd8_tumor_contact,spatial,BaselTMA_SP42_96_X10Y3,700,70,0.6857142857142857,0.6157142857142858,1.1136890951276102,False,bc_jackson2020,True
motif_cd8_tumor_contact,spatial,BaselTMA_SP43_102_X2Y4,461,47,0.6808510638297872,0.2841648590021692,2.3959720643170375,True,bc_jackson2020,True
motif_cd8_tumor_contact,spatial,BaselTMA_SP43_103_X5Y4,4175,418,0.5191387559808612,0.6222754491017964,0.8342587783757104,False,bc_jackson2020,True
motif_cd8_tumor_contact,spatial,BaselTMA_SP43_103_X6Y4,179,18,0.5555555555555556,0.36312849162011174,1.52991452991453,True,bc_jackson2020,True
motif_cd8_tumor_contact,spatial,BaselTMA_SP43_108_X13Y8,6320,632,0.805379746835443,0.8973101265822785,0.8975489331687533,False,bc_jackson2020,True
motif_cd8_tumor_contact,spatial,BaselTMA_SP43_111_X8Y6,5057,506,0.6205533596837944,0.3274668775954123,1.8950110748314906,True,bc_jackson2020,True
motif_cd8_tumor_contact,spatial,BaselTMA_SP43_116_X3Y4,6069,607,0.7874794069192751,0.6376668314384577,1.2349386358121657,False,bc_jackson2020,True
motif_cd8_tumor_contact,spatial,BaselTMA_SP43_118_X13Y5,3309,331,0.6374622356495468,0.7258990631610759,0.8781692496937346,False,bc_jackson2020,True
motif_cd8_tumor_contact,spatial,BaselTMA_SP43_122_X12Y8,3415,342,0.5847953216374269,0.5660322108345535,1.033148485976106,False,bc_jackson2020,True
motif_cd8_tumor_contact,spatial,BaselTMA_SP43_125_X5Y7,1934,194,0.5360824742268041,0.4581178903826267,1.1701845430639268,False,bc_jackson2020,True
motif_cd8_tumor_contact,spatial,BaselTMA_SP43_131_X13Y4,1633,164,0.5365853658536586,0.6129822412737294,0.8753685339051193,False,bc_jackson2020,True
motif_cd8_tumor_contact,spatial,BaselTMA_SP43_131_X14Y4,862,87,0.5287356321839081,0.36310904872389793,1.4561345525320406,True,bc_jackson2020,True
motif_cd8_tumor_contact,spatial,BaselTMA_SP43_132_X13Y1,4258,426,0.687793427230047,0.77665570690465,0.8855834330648746,False,bc_jackson2020,True
motif_cd8_tumor_contact,spatial,BaselTMA_SP43_132_X14Y1,820,82,0.7560975609756098,0.8378048780487805,0.9024745269286755,False,bc_jackson2020,True
motif_cd8_tumor_contact,spatial,BaselTMA_SP43_137_X9Y3,4305,431,0.8445475638051044,0.9226480836236933,0.915351777991182,False,bc_jackson2020,True
motif_cd8_tumor_contact,spatial,BaselTMA_SP43_139_X1Y7,2171,218,0.3348623853211009,0.32888070013818516,1.0181880091486135,False,bc_jackson2020,True
motif_cd8_tumor_contact,spatial,BaselTMA_SP43_142_X5Y1,2453,246,0.5121951219512195,0.5870362821035466,0.8725101626016261,False,bc_jackson2020,True
motif_cd8_tumor_contact,spatial,BaselTMA_SP43_142_X6Y1,489,49,0.9387755102040817,0.4887525562372188,1.9207582614635814,True,bc_jackson2020,True
motif_cd8_tumor_contact,spatial,BaselTMA_SP43_143_X1Y2,109,11,0.8181818181818182,0.7339449541284404,1.1147727272727272,False,bc_jackson2020,True
motif_cd8_tumor_contact,spatial,BaselTMA_SP43_147_X6Y6,322,33,0.5151515151515151,0.35093167701863354,1.467953875033521,True,bc_jackson2020,True
motif_cd8_tumor_contact,spatial,BaselTMA_SP43_149_X10Y6_222,544,55,0.43636363636363634,0.5790441176470589,0.7535930735930735,False,bc_jackson2020,True
motif_cd8_tumor_contact,spatial,BaselTMA_SP43_157_X4Y5,688,69,0.7101449275362319,0.29069767441860467,2.442898550724638,True,bc_jackson2020,True
motif_cd8_tumor_contact,spatial,BaselTMA_SP43_15_X1Y9,4396,440,0.6681818181818182,0.6166969972702456,1.083484792595822,False,bc_jackson2020,True
motif_cd8_tumor_contact,spatial,BaselTMA_SP43_168_X10Y5,6908,691,0.9464544138929089,0.9795888824551245,0.9661751279994405,False,bc_jackson2020,True
motif_cd8_tumor_contact,spatial,BaselTMA_SP43_172_X9Y2,3053,306,0.7124183006535948,0.6311824434981985,1.1287042407345225,False,bc_jackson2020,True
motif_cd8_tumor_contact,spatial,BaselTMA_SP43_173_X2Y8,5802,581,0.6333907056798623,0.8877973112719751,0.7134406667355002,False,bc_jackson2020,True
motif_cd8_tumor_contact,spatial,BaselTMA_SP43_17_X11Y4,4059,406,0.6330049261083743,0.7969943335796994,0.7942401839486527,False,bc_jackson2020,True
motif_cd8_tumor_contact,spatial,BaselTMA_SP43_17_X12Y4,521,53,0.660377358490566,0.4510556621880998,1.4640706543556805,True,bc_jackson2020,True
motif_cd8_tumor_contact,spatial,BaselTMA_SP43_193_X9Y7,3659,366,0.7377049180327869,0.8092374965837661,0.9116049628780707,False,bc_jackson2020,True
motif_cd8_tumor_contact,spatial,BaselTMA_SP43_195_X11Y6,2217,222,0.5720720720720721,0.5787099684258006,0.9885298392702915,False,bc_jackson2020,True
motif_cd8_tumor_contact,spatial,BaselTMA_SP43_1_X1Y8,2907,291,0.7319587628865979,0.7220502235982112,1.0137227840454217,False,bc_jackson2020,True
motif_cd8_tumor_contact,spatial,BaselTMA_SP43_200_X9Y6,2332,234,0.7478632478632479,0.7722984562607204,0.9683604075608518,False,bc_jackson2020,True
motif_cd8_tumor_contact,spatial,BaselTMA_SP43_201_X14Y5,2948,295,0.376271186440678,0.4287652645861601,0.8775691911606952,False,bc_jackson2020,True
motif_cd8_tumor_contact,spatial,BaselTMA_SP43_205_X3Y6,2298,230,0.8347826086956521,0.6649260226283725,1.2554518552242202,True,bc_jackson2020,True
motif_cd8_tumor_contact,spatial,BaselTMA_SP43_209_X11Y1,1962,197,0.6802030456852792,0.5387359836901121,1.2625907054252772,True,bc_jackson2020,True
motif_cd8_tumor_contact,spatial,BaselTMA_SP43_222_X7Y2,3193,320,0.809375,0.7206388975884748,1.1231353215993045,False,bc_jackson2020,True
motif_cd8_tumor_contact,spatial,BaselTMA_SP43_225_X2Y9,2904,291,0.7044673539518901,0.6615013774104683,1.0649522102427322,False,bc_jackson2020,True
motif_cd8_tumor_contact,spatial,BaselTMA_SP43_226_X6Y9,5282,529,0.780718336483932,0.8843241196516471,0.8828418439966021,False,bc_jackson2020,True
motif_cd8_tumor_contact,spatial,BaselTMA_SP43_22_X12Y6,3123,313,0.7507987220447284,0.7813000320204931,0.9609608233383962,False,bc_jackson2020,True
motif_cd8_tumor_contact,spatial,BaselTMA_SP43_230_X11Y5,2440,244,0.38524590163934425,0.4725409836065574,0.8152645273200346,False,bc_jackson2020,True
motif_cd8_tumor_contact,spatial,BaselTMA_SP43_235_X12Y2,1968,197,0.5989847715736041,0.4268292682926829,1.4033357505438724,True,bc_jackson2020,True
motif_cd8_tumor_contact,spatial,BaselTMA_SP43_23_X15Y7,2607,261,0.5402298850574713,0.620253164556962,0.8709828759089844,False,bc_jackson2020,True
motif_cd8_tumor_contact,spatial,BaselTMA_SP43_241_X7Y3,3041,305,0.8885245901639345,0.9427819796119697,0.9424496960894749,False,bc_jackson2020,True
motif_cd8_tumor_contact,spatial,BaselTMA_SP43_244_X3Y1,2939,294,0.5068027210884354,0.3916298060564818,1.2940861835611743,True,bc_jackson2020,True
motif_cd8_tumor_contact,spatial,BaselTMA_SP43_245_X6Y5,4628,463,0.7580993520518359,0.8837510803802938,0.8578200003168451,False,bc_jackson2020,True
motif_cd8_tumor_contact,spatial,BaselTMA_SP43_246_X2Y6,1738,174,0.8908045977011494,0.8567318757192175,1.0397705781091993,False,bc_jackson2020,True
motif_cd8_tumor_contact,spatial,BaselTMA_SP43_248_X8Y8,798,80,0.45,0.45112781954887216,0.9975,False,bc_jackson2020,True
motif_cd8_tumor_contact,spatial,BaselTMA_SP43_250_X1Y3,2457,246,0.4796747967479675,0.5339845339845339,0.8982934265318264,False,bc_jackson2020,True
motif_cd8_tumor_contact,spatial,BaselTMA_SP43_252_X6Y7,2647,265,0.6377358490566037,0.6157914620324896,1.0356360689894664,False,bc_jackson2020,True
motif_cd8_tumor_contact,spatial,BaselTMA_SP43_260_X10Y4,2829,283,0.5371024734982333,0.5790031813361611,0.9276330265729561,False,bc_jackson2020,True
motif_cd8_tumor_contact,spatial,BaselTMA_SP43_266_X7Y8,3860,386,0.6476683937823834,0.6746113989637306,0.9600614439324117,False,bc_jackson2020,True
motif_cd8_tumor_contact,spatial,BaselTMA_SP43_269_X5Y9,3942,395,0.5620253164556962,0.5710299340436327,0.9842309184666168,False,bc_jackson2020,True
motif_cd8_tumor_contact,spatial,BaselTMA_SP43_26_X16Y5,1592,160,0.89375,0.574748743718593,1.5550273224043716,True,bc_jackson2020,True
motif_cd8_tumor_contact,spatial,BaselTMA_SP43_270_X6Y8,4303,431,0.8004640371229699,0.8435974901231699,0.9488696285785508,False,bc_jackson2020,True
motif_cd8_tumor_contact,spatial,BaselTMA_SP43_271_X11Y8,2256,226,0.6902654867256637,0.5713652482269503,1.2080984779310298,False,bc_jackson2020,True
motif_cd8_tumor_contact,spatial,BaselTMA_SP43_272_X12Y3,673,68,0.5,0.4323922734026746,1.156357388316151,False,bc_jackson2020,True
motif_cd8_tumor_contact,spatial,BaselTMA_SP43_278_X3Y2,3430,343,0.7259475218658892,0.8186588921282799,0.8867521367521367,False,bc_jackson2020,True
motif_cd8_tumor_contact,spatial,BaselTMA_SP43_278_X4Y2,1089,109,0.14678899082568808,0.07713498622589532,1.9030144167758847,True,bc_jackson2020,True
motif_cd8_tumor_contact,spatial,BaselTMA_SP43_281_X8Y7,2198,220,0.42727272727272725,0.4695177434030937,0.9100246652572234,False,bc_jackson2020,True
motif_cd8_tumor_contact,spatial,BaselTMA_SP43_32_X4Y6,3914,392,0.7423469387755102,0.8306080735820133,0.8937391320723921,False,bc_jackson2020,True
motif_cd8_tumor_contact,spatial,BaselTMA_SP43_34_X12Y5,2451,246,0.6300813008130082,0.6046511627906976,1.042057535959975,False,bc_jackson2020,True
motif_cd8_tumor_contact,spatial,BaselTMA_SP43_47_X16Y4,2635,264,0.6439393939393939,0.40531309297912715,1.5887456020882986,True,bc_jackson2020,True
motif_cd8_tumor_contact,spatial,BaselTMA_SP43_49_X1Y5,4237,424,0.8537735849056604,0.8005664385178192,1.066461874777501,False,bc_jackson2020,True
motif_cd8_tumor_contact,spatial,BaselTMA_SP43_66_X15Y6,1646,165,0.3939393939393939,0.45625759416767925,0.863414437315902,False,bc_jackson2020,True
motif_cd8_tumor_contact,spatial,BaselTMA_SP43_75_X2Y5,2771,278,0.9388489208633094,0.7571273908336341,1.2400144707875262,False,bc_jackson2020,True
motif_cd8_tumor_contact,spatial,BaselTMA_SP43_79_X8Y4,4083,409,0.7677261613691931,0.8388439872642665,0.9152192458015812,False,bc_jackson2020,True
motif_cd8_tumor_contact,spatial,BaselTMA_SP43_85_X10Y1,391,40,0.55,0.5549872122762148,0.9910138248847927,False,bc_jackson2020,True
motif_cd8_tumor_contact,spatial,BaselTMA_SP43_90_X7Y6,3194,320,0.725,0.7711333750782717,0.9401745838408445,False,bc_jackson2020,True
motif_cd8_tumor_contact,spatial,BaselTMA_SP43_93_X15Y5,5285,529,0.5368620037807184,0.8306527909176916,0.6463133690161951,False,bc_jackson2020,True
motif_cd8_tumor_contact,spatial,BaselTMA_SP43_94_X12Y7,2991,300,0.63,0.700768973587429,0.8990124045801526,False,bc_jackson2020,True
motif_cd8_tumor_contact,spatial,BaselTMA_SP43_95_X13Y2,2640,264,0.5946969696969697,0.5481060606060606,1.0850034554250174,False,bc_jackson2020,True
motif_cd8_tumor_contact,spatial,BaselTMA_SP43_97_X16Y6,3648,365,0.8246575342465754,0.6661184210526315,1.2380043970911552,False,bc_jackson2020,True
motif_macrophage_tumor_niche,spatial,BaselTMA_SP41_101_X10Y8,3433,344,0.747093023255814,0.722108942615788,1.0345987691961311,False,bc_jackson2020,True
motif_macrophage_tumor_niche,spatial,BaselTMA_SP41_104_X8Y4_175,1841,185,0.6270270270270271,0.708310700706138,0.8852429116232797,False,bc_jackson2020,True
motif_macrophage_tumor_niche,spatial,BaselTMA_SP41_104_X8Y4_233,2046,205,0.7658536585365854,0.6451612903225806,1.1870731707317073,False,bc_jackson2020,True
motif_macrophage_tumor_niche,spatial,BaselTMA_SP41_112_X5Y8,2927,293,0.7303754266211604,0.659378202938162,1.1076729915648376,False,bc_jackson2020,True
motif_macrophage_tumor_niche,spatial,BaselTMA_SP41_129_X7Y8,1751,176,0.4375,0.4391776127926899,0.9961801040312094,False,bc_jackson2020,True
motif_macrophage_tumor_niche,spatial,BaselTMA_SP41_133_X3Y6,4151,416,0.7091346153846154,0.7892074198988196,0.8985402284681131,False,bc_jackson2020,True
motif_macrophage_tumor_niche,spatial,BaselTMA_SP41_135_X8Y5,3376,338,0.7159763313609467,0.7885071090047393,0.9080150618612157,False,bc_jackson2020,True
motif_macrophage_tumor_niche,spatial,BaselTMA_SP41_141_X11Y2,5662,567,0.8306878306878307,0.8682444365948428,0.9567442020656015,False,bc_jackson2020,True
motif_macrophage_tumor_niche,spatial,BaselTMA_SP41_14_X1Y8,3401,341,0.41055718475073316,0.34107615407233166,1.2037111942562444,False,bc_jackson2020,True
motif_macrophage_tumor_niche,spatial,BaselTMA_SP41_159_X12Y4,2515,252,0.14682539682539683,0.3956262425447316,0.37112148041796283,False,bc_jackson2020,True
motif_macrophage_tumor_niche,spatial,BaselTMA_SP41_166_X15Y4,3066,307,0.6775244299674267,0.6298108284409655,1.075758623656204,False,bc_jackson2020,True
motif_macrophage_tumor_niche,spatial,BaselTMA_SP41_177_X16Y5,2723,273,0.11721611721611722,0.1369812706573632,0.8557090809101533,False,bc_jackson2020,True
motif_macrophage_tumor_niche,spatial,BaselTMA_SP41_186_X5Y4,4923,493,0.6186612576064908,0.6171033922405038,1.002524480314929,False,bc_jackson2020,True
motif_macrophage_tumor_niche,spatial,BaselTMA_SP41_186_X6Y4,1965,197,0.40609137055837563,0.5893129770992367,0.689092869729886,False,bc_jackson2020,True
motif_macrophage_tumor_niche,spatial,BaselTMA_SP41_187_X3Y2,194,20,0.8,0.37628865979381443,2.126027397260274,True,bc_jackson2020,True
motif_macrophage_tumor_niche,spatial,BaselTMA_SP41_18_X13Y5,1851,186,0.2903225806451613,0.3349540788762831,0.8667533818938606,False,bc_jackson2020,True
motif_macrophage_tumor_niche,spatial,BaselTMA_SP41_191_X15Y7,4544,455,0.7120879120879121,0.8340669014084507,0.8537539505349532,False,bc_jackson2020,True
motif_macrophage_tumor_niche,spatial,BaselTMA_SP41_196_X5Y7,1392,140,0.18571428571428572,0.3886494252873563,0.47784526010034334,False,bc_jackson2020,True
motif_macrophage_tumor_niche,spatial,BaselTMA_SP41_203_X8Y8,2771,278,0.7589928057553957,0.8274990977986286,0.9172128498683828,False,bc_jackson2020,True
motif_macrophage_tumor_niche,spatial,BaselTMA_SP41_206_X2Y2,1853,186,0.7741935483870968,0.664328116567728,1.1653782657687166,False,bc_jackson2020,True
motif_macrophage_tumor_niche,spatial,BaselTMA_SP41_211_X4Y6,2284,229,0.7074235807860262,0.6291593695271454,1.1243948911031898,False,bc_jackson2020,True
motif_macrophage_tumor_niche,spatial,BaselTMA_SP41_214_X15Y6,2123,213,0.23943661971830985,0.3174752708431465,0.7541898273916496,False,bc_jackson2020,True
motif_macrophage_tumor_niche,spatial,BaselTMA_SP41_216_X1Y6,2422,243,0.5061728395061729,0.5891824938067712,0.859110453597723,False,bc_jackson2020,True
motif_macrophage_tumor_niche,spatial,BaselTMA_SP41_218_X10Y4_244,2468,247,0.4089068825910931,0.3399513776337115,1.2028393161320832,False,bc_jackson2020,True
motif_macrophage_tumor_niche,spatial,BaselTMA_SP41_218_X9Y4_240,2580,258,0.7674418604651163,0.5903100775193798,1.3000656598818123,True,bc_jackson2020,True
motif_macrophage_tumor_niche,spatial,BaselTMA_SP41_219_X8Y7,2755,276,0.37681159420289856,0.44101633393829404,0.8544164131925807,False,bc_jackson2020,True
motif_macrophage_tumor_niche,spatial,BaselTMA_SP41_224_X3Y7,1593,160,0.2875,0.3019460138104206,0.9521569646569646,False,bc_jackson2020,True
motif_macrophage_tumor_niche,spatial,BaselTMA_SP41_227_X9Y6,1631,164,0.7682926829268293,0.6431637032495402,1.1945523030063474,False,bc_jackson2020,True
motif_macrophage_tumor_niche,spatial,BaselTMA_SP41_228_X7Y3,263,27,0.25925925925925924,0.19011406844106463,1.3637037037037036,True,bc_jackson2020,True
motif_macrophage_tumor_niche,spatial,BaselTMA_SP41_231_X6Y6_10,842,85,0.10588235294117647,0.3990498812351544,0.2653361344537815,False,bc_jackson2020,True
motif_macrophage_tumor_niche,spatial,BaselTMA_SP41_231_X6Y6_256,1602,161,0.6149068322981367,0.7602996254681648,0.8087690848453325,False,bc_jackson2020,True
motif_macrophage_tumor_niche,spatial,BaselTMA_SP41_234_X10Y6,2319,232,0.7112068965517241,0.7697283311772316,0.9239713126629961,False,bc_jackson2020,True
motif_macrophage_tumor_niche,spatial,BaselTMA_SP41_238_X7Y1,3106,311,0.6913183279742765,0.5943335479716677,1.1631824088234577,False,bc_jackson2020,True
motif_macrophage_tumor_niche,spatial,BaselTMA_SP41_239_X11Y3_165,2734,274,0.39416058394160586,0.43964886613021215,0.8965349721267474,False,bc_jackson2020,True
motif_macrophage_tumor_niche,spatial,BaselTMA_SP41_247_X13Y6,3687,369,0.36585365853658536,0.5291564957960402,0.6913902814066581,False,bc_jackson2020,True
motif_macrophage_tumor_niche,spatial,BaselTMA_SP41_24_X6Y2,1162,117,0.3504273504273504,0.5008605851979346,0.6996504831556377,False,bc_jackson2020,True
motif_macrophage_tumor_niche,spatial,BaselTMA_SP41_254_X11Y6,2909,291,0.4329896907216495,0.43279477483671364,1.0004503656149948,False,bc_jackson2020,True
motif_macrophage_tumor_niche,spatial,BaselTMA_SP41_256_X9Y7,3112,312,0.3717948717948718,0.3827120822622108,0.9714740898619991,False,bc_jackson2020,True
motif_macrophage_tumor_niche,spatial,BaselTMA_SP41_274_X13Y1,528,53,0.09433962264150944,0.13068181818181818,0.7219031993437245,False,bc_jackson2020,True
motif_macrophage_tumor_niche,spatial,BaselTMA_SP41_276_X9Y8,4068,407,0.6756756756756757,0.8628318584070797,0.7830907830907831,False,bc_jackson2020,True
motif_macrophage_tumor_niche,spatial,BaselTMA_SP41_277_X12Y6,664,67,0.5223880597014925,0.6114457831325302,0.8543489449305197,False,bc_jackson2020,True
motif_macrophage_tumor_niche,spatial,BaselTMA_SP41_282_X1Y3,2406,241,0.6887966804979253,0.7747298420615129,0.8890798354495753,False,bc_jackson2020,True
motif_macrophage_tumor_niche,spatial,BaselTMA_SP41_283_X2Y6,2534,254,0.47244094488188976,0.505524861878453,0.9345553117335743,False,bc_jackson2020,True
motif_macrophage_tumor_niche,spatial,BaselTMA_SP41_284_X7Y2,1236,124,0.5080645161290323,0.36650485436893204,1.3862422559282204,True,bc_jackson2020,True
motif_macrophage_tumor_niche,spatial,BaselTMA_SP41_37_X7Y6,2872,288,0.625,0.7249303621169917,0.8621517771373679,False,bc_jackson2020,True
motif_macrophage_tumor_niche,spatial,BaselTMA_SP41_38_X4Y7,2412,242,0.9090909090909091,0.9324212271973465,0.9749787784469865,False,bc_jackson2020,True
motif_macrophage_tumor_niche,spatial,BaselTMA_SP41_39_X1Y7,2524,253,0.5177865612648221,0.5942947702060222,0.8712621870882741,False,bc_jackson2020,True
motif_macrophage_tumor_niche,spatial,BaselTMA_SP41_41_X11Y8,3223,323,0.4891640866873065,0.6825938566552902,0.7166253869969039,False,bc_jackson2020,True
motif_macrophage_tumor_niche,spatial,BaselTMA_SP41_42_X14Y5,1719,172,0.5174418604651163,0.6143106457242583,0.8423130285412262,False,bc_jackson2020,True
motif_macrophage_tumor_niche,spatial,BaselTMA_SP41_44_X2Y7,3187,319,0.6489028213166145,0.657044242234076,0.9876090217459648,False,bc_jackson2020,True
motif_macrophage_tumor_niche,spatial,BaselTMA_SP41_45_X3Y3,2949,295,0.5220338983050847,0.5452695829094608,0.9573867948393625,False,bc_jackson2020,True
motif_macrophage_tumor_niche,spatial,BaselTMA_SP41_48_X14Y8,3718,372,0.6747311827956989,0.6976869284561592,0.9670973545236733,False,bc_jackson2020,True
motif_macrophage_tumor_niche,spatial,BaselTMA_SP41_53_X6Y8,2150,215,0.4883720930232558,0.4441860465116279,1.0994764397905759,False,bc_jackson2020,True
motif_macrophage_tumor_niche,spatial,BaselTMA_SP41_57_X8Y6,1248,125,0.28,0.2419871794871795,1.157086092715232,False,bc_jackson2020,True
motif_macrophage_tumor_niche,spatial,BaselTMA_SP41_58_X15Y1,4347,435,0.5770114942528736,0.7738670347365999,0.7456209766698102,False,bc_jackson2020,True
motif_macrophage_tumor_niche,spatial,BaselTMA_SP41_60_X11Y7,2309,231,0.6233766233766234,0.6604590731918579,0.9438535235256547,False,bc_jackson2020,True
motif_macrophage_tumor_niche,spatial,BaselTMA_SP41_61_X3Y4,1939,194,0.42783505154639173,0.4883960804538422,0.8760001741799932,False,bc_jackson2020,True
motif_macrophage_tumor_niche,spatial,BaselTMA_SP41_63_X4Y9,3335,334,0.6946107784431138,0.8593703148425788,0.8082787669601481,False,bc_jackson2020,True
motif_macrophage_tumor_niche,spatial,BaselTMA_SP41_68_X9Y1,2239,224,0.29910714285714285,0.4006252791424743,0.7466007724159898,False,bc_jackson2020,True
motif_macrophage_tumor_niche,spatial,BaselTMA_SP41_72_X12Y1,475,48,0.14583333333333334,0.28,0.5208333333333334,False,bc_jackson2020,True
motif_macrophage_tumor_niche,spatial,BaselTMA_SP41_83_X14Y2,2042,205,0.5073170731707317,0.6909892262487757,0.7341895559281603,False,bc_jackson2020,True
motif_macrophage_tumor_niche,spatial,BaselTMA_SP41_88_X11Y5_242,1204,121,0.4628099173553719,0.4335548172757475,1.067477280643425,False,bc_jackson2020,True
motif_macrophage_tumor_niche,spatial,BaselTMA_SP41_8_X5Y9,1996,200,0.16,0.22845691382765532,0.7003508771929825,False,bc_jackson2020,True
motif_macrophage_tumor_niche,spatial,BaselTMA_SP41_92_X12Y7,4533,454,0.16740088105726872,0.16655636443856167,1.005070455407416,False,bc_jackson2020,True
motif_macrophage_tumor_niche,spatial,BaselTMA_SP41_9_X6Y9,2695,270,0.9074074074074074,0.9076066790352505,0.9997804427485539,False,bc_jackson2020,True
motif_macrophage_tumor_niche,spatial,BaselTMA_SP42_121_X11Y8,2312,232,0.34913793103448276,0.3416955017301038,1.0217808817110432,False,bc_jackson2020,True
motif_macrophage_tumor_niche,spatial,BaselTMA_SP42_127_X2Y8,6845,685,0.8,0.874945215485756,0.9143429620971782,False,bc_jackson2020,True
motif_macrophage_tumor_niche,spatial,BaselTMA_SP42_136_X10Y4,968,97,0.4639175257731959,0.7055785123966942,0.6574995094413669,False,bc_jackson2020,True
motif_macrophage_tumor_niche,spatial,BaselTMA_SP42_13_X5Y8,2901,291,0.5429553264604811,0.6180627369872458,0.878479309571587,False,bc_jackson2020,True
motif_macrophage_tumor_niche,spatial,BaselTMA_SP42_145_X1Y4,3361,337,0.4065281899109792,0.3924427253793514,1.0358917712591367,False,bc_jackson2020,True
motif_macrophage_tumor_niche,spatial,BaselTMA_SP42_152_X15Y6,2518,252,0.7341269841269841,0.7279586973788721,1.0084734020904234,False,bc_jackson2020,True
motif_macrophage_tumor_niche,spatial,BaselTMA_SP42_154_X7Y4,1277,128,0.2578125,0.29913860610806575,0.8618496400523561,False,bc_jackson2020,True
motif_macrophage_tumor_niche,spatial,BaselTMA_SP42_156_X16Y1,692,70,0.4714285714285714,0.4638728323699422,1.0162883845126836,False,bc_jackson2020,True
motif_macrophage_tumor_niche,spatial,BaselTMA_SP42_160_X13Y5,3045,305,0.6885245901639344,0.6532019704433497,1.0540761071137157,False,bc_jackson2020,True
motif_macrophage_tumor_niche,spatial,BaselTMA_SP42_161_X13Y3,3899,390,0.3923076923076923,0.5786098999743524,0.6780175941080197,False,bc_jackson2020,True
motif_macrophage_tumor_niche,spatial,BaselTMA_SP42_162_X16Y7,3143,315,0.35873015873015873,0.4801145402481705,0.7471762020469774,False,bc_jackson2020,True
motif_macrophage_tumor_niche,spatial,BaselTMA_SP42_164_X9Y8,1719,172,0.4883720930232558,0.6387434554973822,0.7645825390773923,False,bc_jackson2020,True
motif_macrophage_tumor_niche,spatial,BaselTMA_SP42_169_X3Y8,3455,346,0.5953757225433526,0.7021707670043416,0.8479073047762915,False,bc_jackson2020,True
motif_macrophage_tumor_niche,spatial,BaselTMA_SP42_174_X9Y6,3567,357,0.7394957983193278,0.7877768432856742,0.9387122820658513,False,bc_jackson2020,True
motif_macrophage_tumor_niche,spatial,BaselTMA_SP42_175_X15Y5_236,668,67,0.43283582089552236,0.29191616766467066,1.4827401454267126,True,bc_jackson2020,True
motif_macrophage_tumor_niche,spatial,BaselTMA_SP42_176_X3Y7,4769,477,0.36477987421383645,0.5149926609352066,0.7083205293671767,False,bc_jackson2020,True
motif_macrophage_tumor_niche,spatial,BaselTMA_SP42_179_X13Y8,5186,519,0.5741811175337187,0.6924411878133436,0.8292128308353843,False,bc_jackson2020,True
motif_macrophage_tumor_niche,spatial,BaselTMA_SP42_181_X6Y5,1992,200,0.625,0.6214859437751004,1.005654281098546,False,bc_jackson2020,True
motif_macrophage_tumor_niche,spatial,BaselTMA_SP42_182_X1Y8,2667,267,0.5093632958801498,0.7341582302212224,0.6938058785047801,False,bc_jackson2020,True
motif_macrophage_tumor_niche,spatial,BaselTMA_SP42_183_X3Y6,2236,224,0.2544642857142857,0.36001788908765653,0.706810115350488,False,bc_jackson2020,True
motif_macrophage_tumor_niche,spatial,BaselTMA_SP42_190_X9Y5,1686,169,0.2485207100591716,0.2526690391459075,0.9835819651637635,False,bc_jackson2020,True
motif_macrophage_tumor_niche,spatial,BaselTMA_SP42_192_X8Y5,2893,290,0.39655172413793105,0.5603180089872105,0.7077261800931737,False,bc_jackson2020,True
motif_macrophage_tumor_niche,spatial,BaselTMA_SP42_198_X7Y8,2607,261,0.6551724137931034,0.6892980437284235,0.9504921996430832,False,bc_jackson2020,True
motif_macrophage_tumor_niche,spatial,BaselTMA_SP42_208_X15Y7,1832,184,0.6630434782608695,0.4230349344978166,1.5673492286115005,True,bc_jackson2020,True
motif_macrophage_tumor_niche,spatial,BaselTMA_SP42_210_X4Y5,2488,249,0.3855421686746988,0.4336816720257235,0.8889980682693703,False,bc_jackson2020,True
motif_macrophage_tumor_niche,spatial,BaselTMA_SP42_217_X1Y3,3843,385,0.3246753246753247,0.268279989591465,1.210210739793669,False,bc_jackson2020,True
motif_macrophage_tumor_niche,spatial,BaselTMA_SP42_217_X2Y3,2060,206,0.6213592233009708,0.7194174757281553,0.8636977058029689,False,bc_jackson2020,True
motif_macrophage_tumor_niche,spatial,BaselTMA_SP42_223_X9Y7,2535,254,0.43700787401574803,0.5928994082840237,0.737069168749116,False,bc_jackson2020,True
motif_macrophage_tumor_niche,spatial,BaselTMA_SP42_232_X7Y6,2437,244,0.5450819672131147,0.536315141567501,1.0163464071142774,False,bc_jackson2020,True
motif_macrophage_tumor_niche,spatial,BaselTMA_SP42_240_X9Y2,2523,253,0.6600790513833992,0.6924296472453428,0.9532795916658936,False,bc_jackson2020,True
motif_macrophage_tumor_niche,spatial,BaselTMA_SP42_251_X15Y2,1722,173,0.5838150289017341,0.578397212543554,1.0093669475590221,False,bc_jackson2020,True
motif_macrophage_tumor_niche,spatial,BaselTMA_SP42_253_X13Y2,3369,337,0.4094955489614243,0.6687444345503116,0.6123348887931818,False,bc_jackson2020,True
motif_macrophage_tumor_niche,spatial,BaselTMA_SP42_258_X4Y7,1914,192,0.3385416666666667,0.4482758620689655,0.7552083333333334,False,bc_jackson2020,True
motif_macrophage_tumor_niche,spatial,BaselTMA_SP42_25_X3Y2,3870,387,0.8578811369509044,0.903359173126615,0.9496567505720824,False,bc_jackson2020,True
motif_macrophage_tumor_niche,spatial,BaselTMA_SP42_25_X4Y2,328,33,0.24242424242424243,0.25914634146341464,0.9354723707664884,False,bc_jackson2020,True
motif_macrophage_tumor_niche,spatial,BaselTMA_SP42_264_X14Y5,2181,219,0.4840182648401826,0.567629527739569,0.8527009980746675,False,bc_jackson2020,True
motif_macrophage_tumor_niche,spatial,BaselTMA_SP42_265_X14Y1,141,15,0.6,0.3120567375886525,1.9227272727272726,True,bc_jackson2020,True
motif_macrophage_tumor_niche,spatial,BaselTMA_SP42_279_X14Y6,1544,155,0.5225806451612903,0.5615284974093264,0.9306395803103025,False,bc_jackson2020,True
motif_macrophage_tumor_niche,spatial,BaselTMA_SP42_285_X7Y7,3542,355,0.6591549295774648,0.7972896668548842,0.8267446035989308,False,bc_jackson2020,True
motif_macrophage_tumor_niche,spatial,BaselTMA_SP42_28_X11Y2,2910,291,0.3642611683848797,0.4979381443298969,0.7315389924085576,False,bc_jackson2020,True
motif_macrophage_tumor_niche,spatial,BaselTMA_SP42_28_X12Y2,2363,237,0.4472573839662447,0.5196783749471011,0.8606426696353716,False,bc_jackson2020,True
motif_macrophage_tumor_niche,spatial,BaselTMA_SP42_36_X5Y1,2291,230,0.5956521739130435,0.5752946311654299,1.0353862901629611,False,bc_jackson2020,True
motif_macrophage_tumor_niche,spatial,BaselTMA_SP42_46_X10Y7,2901,291,0.44329896907216493,0.5453291968286798,0.8129015861430787,False,bc_jackson2020,True
motif_macrophage_tumor_niche,spatial,BaselTMA_SP42_51_X1Y2,1727,173,0.2947976878612717,0.5645628257093225,0.5221698532681193,False,bc_jackson2020,True
motif_macrophage_tumor_niche,spatial,BaselTMA_SP42_59_X3Y9,4500,450,0.5133333333333333,0.7235555555555555,0.7094594594594594,False,bc_jackson2020,True
motif_macrophage_tumor_niche,spatial,BaselTMA_SP42_5_X8Y7,2381,239,0.4393305439330544,0.18941621167576647,2.3193925168616465,True,bc_jackson2020,True
motif_macrophage_tumor_niche,spatial,BaselTMA_SP42_64_X13Y4,3906,391,0.5856777493606138,0.7785458269329237,0.7522713873734158,False,bc_jackson2020,True
motif_macrophage_tumor_niche,spatial,BaselTMA_SP42_64_X14Y4,4833,484,0.4090909090909091,0.5878336436995655,0.6959297302486321,False,bc_jackson2020,True
motif_macrophage_tumor_niche,spatial,BaselTMA_SP42_71_X8Y8,1976,198,0.4090909090909091,0.5576923076923077,0.7335423197492164,False,bc_jackson2020,True
motif_macrophage_tumor_niche,spatial,BaselTMA_SP42_73_X12Y7,2867,287,0.2926829268292683,0.44332054412277644,0.6602060985204659,False,bc_jackson2020,True
motif_macrophage_tumor_niche,spatial,BaselTMA_SP42_74_X15Y3,2698,270,0.9296296296296296,0.9121571534469978,1.0191551161075745,False,bc_jackson2020,True
motif_macrophage_tumor_niche,spatial,BaselTMA_SP42_80_X3Y3,4308,431,0.5150812064965197,0.5232126276694522,0.9844586679622922,False,bc_jackson2020,True
motif_macrophage_tumor_niche,spatial,BaselTMA_SP42_81_X11Y4,3203,321,0.6386292834890965,0.7571027162035592,0.8435173587693098,False,bc_jackson2020,True
motif_macrophage_tumor_niche,spatial,BaselTMA_SP42_81_X12Y4,736,74,0.17567567567567569,0.4592391304347826,0.38253638253638256,False,bc_jackson2020,True
motif_macrophage_tumor_niche,spatial,BaselTMA_SP42_89_X4Y6,2730,273,0.4249084249084249,0.671062271062271,0.6331877729257642,False,bc_jackson2020,True
motif_macrophage_tumor_niche,spatial,BaselTMA_SP42_91_X11Y3,4086,409,0.6112469437652812,0.7173274596182085,0.852117029077086,False,bc_jackson2020,True
motif_macrophage_tumor_niche,spatial,BaselTMA_SP42_98_X11Y5,2511,252,0.7579365079365079,0.6487455197132617,1.1683109707971586,False,bc_jackson2020,True
motif_macrophage_tumor_niche,spatial,BaselTMA_SP43_102_X1Y4,5151,516,0.6531007751937985,0.7600465928945835,0.8592904452166683,False,bc_jackson2020,True
motif_macrophage_tumor_niche,spatial,BaselTMA_SP43_102_X2Y4,461,47,0.14893617021276595,0.29067245119305857,0.5123848840901873,False,bc_jackson2020,True
motif_macrophage_tumor_niche,spatial,BaselTMA_SP43_103_X5Y4,4175,418,0.41148325358851673,0.6215568862275449,0.6620202634805616,False,bc_jackson2020,True
motif_macrophage_tumor_niche,spatial,BaselTMA_SP43_107_X4Y7,2831,284,0.9964788732394366,0.9770399152243023,1.0198957665006672,False,bc_jackson2020,True
motif_macrophage_tumor_niche,spatial,BaselTMA_SP43_108_X13Y8,6320,632,0.7768987341772152,0.9007911392405064,0.8624626734586334,False,bc_jackson2020,True
motif_macrophage_tumor_niche,spatial,BaselTMA_SP43_111_X8Y6,5057,506,0.1956521739130435,0.1360490409333597,1.438100353892821,True,bc_jackson2020,True
motif_macrophage_tumor_niche,spatial,BaselTMA_SP43_116_X3Y4,6069,607,0.4975288303130148,0.448838358872961,1.1084810833956265,False,bc_jackson2020,True
motif_macrophage_tumor_niche,spatial,BaselTMA_SP43_116_X4Y4,2910,291,0.2920962199312715,0.4601374570446735,0.6348020911127707,False,bc_jackson2020,True
motif_macrophage_tumor_niche,spatial,BaselTMA_SP43_118_X13Y5,3309,331,0.7039274924471299,0.7198549410698096,0.9778740858553958,False,bc_jackson2020,True
motif_macrophage_tumor_niche,spatial,BaselTMA_SP43_125_X5Y7,1934,194,0.4175257731958763,0.4544984488107549,0.9186517012068541,False,bc_jackson2020,True
motif_macrophage_tumor_niche,spatial,BaselTMA_SP43_131_X13Y4,1633,164,0.5365853658536586,0.6111451316595223,0.8779999022435115,False,bc_jackson2020,True
motif_macrophage_tumor_niche,spatial,BaselTMA_SP43_132_X13Y1,4258,426,0.6338028169014085,0.6883513386566463,0.9207548257817119,False,bc_jackson2020,True
motif_macrophage_tumor_niche,spatial,BaselTMA_SP43_137_X10Y3,282,29,0.13793103448275862,0.2553191489361702,0.5402298850574713,False,bc_jackson2020,True
motif_macrophage_tumor_niche,spatial,BaselTMA_SP43_137_X9Y3,4305,431,0.8631090487238979,0.9152148664343787,0.9430671204965433,False,bc_jackson2020,True
motif_macrophage_tumor_niche,spatial,BaselTMA_SP43_143_X2Y2,969,97,0.5773195876288659,0.5098039215686274,1.1324345757335448,False,bc_jackson2020,True
motif_macrophage_tumor_niche,spatial,BaselTMA_SP43_144_X15Y1,6267,627,0.3508771929824561,0.32631243018988354,1.0752798867584608,False,bc_jackson2020,True
motif_macrophage_tumor_niche,spatial,BaselTMA_SP43_144_X16Y1,1678,168,0.40476190476190477,0.5524433849821215,0.7326758103457133,False,bc_jackson2020,True
motif_macrophage_tumor_niche,spatial,BaselTMA_SP43_147_X6Y6,322,33,0.48484848484848486,0.30434782608695654,1.593073593073593,True,bc_jackson2020,True
motif_macrophage_tumor_niche,spatial,BaselTMA_SP43_149_X10Y6_222,544,55,0.43636363636363634,0.5128676470588235,0.850830889540567,False,bc_jackson2020,True
motif_macrophage_tumor_niche,spatial,BaselTMA_SP43_157_X4Y5,688,69,0.37681159420289856,0.30959302325581395,1.2171191399605361,False,bc_jackson2020,True
motif_macrophage_tumor_niche,spatial,BaselTMA_SP43_168_X10Y5,6908,691,0.9638205499276411,0.9779965257672264,0.9855050856868184,False,bc_jackson2020,True
motif_macrophage_tumor_niche,spatial,BaselTMA_SP43_170_X3Y3,2024,203,0.7192118226600985,0.7045454545454546,1.0208167805498172,False,bc_jackson2020,True
motif_macrophage_tumor_niche,spatial,BaselTMA_SP43_170_X4Y3,589,59,0.1694915254237288,0.1307300509337861,1.296500110059432,True,bc_jackson2020,True
motif_macrophage_tumor_niche,spatial,BaselTMA_SP43_172_X9Y2,3053,306,0.5522875816993464,0.5650180150671471,0.977468977929336,False,bc_jackson2020,True
motif_macrophage_tumor_niche,spatial,BaselTMA_SP43_173_X2Y8,5802,581,0.7280550774526678,0.8833160978972768,0.8242293774400739,False,bc_jackson2020,True
motif_macrophage_tumor_niche,spatial,BaselTMA_SP43_17_X12Y4,521,53,0.32075471698113206,0.4894433781190019,0.6553459119496855,False,bc_jackson2020,True
motif_macrophage_tumor_niche,spatial,BaselTMA_SP43_180_X5Y2,2619,262,0.5419847328244275,0.6662848415425735,0.8134429886917912,False,bc_jackson2020,True
motif_macrophage_tumor_niche,spatial,BaselTMA_SP43_193_X9Y7,3659,366,0.48360655737704916,0.5050560262366767,0.9575305159321553,False,bc_jackson2020,True
motif_macrophage_tumor_niche,spatial,BaselTMA_SP43_197_X4Y9,825,83,0.2289156626506024,0.336969696969697,0.6793360492329028,False,bc_jackson2020,True
motif_macrophage_tumor_niche,spatial,BaselTMA_SP43_199_X8Y5,2943,295,0.8508474576271187,0.8450560652395515,1.006853264091922,False,bc_jackson2020,True
motif_macrophage_tumor_niche,spatial,BaselTMA_SP43_1_X1Y8,2907,291,0.5498281786941581,0.7213622291021672,0.7622081618807428,False,bc_jackson2020,True
motif_macrophage_tumor_niche,spatial,BaselTMA_SP43_200_X9Y6,2332,234,0.42735042735042733,0.7722984562607204,0.5533488043204867,False,bc_jackson2020,True
motif_macrophage_tumor_niche,spatial,BaselTMA_SP43_201_X14Y5,2948,295,0.17627118644067796,0.33616010854816825,0.5243667584531975,False,bc_jackson2020,True
motif_macrophage_tumor_niche,spatial,BaselTMA_SP43_202_X9Y5,2976,298,0.5805369127516778,0.6266801075268817,0.9263688216348489,False,bc_jackson2020,True
motif_macrophage_tumor_niche,spatial,BaselTMA_SP43_205_X3Y6,2298,230,0.6086956521739131,0.6936466492602262,0.877529867437674,False,bc_jackson2020,True
motif_macrophage_tumor_niche,spatial,BaselTMA_SP43_213_X7Y7,1638,164,0.3780487804878049,0.4621489621489622,0.8180236491928987,False,bc_jackson2020,True
motif_macrophage_tumor_niche,spatial,BaselTMA_SP43_222_X7Y2,3193,320,0.65625,0.6899467585342938,0.9511603495233772,False,bc_jackson2020,True
motif_macrophage_tumor_niche,spatial,BaselTMA_SP43_225_X2Y9,2904,291,0.6632302405498282,0.6570247933884298,1.0094447686355874,False,bc_jackson2020,True
motif_macrophage_tumor_niche,spatial,BaselTMA_SP43_226_X6Y9,5282,529,0.8071833648393195,0.8756152972358955,0.9218470341797375,False,bc_jackson2020,True
motif_macrophage_tumor_niche,spatial,BaselTMA_SP43_22_X12Y6,3123,313,0.7028753993610224,0.7963496637848223,0.8826215811035275,False,bc_jackson2020,True
motif_macrophage_tumor_niche,spatial,BaselTMA_SP43_230_X11Y5,2440,244,0.430327868852459,0.5057377049180328,0.8508914100486222,False,bc_jackson2020,True
motif_macrophage_tumor_niche,spatial,BaselTMA_SP43_233_X13Y7,2139,214,0.29439252336448596,0.5081813931743806,0.579305986639039,False,bc_jackson2020,True
motif_macrophage_tumor_niche,spatial,BaselTMA_SP43_23_X15Y7,2607,261,0.4904214559386973,0.4779439969313387,1.0261065293998266,False,bc_jackson2020,True
motif_macrophage_tumor_niche,spatial,BaselTMA_SP43_241_X7Y3,3041,305,0.9377049180327869,0.9302860901019402,1.0079747811020519,False,bc_jackson2020,True
motif_macrophage_tumor_niche,spatial,BaselTMA_SP43_243_X14Y3,780,78,0.1282051282051282,0.4,0.3205128205128205,False,bc_jackson2020,True
motif_macrophage_tumor_niche,spatial,BaselTMA_SP43_244_X3Y1,2939,294,0.3469387755102041,0.38652602926165364,0.8975819200919805,False,bc_jackson2020,True
motif_macrophage_tumor_niche,spatial,BaselTMA_SP43_244_X4Y1,108,11,0.18181818181818182,0.1574074074074074,1.1550802139037433,False,bc_jackson2020,True
motif_macrophage_tumor_niche,spatial,BaselTMA_SP43_245_X6Y5,4628,463,0.8056155507559395,0.8977960242005186,0.8973258168227407,False,bc_jackson2020,True
motif_macrophage_tumor_niche,spatial,BaselTMA_SP43_246_X2Y6,1738,174,0.7873563218390804,0.883199079401611,0.8914822718933693,False,bc_jackson2020,True
motif_macrophage_tumor_niche,spatial,BaselTMA_SP43_248_X8Y8,798,80,0.3875,0.39598997493734334,0.9785601265822785,False,bc_jackson2020,True
motif_macrophage_tumor_niche,spatial,BaselTMA_SP43_250_X1Y3,2457,246,0.4878048780487805,0.5242165242165242,0.9305408271474019,False,bc_jackson2020,True
motif_macrophage_tumor_niche,spatial,BaselTMA_SP43_250_X2Y3,2061,207,0.6859903381642513,0.6229985443959243,1.1011106596234594,False,bc_jackson2020,True
motif_macrophage_tumor_niche,spatial,BaselTMA_SP43_252_X6Y7,2647,265,0.5207547169811321,0.6071023800528901,0.8577708374916344,False,bc_jackson2020,True
motif_macrophage_tumor_niche,spatial,BaselTMA_SP43_266_X7Y8,3860,386,0.5284974093264249,0.6613989637305699,0.799059929494712,False,bc_jackson2020,True
motif_macrophage_tumor_niche,spatial,BaselTMA_SP43_269_X5Y9,3942,395,0.41265822784810124,0.6002029426686961,0.687531164064757,False,bc_jackson2020,True
motif_macrophage_tumor_niche,spatial,BaselTMA_SP43_26_X16Y5,1592,160,0.70625,0.6067839195979899,1.1639233954451347,False,bc_jackson2020,True
motif_macrophage_tumor_niche,spatial,BaselTMA_SP43_270_X6Y8,4303,431,0.7563805104408353,0.7373925168487102,1.025750184817811,False,bc_jackson2020,True
motif_macrophage_tumor_niche,spatial,BaselTMA_SP43_271_X11Y8,2256,226,0.5442477876106194,0.4401595744680851,1.2364783573510145,False,bc_jackson2020,True
motif_macrophage_tumor_niche,spatial,BaselTMA_SP43_272_X12Y3,673,68,0.27941176470588236,0.40416047548291234,0.6913386678200693,False,bc_jackson2020,True
motif_macrophage_tumor_niche,spatial,BaselTMA_SP43_278_X3Y2,3430,343,0.7900874635568513,0.8128279883381925,0.9720229555236728,False,bc_jackson2020,True
motif_macrophage_tumor_niche,spatial,BaselTMA_SP43_281_X8Y7,2198,220,0.7454545454545455,0.4599636032757052,1.62068159338189,True,bc_jackson2020,True
motif_macrophage_tumor_niche,spatial,BaselTMA_SP43_32_X4Y6,3914,392,0.8035714285714286,0.8285641287685233,0.9698361305669354,False,bc_jackson2020,True
motif_macrophage_tumor_niche,spatial,BaselTMA_SP43_34_X12Y5,2451,246,0.5691056910569106,0.5924112607099143,0.9606598132097023,False,bc_jackson2020,True
motif_macrophage_tumor_niche,spatial,BaselTMA_SP43_43_X5Y5,2250,225,0.27555555555555555,0.34933333333333333,0.7888040712468194,False,bc_jackson2020,True
motif_macrophage_tumor_niche,spatial,BaselTMA_SP43_65_X14Y6,98,10,0.0,0.1836734693877551,0.0,False,bc_jackson2020,True
motif_macrophage_tumor_niche,spatial,BaselTMA_SP43_66_X15Y6,1646,165,0.30303030303030304,0.27946537059538273,1.0843214756258235,False,bc_jackson2020,True
motif_macrophage_tumor_niche,spatial,BaselTMA_SP43_75_X2Y5,2771,278,0.6942446043165468,0.5864308913749549,1.1838472606530162,False,bc_jackson2020,True
motif_macrophage_tumor_niche,spatial,BaselTMA_SP43_85_X10Y1,391,40,0.525,0.5524296675191815,0.9503472222222223,False,bc_jackson2020,True
motif_macrophage_tumor_niche,spatial,BaselTMA_SP43_87_X15Y4,1931,194,0.6494845360824743,0.6411185914034179,1.013048981563213,False,bc_jackson2020,True
motif_macrophage_tumor_niche,spatial,BaselTMA_SP43_93_X15Y5,5285,529,0.4763705103969754,0.8181646168401135,0.5822428648122144,False,bc_jackson2020,True
motif_macrophage_tumor_niche,spatial,BaselTMA_SP43_95_X13Y2,2640,264,0.5265151515151515,0.6181818181818182,0.8517156862745098,False,bc_jackson2020,True
motif_macrophage_tumor_niche,spatial,BaselTMA_SP43_97_X16Y6,3648,365,0.6794520547945205,0.6770833333333334,1.0034984193888303,False,bc_jackson2020,True
motif_t_tumor_mixing,spatial,BaselTMA_SP41_100_X15Y5,3558,356,0.6404494382022472,0.6408094435075885,0.999438202247191,False,bc_jackson2020,True
motif_t_tumor_mixing,spatial,BaselTMA_SP41_101_X10Y8,3433,344,0.625,0.7171570055345179,0.8714967506092608,False,bc_jackson2020,True
motif_t_tumor_mixing,spatial,BaselTMA_SP41_104_X7Y4,490,49,0.061224489795918366,0.08163265306122448,0.75,False,bc_jackson2020,True
motif_t_tumor_mixing,spatial,BaselTMA_SP41_104_X8Y4_175,1841,185,0.33513513513513515,0.5002715915263444,0.6699063884731637,False,bc_jackson2020,True
motif_t_tumor_mixing,spatial,BaselTMA_SP41_104_X8Y4_233,2046,205,0.5756097560975609,0.6392961876832844,0.9003803982993958,False,bc_jackson2020,True
motif_t_tumor_mixing,spatial,BaselTMA_SP41_114_X13Y4,2706,271,0.9040590405904059,0.9441980783444198,0.9574887529697215,False,bc_jackson2020,True
motif_t_tumor_mixing,spatial,BaselTMA_SP41_11_X13Y7,4565,457,0.7199124726477024,0.7099671412924425,1.0140081572467639,False,bc_jackson2020,True
motif_t_tumor_mixing,spatial,BaselTMA_SP41_126_X14Y7,2892,290,0.6379310344827587,0.8796680497925311,0.7251951854261549,False,bc_jackson2020,True
motif_t_tumor_mixing,spatial,BaselTMA_SP41_129_X7Y8,1751,176,0.3806818181818182,0.440890919474586,0.8634376471973622,False,bc_jackson2020,True
motif_t_tumor_mixing,spatial,BaselTMA_SP41_133_X3Y6,4151,416,0.6778846153846154,0.7899301373163093,0.8581576817510029,False,bc_jackson2020,True
motif_t_tumor_mixing,spatial,BaselTMA_SP41_135_X8Y5,3376,338,0.7840236686390533,0.7813981042654028,1.0033600854152556,False,bc_jackson2020,True
motif_t_tumor_mixing,spatial,BaselTMA_SP41_141_X11Y2,5662,567,0.892416225749559,0.8991522430236666,0.992508479708113,False,bc_jackson2020,True
motif_t_tumor_mixing,spatial,BaselTMA_SP41_141_X12Y2,680,68,0.27941176470588236,0.38235294117647056,0.7307692307692308,False,bc_jackson2020,True
motif_t_tumor_mixing,spatial,BaselTMA_SP41_159_X12Y4,2515,252,0.4801587301587302,0.49502982107355864,0.9699592018869128,False,bc_jackson2020,True
motif_t_tumor_mixing,spatial,BaselTMA_SP41_177_X16Y5,2723,273,0.48717948717948717,0.5045905251560778,0.965494718769828,False,bc_jackson2020,True
motif_t_tumor_mixing,spatial,BaselTMA_SP41_186_X5Y4,4923,493,0.7606490872210954,0.8226691042047533,0.9246112237998647,False,bc_jackson2020,True
motif_t_tumor_mixing,spatial,BaselTMA_SP41_186_X6Y4,1965,197,0.38071065989847713,0.5328244274809161,0.7145142757406948,False,bc_jackson2020,True
motif_t_tumor_mixing,spatial,BaselTMA_SP41_191_X15Y7,4544,455,0.8285714285714286,0.8661971830985915,0.9565621370499421,False,bc_jackson2020,True
motif_t_tumor_mixing,spatial,BaselTMA_SP41_196_X5Y7,1392,140,0.2714285714285714,0.3807471264367816,0.7128840970350404,False,bc_jackson2020,True
motif_t_tumor_mixing,spatial,BaselTMA_SP41_203_X8Y8,2771,278,0.7338129496402878,0.8029592204980152,0.9138857004284213,False,bc_jackson2020,True
motif_t_tumor_mixing,spatial,BaselTMA_SP41_206_X1Y2,3389,339,0.4837758112094395,0.7353201534375922,0.6579118074593863,False,bc_jackson2020,True
motif_t_tumor_mixing,spatial,BaselTMA_SP41_206_X2Y2,1853,186,0.521505376344086,0.6826767404209391,0.7639126184708231,False,bc_jackson2020,True
motif_t_tumor_mixing,spatial,BaselTMA_SP41_211_X4Y6,2284,229,0.5633187772925764,0.623029772329247,0.9041602862517529,False,bc_jackson2020,True
motif_t_tumor_mixing,spatial,BaselTMA_SP41_214_X15Y6,2123,213,0.3333333333333333,0.3151201130475742,1.0577977080219232,False,bc_jackson2020,True
motif_t_tumor_mixing,spatial,BaselTMA_SP41_218_X10Y4_193,2554,256,0.640625,0.6362568519968677,1.0068653846153846,False,bc_jackson2020,True
motif_t_tumor_mixing,spatial,BaselTMA_SP41_220_X10Y5,3569,357,0.6946778711484594,0.683384701597086,1.0165253473263025,False,bc_jackson2020,True
motif_t_tumor_mixing,spatial,BaselTMA_SP41_227_X9Y6,1631,164,0.676829268292683,0.6664622930717351,1.0155552314492788,False,bc_jackson2020,True
motif_t_tumor_mixing,spatial,BaselTMA_SP41_231_X6Y6_10,842,85,0.35294117647058826,0.40973871733966744,0.861381074168798,False,bc_jackson2020,True
motif_t_tumor_mixing,spatial,BaselTMA_SP41_231_X6Y6_256,1602,161,0.6086956521739131,0.7471910112359551,0.8146453089244852,False,bc_jackson2020,True
motif_t_tumor_mixing,spatial,BaselTMA_SP41_234_X10Y6,2319,232,0.8146551724137931,0.8318240620957309,0.979359950662305,False,bc_jackson2020,True
motif_t_tumor_mixing,spatial,BaselTMA_SP41_238_X8Y1,2047,205,0.25365853658536586,0.537371763556424,0.47203547671840357,False,bc_jackson2020,True
motif_t_tumor_mixing,spatial,BaselTMA_SP41_24_X5Y2,2143,215,0.4744186046511628,0.4041063929071395,1.1739943068908105,False,bc_jackson2020,True
motif_t_tumor_mixing,spatial,BaselTMA_SP41_24_X6Y2,1162,117,0.4700854700854701,0.5163511187607573,0.9103988603988603,False,bc_jackson2020,True
motif_t_tumor_mixing,spatial,BaselTMA_SP41_254_X11Y6,2909,291,0.5326460481099656,0.5390168442763836,0.9881807104285013,False,bc_jackson2020,True
motif_t_tumor_mixing,spatial,BaselTMA_SP41_263_X1Y4,324,33,0.30303030303030304,0.25,1.2121212121212122,False,bc_jackson2020,True
motif_t_tumor_mixing,spatial,BaselTMA_SP41_268_X6Y7,2382,239,0.6276150627615062,0.609151973131822,1.0303094965526587,False,bc_jackson2020,True
motif_t_tumor_mixing,spatial,BaselTMA_SP41_276_X9Y8,4068,407,0.8206388206388207,0.88913470993117,0.9229634289075815,False,bc_jackson2020,True
motif_t_tumor_mixing,spatial,BaselTMA_SP41_277_X12Y6,664,67,0.4626865671641791,0.5903614457831325,0.7837343892780992,False,bc_jackson2020,True
motif_t_tumor_mixing,spatial,BaselTMA_SP41_283_X2Y6,2534,254,0.49606299212598426,0.521310181531176,0.9515697365989736,False,bc_jackson2020,True
motif_t_tumor_mixing,spatial,BaselTMA_SP41_284_X7Y2,1236,124,0.532258064516129,0.5323624595469255,0.999803902343367,False,bc_jackson2020,True
motif_t_tumor_mixing,spatial,BaselTMA_SP41_33_X14Y6,3556,356,0.6348314606741573,0.6032058492688414,1.0524292187213535,False,bc_jackson2020,True
motif_t_tumor_mixing,spatial,BaselTMA_SP41_37_X7Y6,2872,288,0.6875,0.7409470752089137,0.9278665413533834,False,bc_jackson2020,True
motif_t_tumor_mixing,spatial,BaselTMA_SP41_38_X4Y7,2412,242,0.8223140495867769,0.9444444444444444,0.870685464268352,False,bc_jackson2020,True
motif_t_tumor_mixing,spatial,BaselTMA_SP41_40_X16Y7,2662,267,0.5842696629213483,0.6111945905334335,0.9559470452960228,False,bc_jackson2020,True
motif_t_tumor_mixing,spatial,BaselTMA_SP41_42_X14Y5,1719,172,0.5697674418604651,0.6073298429319371,0.9381515637530072,False,bc_jackson2020,True
motif_t_tumor_mixing,spatial,BaselTMA_SP41_44_X2Y7,3187,319,0.567398119122257,0.6325698148729212,0.8969731178782903,False,bc_jackson2020,True
motif_t_tumor_mixing,spatial,BaselTMA_SP41_48_X14Y8,3718,372,0.5994623655913979,0.6678321678321678,0.8976242751787424,False,bc_jackson2020,True
motif_t_tumor_mixing,spatial,BaselTMA_SP41_60_X11Y7,2309,231,0.6666666666666666,0.6409701169337375,1.04009009009009,False,bc_jackson2020,True
motif_t_tumor_mixing,spatial,BaselTMA_SP41_63_X4Y9,3335,334,0.7215568862275449,0.8818590704647676,0.8182224466402115,False,bc_jackson2020,True
motif_t_tumor_mixing,spatial,BaselTMA_SP41_68_X10Y1,294,30,0.2,0.41156462585034015,0.48595041322314053,False,bc_jackson2020,True
motif_t_tumor_mixing,spatial,BaselTMA_SP41_68_X9Y1,2239,224,0.42857142857142855,0.4131308619919607,1.0373745173745172,False,bc_jackson2020,True
motif_t_tumor_mixing,spatial,BaselTMA_SP41_72_X11Y1,2709,271,0.6937269372693727,0.6998892580287929,0.9911952916997525,False,bc_jackson2020,True
motif_t_tumor_mixing,spatial,BaselTMA_SP41_72_X12Y1,475,48,0.2708333333333333,0.2736842105263158,0.9895833333333331,False,bc_jackson2020,True
motif_t_tumor_mixing,spatial,BaselTMA_SP41_7_X5Y1,3839,384,0.546875,0.5345141964053138,1.0231253045808968,False,bc_jackson2020,True
motif_t_tumor_mixing,spatial,BaselTMA_SP41_83_X14Y2,2042,205,0.5121951219512195,0.7399608227228207,0.6921922164291134,False,bc_jackson2020,True
motif_t_tumor_mixing,spatial,BaselTMA_SP41_88_X11Y5_235,4713,472,0.7457627118644068,0.8977296838531721,0.8307207896518434,False,bc_jackson2020,True
motif_t_tumor_mixing,spatial,BaselTMA_SP41_88_X11Y5_242,1204,121,0.5371900826446281,0.49169435215946844,1.0925284788921152,False,bc_jackson2020,True
motif_t_tumor_mixing,spatial,BaselTMA_SP41_9_X6Y9,2695,270,0.8555555555555555,0.9053803339517625,0.9449681238615664,False,bc_jackson2020,True
motif_t_tumor_mixing,spatial,BaselTMA_SP42_105_X10Y1,1304,131,0.48091603053435117,0.5529141104294478,0.8697843326169126,False,bc_jackson2020,True
motif_t_tumor_mixing,spatial,BaselTMA_SP42_10_X1Y5,2426,243,0.5843621399176955,0.6195383347073372,0.9432219237793275,False,bc_jackson2020,True
motif_t_tumor_mixing,spatial,BaselTMA_SP42_123_X8Y6,374,38,0.42105263157894735,0.5267379679144385,0.7993588030991183,False,bc_jackson2020,True
motif_t_tumor_mixing,spatial,BaselTMA_SP42_127_X2Y8,6845,685,0.7357664233576642,0.8819576333089847,0.8342423667191007,False,bc_jackson2020,True
motif_t_tumor_mixing,spatial,BaselTMA_SP42_136_X10Y4,968,97,0.5360824742268041,0.7138429752066116,0.7509809479761888,False,bc_jackson2020,True
motif_t_tumor_mixing,spatial,BaselTMA_SP42_136_X9Y4,3180,318,0.6792452830188679,0.6622641509433962,1.0256410256410255,False,bc_jackson2020,True
motif_t_tumor_mixing,spatial,BaselTMA_SP42_138_X3Y5,3798,380,0.5447368421052632,0.5853080568720379,0.9306839974430002,False,bc_jackson2020,True
motif_t_tumor_mixing,spatial,BaselTMA_SP42_13_X5Y8,2901,291,0.6116838487972509,0.6332299207169941,0.9659743306264698,False,bc_jackson2020,True
motif_t_tumor_mixing,spatial,BaselTMA_SP42_145_X1Y4,3361,337,0.599406528189911,0.6209461469800654,0.9653116153551945,False,bc_jackson2020,True
motif_t_tumor_mixing,spatial,BaselTMA_SP42_146_X16Y6,63,7,0.14285714285714285,0.14285714285714285,1.0,False,bc_jackson2020,True
motif_t_tumor_mixing,spatial,BaselTMA_SP42_151_X14Y7,4006,401,0.8877805486284289,0.9420868696954569,0.9423552935361649,False,bc_jackson2020,True
motif_t_tumor_mixing,spatial,BaselTMA_SP42_152_X15Y6,2518,252,0.7420634920634921,0.7144559173947578,1.0386413968959827,False,bc_jackson2020,True
motif_t_tumor_mixing,spatial,BaselTMA_SP42_162_X16Y7,3143,315,0.45714285714285713,0.508749602290805,0.8985616010006253,False,bc_jackson2020,True
motif_t_tumor_mixing,spatial,BaselTMA_SP42_164_X9Y8,1719,172,0.6744186046511628,0.6428155904595695,1.0491634220772388,False,bc_jackson2020,True
motif_t_tumor_mixing,spatial,BaselTMA_SP42_169_X3Y8,3455,346,0.4277456647398844,0.6558610709117222,0.6521894402808034,False,bc_jackson2020,True
motif_t_tumor_mixing,spatial,BaselTMA_SP42_16_X3Y4,523,53,0.39622641509433965,0.40535372848948376,0.9774830900676398,False,bc_jackson2020,True
motif_t_tumor_mixing,spatial,BaselTMA_SP42_171_X2Y7,3801,381,0.4225721784776903,0.47224414627729544,0.8948171868488584,False,bc_jackson2020,True
motif_t_tumor_mixing,spatial,BaselTMA_SP42_176_X3Y7,4769,477,0.38155136268343814,0.5518976724680227,0.6913443953789196,False,bc_jackson2020,True
motif_t_tumor_mixing,spatial,BaselTMA_SP42_178_X13Y7,1966,197,0.6903553299492385,0.6149542217700915,1.122612554739622,False,bc_jackson2020,True
motif_t_tumor_mixing,spatial,BaselTMA_SP42_179_X13Y8,5186,519,0.8323699421965318,0.8812186656382568,0.9445668534422789,False,bc_jackson2020,True
motif_t_tumor_mixing,spatial,BaselTMA_SP42_181_X6Y5,1992,200,0.585,0.6290160642570282,0.9300239425379089,False,bc_jackson2020,True
motif_t_tumor_mixing,spatial,BaselTMA_SP42_182_X1Y8,2667,267,0.6666666666666666,0.7319085114360705,0.9108606557377048,False,bc_jackson2020,True
motif_t_tumor_mixing,spatial,BaselTMA_SP42_183_X3Y6,2236,224,0.2857142857142857,0.4561717352415027,0.6263305322128851,False,bc_jackson2020,True
motif_t_tumor_mixing,spatial,BaselTMA_SP42_185_X7Y5,2427,243,0.6707818930041153,0.6975690152451587,0.9615993232846944,False,bc_jackson2020,True
motif_t_tumor_mixing,spatial,BaselTMA_SP42_192_X8Y5,2893,290,0.47586206896551725,0.596958174904943,0.7971447397320448,False,bc_jackson2020,True
motif_t_tumor_mixing,spatial,BaselTMA_SP42_198_X7Y8,2607,261,0.6398467432950191,0.7859608745684695,0.8140949047194314,False,bc_jackson2020,True
motif_t_tumor_mixing,spatial,BaselTMA_SP42_208_X15Y7,1832,184,0.32608695652173914,0.46943231441048033,0.6946410515672397,False,bc_jackson2020,True
motif_t_tumor_mixing,spatial,BaselTMA_SP42_210_X4Y5,2488,249,0.4497991967871486,0.5237138263665595,0.8588644678483697,False,bc_jackson2020,True
motif_t_tumor_mixing,spatial,BaselTMA_SP42_215_X3Y1,2223,223,0.6233183856502242,0.40395861448493026,1.5430253577955997,True,bc_jackson2020,True
motif_t_tumor_mixing,spatial,BaselTMA_SP42_217_X2Y3,2060,206,0.5388349514563107,0.762621359223301,0.7065563335455124,False,bc_jackson2020,True
motif_t_tumor_mixing,spatial,BaselTMA_SP42_223_X9Y7,2535,254,0.37401574803149606,0.5771203155818541,0.6480724000409039,False,bc_jackson2020,True
motif_t_tumor_mixing,spatial,BaselTMA_SP42_240_X10Y2,628,63,0.31746031746031744,0.3375796178343949,0.9404013177598083,False,bc_jackson2020,True
motif_t_tumor_mixing,spatial,BaselTMA_SP42_240_X9Y2,2523,253,0.49407114624505927,0.7364248910027745,0.6709050064457935,False,bc_jackson2020,True
motif_t_tumor_mixing,spatial,BaselTMA_SP42_251_X15Y2,1722,173,0.7687861271676301,0.575493612078978,1.3358725640591915,True,bc_jackson2020,True
motif_t_tumor_mixing,spatial,BaselTMA_SP42_253_X13Y2,3369,337,0.49258160237388726,0.6728999703176016,0.7320279745909247,False,bc_jackson2020,True
motif_t_tumor_mixing,spatial,BaselTMA_SP42_253_X14Y2,1319,132,0.32575757575757575,0.5314632297194845,0.6129447110188907,False,bc_jackson2020,True
motif_t_tumor_mixing,spatial,BaselTMA_SP42_258_X4Y7,1914,192,0.5989583333333334,0.5188087774294671,1.1544876636455188,False,bc_jackson2020,True
motif_t_tumor_mixing,spatial,BaselTMA_SP42_25_X3Y2,3870,387,0.8294573643410853,0.9049095607235143,0.9166190748143918,False,bc_jackson2020,True
motif_t_tumor_mixing,spatial,BaselTMA_SP42_261_X11Y6,3354,336,0.40773809523809523,0.6702444841979726,0.6083423360447382,False,bc_jackson2020,True
motif_t_tumor_mixing,spatial,BaselTMA_SP42_265_X14Y1,141,15,0.2,0.3262411347517731,0.6130434782608696,False,bc_jackson2020,True
motif_t_tumor_mixing,spatial,BaselTMA_SP42_279_X14Y6,1544,155,0.5870967741935483,0.6373056994818653,0.9212168895882505,False,bc_jackson2020,True
motif_t_tumor_mixing,spatial,BaselTMA_SP42_27_X6Y6,2934,294,0.7653061224489796,0.8640081799591002,0.8857625890592924,False,bc_jackson2020,True
motif_t_tumor_mixing,spatial,BaselTMA_SP42_285_X7Y7,3542,355,0.7605633802816901,0.7924901185770751,0.9597133925749007,False,bc_jackson2020,True
motif_t_tumor_mixing,spatial,BaselTMA_SP42_28_X11Y2,2910,291,0.30584192439862545,0.4927835051546392,0.6206415620641562,False,bc_jackson2020,True
motif_t_tumor_mixing,spatial,BaselTMA_SP42_29_X7Y2,1028,103,0.4368932038834951,0.5116731517509727,0.8538521170955,False,bc_jackson2020,True
motif_t_tumor_mixing,spatial,BaselTMA_SP42_36_X5Y1,2291,230,0.7391304347826086,0.5949367088607594,1.242368177613321,False,bc_jackson2020,True
motif_t_tumor_mixing,spatial,BaselTMA_SP42_36_X6Y1,576,58,0.5689655172413793,0.5069444444444444,1.1223429381199812,False,bc_jackson2020,True
motif_t_tumor_mixing,spatial,BaselTMA_SP42_46_X10Y7,2901,291,0.6666666666666666,0.6804550155118925,0.9797365754812563,False,bc_jackson2020,True
motif_t_tumor_mixing,spatial,BaselTMA_SP42_51_X1Y2,1727,173,0.3988439306358382,0.4881297046902142,0.817085964659659,False,bc_jackson2020,True
motif_t_tumor_mixing,spatial,BaselTMA_SP42_64_X13Y4,3906,391,0.6624040920716112,0.7726574500768049,0.8573062901364193,False,bc_jackson2020,True
motif_t_tumor_mixing,spatial,BaselTMA_SP42_64_X14Y4,4833,484,0.731404958677686,0.7186012828470929,1.0178174964840934,False,bc_jackson2020,True
motif_t_tumor_mixing,spatial,BaselTMA_SP42_6_X11Y1,1900,190,0.3,0.5852631578947368,0.512589928057554,False,bc_jackson2020,True
motif_t_tumor_mixing,spatial,BaselTMA_SP42_71_X8Y8,1976,198,0.5656565656565656,0.6199392712550608,0.9124386724386724,False,bc_jackson2020,True
motif_t_tumor_mixing,spatial,BaselTMA_SP42_74_X15Y3,2698,270,0.8777777777777778,0.8977020014825797,0.9778053032388292,False,bc_jackson2020,True
motif_t_tumor_mixing,spatial,BaselTMA_SP42_81_X12Y4,736,74,0.47297297297297297,0.46059782608695654,1.026867575540142,False,bc_jackson2020,True
motif_t_tumor_mixing,spatial,BaselTMA_SP42_84_X7Y1,1199,120,0.49166666666666664,0.5262718932443703,0.9342445853143159,False,bc_jackson2020,True
motif_t_tumor_mixing,spatial,BaselTMA_SP42_91_X11Y3,4086,409,0.6503667481662592,0.7112090063631914,0.914452351344575,False,bc_jackson2020,True
motif_t_tumor_mixing,spatial,BaselTMA_SP42_96_X10Y3,700,70,0.7142857142857143,0.6157142857142858,1.160092807424594,False,bc_jackson2020,True
motif_t_tumor_mixing,spatial,BaselTMA_SP43_102_X2Y4,461,47,0.425531914893617,0.2841648590021692,1.4974825401981484,True,bc_jackson2020,True
motif_t_tumor_mixing,spatial,BaselTMA_SP43_103_X5Y4,4175,418,0.8923444976076556,0.6222754491017964,1.4340024162863594,True,bc_jackson2020,True
motif_t_tumor_mixing,spatial,BaselTMA_SP43_103_X6Y4,179,18,0.3333333333333333,0.36312849162011174,0.9179487179487179,False,bc_jackson2020,True
motif_t_tumor_mixing,spatial,BaselTMA_SP43_108_X13Y8,6320,632,0.7626582278481012,0.8973101265822785,0.8499382824898606,False,bc_jackson2020,True
motif_t_tumor_mixing,spatial,BaselTMA_SP43_111_X8Y6,5057,506,0.35177865612648224,0.3274668775954123,1.0742419468789979,False,bc_jackson2020,True
motif_t_tumor_mixing,spatial,BaselTMA_SP43_116_X3Y4,6069,607,0.5881383855024712,0.6376668314384577,0.922328646412015,False,bc_jackson2020,True
motif_t_tumor_mixing,spatial,BaselTMA_SP43_118_X13Y5,3309,331,0.6918429003021148,0.7258990631610759,0.9530841619898826,False,bc_jackson2020,True
motif_t_tumor_mixing,spatial,BaselTMA_SP43_122_X12Y8,3415,342,0.6198830409356725,0.5660322108345535,1.0951373951346723,False,bc_jackson2020,True
motif_t_tumor_mixing,spatial,BaselTMA_SP43_125_X5Y7,1934,194,0.4639175257731959,0.4581178903826267,1.0126597007283982,False,bc_jackson2020,True
motif_t_tumor_mixing,spatial,BaselTMA_SP43_131_X13Y4,1633,164,0.4329268292682927,0.6129822412737294,0.7062632489461758,False,bc_jackson2020,True
motif_t_tumor_mixing,spatial,BaselTMA_SP43_131_X14Y4,862,87,0.1839080459770115,0.36310904872389793,0.5064815834894054,False,bc_jackson2020,True
motif_t_tumor_mixing,spatial,BaselTMA_SP43_132_X13Y1,4258,426,0.6338028169014085,0.77665570690465,0.8160666448038093,False,bc_jackson2020,True
motif_t_tumor_mixing,spatial,BaselTMA_SP43_132_X14Y1,820,82,0.9024390243902439,0.8378048780487805,1.077147016011645,False,bc_jackson2020,True
motif_t_tumor_mixing,spatial,BaselTMA_SP43_137_X9Y3,4305,431,0.8677494199535963,0.9226480836236933,0.9404988048590716,False,bc_jackson2020,True
motif_t_tumor_mixing,spatial,BaselTMA_SP43_139_X1Y7,2171,218,0.3394495412844037,0.32888070013818516,1.032135790095855,False,bc_jackson2020,True
motif_t_tumor_mixing,spatial,BaselTMA_SP43_142_X5Y1,2453,246,0.32926829268292684,0.5870362821035466,0.5608993902439025,False,bc_jackson2020,True
motif_t_tumor_mixing,spatial,BaselTMA_SP43_142_X6Y1,489,49,0.40816326530612246,0.4887525562372188,0.8351122875928615,False,bc_jackson2020,True
motif_t_tumor_mixing,spatial,BaselTMA_SP43_143_X1Y2,109,11,0.8181818181818182,0.7339449541284404,1.1147727272727272,False,bc_jackson2020,True
motif_t_tumor_mixing,spatial,BaselTMA_SP43_149_X10Y6_222,544,55,0.7090909090909091,0.5790441176470589,1.2245887445887444,False,bc_jackson2020,True
motif_t_tumor_mixing,spatial,BaselTMA_SP43_150_X5Y3,2342,235,0.28936170212765955,0.23868488471391971,1.2123168271609637,False,bc_jackson2020,True
motif_t_tumor_mixing,spatial,BaselTMA_SP43_157_X4Y5,688,69,0.3333333333333333,0.29069767441860467,1.1466666666666665,False,bc_jackson2020,True
motif_t_tumor_mixing,spatial,BaselTMA_SP43_168_X10Y5,6908,691,0.959479015918958,0.9795888824551245,0.9794711159994328,False,bc_jackson2020,True
motif_t_tumor_mixing,spatial,BaselTMA_SP43_172_X9Y2,3053,306,0.6045751633986928,0.6311824434981985,0.9578453419077368,False,bc_jackson2020,True
motif_t_tumor_mixing,spatial,BaselTMA_SP43_173_X2Y8,5802,581,0.7641996557659209,0.8877973112719751,0.8607816739960926,False,bc_jackson2020,True
motif_t_tumor_mixing,spatial,BaselTMA_SP43_17_X11Y4,4059,406,0.6847290640394089,0.7969943335796994,0.8591391873063249,False,bc_jackson2020,True
motif_t_tumor_mixing,spatial,BaselTMA_SP43_17_X12Y4,521,53,0.2641509433962264,0.4510556621880998,0.5856282617422722,False,bc_jackson2020,True
motif_t_tumor_mixing,spatial,BaselTMA_SP43_193_X9Y7,3659,366,0.8169398907103825,0.8092374965837661,1.0095180885205302,False,bc_jackson2020,True
motif_t_tumor_mixing,spatial,BaselTMA_SP43_195_X11Y6,2217,222,0.32882882882882886,0.5787099684258006,0.5682100650923723,False,bc_jackson2020,True
motif_t_tumor_mixing,spatial,BaselTMA_SP43_1_X1Y8,2907,291,0.6907216494845361,0.7220502235982112,0.9566116412822994,False,bc_jackson2020,True
motif_t_tumor_mixing,spatial,BaselTMA_SP43_200_X9Y6,2332,234,0.6709401709401709,0.7722984562607204,0.8687576227831642,False,bc_jackson2020,True
motif_t_tumor_mixing,spatial,BaselTMA_SP43_201_X14Y5,2948,295,0.5152542372881356,0.4287652645861601,1.2017163698777087,False,bc_jackson2020,True
motif_t_tumor_mixing,spatial,BaselTMA_SP43_205_X3Y6,2298,230,0.5260869565217391,0.6649260226283725,0.7911962212610971,False,bc_jackson2020,True
motif_t_tumor_mixing,spatial,BaselTMA_SP43_209_X11Y1,1962,197,0.5736040609137056,0.5387359836901121,1.0647220127840025,False,bc_jackson2020,True
motif_t_tumor_mixing,spatial,BaselTMA_SP43_222_X7Y2,3193,320,0.4,0.7206388975884748,0.5550630160799653,False,bc_jackson2020,True
motif_t_tumor_mixing,spatial,BaselTMA_SP43_225_X2Y9,2904,291,0.584192439862543,0.6615013774104683,0.8831311011769,False,bc_jackson2020,True
motif_t_tumor_mixing,spatial,BaselTMA_SP43_226_X6Y9,5282,529,0.8374291115311909,0.8843241196516471,0.9469707915024085,False,bc_jackson2020,True
motif_t_tumor_mixing,spatial,BaselTMA_SP43_22_X12Y6,3123,313,0.8083067092651757,0.7813000320204931,1.0345663332111243,False,bc_jackson2020,True
motif_t_tumor_mixing,spatial,BaselTMA_SP43_230_X11Y5,2440,244,0.45081967213114754,0.4725409836065574,0.9540329575021682,False,bc_jackson2020,True
motif_t_tumor_mixing,spatial,BaselTMA_SP43_235_X12Y2,1968,197,0.5786802030456852,0.4268292682926829,1.3557650471356055,True,bc_jackson2020,True
motif_t_tumor_mixing,spatial,BaselTMA_SP43_23_X15Y7,2607,261,0.5134099616858238,0.620253164556962,0.8277425912893893,False,bc_jackson2020,True
motif_t_tumor_mixing,spatial,BaselTMA_SP43_241_X7Y3,3041,305,0.9245901639344263,0.9427819796119697,0.9807041117979038,False,bc_jackson2020,True
motif_t_tumor_mixing,spatial,BaselTMA_SP43_244_X3Y1,2939,294,0.38095238095238093,0.3916298060564818,0.9727359232137686,False,bc_jackson2020,True
motif_t_tumor_mixing,spatial,BaselTMA_SP43_245_X6Y5,4628,463,0.8876889848812095,0.8837510803802938,1.004455897806904,False,bc_jackson2020,True
motif_t_tumor_mixing,spatial,BaselTMA_SP43_246_X2Y6,1738,174,0.8563218390804598,0.8567318757192175,0.9995213944404561,False,bc_jackson2020,True
motif_t_tumor_mixing,spatial,BaselTMA_SP43_248_X8Y8,798,80,0.4,0.45112781954887216,0.8866666666666667,False,bc_jackson2020,True
motif_t_tumor_mixing,spatial,BaselTMA_SP43_250_X1Y3,2457,246,0.44715447154471544,0.5339845339845339,0.8373921772754314,False,bc_jackson2020,True
motif_t_tumor_mixing,spatial,BaselTMA_SP43_250_X2Y3,2061,207,0.42995169082125606,0.660844250363901,0.6506097171678478,False,bc_jackson2020,True
motif_t_tumor_mixing,spatial,BaselTMA_SP43_252_X6Y7,2647,265,0.5433962264150943,0.6157914620324896,0.8824354670679477,False,bc_jackson2020,True
motif_t_tumor_mixing,spatial,BaselTMA_SP43_260_X10Y4,2829,283,0.5371024734982333,0.5790031813361611,0.9276330265729561,False,bc_jackson2020,True
motif_t_tumor_mixing,spatial,BaselTMA_SP43_266_X7Y8,3860,386,0.5310880829015544,0.6746113989637306,0.7872503840245776,False,bc_jackson2020,True
motif_t_tumor_mixing,spatial,BaselTMA_SP43_269_X5Y9,3942,395,0.5113924050632911,0.5710299340436327,0.8955614663525071,False,bc_jackson2020,True
motif_t_tumor_mixing,spatial,BaselTMA_SP43_26_X16Y5,1592,160,0.59375,0.574748743718593,1.0330601092896174,False,bc_jackson2020,True
motif_t_tumor_mixing,spatial,BaselTMA_SP43_270_X6Y8,4303,431,0.7447795823665894,0.8435974901231699,0.8828613065904777,False,bc_jackson2020,True
motif_t_tumor_mixing,spatial,BaselTMA_SP43_271_X11Y8,2256,226,0.5132743362831859,0.5713652482269503,0.898329637435894,False,bc_jackson2020,True
motif_t_tumor_mixing,spatial,BaselTMA_SP43_272_X12Y3,673,68,0.39705882352941174,0.4323922734026746,0.9182838083687083,False,bc_jackson2020,True
motif_t_tumor_mixing,spatial,BaselTMA_SP43_278_X3Y2,3430,343,0.7201166180758017,0.8186588921282799,0.8796296296296295,False,bc_jackson2020,True
motif_t_tumor_mixing,spatial,BaselTMA_SP43_278_X4Y2,1089,109,0.10091743119266056,0.07713498622589532,1.3083224115334207,True,bc_jackson2020,True
motif_t_tumor_mixing,spatial,BaselTMA_SP43_281_X8Y7,2198,220,0.4681818181818182,0.4695177434030937,0.9971546863988725,False,bc_jackson2020,True
motif_t_tumor_mixing,spatial,BaselTMA_SP43_32_X4Y6,3914,392,0.7346938775510204,0.8306080735820133,0.8845253265871098,False,bc_jackson2020,True
motif_t_tumor_mixing,spatial,BaselTMA_SP43_34_X12Y5,2451,246,0.5040650406504065,0.6046511627906976,0.83364602876798,False,bc_jackson2020,True
motif_t_tumor_mixing,spatial,BaselTMA_SP43_47_X16Y4,2635,264,0.29545454545454547,0.40531309297912715,0.7289538644875724,False,bc_jackson2020,True
motif_t_tumor_mixing,spatial,BaselTMA_SP43_4_X15Y3,3076,308,0.4902597402597403,0.42555266579973994,1.1520542101137976,False,bc_jackson2020,True
motif_t_tumor_mixing,spatial,BaselTMA_SP43_66_X15Y6,1646,165,0.44242424242424244,0.45625759416767925,0.9696808296009362,False,bc_jackson2020,True
motif_t_tumor_mixing,spatial,BaselTMA_SP43_75_X2Y5,2771,278,0.7697841726618705,0.7571273908336341,1.0167168457798108,False,bc_jackson2020,True
motif_t_tumor_mixing,spatial,BaselTMA_SP43_79_X8Y4,4083,409,0.6308068459657702,0.8388439872642665,0.7519954312637196,False,bc_jackson2020,True
motif_t_tumor_mixing,spatial,BaselTMA_SP43_85_X10Y1,391,40,0.75,0.5549872122762148,1.3513824884792627,True,bc_jackson2020,True
motif_t_tumor_mixing,spatial,BaselTMA_SP43_90_X7Y6,3194,320,0.6375,0.7711333750782717,0.8267052375152253,False,bc_jackson2020,True
motif_t_tumor_mixing,spatial,BaselTMA_SP43_93_X15Y5,5285,529,0.5897920604914934,0.8306527909176916,0.7100344053980734,False,bc_jackson2020,True
motif_t_tumor_mixing,spatial,BaselTMA_SP43_94_X12Y7,2991,300,0.5733333333333334,0.700768973587429,0.8181488549618321,False,bc_jackson2020,True
motif_t_tumor_mixing,spatial,BaselTMA_SP43_95_X13Y2,2640,264,0.5757575757575758,0.5481060606060606,1.050449205252246,False,bc_jackson2020,True
motif_t_tumor_mixing,spatial,BaselTMA_SP43_97_X16Y6,3648,365,0.6575342465753424,0.6661184210526315,0.9871131405377981,False,bc_jackson2020,True
motif_tumor_high,control,BaselTMA_SP41_100_X15Y5,3558,356,0.7415730337078652,0.5255761663856099,1.4109715796430933,True,bc_jackson2020,True
motif_tumor_high,control,BaselTMA_SP41_101_X10Y8,3433,344,0.6686046511627907,0.7057966792892514,0.9473048978299052,False,bc_jackson2020,True
motif_tumor_high,control,BaselTMA_SP41_104_X7Y4,490,49,0.061224489795918366,0.04081632653061224,1.5,True,bc_jackson2020,True
motif_tumor_high,control,BaselTMA_SP41_104_X8Y4_175,1841,185,0.5243243243243243,0.4763715372080391,1.1006625781996364,False,bc_jackson2020,True
motif_tumor_high,control,BaselTMA_SP41_104_X8Y4_233,2046,205,0.5756097560975609,0.6270772238514174,0.9179248331844191,False,bc_jackson2020,True
motif_tumor_high,control,BaselTMA_SP41_106_X2Y9,2423,243,0.2139917695473251,0.3215022699133306,0.6655995604790356,False,bc_jackson2020,True
motif_tumor_high,control,BaselTMA_SP41_112_X5Y8,2927,293,0.5221843003412969,0.5210112743423301,1.00225144072064,False,bc_jackson2020,True
motif_tumor_high,control,BaselTMA_SP41_114_X13Y4,2706,271,0.9040590405904059,0.9368070953436807,0.9650429048669185,False,bc_jackson2020,True
motif_tumor_high,control,BaselTMA_SP41_114_X14Y4,324,33,0.030303030303030304,0.07716049382716049,0.39272727272727276,False,bc_jackson2020,True
motif_tumor_high,control,BaselTMA_SP41_117_X13Y3,4572,458,0.7489082969432315,0.8447069116360455,0.8865895219120803,False,bc_jackson2020,True
motif_tumor_high,control,BaselTMA_SP41_117_X14Y3,223,23,0.2608695652173913,0.09865470852017937,2.6442687747035576,True,bc_jackson2020,True
motif_tumor_high,control,BaselTMA_SP41_11_X13Y7,4565,457,0.6608315098468271,0.5353778751369113,1.2343272677785457,False,bc_jackson2020,True
motif_tumor_high,control,BaselTMA_SP41_126_X14Y7,2892,290,0.6103448275862069,0.8526970954356846,0.7157815252957463,False,bc_jackson2020,True
motif_tumor_high,control,BaselTMA_SP41_129_X7Y8,1751,176,0.5568181818181818,0.4237578526556254,1.314000857632933,True,bc_jackson2020,True
motif_tumor_high,control,BaselTMA_SP41_133_X3Y6,4151,416,0.5985576923076923,0.7692122380149362,0.7781437459346165,False,bc_jackson2020,True
motif_tumor_high,control,BaselTMA_SP41_134_X3Y8,2211,222,0.05855855855855856,0.0741745816372682,0.7894693473961767,False,bc_jackson2020,True
motif_tumor_high,control,BaselTMA_SP41_135_X8Y5,3376,338,0.727810650887574,0.7769549763033176,0.9367475247413076,False,bc_jackson2020,True
motif_tumor_high,control,BaselTMA_SP41_141_X11Y2,5662,567,0.7407407407407407,0.8597668668315083,0.8615599987826775,False,bc_jackson2020,True
motif_tumor_high,control,BaselTMA_SP41_141_X12Y2,680,68,0.3235294117647059,0.3514705882352941,0.9205020920502093,False,bc_jackson2020,True
motif_tumor_high,control,BaselTMA_SP41_14_X1Y8,3401,341,0.36950146627565983,0.24022346368715083,1.5381572665893746,True,bc_jackson2020,True
motif_tumor_high,control,BaselTMA_SP41_153_X7Y5,1325,133,0.11278195488721804,0.08075471698113207,1.3965989740706908,True,bc_jackson2020,True
motif_tumor_high,control,BaselTMA_SP41_159_X11Y4,309,31,0.22580645161290322,0.08737864077669903,2.584229390681003,True,bc_jackson2020,True
motif_tumor_high,control,BaselTMA_SP41_159_X12Y4,2515,252,0.4246031746031746,0.39165009940357853,1.0841390701796794,False,bc_jackson2020,True
motif_tumor_high,control,BaselTMA_SP41_165_X5Y6,1708,171,0.23976608187134502,0.24355971896955503,0.9844242015294646,False,bc_jackson2020,True
motif_tumor_high,control,BaselTMA_SP41_166_X15Y4,3066,307,0.6612377850162866,0.578604044357469,1.1428156983426914,False,bc_jackson2020,True
motif_tumor_high,control,BaselTMA_SP41_177_X16Y5,2723,273,0.03663003663003663,0.11127432978332721,0.3291867648303292,False,bc_jackson2020,True
motif_tumor_high,control,BaselTMA_SP41_186_X5Y4,4923,493,0.7302231237322515,0.5630712979890311,1.296857300914096,True,bc_jackson2020,True
motif_tumor_high,control,BaselTMA_SP41_186_X6Y4,1965,197,0.4720812182741117,0.35877862595419846,1.315800842423588,True,bc_jackson2020,True
motif_tumor_high,control,BaselTMA_SP41_187_X3Y2,194,20,0.6,0.35051546391752575,1.711764705882353,True,bc_jackson2020,True
motif_tumor_high,control,BaselTMA_SP41_187_X4Y2,62,7,0.7142857142857143,0.1774193548387097,4.025974025974026,True,bc_jackson2020,True
motif_tumor_high,control,BaselTMA_SP41_18_X13Y5,1851,186,0.26881720430107525,0.32144786601836844,0.8362699918677148,False,bc_jackson2020,True
motif_tumor_high,control,BaselTMA_SP41_191_X15Y7,4544,455,0.7164835164835165,0.7651848591549296,0.9363534940756684,False,bc_jackson2020,True
motif_tumor_high,control,BaselTMA_SP41_196_X5Y7,1392,140,0.3357142857142857,0.2607758620689655,1.287367178276269,True,bc_jackson2020,True
motif_tumor_high,control,BaselTMA_SP41_203_X8Y8,2771,278,0.7410071942446043,0.7899675207506316,0.9380223550716301,False,bc_jackson2020,True
motif_tumor_high,control,BaselTMA_SP41_204_X16Y4_237,587,59,0.05084745762711865,0.11243611584327087,0.4522342064714946,False,bc_jackson2020,True
motif_tumor_high,control,BaselTMA_SP41_204_X16Y4_238,669,67,0.13432835820895522,0.08669656203288491,1.549408131755018,True,bc_jackson2020,True
motif_tumor_high,control,BaselTMA_SP41_206_X1Y2,3389,339,0.6076696165191741,0.6588964296252582,0.9222536186222485,False,bc_jackson2020,True
motif_tumor_high,control,BaselTMA_SP41_206_X2Y2,1853,186,0.7043010752688172,0.6567728008634647,1.0723663865843207,False,bc_jackson2020,True
motif_tumor_high,control,BaselTMA_SP41_20_X12Y5,399,40,0.075,0.042606516290726815,1.7602941176470588,True,bc_jackson2020,True
motif_tumor_high,control,BaselTMA_SP41_211_X4Y6,2284,229,0.6681222707423581,0.5936952714535902,1.125362290837423,False,bc_jackson2020,True
motif_tumor_high,control,BaselTMA_SP41_212_X1Y9,2203,221,0.23076923076923078,0.24421243758511121,0.9449528167000286,False,bc_jackson2020,True
motif_tumor_high,control,BaselTMA_SP41_214_X15Y6,2123,213,0.22535211267605634,0.2680169571361281,0.8408128914082033,False,bc_jackson2020,True
motif_tumor_high,control,BaselTMA_SP41_216_X1Y6,2422,243,0.4773662551440329,0.5681255161023947,0.8402478706096277,False,bc_jackson2020,True
motif_tumor_high,control,BaselTMA_SP41_218_X10Y4_193,2554,256,0.49609375,0.6045418950665623,0.820611034650259,False,bc_jackson2020,True
motif_tumor_high,control,BaselTMA_SP41_218_X10Y4_244,2468,247,0.44534412955465585,0.29821717990275526,1.4933550431262101,True,bc_jackson2020,True
motif_tumor_high,control,BaselTMA_SP41_218_X9Y4_185,85,9,0.0,0.047058823529411764,0.0,False,bc_jackson2020,True
motif_tumor_high,control,BaselTMA_SP41_218_X9Y4_240,2580,258,0.7596899224806202,0.5829457364341085,1.3031914893617023,True,bc_jackson2020,True
motif_tumor_high,control,BaselTMA_SP41_219_X8Y7,2755,276,0.4384057971014493,0.4134301270417423,1.0604108612945502,False,bc_jackson2020,True
motif_tumor_high,control,BaselTMA_SP41_220_X10Y5,3569,357,0.6610644257703081,0.5743905855982068,1.1508970417435267,False,bc_jackson2020,True
motif_tumor_high,control,BaselTMA_SP41_224_X3Y7,1593,160,0.4,0.27432517263025735,1.4581235697940504,True,bc_jackson2020,True
motif_tumor_high,control,BaselTMA_SP41_227_X9Y6,1631,164,0.725609756097561,0.6235438381361128,1.163686835983404,False,bc_jackson2020,True
motif_tumor_high,control,BaselTMA_SP41_228_X7Y3,263,27,0.25925925925925924,0.1444866920152091,1.794346978557505,True,bc_jackson2020,True
motif_tumor_high,control,BaselTMA_SP41_231_X6Y6_10,842,85,0.4,0.2826603325415677,1.4151260504201681,True,bc_jackson2020,True
motif_tumor_high,control,BaselTMA_SP41_231_X6Y6_256,1602,161,0.6956521739130435,0.700374531835206,0.993257382004185,False,bc_jackson2020,True
motif_tumor_high,control,BaselTMA_SP41_234_X10Y6,2319,232,0.7672413793103449,0.7404053471323846,1.0362450545257367,False,bc_jackson2020,True
motif_tumor_high,control,BaselTMA_SP41_237_X16Y6,2765,277,0.5342960288808665,0.2698010849909584,1.9803331365356514,True,bc_jackson2020,True
motif_tumor_high,control,BaselTMA_SP41_238_X7Y1,3106,311,0.5048231511254019,0.5421764327108821,0.9311049331327188,False,bc_jackson2020,True
motif_tumor_high,control,BaselTMA_SP41_238_X8Y1,2047,205,0.624390243902439,0.5163654127992183,1.2092022982670698,False,bc_jackson2020,True
motif_tumor_high,control,BaselTMA_SP41_239_X11Y3_151,63,7,0.14285714285714285,0.047619047619047616,3.0,True,bc_jackson2020,True
motif_tumor_high,control,BaselTMA_SP41_239_X11Y3_165,2734,274,0.291970802919708,0.36100950987564007,0.8087620822517545,False,bc_jackson2020,True
motif_tumor_high,control,BaselTMA_SP41_239_X12Y3,73,8,0.25,0.0547945205479452,4.5625,True,bc_jackson2020,True
motif_tumor_high,control,BaselTMA_SP41_247_X13Y6,3687,369,0.45799457994579945,0.4380254949823705,1.0455888645573763,False,bc_jackson2020,True
motif_tumor_high,control,BaselTMA_SP41_249_X3Y9,2164,217,0.23963133640552994,0.21857670979667282,1.0963260295593378,False,bc_jackson2020,True
motif_tumor_high,control,BaselTMA_SP41_24_X5Y2,2143,215,0.49767441860465117,0.3999066728884741,1.2444764049822257,False,bc_jackson2020,True
motif_tumor_high,control,BaselTMA_SP41_24_X6Y2,1162,117,0.4017094017094017,0.48967297762478484,0.8203626094663002,False,bc_jackson2020,True
motif_tumor_high,control,BaselTMA_SP41_254_X11Y6,2909,291,0.49828178694158076,0.4104503265727054,1.213988038704404,False,bc_jackson2020,True
motif_tumor_high,control,BaselTMA_SP41_255_X12Y8,1840,184,0.29891304347826086,0.0983695652173913,3.0386740331491713,True,bc_jackson2020,True
motif_tumor_high,control,BaselTMA_SP41_256_X9Y7,3112,312,0.26282051282051283,0.3329048843187661,0.7894762894762895,False,bc_jackson2020,True
motif_tumor_high,control,BaselTMA_SP41_257_X3Y1,3682,369,0.7669376693766937,0.7395437262357415,1.0370416814707992,False,bc_jackson2020,True
motif_tumor_high,control,BaselTMA_SP41_259_X10Y3,3676,368,0.7092391304347826,0.6292165397170838,1.1271781424462866,False,bc_jackson2020,True
motif_tumor_high,control,BaselTMA_SP41_263_X1Y4,324,33,0.48484848484848486,0.17901234567901234,2.7084639498432606,True,bc_jackson2020,True
motif_tumor_high,control,BaselTMA_SP41_263_X2Y4,684,69,0.2028985507246377,0.10818713450292397,1.875440658049354,True,bc_jackson2020,True
motif_tumor_high,control,BaselTMA_SP41_267_X13Y8,1867,187,0.6096256684491979,0.5265131226566685,1.1578546520800126,False,bc_jackson2020,True
motif_tumor_high,control,BaselTMA_SP41_268_X6Y7,2382,239,0.7322175732217573,0.5831234256926953,1.2556819722204648,True,bc_jackson2020,True
motif_tumor_high,control,BaselTMA_SP41_274_X13Y1,528,53,0.41509433962264153,0.11931818181818182,3.4788858939802334,True,bc_jackson2020,True
motif_tumor_high,control,BaselTMA_SP41_274_X14Y1,599,60,0.1,0.21535893155258765,0.46434108527131784,False,bc_jackson2020,True
motif_tumor_high,control,BaselTMA_SP41_276_X9Y8,4068,407,0.8329238329238329,0.8532448377581121,0.976183852588347,False,bc_jackson2020,True
motif_tumor_high,control,BaselTMA_SP41_277_X12Y6,664,67,0.6417910447761194,0.4954819277108434,1.2952864855056025,True,bc_jackson2020,True
motif_tumor_high,control,BaselTMA_SP41_280_X9Y5,2909,291,0.16151202749140894,0.11275352354761087,1.4324344145503312,True,bc_jackson2020,True
motif_tumor_high,control,BaselTMA_SP41_282_X1Y3,2406,241,0.5062240663900415,0.7456359102244389,0.678915888369253,False,bc_jackson2020,True
motif_tumor_high,control,BaselTMA_SP41_282_X2Y3_148,89,9,0.6666666666666666,0.11235955056179775,5.933333333333334,True,bc_jackson2020,True
motif_tumor_high,control,BaselTMA_SP41_282_X2Y3_149,68,7,0.2857142857142857,0.058823529411764705,4.857142857142857,True,bc_jackson2020,True
motif_tumor_high,control,BaselTMA_SP41_283_X2Y6,2534,254,0.39763779527559057,0.47632202052091555,0.834808759924065,False,bc_jackson2020,True
motif_tumor_high,control,BaselTMA_SP41_284_X7Y2,1236,124,0.5080645161290323,0.3050161812297735,1.6656969282108325,True,bc_jackson2020,True
motif_tumor_high,control,BaselTMA_SP41_284_X8Y2,108,11,0.0,0.037037037037037035,0.0,False,bc_jackson2020,True
motif_tumor_high,control,BaselTMA_SP41_2_X2Y8,2688,269,0.5390334572490706,0.3939732142857143,1.3681982370967911,True,bc_jackson2020,True
motif_tumor_high,control,BaselTMA_SP41_31_X15Y2,4312,432,0.5300925925925926,0.5725881261595547,0.9257834180879949,False,bc_jackson2020,True
motif_tumor_high,control,BaselTMA_SP41_31_X16Y2,207,21,0.6666666666666666,0.15942028985507245,4.181818181818182,True,bc_jackson2020,True
motif_tumor_high,control,BaselTMA_SP41_33_X14Y6,3556,356,0.10393258426966293,0.09730033745781777,1.0681626290835877,False,bc_jackson2020,True
motif_tumor_high,control,BaselTMA_SP41_37_X7Y6,2872,288,0.6701388888888888,0.7036908077994429,0.9523200835669909,False,bc_jackson2020,True
motif_tumor_high,control,BaselTMA_SP41_38_X4Y7,2412,242,0.9256198347107438,0.9299336650082919,0.995361141918107,False,bc_jackson2020,True
motif_tumor_high,control,BaselTMA_SP41_39_X1Y7,2524,253,0.5533596837944664,0.562202852614897,0.9842705016893821,False,bc_jackson2020,True
motif_tumor_high,control,BaselTMA_SP41_40_X16Y7,2662,267,0.5880149812734082,0.4861006761833208,1.2096567852780624,False,bc_jackson2020,True
motif_tumor_high,control,BaselTMA_SP41_41_X11Y8,3223,323,0.5696594427244582,0.6732857586099907,0.8460886561755432,False,bc_jackson2020,True
motif_tumor_high,control,BaselTMA_SP41_42_X14Y5,1719,172,0.45348837209302323,0.5700988947062245,0.7954556241101092,False,bc_jackson2020,True
motif_tumor_high,control,BaselTMA_SP41_44_X2Y7,3187,319,0.5799373040752351,0.6215877000313774,0.9329935326036217,False,bc_jackson2020,True
motif_tumor_high,control,BaselTMA_SP41_45_X3Y3,2949,295,0.6271186440677966,0.5218718209562564,1.2016717877556413,False,bc_jackson2020,True
motif_tumor_high,control,BaselTMA_SP41_45_X4Y3,87,9,0.3333333333333333,0.06896551724137931,4.833333333333333,True,bc_jackson2020,True
motif_tumor_high,control,BaselTMA_SP41_48_X14Y8,3718,372,0.7258064516129032,0.6293706293706294,1.153225806451613,False,bc_jackson2020,True
motif_tumor_high,control,BaselTMA_SP41_52_X10Y2_101,9,5,0.0,0.1111111111111111,0.0,False,bc_jackson2020,True
motif_tumor_high,control,BaselTMA_SP41_52_X10Y2_102,18,5,0.4,0.16666666666666666,2.4000000000000004,True,bc_jackson2020,True
motif_tumor_high,control,BaselTMA_SP41_52_X9Y3,2892,290,0.5172413793103449,0.6054633471645919,0.8542901593178284,False,bc_jackson2020,True
motif_tumor_high,control,BaselTMA_SP41_53_X6Y8,2150,215,0.37209302325581395,0.4246511627906977,0.8762322015334063,False,bc_jackson2020,True
motif_tumor_high,control,BaselTMA_SP41_55_X10Y7,1635,164,0.42073170731707316,0.3541284403669725,1.188076582838367,False,bc_jackson2020,True
motif_tumor_high,control,BaselTMA_SP41_57_X8Y6,1248,125,0.56,0.23317307692307693,2.4016494845360827,True,bc_jackson2020,True
motif_tumor_high,control,BaselTMA_SP41_58_X15Y1,4347,435,0.6229885057471264,0.7577639751552795,0.8221405690597324,False,bc_jackson2020,True
motif_tumor_high,control,BaselTMA_SP41_58_X16Y1,521,53,0.09433962264150944,0.061420345489443376,1.5359669811320757,True,bc_jackson2020,True
motif_tumor_high,control,BaselTMA_SP41_60_X11Y7,2309,231,0.6233766233766234,0.6370723256821135,0.9785021233015794,False,bc_jackson2020,True
motif_tumor_high,control,BaselTMA_SP41_61_X3Y4,1939,194,0.061855670103092786,0.027333677153171736,2.262983855281074,True,bc_jackson2020,True
motif_tumor_high,control,BaselTMA_SP41_61_X4Y4,58,6,0.0,0.0,1.0,False,bc_jackson2020,True
motif_tumor_high,control,BaselTMA_SP41_62_X7Y7,2929,293,0.34812286689419797,0.401160805735746,0.8677888316026433,False,bc_jackson2020,True
motif_tumor_high,control,BaselTMA_SP41_63_X4Y9,3335,334,0.6856287425149701,0.8539730134932534,0.8028693315615959,False,bc_jackson2020,True
motif_tumor_high,control,BaselTMA_SP41_68_X10Y1,294,30,0.5666666666666667,0.3231292517006803,1.7536842105263155,True,bc_jackson2020,True
motif_tumor_high,control,BaselTMA_SP41_68_X9Y1,2239,224,0.4330357142857143,0.39169271996426974,1.105549560188956,False,bc_jackson2020,True
motif_tumor_high,control,BaselTMA_SP41_69_X5Y3,2147,215,0.24651162790697675,0.18584070796460178,1.3264673311184938,True,bc_jackson2020,True
motif_tumor_high,control,BaselTMA_SP41_72_X11Y1,2709,271,0.6531365313653137,0.6286452565522332,1.038958815894677,False,bc_jackson2020,True
motif_tumor_high,control,BaselTMA_SP41_72_X12Y1,475,48,0.3333333333333333,0.25894736842105265,1.287262872628726,True,bc_jackson2020,True
motif_tumor_high,control,BaselTMA_SP41_7_X5Y1,3839,384,0.4609375,0.4759051836415733,0.9685490216201423,False,bc_jackson2020,True
motif_tumor_high,control,BaselTMA_SP41_83_X13Y2,4354,436,0.32798165137614677,0.17133670188332567,1.9142521582999237,True,bc_jackson2020,True
motif_tumor_high,control,BaselTMA_SP41_83_X14Y2,2042,205,0.6292682926829268,0.6841332027424094,0.9198037606718229,False,bc_jackson2020,True
motif_tumor_high,control,BaselTMA_SP41_86_X15Y3,1890,189,0.6507936507936508,0.4724867724867725,1.3773796192609182,True,bc_jackson2020,True
motif_tumor_high,control,BaselTMA_SP41_88_X11Y5_235,4713,472,0.826271186440678,0.8361977509017611,0.9881289270984307,False,bc_jackson2020,True
motif_tumor_high,control,BaselTMA_SP41_88_X11Y5_242,1204,121,0.4628099173553719,0.420265780730897,1.1012315029562605,False,bc_jackson2020,True
motif_tumor_high,control,BaselTMA_SP41_8_X5Y9,1996,200,0.095,0.08867735470941884,1.0712994350282485,False,bc_jackson2020,True
motif_tumor_high,control,BaselTMA_SP41_92_X12Y7,4533,454,0.34801762114537443,0.16479152878888154,2.111865966066911,True,bc_jackson2020,True
motif_tumor_high,control,BaselTMA_SP41_9_X6Y9,2695,270,0.8777777777777778,0.9031539888682746,0.9719026750661919,False,bc_jackson2020,True
motif_tumor_high,control,BaselTMA_SP42_105_X10Y1,1304,131,0.4122137404580153,0.5214723926380368,0.7904804669959588,False,bc_jackson2020,True
motif_tumor_high,control,BaselTMA_SP42_105_X9Y1,392,40,0.325,0.24489795918367346,1.3270833333333334,True,bc_jackson2020,True
motif_tumor_high,control,BaselTMA_SP42_109_X10Y6,2570,257,0.41245136186770426,0.37120622568093387,1.111111111111111,False,bc_jackson2020,True
motif_tumor_high,control,BaselTMA_SP42_10_X1Y5,2426,243,0.7119341563786008,0.5952184666117065,1.1960888250515829,False,bc_jackson2020,True
motif_tumor_high,control,BaselTMA_SP42_113_X2Y5,3221,323,0.3281733746130031,0.3539273517541136,0.9272337189723536,False,bc_jackson2020,True
motif_tumor_high,control,BaselTMA_SP42_120_X5Y2,3230,323,0.5232198142414861,0.49102167182662537,1.0655737704918034,False,bc_jackson2020,True
motif_tumor_high,control,BaselTMA_SP42_120_X6Y2,807,81,0.654320987654321,0.38413878562577447,1.7033452807646356,True,bc_jackson2020,True
motif_tumor_high,control,BaselTMA_SP42_121_X11Y8,2312,232,0.36637931034482757,0.2755190311418685,1.329778595788448,True,bc_jackson2020,True
motif_tumor_high,control,BaselTMA_SP42_123_X8Y6,374,38,0.5789473684210527,0.5053475935828877,1.1456418824839878,False,bc_jackson2020,True
motif_tumor_high,control,BaselTMA_SP42_127_X2Y8,6845,685,0.7693430656934307,0.873046018991965,0.8812170824416888,False,bc_jackson2020,True
motif_tumor_high,control,BaselTMA_SP42_12_X12Y8,921,93,0.34408602150537637,0.17155266015200868,2.005716619028175,True,bc_jackson2020,True
motif_tumor_high,control,BaselTMA_SP42_130_X1Y6,2380,238,0.35294117647058826,0.33319327731092435,1.059268600252207,False,bc_jackson2020,True
motif_tumor_high,control,BaselTMA_SP42_136_X10Y4,968,97,0.5979381443298969,0.6962809917355371,0.8587598274648964,False,bc_jackson2020,True
motif_tumor_high,control,BaselTMA_SP42_136_X9Y4,3180,318,0.5974842767295597,0.4606918238993711,1.2969283276450512,True,bc_jackson2020,True
motif_tumor_high,control,BaselTMA_SP42_138_X3Y5,3798,380,0.5368421052631579,0.4855186940494997,1.1057084142025346,False,bc_jackson2020,True
motif_tumor_high,control,BaselTMA_SP42_13_X5Y8,2901,291,0.35051546391752575,0.6135815236125474,0.5712614386655855,False,bc_jackson2020,True
motif_tumor_high,control,BaselTMA_SP42_145_X1Y4,3361,337,0.2551928783382789,0.34513537637607855,0.7393993655990995,False,bc_jackson2020,True
motif_tumor_high,control,BaselTMA_SP42_145_X2Y4_141,55,6,0.5,0.09090909090909091,5.5,True,bc_jackson2020,True
motif_tumor_high,control,BaselTMA_SP42_145_X2Y4_142,25,5,0.0,0.0,1.0,False,bc_jackson2020,True
motif_tumor_high,control,BaselTMA_SP42_146_X16Y6,63,7,0.14285714285714285,0.06349206349206349,2.25,True,bc_jackson2020,True
motif_tumor_high,control,BaselTMA_SP42_148_X5Y6,2821,283,0.31802120141342755,0.18362282878411912,1.7319262725623148,True,bc_jackson2020,True
motif_tumor_high,control,BaselTMA_SP42_151_X14Y7,4006,401,0.6608478802992519,0.800798801797304,0.8252358505233177,False,bc_jackson2020,True
motif_tumor_high,control,BaselTMA_SP42_152_X15Y6,2518,252,0.5238095238095238,0.710087370929309,0.7376691168637478,False,bc_jackson2020,True
motif_tumor_high,control,BaselTMA_SP42_154_X7Y4,1277,128,0.21875,0.2701644479248238,0.8096920289855073,False,bc_jackson2020,True
motif_tumor_high,control,BaselTMA_SP42_154_X8Y4,645,65,0.06153846153846154,0.05271317829457364,1.167420814479638,False,bc_jackson2020,True
motif_tumor_high,control,BaselTMA_SP42_155_X4Y9,4585,459,0.3028322440087146,0.261504907306434,1.1580365627856186,False,bc_jackson2020,True
motif_tumor_high,control,BaselTMA_SP42_156_X15Y1,342,35,0.6,0.19883040935672514,3.0176470588235293,True,bc_jackson2020,True
motif_tumor_high,control,BaselTMA_SP42_156_X16Y1,692,70,0.37142857142857144,0.45664739884393063,0.8133815551537071,False,bc_jackson2020,True
motif_tumor_high,control,BaselTMA_SP42_158_X12Y6,1213,122,0.2540983606557377,0.22506183017312448,1.1290157929502191,False,bc_jackson2020,True
motif_tumor_high,control,BaselTMA_SP42_160_X13Y5,3045,305,0.6295081967213115,0.6413793103448275,0.9814912744579589,False,bc_jackson2020,True
motif_tumor_high,control,BaselTMA_SP42_161_X13Y3,3899,390,0.40512820512820513,0.5237240318030264,0.7735528265400939,False,bc_jackson2020,True
motif_tumor_high,control,BaselTMA_SP42_162_X16Y7,3143,315,0.5619047619047619,0.44288895959274577,1.2687260536398468,True,bc_jackson2020,True
motif_tumor_high,control,BaselTMA_SP42_163_X1Y9,2690,269,0.42379182156133827,0.1895910780669145,2.235294117647059,True,bc_jackson2020,True
motif_tumor_high,control,BaselTMA_SP42_164_X9Y8,1719,172,0.6395348837209303,0.6311809191390343,1.013235451720073,False,bc_jackson2020,True
motif_tumor_high,control,BaselTMA_SP42_167_X14Y8,351,36,0.25,0.1339031339031339,1.8670212765957446,True,bc_jackson2020,True
motif_tumor_high,control,BaselTMA_SP42_169_X3Y8,3455,346,0.3468208092485549,0.6376266280752533,0.5439246009776474,False,bc_jackson2020,True
motif_tumor_high,control,BaselTMA_SP42_16_X3Y4,523,53,0.33962264150943394,0.3632887189292543,0.9348560079443893,False,bc_jackson2020,True
motif_tumor_high,control,BaselTMA_SP42_16_X4Y4,221,23,0.0,0.04072398190045249,0.0,False,bc_jackson2020,True
motif_tumor_high,control,BaselTMA_SP42_171_X2Y7,3801,381,0.5406824146981627,0.44330439358063667,1.2196640108413748,False,bc_jackson2020,True
motif_tumor_high,control,BaselTMA_SP42_174_X9Y6,3567,357,0.7002801120448179,0.7774039809363611,0.9007930615448486,False,bc_jackson2020,True
motif_tumor_high,control,BaselTMA_SP42_175_X15Y5_235,2329,233,0.24892703862660945,0.15113782739373122,1.6470200936402652,True,bc_jackson2020,True
motif_tumor_high,control,BaselTMA_SP42_175_X15Y5_236,668,67,0.4925373134328358,0.26047904191616766,1.8908903757076685,True,bc_jackson2020,True
motif_tumor_high,control,BaselTMA_SP42_176_X3Y7,4769,477,0.27882599580712786,0.5103795344936045,0.5463110821709913,False,bc_jackson2020,True
motif_tumor_high,control,BaselTMA_SP42_178_X13Y7,1966,197,0.6649746192893401,0.559003051881994,1.1895724308670086,False,bc_jackson2020,True
motif_tumor_high,control,BaselTMA_SP42_179_X13Y8,5186,519,0.6994219653179191,0.6504049363671424,1.0753638636640166,False,bc_jackson2020,True
motif_tumor_high,control,BaselTMA_SP42_181_X6Y5,1992,200,0.63,0.5983935742971888,1.0528187919463088,False,bc_jackson2020,True
motif_tumor_high,control,BaselTMA_SP42_182_X1Y8,2667,267,0.704119850187266,0.724034495688039,0.9724948940701389,False,bc_jackson2020,True
motif_tumor_high,control,BaselTMA_SP42_183_X3Y6,2236,224,0.48214285714285715,0.3407871198568873,1.4147919010123735,True,bc_jackson2020,True
motif_tumor_high,control,BaselTMA_SP42_184_X6Y8,4380,438,0.3401826484018265,0.22853881278538812,1.4885114885114885,True,bc_jackson2020,True
motif_tumor_high,control,BaselTMA_SP42_185_X7Y5,2427,243,0.6090534979423868,0.5780799340749897,1.053580070923858,False,bc_jackson2020,True
motif_tumor_high,control,BaselTMA_SP42_188_X10Y5,1617,162,0.3888888888888889,0.34879406307977734,1.114952718676123,False,bc_jackson2020,True
motif_tumor_high,control,BaselTMA_SP42_189_X5Y5,3482,349,0.501432664756447,0.6522113727742677,0.768819259657397,False,bc_jackson2020,True
motif_tumor_high,control,BaselTMA_SP42_190_X9Y5,1686,169,0.11834319526627218,0.22123368920521946,0.5349239335628281,False,bc_jackson2020,True
motif_tumor_high,control,BaselTMA_SP42_192_X8Y5,2893,290,0.6275862068965518,0.549948150708607,1.1411734107804676,False,bc_jackson2020,True
motif_tumor_high,control,BaselTMA_SP42_198_X7Y8,2607,261,0.6206896551724138,0.6555427694668201,0.9468331954561047,False,bc_jackson2020,True
motif_tumor_high,control,BaselTMA_SP42_208_X15Y7,1832,184,0.6032608695652174,0.4088427947598253,1.475532594183549,True,bc_jackson2020,True
motif_tumor_high,control,BaselTMA_SP42_210_X4Y5,2488,249,0.4497991967871486,0.39308681672025725,1.1442744392703739,False,bc_jackson2020,True
motif_tumor_high,control,BaselTMA_SP42_215_X3Y1,2223,223,0.34977578475336324,0.30634278002699056,1.1417791035341065,False,bc_jackson2020,True
motif_tumor_high,control,BaselTMA_SP42_215_X4Y1,159,16,0.9375,0.2641509433962264,3.549107142857143,True,bc_jackson2020,True
motif_tumor_high,control,BaselTMA_SP42_217_X1Y3,3843,385,0.3116883116883117,0.23627374447046579,1.3191830196235481,True,bc_jackson2020,True
motif_tumor_high,control,BaselTMA_SP42_217_X2Y3,2060,206,0.5145631067961165,0.7160194174757282,0.7186440677966102,False,bc_jackson2020,True
motif_tumor_high,control,BaselTMA_SP42_223_X9Y7,2535,254,0.452755905511811,0.5408284023668639,0.8371526042833267,False,bc_jackson2020,True
motif_tumor_high,control,BaselTMA_SP42_229_X1Y7,3053,306,0.7026143790849673,0.7622011136586964,0.9218228187994865,False,bc_jackson2020,True
motif_tumor_high,control,BaselTMA_SP42_232_X7Y6,2437,244,0.5081967213114754,0.5006155108740254,1.0151437785541522,False,bc_jackson2020,True
motif_tumor_high,control,BaselTMA_SP42_236_X11Y7,2716,272,0.3860294117647059,0.38402061855670105,1.005230951440979,False,bc_jackson2020,True
motif_tumor_high,control,BaselTMA_SP42_240_X10Y2,628,63,0.23809523809523808,0.19904458598726116,1.196190476190476,False,bc_jackson2020,True
motif_tumor_high,control,BaselTMA_SP42_240_X9Y2,2523,253,0.616600790513834,0.6801426872770512,0.9065756378009342,False,bc_jackson2020,True
motif_tumor_high,control,BaselTMA_SP42_251_X15Y2,1722,173,0.5895953757225434,0.5516840882694541,1.0687191968360208,False,bc_jackson2020,True
motif_tumor_high,control,BaselTMA_SP42_251_X16Y2,436,44,0.18181818181818182,0.08256880733944955,2.202020202020202,True,bc_jackson2020,True
motif_tumor_high,control,BaselTMA_SP42_253_X13Y2,3369,337,0.6617210682492581,0.634906500445236,1.0422338844935721,False,bc_jackson2020,True
motif_tumor_high,control,BaselTMA_SP42_253_X14Y2,1319,132,0.3106060606060606,0.5193328278999242,0.598086706480867,False,bc_jackson2020,True
motif_tumor_high,control,BaselTMA_SP42_258_X4Y7,1914,192,0.359375,0.4122257053291536,0.871791825095057,False,bc_jackson2020,True
motif_tumor_high,control,BaselTMA_SP42_25_X3Y2,3870,387,0.7493540051679587,0.8992248062015504,0.8333333333333334,False,bc_jackson2020,True
motif_tumor_high,control,BaselTMA_SP42_25_X4Y2,328,33,0.24242424242424243,0.2225609756097561,1.0892486508924866,False,bc_jackson2020,True
motif_tumor_high,control,BaselTMA_SP42_261_X11Y6,3354,336,0.6369047619047619,0.4120453190220632,1.5457153194128592,True,bc_jackson2020,True
motif_tumor_high,control,BaselTMA_SP42_262_X10Y8,218,22,0.18181818181818182,0.0963302752293578,1.8874458874458875,True,bc_jackson2020,True
motif_tumor_high,control,BaselTMA_SP42_264_X14Y5,2181,219,0.4292237442922374,0.5653370013755158,0.7592351875923519,False,bc_jackson2020,True
motif_tumor_high,control,BaselTMA_SP42_265_X14Y1,141,15,0.13333333333333333,0.2765957446808511,0.482051282051282,False,bc_jackson2020,True
motif_tumor_high,control,BaselTMA_SP42_273_X6Y7,2872,288,0.28125,0.2743732590529248,1.0250634517766497,False,bc_jackson2020,True
motif_tumor_high,control,BaselTMA_SP42_275_X5Y4,1811,182,0.1978021978021978,0.12424075096631695,1.592087912087912,True,bc_jackson2020,True
motif_tumor_high,control,BaselTMA_SP42_275_X6Y4,53,6,0.3333333333333333,0.11320754716981132,2.944444444444444,True,bc_jackson2020,True
motif_tumor_high,control,BaselTMA_SP42_279_X14Y6,1544,155,0.4774193548387097,0.5323834196891192,0.8967584961933914,False,bc_jackson2020,True
motif_tumor_high,control,BaselTMA_SP42_27_X6Y6,2934,294,0.7074829931972789,0.8367416496250852,0.8455214264932042,False,bc_jackson2020,True
motif_tumor_high,control,BaselTMA_SP42_285_X7Y7,3542,355,0.6140845070422535,0.7673630717108978,0.8002528785664687,False,bc_jackson2020,True
motif_tumor_high,control,BaselTMA_SP42_28_X11Y2,2910,291,0.38144329896907214,0.44604810996563576,0.8551617873651771,False,bc_jackson2020,True
motif_tumor_high,control,BaselTMA_SP42_28_X12Y2,2363,237,0.5485232067510548,0.5112145577655522,1.0729804118814095,False,bc_jackson2020,True
motif_tumor_high,control,BaselTMA_SP42_29_X7Y2,1028,103,0.4563106796116505,0.49319066147859925,0.92522165412382,False,bc_jackson2020,True
motif_tumor_high,control,BaselTMA_SP42_30_X8Y3,400,40,0.175,0.04,4.375,True,bc_jackson2020,True
motif_tumor_high,control,BaselTMA_SP42_35_X16Y4,1684,169,0.42011834319526625,0.17042755344418054,2.4650846339401684,True,bc_jackson2020,True
motif_tumor_high,control,BaselTMA_SP42_36_X5Y1,2291,230,0.591304347826087,0.5512876473155827,1.0725876966504873,False,bc_jackson2020,True
motif_tumor_high,control,BaselTMA_SP42_36_X6Y1,576,58,0.2413793103448276,0.4809027777777778,0.5019295406448401,False,bc_jackson2020,True
motif_tumor_high,control,BaselTMA_SP42_46_X10Y7,2901,291,0.6048109965635738,0.5084453636677008,1.189529966800629,False,bc_jackson2020,True
motif_tumor_high,control,BaselTMA_SP42_51_X1Y2,1727,173,0.48554913294797686,0.41053850607990733,1.182712768125749,False,bc_jackson2020,True
motif_tumor_high,control,BaselTMA_SP42_54_X12Y5,3005,301,0.5016611295681063,0.40898502495840267,1.2266002395054185,False,bc_jackson2020,True
motif_tumor_high,control,BaselTMA_SP42_56_X2Y6,3141,315,0.37142857142857144,0.3954154727793696,0.9393374741200828,False,bc_jackson2020,True
motif_tumor_high,control,BaselTMA_SP42_59_X3Y9,4500,450,0.5,0.7026666666666667,0.7115749525616698,False,bc_jackson2020,True
motif_tumor_high,control,BaselTMA_SP42_5_X8Y7,2381,239,0.4895397489539749,0.17723645527089457,2.76207142715501,True,bc_jackson2020,True
motif_tumor_high,control,BaselTMA_SP42_64_X13Y4,3906,391,0.4961636828644501,0.72452636968766,0.6848110760666226,False,bc_jackson2020,True
motif_tumor_high,control,BaselTMA_SP42_64_X14Y4,4833,484,0.45454545454545453,0.5507966066625285,0.8252510074448466,False,bc_jackson2020,True
motif_tumor_high,control,BaselTMA_SP42_6_X11Y1,1900,190,0.7157894736842105,0.5452631578947369,1.3127413127413126,True,bc_jackson2020,True
motif_tumor_high,control,BaselTMA_SP42_6_X12Y1,67,7,0.5714285714285714,0.13432835820895522,4.253968253968254,True,bc_jackson2020,True
motif_tumor_high,control,BaselTMA_SP42_70_X5Y3,3097,310,0.4032258064516129,0.27155311591863096,1.48488742280695,True,bc_jackson2020,True
motif_tumor_high,control,BaselTMA_SP42_70_X6Y3,187,19,0.42105263157894735,0.11229946524064172,3.7493734335839597,True,bc_jackson2020,True
motif_tumor_high,control,BaselTMA_SP42_71_X8Y8,1976,198,0.4595959595959596,0.5475708502024291,0.8393360592990908,False,bc_jackson2020,True
motif_tumor_high,control,BaselTMA_SP42_73_X12Y7,2867,287,0.2857142857142857,0.37949075688873385,0.7528886554621849,False,bc_jackson2020,True
motif_tumor_high,control,BaselTMA_SP42_74_X15Y3,2698,270,0.8592592592592593,0.8939955522609341,0.9611448928198513,False,bc_jackson2020,True
motif_tumor_high,control,BaselTMA_SP42_74_X16Y3,256,26,0.07692307692307693,0.03515625,2.1880341880341883,True,bc_jackson2020,True
motif_tumor_high,control,BaselTMA_SP42_76_X13Y6,2440,244,0.2581967213114754,0.4774590163934426,0.5407725321888412,False,bc_jackson2020,True
motif_tumor_high,control,BaselTMA_SP42_80_X3Y3,4308,431,0.5661252900232019,0.5074280408542247,1.1156760061390456,False,bc_jackson2020,True
motif_tumor_high,control,BaselTMA_SP42_80_X4Y3,175,18,0.16666666666666666,0.18857142857142858,0.8838383838383838,False,bc_jackson2020,True
motif_tumor_high,control,BaselTMA_SP42_81_X11Y4,3203,321,0.5514018691588785,0.7464876678114268,0.7386617260208648,False,bc_jackson2020,True
motif_tumor_high,control,BaselTMA_SP42_81_X12Y4,736,74,0.43243243243243246,0.39809782608695654,1.0862466562125266,False,bc_jackson2020,True
motif_tumor_high,control,BaselTMA_SP42_82_X2Y9,5024,503,0.3836978131212724,0.12121815286624203,3.16534944683296,True,bc_jackson2020,True
motif_tumor_high,control,BaselTMA_SP42_84_X7Y1,1199,120,0.25,0.1451209341117598,1.7227011494252873,True,bc_jackson2020,True
motif_tumor_high,control,BaselTMA_SP42_84_X8Y1,205,21,0.23809523809523808,0.13170731707317074,1.8077601410934743,True,bc_jackson2020,True
motif_tumor_high,control,BaselTMA_SP42_89_X4Y6,2730,273,0.326007326007326,0.22673992673992674,1.4378029079159935,True,bc_jackson2020,True
motif_tumor_high,control,BaselTMA_SP42_91_X11Y3,4086,409,0.5550122249388753,0.7016642192853647,0.7909940534008525,False,bc_jackson2020,True
motif_tumor_high,control,BaselTMA_SP42_91_X12Y3,574,58,0.15517241379310345,0.23693379790940766,0.6549188640973631,False,bc_jackson2020,True
motif_tumor_high,control,BaselTMA_SP42_96_X10Y3,700,70,0.42857142857142855,0.6,0.7142857142857143,False,bc_jackson2020,True
motif_tumor_high,control,BaselTMA_SP42_96_X9Y3,1204,121,0.06611570247933884,0.17524916943521596,0.3772668520621989,False,bc_jackson2020,True
motif_tumor_high,control,BaselTMA_SP42_98_X11Y5,2511,252,0.5873015873015873,0.6467542811628834,0.9080752990851513,False,bc_jackson2020,True
motif_tumor_high,control,BaselTMA_SP42_99_X5Y7,1923,193,0.27979274611398963,0.19084763390535622,1.466052999392921,True,bc_jackson2020,True
motif_tumor_high,control,BaselTMA_SP43_102_X1Y4,5151,516,0.562015503875969,0.7586876334692293,0.7407732498631311,False,bc_jackson2020,True
motif_tumor_high,control,BaselTMA_SP43_102_X2Y4,461,47,0.0851063829787234,0.2646420824295011,0.32159051273107775,False,bc_jackson2020,True
motif_tumor_high,control,BaselTMA_SP43_103_X5Y4,4175,418,0.5526315789473685,0.6177245508982036,0.8946245994979696,False,bc_jackson2020,True
motif_tumor_high,control,BaselTMA_SP43_103_X6Y4,179,18,0.1111111111111111,0.2346368715083799,0.4735449735449735,False,bc_jackson2020,True
motif_tumor_high,control,BaselTMA_SP43_107_X4Y7,2831,284,0.9788732394366197,0.9742140586365242,1.0047825021193149,False,bc_jackson2020,True
motif_tumor_high,control,BaselTMA_SP43_108_X13Y8,6320,632,0.8607594936708861,0.8936708860759494,0.9631728045325779,False,bc_jackson2020,True
motif_tumor_high,control,BaselTMA_SP43_110_X14Y8,1126,113,0.12389380530973451,0.23268206039076378,0.5324596365601567,False,bc_jackson2020,True
motif_tumor_high,control,BaselTMA_SP43_111_X8Y6,5057,506,0.35177865612648224,0.12438204469052798,2.8282109126098898,True,bc_jackson2020,True
motif_tumor_high,control,BaselTMA_SP43_115_X4Y8,4931,494,0.4757085020242915,0.5692557290610424,0.8356674825371505,False,bc_jackson2020,True
motif_tumor_high,control,BaselTMA_SP43_116_X3Y4,6069,607,0.6144975288303131,0.42066238260009886,1.4607855473839286,True,bc_jackson2020,True
motif_tumor_high,control,BaselTMA_SP43_116_X4Y4,2910,291,0.3127147766323024,0.45463917525773195,0.6878306878306878,False,bc_jackson2020,True
motif_tumor_high,control,BaselTMA_SP43_118_X13Y5,3309,331,0.6888217522658611,0.7122997884557268,0.9670391082934807,False,bc_jackson2020,True
motif_tumor_high,control,BaselTMA_SP43_119_X9Y8,1583,159,0.5345911949685535,0.3821857233101706,1.3987733250168926,True,bc_jackson2020,True
motif_tumor_high,control,BaselTMA_SP43_122_X12Y8,3415,342,0.6052631578947368,0.550805270863836,1.0988695822490837,False,bc_jackson2020,True
motif_tumor_high,control,BaselTMA_SP43_124_X10Y8,265,27,0.5555555555555556,0.2188679245283019,2.5383141762452106,True,bc_jackson2020,True
motif_tumor_high,control,BaselTMA_SP43_125_X5Y7,1934,194,0.4793814432989691,0.4364012409513961,1.098487809644794,False,bc_jackson2020,True
motif_tumor_high,control,BaselTMA_SP43_128_X16Y7,5104,511,0.7514677103718199,0.8121081504702194,0.9253296004192446,False,bc_jackson2020,True
motif_tumor_high,control,BaselTMA_SP43_131_X13Y4,1633,164,0.6890243902439024,0.5995101041028781,1.1493123894466728,False,bc_jackson2020,True
motif_tumor_high,control,BaselTMA_SP43_131_X14Y4,862,87,0.06896551724137931,0.3190255220417633,0.2161755485893417,False,bc_jackson2020,True
motif_tumor_high,control,BaselTMA_SP43_132_X13Y1,4258,426,0.6455399061032864,0.6395021136683889,1.009441395588613,False,bc_jackson2020,True
motif_tumor_high,control,BaselTMA_SP43_132_X14Y1,820,82,0.10975609756097561,0.045121951219512194,2.4324324324324325,True,bc_jackson2020,True
motif_tumor_high,control,BaselTMA_SP43_137_X10Y3,282,29,0.3448275862068966,0.20921985815602837,1.6481589713617768,True,bc_jackson2020,True
motif_tumor_high,control,BaselTMA_SP43_137_X9Y3,4305,431,0.8607888631090487,0.9022067363530778,0.9540927022874497,False,bc_jackson2020,True
motif_tumor_high,control,BaselTMA_SP43_139_X1Y7,2171,218,0.26605504587155965,0.29018885306310455,0.916834134265327,False,bc_jackson2020,True
motif_tumor_high,control,BaselTMA_SP43_140_X10Y7,1789,179,0.5418994413407822,0.5237562884292901,1.034640448835282,False,bc_jackson2020,True
motif_tumor_high,control,BaselTMA_SP43_142_X5Y1,2453,246,0.6016260162601627,0.5805136567468406,1.0363684114369234,False,bc_jackson2020,True
motif_tumor_high,control,BaselTMA_SP43_142_X6Y1,489,49,0.6326530612244898,0.4703476482617587,1.345075421472937,True,bc_jackson2020,True
motif_tumor_high,control,BaselTMA_SP43_143_X1Y2,109,11,0.18181818181818182,0.12844036697247707,1.4155844155844155,True,bc_jackson2020,True
motif_tumor_high,control,BaselTMA_SP43_143_X2Y2,969,97,0.3402061855670103,0.5046439628482973,0.6741509075959774,False,bc_jackson2020,True
motif_tumor_high,control,BaselTMA_SP43_144_X15Y1,6267,627,0.3763955342902711,0.31817456518270304,1.1829843597778982,False,bc_jackson2020,True
motif_tumor_high,control,BaselTMA_SP43_144_X16Y1,1678,168,0.5773809523809523,0.5488676996424314,1.0519492270306603,False,bc_jackson2020,True
motif_tumor_high,control,BaselTMA_SP43_147_X6Y6,322,33,0.2727272727272727,0.2577639751552795,1.0580503833515882,False,bc_jackson2020,True
motif_tumor_high,control,BaselTMA_SP43_149_X10Y6_222,544,55,0.4,0.4650735294117647,0.8600790513833992,False,bc_jackson2020,True
motif_tumor_high,control,BaselTMA_SP43_149_X10Y6_223,468,47,0.19148936170212766,0.15384615384615385,1.2446808510638296,False,bc_jackson2020,True
motif_tumor_high,control,BaselTMA_SP43_150_X5Y3,2342,235,0.3276595744680851,0.21947053800170793,1.492954714794271,True,bc_jackson2020,True
motif_tumor_high,control,BaselTMA_SP43_150_X6Y3,206,21,0.14285714285714285,0.07766990291262135,1.8392857142857144,True,bc_jackson2020,True
motif_tumor_high,control,BaselTMA_SP43_157_X4Y5,688,69,0.21739130434782608,0.26308139534883723,0.8263271679077587,False,bc_jackson2020,True
motif_tumor_high,control,BaselTMA_SP43_15_X1Y9,4396,440,0.2636363636363636,0.14581437670609645,1.8080272301801161,True,bc_jackson2020,True
motif_tumor_high,control,BaselTMA_SP43_168_X10Y5,6908,691,0.9421128798842258,0.9726404169079328,0.9686137482125662,False,bc_jackson2020,True
motif_tumor_high,control,BaselTMA_SP43_170_X3Y3,2024,203,0.6847290640394089,0.6971343873517787,0.9822052626617743,False,bc_jackson2020,True
motif_tumor_high,control,BaselTMA_SP43_170_X4Y3,589,59,0.0847457627118644,0.10186757215619695,0.8319209039548022,False,bc_jackson2020,True
motif_tumor_high,control,BaselTMA_SP43_172_X10Y2,204,21,0.23809523809523808,0.09313725490196079,2.5563909774436087,True,bc_jackson2020,True
motif_tumor_high,control,BaselTMA_SP43_172_X9Y2,3053,306,0.4084967320261438,0.5627251883393384,0.7259257991128154,False,bc_jackson2020,True
motif_tumor_high,control,BaselTMA_SP43_173_X2Y8,5802,581,0.693631669535284,0.8805584281282316,0.7877179382743625,False,bc_jackson2020,True
motif_tumor_high,control,BaselTMA_SP43_17_X11Y4,4059,406,0.6822660098522167,0.7664449371766445,0.8901696348409346,False,bc_jackson2020,True
motif_tumor_high,control,BaselTMA_SP43_17_X12Y4,521,53,0.3018867924528302,0.42610364683301344,0.7084820669726329,False,bc_jackson2020,True
motif_tumor_high,control,BaselTMA_SP43_180_X5Y2,2619,262,0.648854961832061,0.6441389843451699,1.0073213663533893,False,bc_jackson2020,True
motif_tumor_high,control,BaselTMA_SP43_180_X6Y2,108,11,0.18181818181818182,0.046296296296296294,3.9272727272727277,True,bc_jackson2020,True
motif_tumor_high,control,BaselTMA_SP43_193_X9Y7,3659,366,0.639344262295082,0.48756490844493033,1.3113008159964714,True,bc_jackson2020,True
motif_tumor_high,control,BaselTMA_SP43_194_X11Y7,933,94,0.2978723404255319,0.19935691318327975,1.494166094715168,True,bc_jackson2020,True
motif_tumor_high,control,BaselTMA_SP43_195_X11Y6,2217,222,0.6036036036036037,0.38655841226883175,1.5614809675486456,True,bc_jackson2020,True
motif_tumor_high,control,BaselTMA_SP43_197_X4Y9,825,83,0.1566265060240964,0.25575757575757574,0.6124022154970594,False,bc_jackson2020,True
motif_tumor_high,control,BaselTMA_SP43_199_X8Y5,2943,295,0.7288135593220338,0.8338430173292558,0.8740416891135884,False,bc_jackson2020,True
motif_tumor_high,control,BaselTMA_SP43_19_X15Y2,3520,352,0.48295454545454547,0.48664772727272726,0.9924109748978401,False,bc_jackson2020,True
motif_tumor_high,control,BaselTMA_SP43_19_X16Y2,276,28,0.10714285714285714,0.057971014492753624,1.8482142857142856,True,bc_jackson2020,True
motif_tumor_high,control,BaselTMA_SP43_1_X1Y8,2907,291,0.5601374570446735,0.717234262125903,0.7809686271601275,False,bc_jackson2020,True
motif_tumor_high,control,BaselTMA_SP43_200_X9Y6,2332,234,0.7393162393162394,0.7645797598627787,0.9669576388589289,False,bc_jackson2020,True
motif_tumor_high,control,BaselTMA_SP43_201_X14Y5,2948,295,0.24745762711864408,0.3239484396200814,0.7638796698908511,False,bc_jackson2020,True
motif_tumor_high,control,BaselTMA_SP43_202_X9Y5,2976,298,0.5,0.6011424731182796,0.8317495807713806,False,bc_jackson2020,True
motif_tumor_high,control,BaselTMA_SP43_205_X3Y6,2298,230,0.6217391304347826,0.6266318537859008,0.9921920289855072,False,bc_jackson2020,True
motif_tumor_high,control,BaselTMA_SP43_207_X1Y6,3131,314,0.47770700636942676,0.5461513893324816,0.874678735054196,False,bc_jackson2020,True
motif_tumor_high,control,BaselTMA_SP43_209_X11Y1,1962,197,0.6294416243654822,0.5163098878695209,1.219115959531171,False,bc_jackson2020,True
motif_tumor_high,control,BaselTMA_SP43_209_X12Y1,285,29,0.41379310344827586,0.14385964912280702,2.8763666947014297,True,bc_jackson2020,True
motif_tumor_high,control,BaselTMA_SP43_213_X7Y7,1638,164,0.5487804878048781,0.4242979242979243,1.2933848043516407,True,bc_jackson2020,True
motif_tumor_high,control,BaselTMA_SP43_21_X3Y5,1743,175,0.34285714285714286,0.36718301778542745,0.93375,False,bc_jackson2020,True
motif_tumor_high,control,BaselTMA_SP43_221_X2Y7,1280,128,0.234375,0.19765625,1.1857707509881423,False,bc_jackson2020,True
motif_tumor_high,control,BaselTMA_SP43_222_X7Y2,3193,320,0.4875,0.6689633573441904,0.7287394662921348,False,bc_jackson2020,True
motif_tumor_high,control,BaselTMA_SP43_222_X8Y2,107,11,0.9090909090909091,0.22429906542056074,4.053030303030303,True,bc_jackson2020,True
motif_tumor_high,control,BaselTMA_SP43_225_X2Y9,2904,291,0.6701030927835051,0.6473829201101928,1.0350954156613292,False,bc_jackson2020,True
motif_tumor_high,control,BaselTMA_SP43_226_X6Y9,5282,529,0.77882797731569,0.8706929193487315,0.8944921452884268,False,bc_jackson2020,True
motif_tumor_high,control,BaselTMA_SP43_22_X12Y6,3123,313,0.65814696485623,0.7720140890169709,0.8525064169415206,False,bc_jackson2020,True
motif_tumor_high,control,BaselTMA_SP43_230_X11Y5,2440,244,0.5245901639344263,0.2336065573770492,2.245614035087719,True,bc_jackson2020,True
motif_tumor_high,control,BaselTMA_SP43_233_X13Y7,2139,214,0.6261682242990654,0.44039270687237025,1.4218405857491516,True,bc_jackson2020,True
motif_tumor_high,control,BaselTMA_SP43_235_X11Y2,3477,348,0.6206896551724138,0.5665803853897038,1.0955014878347629,False,bc_jackson2020,True
motif_tumor_high,control,BaselTMA_SP43_235_X12Y2,1968,197,0.4010152284263959,0.41514227642276424,0.9659705869561165,False,bc_jackson2020,True
motif_tumor_high,control,BaselTMA_SP43_23_X15Y7,2607,261,0.5593869731800766,0.3801304181051017,1.471565932472714,True,bc_jackson2020,True
motif_tumor_high,control,BaselTMA_SP43_241_X7Y3,3041,305,0.9245901639344263,0.9243669845445577,1.0002414402435398,False,bc_jackson2020,True
motif_tumor_high,control,BaselTMA_SP43_241_X8Y3,51,6,0.5,0.3137254901960784,1.59375,True,bc_jackson2020,True
motif_tumor_high,control,BaselTMA_SP43_242_X5Y6,3063,307,0.4755700325732899,0.5889650669278486,0.8074673003170658,False,bc_jackson2020,True
motif_tumor_high,control,BaselTMA_SP43_243_X13Y3,1947,195,0.26153846153846155,0.3359013867488444,0.7786167960479887,False,bc_jackson2020,True
motif_tumor_high,control,BaselTMA_SP43_243_X14Y3,780,78,0.358974358974359,0.3641025641025641,0.9859154929577465,False,bc_jackson2020,True
motif_tumor_high,control,BaselTMA_SP43_244_X3Y1,2939,294,0.5136054421768708,0.34841782919360326,1.4741078071853742,True,bc_jackson2020,True
motif_tumor_high,control,BaselTMA_SP43_244_X4Y1,108,11,0.09090909090909091,0.07407407407407407,1.2272727272727273,False,bc_jackson2020,True
motif_tumor_high,control,BaselTMA_SP43_245_X6Y5,4628,463,0.8272138228941684,0.8679775280898876,0.9530359901304983,False,bc_jackson2020,True
motif_tumor_high,control,BaselTMA_SP43_246_X2Y6,1738,174,0.6896551724137931,0.8475258918296893,0.8137275557740479,False,bc_jackson2020,True
motif_tumor_high,control,BaselTMA_SP43_248_X8Y8,798,80,0.475,0.35213032581453635,1.348932384341637,True,bc_jackson2020,True
motif_tumor_high,control,BaselTMA_SP43_250_X1Y3,2457,246,0.43902439024390244,0.4949124949124949,0.8870747753530167,False,bc_jackson2020,True
motif_tumor_high,control,BaselTMA_SP43_250_X2Y3,2061,207,0.5845410628019324,0.611353711790393,0.9561421670117324,False,bc_jackson2020,True
motif_tumor_high,control,BaselTMA_SP43_252_X6Y7,2647,265,0.6377358490566037,0.5799017755950132,1.0997308094155245,False,bc_jackson2020,True
motif_tumor_high,control,BaselTMA_SP43_260_X10Y4,2829,283,0.5547703180212014,0.5733474726051608,0.9675987852539942,False,bc_jackson2020,True
motif_tumor_high,control,BaselTMA_SP43_260_X9Y4,2590,259,0.7065637065637066,0.71003861003861,0.9951060358890702,False,bc_jackson2020,True
motif_tumor_high,control,BaselTMA_SP43_266_X7Y8,3860,386,0.5414507772020726,0.6593264248704663,0.8212180746561887,False,bc_jackson2020,True
motif_tumor_high,control,BaselTMA_SP43_269_X5Y9,3942,395,0.37721518987341773,0.5416032470826991,0.6964788189606617,False,bc_jackson2020,True
motif_tumor_high,control,BaselTMA_SP43_26_X16Y5,1592,160,0.45625,0.5565326633165829,0.8198081264108352,False,bc_jackson2020,True
motif_tumor_high,control,BaselTMA_SP43_270_X6Y8,4303,431,0.7633410672853829,0.7253079247036951,1.0524372356709395,False,bc_jackson2020,True
motif_tumor_high,control,BaselTMA_SP43_271_X11Y8,2256,226,0.5663716814159292,0.4242021276595745,1.335145781895858,True,bc_jackson2020,True
motif_tumor_high,control,BaselTMA_SP43_272_X11Y3,1778,178,0.03932584269662921,0.0281214848143982,1.3984269662921347,True,bc_jackson2020,True
motif_tumor_high,control,BaselTMA_SP43_272_X12Y3,673,68,0.5294117647058824,0.3952451708766716,1.3394515701017249,True,bc_jackson2020,True
motif_tumor_high,control,BaselTMA_SP43_278_X3Y2,3430,343,0.6705539358600583,0.79533527696793,0.8431085043988269,False,bc_jackson2020,True
motif_tumor_high,control,BaselTMA_SP43_278_X4Y2,1089,109,0.09174311926605505,0.06519742883379247,1.4071585476159711,True,bc_jackson2020,True
motif_tumor_high,control,BaselTMA_SP43_281_X8Y7,2198,220,0.6045454545454545,0.4494995450409463,1.34493006993007,True,bc_jackson2020,True
motif_tumor_high,control,BaselTMA_SP43_32_X4Y6,3914,392,0.7576530612244898,0.8267756770567195,0.9163949572412401,False,bc_jackson2020,True
motif_tumor_high,control,BaselTMA_SP43_34_X12Y5,2451,246,0.556910569105691,0.5491636066911465,1.0141068386909722,False,bc_jackson2020,True
motif_tumor_high,control,BaselTMA_SP43_3_X13Y6,1563,157,0.5605095541401274,0.2885476647472809,1.9425198073636787,True,bc_jackson2020,True
motif_tumor_high,control,BaselTMA_SP43_43_X5Y5,2250,225,0.43555555555555553,0.30577777777777776,1.4244186046511629,True,bc_jackson2020,True
motif_tumor_high,control,BaselTMA_SP43_47_X16Y4,2635,264,0.38636363636363635,0.24857685009487665,1.5543025676613462,True,bc_jackson2020,True
motif_tumor_high,control,BaselTMA_SP43_49_X1Y5,4237,424,0.6344339622641509,0.7314137361340571,0.8674077760933229,False,bc_jackson2020,True
motif_tumor_high,control,BaselTMA_SP43_4_X15Y3,3076,308,0.32142857142857145,0.41840052015604684,0.7682317682317682,False,bc_jackson2020,True
motif_tumor_high,control,BaselTMA_SP43_4_X16Y3,148,15,0.13333333333333333,0.060810810810810814,2.1925925925925926,True,bc_jackson2020,True
motif_tumor_high,control,BaselTMA_SP43_50_X7Y1,2902,291,0.5223367697594502,0.5323914541695383,0.9811141138135433,False,bc_jackson2020,True
motif_tumor_high,control,BaselTMA_SP43_50_X8Y1,30,5,0.4,0.16666666666666666,2.4000000000000004,True,bc_jackson2020,True
motif_tumor_high,control,BaselTMA_SP43_65_X14Y6,98,10,0.0,0.09183673469387756,0.0,False,bc_jackson2020,True
motif_tumor_high,control,BaselTMA_SP43_66_X15Y6,1646,165,0.04242424242424243,0.06682867557715674,0.6348209366391185,False,bc_jackson2020,True
motif_tumor_high,control,BaselTMA_SP43_67_X14Y7,3352,336,0.28273809523809523,0.30787589498806683,0.9183508674787744,False,bc_jackson2020,True
motif_tumor_high,control,BaselTMA_SP43_75_X2Y5,2771,278,0.6151079136690647,0.5485384337784194,1.1213579136690646,False,bc_jackson2020,True
motif_tumor_high,control,BaselTMA_SP43_77_X3Y8,2080,208,0.3076923076923077,0.26490384615384616,1.161524500907441,False,bc_jackson2020,True
motif_tumor_high,control,BaselTMA_SP43_78_X3Y9,4334,434,0.49539170506912444,0.3142593447161975,1.5763785974813402,True,bc_jackson2020,True
motif_tumor_high,control,BaselTMA_SP43_79_X7Y4,3586,359,0.3370473537604457,0.3962632459564975,0.8505642579767476,False,bc_jackson2020,True
motif_tumor_high,control,BaselTMA_SP43_79_X8Y4,4083,409,0.6136919315403423,0.7883908890521675,0.7784107351597446,False,bc_jackson2020,True
motif_tumor_high,control,BaselTMA_SP43_85_X10Y1,391,40,0.575,0.5268542199488491,1.0913834951456312,False,bc_jackson2020,True
motif_tumor_high,control,BaselTMA_SP43_85_X9Y1,1806,181,0.19337016574585636,0.18992248062015504,1.0181531176006313,False,bc_jackson2020,True
motif_tumor_high,control,BaselTMA_SP43_87_X15Y4,1931,194,0.5824742268041238,0.6297255308130503,0.9249652400976669,False,bc_jackson2020,True
motif_tumor_high,control,BaselTMA_SP43_90_X7Y6,3194,320,0.225,0.10269254852849093,2.1910060975609755,True,bc_jackson2020,True
motif_tumor_high,control,BaselTMA_SP43_93_X15Y5,5285,529,0.5141776937618148,0.8115421002838221,0.6335810472210751,False,bc_jackson2020,True
motif_tumor_high,control,BaselTMA_SP43_94_X12Y7,2991,300,0.6666666666666666,0.5690404546974256,1.171562867215041,False,bc_jackson2020,True
motif_tumor_high,control,BaselTMA_SP43_95_X13Y2,2640,264,0.5681818181818182,0.5344696969696969,1.0630758327427359,False,bc_jackson2020,True
motif_tumor_high,control,BaselTMA_SP43_95_X14Y2,384,39,0.05128205128205128,0.24739583333333334,0.20728744939271254,False,bc_jackson2020,True
motif_tumor_high,control,BaselTMA_SP43_97_X16Y6,3648,365,0.5561643835616439,0.6598135964912281,0.8429113715134512,False,bc_jackson2020,True
motif_cd8_clustering,spatial,UPMC_c001_v001_r001_reg009,6211,622,0.0932475884244373,0.07712123651585896,1.2091039075243841,False,hnc_wu2022,True
motif_cd8_clustering,spatial,UPMC_c001_v001_r001_reg013,1491,150,0.04666666666666667,0.042924211938296444,1.0871875,False,hnc_wu2022,True
motif_cd8_clustering,spatial,UPMC_c001_v001_r001_reg014,6538,654,0.05657492354740061,0.0646986846130315,0.8744369979974118,False,hnc_wu2022,True
motif_cd8_clustering,spatial,UPMC_c001_v001_r001_reg016,4704,471,0.06369426751592357,0.0703656462585034,0.9051898320087748,False,hnc_wu2022,True
motif_cd8_clustering,spatial,UPMC_c001_v001_r001_reg017,8917,892,0.10426008968609865,0.10070651564427498,1.035286436225993,False,hnc_wu2022,True
motif_cd8_clustering,spatial,UPMC_c001_v001_r001_reg019,3830,383,0.018276762402088774,0.02402088772845953,0.7608695652173914,False,hnc_wu2022,True
motif_cd8_clustering,spatial,UPMC_c001_v001_r001_reg021,6200,620,0.06612903225806452,0.10306451612903225,0.6416275430359938,False,hnc_wu2022,True
motif_cd8_clustering,spatial,UPMC_c001_v001_r001_reg022,5036,504,0.015873015873015872,0.013105639396346307,1.211159211159211,False,hnc_wu2022,True
motif_cd8_clustering,spatial,UPMC_c001_v001_r001_reg024,4744,475,0.042105263157894736,0.026559865092748734,1.585296574770259,True,hnc_wu2022,True
motif_cd8_clustering,spatial,UPMC_c001_v001_r001_reg027,4571,458,0.0851528384279476,0.05578647998249836,1.5264063704084254,True,hnc_wu2022,True
motif_cd8_clustering,spatial,UPMC_c001_v001_r001_reg028,1395,140,0.06428571428571428,0.03512544802867384,1.8301749271137022,True,hnc_wu2022,True
motif_cd8_clustering,spatial,UPMC_c001_v001_r001_reg029,3786,379,0.021108179419525065,0.04067617538298996,0.5189322550800124,False,hnc_wu2022,True
motif_cd8_clustering,spatial,UPMC_c001_v001_r001_reg030,5189,519,0.057803468208092484,0.021584120254384276,2.6780553261767133,True,hnc_wu2022,True
motif_cd8_clustering,spatial,UPMC_c001_v001_r001_reg032,7445,745,0.11140939597315436,0.057219610476830086,1.9470491854932728,True,hnc_wu2022,True
motif_cd8_clustering,spatial,UPMC_c001_v001_r001_reg034,6417,642,0.010903426791277258,0.014492753623188406,0.7523364485981308,False,hnc_wu2022,True
motif_cd8_clustering,spatial,UPMC_c001_v001_r001_reg036,4628,463,0.047516198704103674,0.022904062229904928,2.0745751660621865,True,hnc_wu2022,True
motif_cd8_clustering,spatial,UPMC_c001_v001_r001_reg037,4807,481,0.058212058212058215,0.04680674017058457,1.2436682836682837,False,hnc_wu2022,True
motif_cd8_clustering,spatial,UPMC_c001_v001_r001_reg039,1670,167,0.011976047904191617,0.016766467065868262,0.7142857142857144,False,hnc_wu2022,True
motif_cd8_clustering,spatial,UPMC_c002_v001_r001_reg001,6288,629,0.10333863275039745,0.050095419847328244,2.0628359451888865,True,hnc_wu2022,True
motif_cd8_clustering,spatial,UPMC_c002_v001_r001_reg003,5231,524,0.022900763358778626,0.01949913974383483,1.1744499326448137,False,hnc_wu2022,True
motif_cd8_clustering,spatial,UPMC_c002_v001_r001_reg006,6652,666,0.09309309309309309,0.028562838244137103,3.2592381855539747,True,hnc_wu2022,True
motif_cd8_clustering,spatial,UPMC_c002_v001_r001_reg007,5243,525,0.02666666666666667,0.014304787335494945,1.864177777777778,True,hnc_wu2022,True
motif_cd8_clustering,spatial,UPMC_c002_v001_r001_reg008,8146,815,0.0736196319018405,0.059538423766265655,1.236506229839985,False,hnc_wu2022,True
motif_cd8_clustering,spatial,UPMC_c002_v001_r001_reg009,1489,149,0.006711409395973154,0.024848891873740765,0.27008888082713584,False,hnc_wu2022,True
motif_cd8_clustering,spatial,UPMC_c002_v001_r001_reg010,6087,609,0.014778325123152709,0.03844258255298177,0.3844259189086775,False,hnc_wu2022,True
motif_cd8_clustering,spatial,UPMC_c002_v001_r001_reg011,5382,539,0.03525046382189239,0.033444816053511704,1.0539888682745826,False,hnc_wu2022,True
motif_cd8_clustering,spatial,UPMC_c002_v001_r001_reg013,6366,637,0.09419152276295134,0.03565818410304744,2.6415120436517543,True,hnc_wu2022,True
motif_cd8_clustering,spatial,UPMC_c002_v001_r001_reg023,6752,676,0.047337278106508875,0.03895142180094787,1.2152901208180529,False,hnc_wu2022,True
motif_cd8_clustering,spatial,UPMC_c002_v001_r001_reg024,5632,564,0.040780141843971635,0.020596590909090908,1.9799461971142092,True,hnc_wu2022,True
motif_cd8_clustering,spatial,UPMC_c002_v001_r001_reg027,6263,627,0.03349282296650718,0.02171483314705413,1.542393751759077,True,hnc_wu2022,True
motif_cd8_clustering,spatial,UPMC_c002_v001_r001_reg028,5134,514,0.0311284046692607,0.025710946630307752,1.2107062846362457,False,hnc_wu2022,True
motif_cd8_clustering,spatial,UPMC_c002_v001_r001_reg030,5831,584,0.0821917808219178,0.0675698850968959,1.2163966344482302,False,hnc_wu2022,True
motif_cd8_clustering,spatial,UPMC_c002_v001_r001_reg034,1993,200,0.065,0.043652784746613146,1.489022988505747,True,hnc_wu2022,True
motif_cd8_clustering,spatial,UPMC_c003_v001_r001_reg002,3718,372,0.02956989247311828,0.02608929532006455,1.1334109300521007,False,hnc_wu2022,True
motif_cd8_clustering,spatial,UPMC_c003_v001_r001_reg006,4282,429,0.0979020979020979,0.06702475478748249,1.460685655807607,True,hnc_wu2022,True
motif_cd8_clustering,spatial,UPMC_c003_v001_r001_reg007,7213,722,0.12880886426592797,0.07541938167198114,1.7079013565259897,True,hnc_wu2022,True
motif_cd8_clustering,spatial,UPMC_c003_v001_r001_reg015,2778,278,0.050359712230215826,0.051115910727141826,0.9852062012361942,False,hnc_wu2022,True
motif_cd8_clustering,spatial,UPMC_c003_v001_r001_reg017,2253,226,0.02654867256637168,0.024855747891699954,1.068109987357775,False,hnc_wu2022,True
motif_cd8_clustering,spatial,UPMC_c003_v001_r001_reg018,1926,193,0.10880829015544041,0.07840083073727934,1.3878461380091274,True,hnc_wu2022,True
motif_cd8_clustering,spatial,UPMC_c003_v001_r001_reg020,5508,551,0.13430127041742287,0.09422657952069717,1.425301343851956,True,hnc_wu2022,True
motif_cd8_clustering,spatial,UPMC_c003_v001_r001_reg021,5312,532,0.02443609022556391,0.018637048192771084,1.311156679577732,True,hnc_wu2022,True
motif_cd8_clustering,spatial,UPMC_c003_v001_r001_reg022,7963,797,0.08657465495608532,0.06279040562602034,1.378787954830615,True,hnc_wu2022,True
motif_cd8_clustering,spatial,UPMC_c003_v001_r001_reg024,1362,137,0.043795620437956206,0.0513950073421439,0.8521376433785194,False,hnc_wu2022,True
motif_cd8_clustering,spatial,UPMC_c003_v001_r001_reg027,3345,335,0.04776119402985075,0.044544095665171896,1.0722227787238305,False,hnc_wu2022,True
motif_cd8_clustering,spatial,UPMC_c003_v001_r001_reg028,4809,481,0.0498960498960499,0.020170513620295278,2.473712411856742,True,hnc_wu2022,True
motif_cd8_clustering,spatial,UPMC_c003_v001_r001_reg029,9019,902,0.10310421286031042,0.06730236168089589,1.5319553472605267,True,hnc_wu2022,True
motif_cd8_clustering,spatial,UPMC_c004_v001_r001_reg003,11622,1163,0.19260533104041272,0.16735501634830494,1.1508787441396795,False,hnc_wu2022,True
motif_cd8_clustering,spatial,UPMC_c004_v001_r001_reg004,7953,796,0.15201005025125627,0.10235131396957123,1.485179274752139,True,hnc_wu2022,True
motif_cd8_clustering,spatial,UPMC_c004_v001_r001_reg008,11109,1111,0.010801080108010801,0.013232514177693762,0.8162530538768162,False,hnc_wu2022,True
motif_cd8_clustering,spatial,UPMC_c004_v001_r001_reg011,6311,632,0.06962025316455696,0.03676121058469339,1.893850938454823,True,hnc_wu2022,True
motif_cd8_clustering,spatial,UPMC_c004_v001_r001_reg012,2927,293,0.07508532423208192,0.04236419542193372,1.7723769679621273,True,hnc_wu2022,True
motif_cd8_clustering,spatial,UPMC_c004_v001_r001_reg013,5825,583,0.09433962264150944,0.08034334763948497,1.1742057732623772,False,hnc_wu2022,True
motif_cd8_clustering,spatial,UPMC_c004_v001_r001_reg020,11222,1123,0.08014247551202137,0.10425949028693637,0.7686827864922255,False,hnc_wu2022,True
motif_cd8_clustering,spatial,UPMC_c004_v001_r001_reg021,6742,675,0.04296296296296296,0.047908632453277956,0.8967687191835798,False,hnc_wu2022,True
motif_cd8_clustering,spatial,UPMC_c004_v001_r001_reg024,8892,890,0.09550561797752809,0.04104813315339631,2.326673849468986,True,hnc_wu2022,True
motif_cd8_clustering,spatial,UPMC_c004_v001_r001_reg029,7390,739,0.15155615696887687,0.13464140730717186,1.1256281407035176,False,hnc_wu2022,True
motif_cd8_clustering,spatial,UPMC_c004_v001_r001_reg034,10242,1025,0.04390243902439024,0.03602811950790861,1.2185603807257586,False,hnc_wu2022,True
motif_cd8_clustering,spatial,UPMC_c004_v001_r001_reg035,13350,1335,0.17827715355805243,0.15782771535580525,1.1295681063122922,False,hnc_wu2022,True
motif_cd8_clustering,spatial,UPMC_c004_v001_r001_reg037,4186,419,0.01909307875894988,0.02150023889154324,0.8880403076107134,False,hnc_wu2022,True
motif_cd8_clustering,spatial,UPMC_c004_v001_r001_reg040,7540,754,0.15649867374005305,0.12387267904509283,1.2633832976445396,True,hnc_wu2022,True
motif_cd8_clustering,spatial,UPMC_c004_v001_r001_reg043,7684,769,0.17035110533159947,0.08328995314940135,2.045277958387516,True,hnc_wu2022,True
motif_cd8_clustering,spatial,UPMC_c004_v001_r001_reg047,9269,927,0.015102481121898598,0.013701585931599957,1.1022432875502213,False,hnc_wu2022,True
motif_cd8_clustering,spatial,UPMC_c004_v001_r001_reg049,4088,409,0.03178484107579462,0.038649706457925634,0.8223824703661292,False,hnc_wu2022,True
motif_cd8_clustering,spatial,UPMC_c004_v001_r001_reg052,3117,312,0.038461538461538464,0.03657362848893166,1.0516194331983806,False,hnc_wu2022,True
motif_cd8_clustering,spatial,UPMC_c004_v001_r001_reg056,3229,323,0.08359133126934984,0.0845462991638278,0.9887047936583541,False,hnc_wu2022,True
motif_cd8_clustering,spatial,UPMC_c004_v001_r001_reg058,8542,855,0.1871345029239766,0.14329196909388903,1.3059664411573595,True,hnc_wu2022,True
motif_cd8_clustering,spatial,UPMC_c004_v001_r001_reg062,4128,413,0.05811138014527845,0.0809108527131783,0.7182149019152977,False,hnc_wu2022,True
motif_cd8_clustering,spatial,UPMC_c004_v001_r001_reg063,2584,259,0.04247104247104247,0.05843653250773994,0.7267892301004883,False,hnc_wu2022,True
motif_cd8_clustering,spatial,UPMC_c005_v001_r001_reg002,9975,998,0.03006012024048096,0.02857142857142857,1.0521042084168337,False,hnc_wu2022,True
motif_cd8_clustering,spatial,UPMC_c005_v001_r001_reg003,8903,891,0.1425364758698092,0.1345613838032124,1.0592673160842332,False,hnc_wu2022,True
motif_cd8_clustering,spatial,UPMC_c005_v001_r001_reg005,10206,1021,0.08031341821743389,0.07544581618655692,1.0645178523728964,False,hnc_wu2022,True
motif_cd8_clustering,spatial,UPMC_c005_v001_r001_reg006,10545,1055,0.1080568720379147,0.08221906116642959,1.3142557273815576,True,hnc_wu2022,True
motif_cd8_clustering,spatial,UPMC_c005_v001_r001_reg008,4068,407,0.04914004914004914,0.04375614552605703,1.1230433702343814,False,hnc_wu2022,True
motif_cd8_clustering,spatial,UPMC_c005_v001_r001_reg009,7307,731,0.08071135430916553,0.038866840016422606,2.0766122040037764,True,hnc_wu2022,True
motif_cd8_clustering,spatial,UPMC_c005_v001_r001_reg010,8484,849,0.12014134275618374,0.06034889203206035,1.9907795936395758,True,hnc_wu2022,True
motif_cd8_clustering,spatial,UPMC_c005_v001_r001_reg011,5038,504,0.06746031746031746,0.0591504565303692,1.1404868435069777,False,hnc_wu2022,True
motif_cd8_clustering,spatial,UPMC_c005_v001_r001_reg012,6335,634,0.07886435331230283,0.07056037884767166,1.1176860810591465,False,hnc_wu2022,True
motif_cd8_clustering,spatial,UPMC_c005_v001_r001_reg013,8259,826,0.13075060532687652,0.10860879041046131,1.2038676135949533,False,hnc_wu2022,True
motif_cd8_clustering,spatial,UPMC_c005_v001_r001_reg014,2068,207,0.06763285024154589,0.05125725338491296,1.3194786254671407,True,hnc_wu2022,True
motif_cd8_clustering,spatial,UPMC_c005_v001_r001_reg015,4067,407,0.14496314496314497,0.09245143840668797,1.567992315332741,True,hnc_wu2022,True
motif_cd8_clustering,spatial,UPMC_c005_v001_r001_reg016,2272,228,0.08333333333333333,0.05413732394366197,1.5392953929539295,True,hnc_wu2022,True
motif_cd8_clustering,spatial,UPMC_c005_v001_r001_reg019,4208,421,0.021377672209026127,0.036596958174904944,0.5841379523089736,False,hnc_wu2022,True
motif_cd8_clustering,spatial,UPMC_c005_v001_r001_reg020,4855,486,0.0411522633744856,0.03398558187435633,1.210874173837137,False,hnc_wu2022,True
motif_cd8_clustering,spatial,UPMC_c005_v001_r001_reg021,10408,1041,0.10086455331412104,0.06072252113758647,1.6610732134388795,True,hnc_wu2022,True
motif_cd8_clustering,spatial,UPMC_c005_v001_r001_reg022,9738,974,0.10780287474332649,0.06572191415074964,1.640288116016427,True,hnc_wu2022,True
motif_cd8_clustering,spatial,UPMC_c005_v001_r001_reg023,10355,1036,0.17471042471042472,0.1465958474167069,1.1917829037394256,False,hnc_wu2022,True
motif_cd8_clustering,spatial,UPMC_c005_v001_r001_reg024,2843,285,0.04912280701754386,0.03236018290538164,1.518001525553013,True,hnc_wu2022,True
motif_cd8_clustering,spatial,UPMC_c005_v001_r001_reg025,5759,576,0.109375,0.06320541760722348,1.73046875,True,hnc_wu2022,True
motif_cd8_clustering,spatial,UPMC_c005_v001_r001_reg027,6781,679,0.15905743740795286,0.11399498599026692,1.3953020479473848,True,hnc_wu2022,True
motif_cd8_clustering,spatial,UPMC_c005_v001_r001_reg031,6753,676,0.08579881656804733,0.06471197986080261,1.325856769528658,True,hnc_wu2022,True
motif_cd8_clustering,spatial,UPMC_c005_v001_r001_reg032,11909,1191,0.09991603694374475,0.08632126962801243,1.1574903540496655,False,hnc_wu2022,True
motif_cd8_clustering,spatial,UPMC_c005_v001_r001_reg035,5407,541,0.12199630314232902,0.10264471980765674,1.1885297497127443,False,hnc_wu2022,True
motif_cd8_clustering,spatial,UPMC_c005_v001_r001_reg036,8717,872,0.051605504587155966,0.03843065274750487,1.3428214432425032,True,hnc_wu2022,True
motif_cd8_clustering,spatial,UPMC_c005_v001_r001_reg037,7609,761,0.03679369250985545,0.029438822447102116,1.2498357424441524,False,hnc_wu2022,True
motif_cd8_clustering,spatial,UPMC_c005_v001_r001_reg041,10374,1038,0.01348747591522158,0.025255446308077887,0.5340422715439263,False,hnc_wu2022,True
motif_cd8_clustering,spatial,UPMC_c005_v001_r001_reg043,5927,593,0.09780775716694773,0.06917496203813059,1.4139184798256077,True,hnc_wu2022,True
motif_cd8_clustering,spatial,UPMC_c005_v001_r001_reg044,6654,666,0.06606606606606606,0.029005109708446046,2.277738878775148,True,hnc_wu2022,True
motif_cd8_clustering,spatial,UPMC_c005_v001_r001_reg045,9423,943,0.014846235418875928,0.01666136050090205,0.8910578111596679,False,hnc_wu2022,True
motif_cd8_clustering,spatial,UPMC_c005_v001_r001_reg047,5607,561,0.09803921568627451,0.12698412698412698,0.7720588235294118,False,hnc_wu2022,True
motif_cd8_clustering,spatial,UPMC_c005_v001_r001_reg048,4283,429,0.06526806526806526,0.01844501517627831,3.5385205511787787,True,hnc_wu2022,True
motif_cd8_clustering,spatial,UPMC_c005_v001_r001_reg049,4188,419,0.16467780429594273,0.11843361986628462,1.3904650088536454,True,hnc_wu2022,True
motif_cd8_clustering,spatial,UPMC_c005_v001_r001_reg051,9046,905,0.020994475138121547,0.01702409904930356,1.2332209227236852,False,hnc_wu2022,True
motif_cd8_clustering,spatial,UPMC_c005_v001_r001_reg052,13448,1345,0.08550185873605948,0.09280190362879238,0.9213373367648461,False,hnc_wu2022,True
motif_cd8_clustering,spatial,UPMC_c005_v001_r001_reg053,7392,740,0.062162162162162166,0.051271645021645024,1.2124081865506668,False,hnc_wu2022,True
motif_cd8_clustering,spatial,UPMC_c005_v001_r001_reg054,11158,1116,0.10663082437275985,0.07483419967736153,1.424894297426652,True,hnc_wu2022,True
motif_cd8_clustering,spatial,UPMC_c005_v001_r001_reg057,6851,686,0.07871720116618076,0.04918989928477595,1.6002716474466006,True,hnc_wu2022,True
motif_cd8_clustering,spatial,UPMC_c005_v001_r001_reg058,7386,739,0.06765899864682003,0.057676685621445976,1.1730736244258515,False,hnc_wu2022,True
motif_cd8_clustering,spatial,UPMC_c005_v001_r001_reg061,2937,294,0.1054421768707483,0.05209397344228805,2.024076297185541,True,hnc_wu2022,True
motif_cd8_clustering,spatial,UPMC_c005_v001_r001_reg063,4123,413,0.08958837772397095,0.09362114964831433,0.95692456309827,False,hnc_wu2022,True
motif_cd8_clustering,spatial,UPMC_c006_v001_r001_reg013,12900,1290,0.09767441860465116,0.09635658914728683,1.0136765888978279,False,hnc_wu2022,True
motif_cd8_clustering,spatial,UPMC_c006_v001_r001_reg014,4494,450,0.12,0.08188696039163329,1.4654347826086955,True,hnc_wu2022,True
motif_cd8_clustering,spatial,UPMC_c006_v001_r001_reg016,8770,877,0.10262257696693272,0.09076396807297606,1.1306532663316582,False,hnc_wu2022,True
motif_cd8_clustering,spatial,UPMC_c006_v001_r001_reg017,13392,1340,0.14701492537313432,0.16009557945041816,0.9182947204277121,False,hnc_wu2022,True
motif_cd8_clustering,spatial,UPMC_c006_v001_r001_reg020,16839,1684,0.09323040380047506,0.07233208622839836,1.2889218141183905,True,hnc_wu2022,True
motif_cd8_clustering,spatial,UPMC_c006_v001_r001_reg022,15916,1592,0.07726130653266332,0.07828600150791656,0.9869108786307138,False,hnc_wu2022,True
motif_cd8_clustering,spatial,UPMC_c006_v001_r001_reg023,13146,1315,0.0623574144486692,0.03780617678381257,1.6493975258394473,True,hnc_wu2022,True
motif_cd8_clustering,spatial,UPMC_c006_v001_r001_reg024,15677,1568,0.14221938775510204,0.13905721757989412,1.0227400650627223,False,hnc_wu2022,True
motif_cd8_clustering,spatial,UPMC_c006_v001_r001_reg025,16708,1671,0.12208258527827648,0.1368206847019392,0.8922816425325648,False,hnc_wu2022,True
motif_cd8_clustering,spatial,UPMC_c006_v001_r001_reg029,8643,865,0.11445086705202312,0.11627906976744186,0.9842774566473989,False,hnc_wu2022,True
motif_cd8_clustering,spatial,UPMC_c006_v001_r001_reg033,15201,1521,0.09204470742932282,0.07966581145977239,1.1553852994493279,False,hnc_wu2022,True
motif_cd8_clustering,spatial,UPMC_c006_v001_r001_reg034,17968,1797,0.15748469671675014,0.1659060552092609,0.9492401981236386,False,hnc_wu2022,True
motif_cd8_clustering,spatial,UPMC_c006_v001_r001_reg035,9275,928,0.07758620689655173,0.057897574123989215,1.34005971874398,True,hnc_wu2022,True
motif_cd8_clustering,spatial,UPMC_c006_v001_r001_reg038,12787,1279,0.06254886630179828,0.06944553061703293,0.9006895871633946,False,hnc_wu2022,True
motif_cd8_clustering,spatial,UPMC_c006_v001_r001_reg039,13104,1311,0.07780320366132723,0.07898351648351648,0.9850562133121082,False,hnc_wu2022,True
motif_cd8_clustering,spatial,UPMC_c006_v001_r001_reg040,6953,696,0.07183908045977011,0.06141233999712355,1.169782497510027,False,hnc_wu2022,True
motif_cd8_clustering,spatial,UPMC_c006_v001_r001_reg041,11971,1198,0.2028380634390651,0.16523264556010359,1.2275907267083157,False,hnc_wu2022,True
motif_cd8_clustering,spatial,UPMC_c006_v001_r001_reg042,3953,396,0.08838383838383838,0.08449279028585883,1.0460518357224944,False,hnc_wu2022,True
motif_cd8_clustering,spatial,UPMC_c006_v001_r001_reg043,6471,648,0.05864197530864197,0.042497295626641944,1.3798989898989897,True,hnc_wu2022,True
motif_cd8_clustering,spatial,UPMC_c006_v001_r001_reg045,16801,1681,0.091017251635931,0.08499494077733469,1.0708549332880088,False,hnc_wu2022,True
motif_cd8_clustering,spatial,UPMC_c006_v001_r001_reg046,16723,1673,0.100418410041841,0.08981642049871434,1.118040659873307,False,hnc_wu2022,True
motif_cd8_clustering,spatial,UPMC_c006_v001_r001_reg047,7637,764,0.09424083769633508,0.060756841691763784,1.5511148221700668,True,hnc_wu2022,True
motif_cd8_clustering,spatial,UPMC_c006_v001_r001_reg049,5852,586,0.027303754266211604,0.01572112098427888,1.736756195281199,True,hnc_wu2022,True
motif_cd8_clustering,spatial,UPMC_c006_v001_r001_reg051,7368,737,0.024423337856173677,0.024429967426710098,0.9997286295793758,False,hnc_wu2022,True
motif_cd8_clustering,spatial,UPMC_c006_v001_r001_reg053,9764,977,0.06550665301944729,0.05161818926669398,1.2690614287338955,True,hnc_wu2022,True
motif_cd8_clustering,spatial,UPMC_c006_v001_r001_reg054,13897,1390,0.11438848920863309,0.0817442613513708,1.3993458050461038,True,hnc_wu2022,True
motif_cd8_clustering,spatial,UPMC_c006_v001_r001_reg064,11383,1139,0.08955223880597014,0.04181674426776772,2.14154019816882,True,hnc_wu2022,True
motif_cd8_clustering,spatial,UPMC_c006_v001_r001_reg066,10512,1052,0.029467680608365018,0.023116438356164382,1.274750035206309,True,hnc_wu2022,True
motif_cd8_clustering,spatial,UPMC_c007_v001_r001_reg002,4235,424,0.02830188679245283,0.01629279811097993,1.7370795734208366,True,hnc_wu2022,True
motif_cd8_clustering,spatial,UPMC_c007_v001_r001_reg003,2037,204,0.11274509803921569,0.06872852233676977,1.6404411764705882,True,hnc_wu2022,True
motif_cd8_clustering,spatial,UPMC_c007_v001_r001_reg004,3177,318,0.015723270440251572,0.029902423670129054,0.525819265143992,False,hnc_wu2022,True
motif_cd8_clustering,spatial,UPMC_c007_v001_r001_reg007,9238,924,0.08766233766233766,0.08161939813812513,1.0740380309345827,False,hnc_wu2022,True
motif_cd8_clustering,spatial,UPMC_c007_v001_r001_reg009,5398,540,0.1648148148148148,0.1018895887365691,1.6175824915824915,True,hnc_wu2022,True
motif_cd8_clustering,spatial,UPMC_c007_v001_r001_reg012,8863,887,0.1262683201803833,0.10041746586934447,1.2574338446727384,True,hnc_wu2022,True
motif_cd8_clustering,spatial,UPMC_c007_v001_r001_reg013,5405,541,0.009242144177449169,0.01036077705827937,0.8920319514127278,False,hnc_wu2022,True
motif_cd8_clustering,spatial,UPMC_c007_v001_r001_reg014,9643,965,0.11295336787564766,0.09519858965052369,1.1865025342318851,False,hnc_wu2022,True
motif_cd8_clustering,spatial,UPMC_c007_v001_r001_reg017,2052,206,0.04854368932038835,0.03752436647173489,1.2936577985121676,True,hnc_wu2022,True
motif_cd8_clustering,spatial,UPMC_c007_v001_r001_reg018,2754,276,0.04710144927536232,0.05591866376180102,0.8423207227555054,False,hnc_wu2022,True
motif_cd8_clustering,spatial,UPMC_c007_v001_r001_reg019,2979,298,0.18456375838926176,0.059415911379657606,3.1063018996701173,True,hnc_wu2022,True
motif_cd8_clustering,spatial,UPMC_c007_v001_r001_reg021,4805,481,0.0395010395010395,0.038085327783558796,1.0371721027458731,False,hnc_wu2022,True
motif_cd8_clustering,spatial,UPMC_c007_v001_r001_reg025,5898,590,0.07288135593220339,0.058833502882332994,1.2387730181214283,False,hnc_wu2022,True
motif_cd8_clustering,spatial,UPMC_c007_v001_r001_reg026,6816,682,0.07917888563049853,0.05545774647887324,1.4277335567658147,True,hnc_wu2022,True
motif_cd8_clustering,spatial,UPMC_c007_v001_r001_reg027,6864,687,0.1222707423580786,0.14277389277389277,0.856394260761073,False,hnc_wu2022,True
motif_cd8_clustering,spatial,UPMC_c007_v001_r001_reg031,6727,673,0.08915304606240713,0.07403002824438829,1.2042822105658892,False,hnc_wu2022,True
motif_cd8_clustering,spatial,UPMC_c007_v001_r001_reg032,7163,717,0.07670850767085077,0.04188189306156638,1.831543468154347,True,hnc_wu2022,True
motif_cd8_clustering,spatial,UPMC_c007_v001_r001_reg033,4553,456,0.039473684210526314,0.021524269712277617,1.8339151450053706,True,hnc_wu2022,True
motif_cd8_clustering,spatial,UPMC_c007_v001_r001_reg034,5737,574,0.12195121951219512,0.12288652605891581,0.9923888600588133,False,hnc_wu2022,True
motif_cd8_clustering,spatial,UPMC_c007_v001_r001_reg035,11505,1151,0.16420503909643788,0.10604085180356367,1.5485073563971459,True,hnc_wu2022,True
motif_cd8_clustering,spatial,UPMC_c007_v001_r001_reg036,2406,241,0.17012448132780084,0.15586034912718205,1.09151867219917,False,hnc_wu2022,True
motif_cd8_clustering,spatial,UPMC_c007_v001_r001_reg037,7851,786,0.1005089058524173,0.08444784103935804,1.1901891702071317,False,hnc_wu2022,True
motif_cd8_clustering,spatial,UPMC_c007_v001_r001_reg040,2965,297,0.05723905723905724,0.05801011804384486,0.9867081669407252,False,hnc_wu2022,True
motif_cd8_clustering,spatial,UPMC_c007_v001_r001_reg041,5560,556,0.08633093525179857,0.06241007194244604,1.38328530259366,True,hnc_wu2022,True
motif_cd8_clustering,spatial,UPMC_c007_v001_r001_reg042,8418,842,0.11757719714964371,0.09265858873841767,1.268929289238078,True,hnc_wu2022,True
motif_cd8_clustering,spatial,UPMC_c007_v001_r001_reg043,8020,802,0.04488778054862843,0.025187032418952617,1.7821782178217822,True,hnc_wu2022,True
motif_cd8_clustering,spatial,UPMC_c007_v001_r001_reg046,3614,362,0.07734806629834254,0.04233536247924737,1.8270321019752283,True,hnc_wu2022,True
motif_cd8_clustering,spatial,UPMC_c007_v001_r001_reg049,5807,581,0.11359724612736662,0.1298432925779232,0.8748795865538699,False,hnc_wu2022,True
motif_cd8_clustering,spatial,UPMC_c007_v001_r001_reg050,4188,419,0.1718377088305489,0.057545367717287486,2.9861258281424847,True,hnc_wu2022,True
motif_cd8_clustering,spatial,UPMC_c007_v001_r001_reg051,5824,583,0.04288164665523156,0.031421703296703296,1.3647142629511946,True,hnc_wu2022,True
motif_cd8_clustering,spatial,UPMC_c007_v001_r001_reg052,7538,754,0.26790450928381965,0.13902892013796764,1.9269696478830463,True,hnc_wu2022,True
motif_cd8_clustering,spatial,UPMC_c007_v001_r001_reg057,3351,336,0.05654761904761905,0.04953745150701283,1.14151247848537,False,hnc_wu2022,True
motif_cd8_clustering,spatial,UPMC_c007_v001_r001_reg061,2587,259,0.07335907335907337,0.032856590645535366,2.232704973881445,True,hnc_wu2022,True
motif_cd8_clustering,spatial,UPMC_c007_v001_r001_reg062,2685,269,0.08921933085501858,0.054376163873370575,1.6407801599022254,True,hnc_wu2022,True
motif_cd8_clustering,spatial,UPMC_c007_v001_r001_reg063,7118,712,0.14606741573033707,0.06631076144984546,2.2027709007808034,True,hnc_wu2022,True
motif_immune_exclusion,spatial,UPMC_c001_v001_r001_reg002,6960,696,0.015804597701149427,0.019827586206896553,0.7971014492753623,False,hnc_wu2022,True
motif_immune_exclusion,spatial,UPMC_c001_v001_r001_reg006,4261,427,0.03278688524590164,0.016193381835249942,2.0247089569969114,True,hnc_wu2022,True
motif_immune_exclusion,spatial,UPMC_c001_v001_r001_reg009,6211,622,0.07395498392282958,0.07712123651585896,0.9589444783814082,False,hnc_wu2022,True
motif_immune_exclusion,spatial,UPMC_c001_v001_r001_reg010,6073,608,0.03125,0.02996871397991108,1.042754120879121,False,hnc_wu2022,True
motif_immune_exclusion,spatial,UPMC_c001_v001_r001_reg012,6985,699,0.0844062947067239,0.08962061560486757,0.9418178410965917,False,hnc_wu2022,True
motif_immune_exclusion,spatial,UPMC_c001_v001_r001_reg013,1491,150,0.07333333333333333,0.042924211938296444,1.7084375,True,hnc_wu2022,True
motif_immune_exclusion,spatial,UPMC_c001_v001_r001_reg014,6538,654,0.04434250764525994,0.0646986846130315,0.6853695389709444,False,hnc_wu2022,True
motif_immune_exclusion,spatial,UPMC_c001_v001_r001_reg015,4953,496,0.034274193548387094,0.03775489602261256,0.907807917888563,False,hnc_wu2022,True
motif_immune_exclusion,spatial,UPMC_c001_v001_r001_reg016,4704,471,0.04246284501061571,0.0703656462585034,0.6034598880058498,False,hnc_wu2022,True
motif_immune_exclusion,spatial,UPMC_c001_v001_r001_reg018,5880,588,0.025510204081632654,0.013605442176870748,1.8750000000000002,True,hnc_wu2022,True
motif_immune_exclusion,spatial,UPMC_c001_v001_r001_reg019,3830,383,0.04699738903394256,0.02402088772845953,1.9565217391304348,True,hnc_wu2022,True
motif_immune_exclusion,spatial,UPMC_c001_v001_r001_reg020,6075,608,0.03289473684210526,0.02271604938271605,1.4480835240274599,True,hnc_wu2022,True
motif_immune_exclusion,spatial,UPMC_c001_v001_r001_reg022,5036,504,0.003968253968253968,0.013105639396346307,0.3027898027898028,False,hnc_wu2022,True
motif_immune_exclusion,spatial,UPMC_c001_v001_r001_reg024,4744,475,0.008421052631578947,0.026559865092748734,0.3170593149540518,False,hnc_wu2022,True
motif_immune_exclusion,spatial,UPMC_c001_v001_r001_reg026,3791,380,0.08421052631578947,0.08572935900817726,0.9822834008097167,False,hnc_wu2022,True
motif_immune_exclusion,spatial,UPMC_c001_v001_r001_reg027,4571,458,0.09606986899563319,0.05578647998249836,1.7220994948197619,True,hnc_wu2022,True
motif_immune_exclusion,spatial,UPMC_c001_v001_r001_reg030,5189,519,0.05973025048169557,0.021584120254384276,2.7673238370492705,True,hnc_wu2022,True
motif_immune_exclusion,spatial,UPMC_c001_v001_r001_reg031,5155,516,0.015503875968992248,0.011057225994180407,1.4021487828097376,True,hnc_wu2022,True
motif_immune_exclusion,spatial,UPMC_c001_v001_r001_reg032,7445,745,0.13691275167785236,0.057219610476830086,2.392759240003781,True,hnc_wu2022,True
motif_immune_exclusion,spatial,UPMC_c001_v001_r001_reg033,5357,536,0.04664179104477612,0.03192085122269927,1.4611700270576942,True,hnc_wu2022,True
motif_immune_exclusion,spatial,UPMC_c001_v001_r001_reg034,6417,642,0.028037383177570093,0.014492753623188406,1.9345794392523363,True,hnc_wu2022,True
motif_immune_exclusion,spatial,UPMC_c001_v001_r001_reg035,4967,497,0.08853118712273642,0.05576806925709684,1.587488831908418,True,hnc_wu2022,True
motif_immune_exclusion,spatial,UPMC_c001_v001_r001_reg036,4628,463,0.04103671706263499,0.022904062229904928,1.791678552508252,True,hnc_wu2022,True
motif_immune_exclusion,spatial,UPMC_c001_v001_r001_reg037,4807,481,0.09355509355509356,0.04680674017058457,1.9987525987525987,True,hnc_wu2022,True
motif_immune_exclusion,spatial,UPMC_c001_v001_r001_reg038,3147,315,0.031746031746031744,0.038449316809659996,0.8256591892955528,False,hnc_wu2022,True
motif_immune_exclusion,spatial,UPMC_c001_v001_r001_reg039,1670,167,0.029940119760479042,0.016766467065868262,1.7857142857142858,True,hnc_wu2022,True
motif_immune_exclusion,spatial,UPMC_c001_v001_r001_reg040,1907,191,0.06282722513089005,0.04195070791819612,1.4976439790575915,True,hnc_wu2022,True
motif_immune_exclusion,spatial,UPMC_c001_v001_r001_reg041,3606,361,0.024930747922437674,0.031336661120354964,0.7955776726399137,False,hnc_wu2022,True
motif_immune_exclusion,spatial,UPMC_c002_v001_r001_reg002,4171,418,0.16985645933014354,0.16902421481659075,1.004923818249686,False,hnc_wu2022,True
motif_immune_exclusion,spatial,UPMC_c002_v001_r001_reg005,8301,831,0.07460890493381468,0.06902782797253343,1.0808525651930116,False,hnc_wu2022,True
motif_immune_exclusion,spatial,UPMC_c002_v001_r001_reg006,6652,666,0.042042042042042045,0.028562838244137103,1.4719140192824405,True,hnc_wu2022,True
motif_immune_exclusion,spatial,UPMC_c002_v001_r001_reg007,5243,525,0.011428571428571429,0.014304787335494945,0.7989333333333334,False,hnc_wu2022,True
motif_immune_exclusion,spatial,UPMC_c002_v001_r001_reg008,8146,815,0.09447852760736196,0.059538423766265655,1.5868496616279804,True,hnc_wu2022,True
motif_immune_exclusion,spatial,UPMC_c002_v001_r001_reg009,1489,149,0.040268456375838924,0.024848891873740765,1.6205332849628151,True,hnc_wu2022,True
motif_immune_exclusion,spatial,UPMC_c002_v001_r001_reg011,5382,539,0.03525046382189239,0.033444816053511704,1.0539888682745826,False,hnc_wu2022,True
motif_immune_exclusion,spatial,UPMC_c002_v001_r001_reg012,6017,602,0.013289036544850499,0.013129466511550607,1.0121535808907018,False,hnc_wu2022,True
motif_immune_exclusion,spatial,UPMC_c002_v001_r001_reg013,6366,637,0.08163265306122448,0.03565818410304744,2.28931043783152,True,hnc_wu2022,True
motif_immune_exclusion,spatial,UPMC_c002_v001_r001_reg014,5109,511,0.007827788649706457,0.006067723624975534,1.2900700713338804,True,hnc_wu2022,True
motif_immune_exclusion,spatial,UPMC_c002_v001_r001_reg018,2421,243,0.09053497942386832,0.07434944237918216,1.2176954732510288,False,hnc_wu2022,True
motif_immune_exclusion,spatial,UPMC_c002_v001_r001_reg019,2920,292,0.06164383561643835,0.047602739726027396,1.2949640287769784,True,hnc_wu2022,True
motif_immune_exclusion,spatial,UPMC_c002_v001_r001_reg021,6717,672,0.04017857142857143,0.08277504838469554,0.4853947199383351,False,hnc_wu2022,True
motif_immune_exclusion,spatial,UPMC_c002_v001_r001_reg022,6602,661,0.036308623298033284,0.035140866404119966,1.033230737127654,False,hnc_wu2022,True
motif_immune_exclusion,spatial,UPMC_c002_v001_r001_reg023,6752,676,0.08284023668639054,0.03895142180094787,2.1267577114315928,True,hnc_wu2022,True
motif_immune_exclusion,spatial,UPMC_c002_v001_r001_reg024,5632,564,0.015957446808510637,0.020596590909090908,0.7747615553925165,False,hnc_wu2022,True
motif_immune_exclusion,spatial,UPMC_c002_v001_r001_reg035,2239,224,0.05357142857142857,0.030817329164805715,1.7383540372670807,True,hnc_wu2022,True
motif_immune_exclusion,spatial,UPMC_c003_v001_r001_reg004,6088,609,0.04597701149425287,0.03235873850197109,1.420853025264018,True,hnc_wu2022,True
motif_immune_exclusion,spatial,UPMC_c003_v001_r001_reg005,6790,679,0.026509572901325478,0.012960235640648013,2.0454545454545454,True,hnc_wu2022,True
motif_immune_exclusion,spatial,UPMC_c003_v001_r001_reg007,7213,722,0.08448753462603878,0.07541938167198114,1.1202363736353267,False,hnc_wu2022,True
motif_immune_exclusion,spatial,UPMC_c003_v001_r001_reg011,5527,553,0.04701627486437613,0.026596707074362222,1.7677479671796386,True,hnc_wu2022,True
motif_immune_exclusion,spatial,UPMC_c003_v001_r001_reg013,3282,329,0.0790273556231003,0.06733698964046313,1.1736098694797068,False,hnc_wu2022,True
motif_immune_exclusion,spatial,UPMC_c003_v001_r001_reg015,2778,278,0.02158273381294964,0.051115910727141826,0.4222312291012261,False,hnc_wu2022,True
motif_immune_exclusion,spatial,UPMC_c003_v001_r001_reg017,2253,226,0.035398230088495575,0.024855747891699954,1.4241466498103668,True,hnc_wu2022,True
motif_immune_exclusion,spatial,UPMC_c003_v001_r001_reg018,1926,193,0.11917098445595854,0.07840083073727934,1.5200219606766632,True,hnc_wu2022,True
motif_immune_exclusion,spatial,UPMC_c003_v001_r001_reg021,5312,532,0.015037593984962405,0.018637048192771084,0.8068656489709121,False,hnc_wu2022,True
motif_immune_exclusion,spatial,UPMC_c003_v001_r001_reg022,7963,797,0.05771643663739021,0.06279040562602034,0.9191919698870766,False,hnc_wu2022,True
motif_immune_exclusion,spatial,UPMC_c003_v001_r001_reg023,4655,466,0.015021459227467811,0.03050483351235231,0.49242882185818776,False,hnc_wu2022,True
motif_immune_exclusion,spatial,UPMC_c003_v001_r001_reg025,6129,613,0.008156606851549755,0.008157937673356175,0.999836867862969,False,hnc_wu2022,True
motif_immune_exclusion,spatial,UPMC_c003_v001_r001_reg026,5328,533,0.0375234521575985,0.04973723723723724,0.7544337852667351,False,hnc_wu2022,True
motif_immune_exclusion,spatial,UPMC_c003_v001_r001_reg027,3345,335,0.056716417910447764,0.044544095665171896,1.273264549734549,True,hnc_wu2022,True
motif_immune_exclusion,spatial,UPMC_c003_v001_r001_reg028,4809,481,0.033264033264033266,0.020170513620295278,1.6491416079044947,True,hnc_wu2022,True
motif_immune_exclusion,spatial,UPMC_c003_v001_r001_reg029,9019,902,0.07317073170731707,0.06730236168089589,1.0871941174106963,False,hnc_wu2022,True
motif_immune_exclusion,spatial,UPMC_c003_v001_r001_reg030,3447,345,0.011594202898550725,0.04380620829706992,0.2646703138496977,False,hnc_wu2022,True
motif_immune_exclusion,spatial,UPMC_c003_v001_r001_reg034,3780,378,0.06878306878306878,0.05185185185185185,1.3265306122448979,True,hnc_wu2022,True
motif_immune_exclusion,spatial,UPMC_c004_v001_r001_reg001,11554,1156,0.09515570934256055,0.0731348450752986,1.3010994860875083,True,hnc_wu2022,True
motif_immune_exclusion,spatial,UPMC_c004_v001_r001_reg004,7953,796,0.1670854271356784,0.10235131396957123,1.6324697813391282,True,hnc_wu2022,True
motif_immune_exclusion,spatial,UPMC_c004_v001_r001_reg008,11109,1111,0.019801980198019802,0.013232514177693762,1.4964639321074966,True,hnc_wu2022,True
motif_immune_exclusion,spatial,UPMC_c004_v001_r001_reg013,5825,583,0.10463121783876501,0.08034334763948497,1.3023009485273638,True,hnc_wu2022,True
motif_immune_exclusion,spatial,UPMC_c004_v001_r001_reg014,3870,387,0.0103359173126615,0.012919896640826873,0.8,False,hnc_wu2022,True
motif_immune_exclusion,spatial,UPMC_c004_v001_r001_reg016,16743,1675,0.10208955223880598,0.0939497103267037,1.0866404152157205,False,hnc_wu2022,True
motif_immune_exclusion,spatial,UPMC_c004_v001_r001_reg021,6742,675,0.05037037037037037,0.047908632453277956,1.051384015594542,False,hnc_wu2022,True
motif_immune_exclusion,spatial,UPMC_c004_v001_r001_reg027,11759,1176,0.06377551020408163,0.08631686367888426,0.7388534231426561,False,hnc_wu2022,True
motif_immune_exclusion,spatial,UPMC_c004_v001_r001_reg028,6908,691,0.04341534008683068,0.04748118123914302,0.9143694186580071,False,hnc_wu2022,True
motif_immune_exclusion,spatial,UPMC_c004_v001_r001_reg032,9416,942,0.07112526539278131,0.0875106202209006,0.812761527837899,False,hnc_wu2022,True
motif_immune_exclusion,spatial,UPMC_c004_v001_r001_reg033,8600,860,0.11046511627906977,0.10023255813953488,1.1020881670533642,False,hnc_wu2022,True
motif_immune_exclusion,spatial,UPMC_c004_v001_r001_reg036,9429,943,0.1071049840933192,0.1201612047937215,0.8913441262276317,False,hnc_wu2022,True
motif_immune_exclusion,spatial,UPMC_c004_v001_r001_reg037,4186,419,0.02386634844868735,0.02150023889154324,1.1100503845133916,False,hnc_wu2022,True
motif_immune_exclusion,spatial,UPMC_c004_v001_r001_reg038,8392,840,0.036904761904761905,0.023474737845567206,1.5721053903795021,True,hnc_wu2022,True
motif_immune_exclusion,spatial,UPMC_c004_v001_r001_reg044,9412,942,0.09660297239915075,0.07532936676583085,1.2824078649094597,True,hnc_wu2022,True
motif_immune_exclusion,spatial,UPMC_c004_v001_r001_reg046,6219,622,0.08360128617363344,0.07653963659752372,1.0922613418357696,False,hnc_wu2022,True
motif_immune_exclusion,spatial,UPMC_c004_v001_r001_reg048,5157,516,0.060077519379844964,0.024626720961799495,2.439525727888665,True,hnc_wu2022,True
motif_immune_exclusion,spatial,UPMC_c004_v001_r001_reg049,4088,409,0.034229828850855744,0.038649706457925634,0.885642660394293,False,hnc_wu2022,True
motif_immune_exclusion,spatial,UPMC_c004_v001_r001_reg050,5866,587,0.07666098807495741,0.09802250255710876,0.7820754018220873,False,hnc_wu2022,True
motif_immune_exclusion,spatial,UPMC_c004_v001_r001_reg051,2162,217,0.1336405529953917,0.08834412580943571,1.5127270972567375,True,hnc_wu2022,True
motif_immune_exclusion,spatial,UPMC_c004_v001_r001_reg056,3229,323,0.09597523219814241,0.0845462991638278,1.1351795779040361,False,hnc_wu2022,True
motif_immune_exclusion,spatial,UPMC_c004_v001_r001_reg059,13032,1304,0.10812883435582822,0.05816451810926949,1.8590171099276431,True,hnc_wu2022,True
motif_immune_exclusion,spatial,UPMC_c004_v001_r001_reg060,5060,506,0.03557312252964427,0.036561264822134384,0.9729729729729731,False,hnc_wu2022,True
motif_immune_exclusion,spatial,UPMC_c004_v001_r001_reg062,4128,413,0.09200968523002422,0.0809108527131783,1.1371735946992214,False,hnc_wu2022,True
motif_immune_exclusion,spatial,UPMC_c005_v001_r001_reg002,9975,998,0.023046092184368736,0.02857142857142857,0.8066132264529058,False,hnc_wu2022,True
motif_immune_exclusion,spatial,UPMC_c005_v001_r001_reg004,10135,1014,0.2514792899408284,0.15638875185002465,1.6080394975080732,True,hnc_wu2022,True
motif_immune_exclusion,spatial,UPMC_c005_v001_r001_reg005,10206,1021,0.10773751224289912,0.07544581618655692,1.428011753183154,True,hnc_wu2022,True
motif_immune_exclusion,spatial,UPMC_c005_v001_r001_reg006,10545,1055,0.12511848341232226,0.08221906116642959,1.521769789599698,True,hnc_wu2022,True
motif_immune_exclusion,spatial,UPMC_c005_v001_r001_reg007,5216,522,0.05555555555555555,0.08857361963190184,0.6272246272246271,False,hnc_wu2022,True
motif_immune_exclusion,spatial,UPMC_c005_v001_r001_reg008,4068,407,0.044226044226044224,0.04375614552605703,1.0107390332109434,False,hnc_wu2022,True
motif_immune_exclusion,spatial,UPMC_c005_v001_r001_reg009,7307,731,0.05198358413132695,0.038866840016422606,1.3374790466465,True,hnc_wu2022,True
motif_immune_exclusion,spatial,UPMC_c005_v001_r001_reg010,8484,849,0.0977620730270907,0.06034889203206035,1.6199481007067138,True,hnc_wu2022,True
motif_immune_exclusion,spatial,UPMC_c005_v001_r001_reg011,5038,504,0.051587301587301584,0.0591504565303692,0.872136997975924,False,hnc_wu2022,True
motif_immune_exclusion,spatial,UPMC_c005_v001_r001_reg013,8259,826,0.13196125907990314,0.10860879041046131,1.2150145359430546,False,hnc_wu2022,True
motif_immune_exclusion,spatial,UPMC_c005_v001_r001_reg014,2068,207,0.12077294685990338,0.05125725338491296,2.3562118311913225,True,hnc_wu2022,True
motif_immune_exclusion,spatial,UPMC_c005_v001_r001_reg019,4208,421,0.026128266033254157,0.036596958174904944,0.7139463861554123,False,hnc_wu2022,True
motif_immune_exclusion,spatial,UPMC_c005_v001_r001_reg021,10408,1041,0.08645533141210375,0.06072252113758647,1.4237770400904681,True,hnc_wu2022,True
motif_immune_exclusion,spatial,UPMC_c005_v001_r001_reg024,2843,285,0.04912280701754386,0.03236018290538164,1.518001525553013,True,hnc_wu2022,True
motif_immune_exclusion,spatial,UPMC_c005_v001_r001_reg025,5759,576,0.078125,0.06320541760722348,1.236049107142857,False,hnc_wu2022,True
motif_immune_exclusion,spatial,UPMC_c005_v001_r001_reg027,6781,679,0.12076583210603829,0.11399498599026692,1.0593959993674589,False,hnc_wu2022,True
motif_immune_exclusion,spatial,UPMC_c005_v001_r001_reg028,1673,168,0.08333333333333333,0.04781829049611477,1.742708333333333,True,hnc_wu2022,True
motif_immune_exclusion,spatial,UPMC_c005_v001_r001_reg031,6753,676,0.07100591715976332,0.06471197986080261,1.0972607747823377,False,hnc_wu2022,True
motif_immune_exclusion,spatial,UPMC_c005_v001_r001_reg032,11909,1191,0.12846347607052896,0.08632126962801243,1.4882018837781414,True,hnc_wu2022,True
motif_immune_exclusion,spatial,UPMC_c005_v001_r001_reg035,5407,541,0.10166358595194085,0.10264471980765674,0.9904414580939535,False,hnc_wu2022,True
motif_immune_exclusion,spatial,UPMC_c005_v001_r001_reg036,8717,872,0.047018348623853214,0.03843065274750487,1.223459537176503,False,hnc_wu2022,True
motif_immune_exclusion,spatial,UPMC_c005_v001_r001_reg037,7609,761,0.03810775295663601,0.029438822447102116,1.2944727332457293,True,hnc_wu2022,True
motif_immune_exclusion,spatial,UPMC_c005_v001_r001_reg038,4733,474,0.06329113924050633,0.051764208747094864,1.222681477654353,False,hnc_wu2022,True
motif_immune_exclusion,spatial,UPMC_c005_v001_r001_reg041,10374,1038,0.015414258188824663,0.025255446308077887,0.61033402462163,False,hnc_wu2022,True
motif_immune_exclusion,spatial,UPMC_c005_v001_r001_reg043,5927,593,0.048903878583473864,0.06917496203813059,0.7069592399128038,False,hnc_wu2022,True
motif_immune_exclusion,spatial,UPMC_c005_v001_r001_reg044,6654,666,0.03903903903903904,0.029005109708446046,1.345936610185315,True,hnc_wu2022,True
motif_immune_exclusion,spatial,UPMC_c005_v001_r001_reg045,9423,943,0.019088016967126194,0.01666136050090205,1.1456457572052874,False,hnc_wu2022,True
motif_immune_exclusion,spatial,UPMC_c005_v001_r001_reg046,15846,1585,0.17665615141955837,0.14009844755774328,1.2609429618893342,True,hnc_wu2022,True
motif_immune_exclusion,spatial,UPMC_c005_v001_r001_reg048,4283,429,0.06060606060606061,0.01844501517627831,3.2857690832374375,True,hnc_wu2022,True
motif_immune_exclusion,spatial,UPMC_c005_v001_r001_reg050,16079,1608,0.1853233830845771,0.10554138938988743,1.7559308642409637,True,hnc_wu2022,True
motif_immune_exclusion,spatial,UPMC_c005_v001_r001_reg053,7392,740,0.05675675675675676,0.051271645021645024,1.106981387720174,False,hnc_wu2022,True
motif_immune_exclusion,spatial,UPMC_c005_v001_r001_reg056,7072,708,0.1285310734463277,0.09700226244343892,1.3250317075982936,True,hnc_wu2022,True
motif_immune_exclusion,spatial,UPMC_c005_v001_r001_reg057,6851,686,0.07871720116618076,0.04918989928477595,1.6002716474466006,True,hnc_wu2022,True
motif_immune_exclusion,spatial,UPMC_c005_v001_r001_reg059,4738,474,0.14556962025316456,0.12579147319544112,1.1572296321468014,False,hnc_wu2022,True
motif_immune_exclusion,spatial,UPMC_c005_v001_r001_reg060,4250,425,0.1011764705882353,0.11058823529411765,0.9148936170212766,False,hnc_wu2022,True
motif_immune_exclusion,spatial,UPMC_c005_v001_r001_reg061,2937,294,0.08503401360544217,0.05209397344228805,1.6323195945044684,True,hnc_wu2022,True
motif_immune_exclusion,spatial,UPMC_c005_v001_r001_reg064,4615,462,0.08441558441558442,0.08775731310942579,0.9619207952541285,False,hnc_wu2022,True
motif_immune_exclusion,spatial,UPMC_c006_v001_r001_reg012,6328,633,0.09162717219589257,0.07948798988621998,1.1527171881821237,False,hnc_wu2022,True
motif_immune_exclusion,spatial,UPMC_c006_v001_r001_reg019,19826,1983,0.07564296520423601,0.06203974578835872,1.2192662017391733,False,hnc_wu2022,True
motif_immune_exclusion,spatial,UPMC_c006_v001_r001_reg020,16839,1684,0.08729216152019002,0.07233208622839836,1.2068248832828241,False,hnc_wu2022,True
motif_immune_exclusion,spatial,UPMC_c006_v001_r001_reg021,16325,1633,0.16350275566442132,0.115895865237366,1.4107729842609293,True,hnc_wu2022,True
motif_immune_exclusion,spatial,UPMC_c006_v001_r001_reg023,13146,1315,0.0623574144486692,0.03780617678381257,1.6493975258394473,True,hnc_wu2022,True
motif_immune_exclusion,spatial,UPMC_c006_v001_r001_reg031,14965,1497,0.0788243152972612,0.06588706982960241,1.196354846271312,False,hnc_wu2022,True
motif_immune_exclusion,spatial,UPMC_c006_v001_r001_reg033,15201,1521,0.09204470742932282,0.07966581145977239,1.1553852994493279,False,hnc_wu2022,True
motif_immune_exclusion,spatial,UPMC_c006_v001_r001_reg035,9275,928,0.04956896551724138,0.057897574123989215,0.8561492647530984,False,hnc_wu2022,True
motif_immune_exclusion,spatial,UPMC_c006_v001_r001_reg043,6471,648,0.06635802469135803,0.042497295626641944,1.5614646464646464,True,hnc_wu2022,True
motif_immune_exclusion,spatial,UPMC_c006_v001_r001_reg044,11765,1177,0.056074766355140186,0.051933701657458566,1.0797375223702526,False,hnc_wu2022,True
motif_immune_exclusion,spatial,UPMC_c006_v001_r001_reg045,16801,1681,0.15288518738845924,0.08499494077733469,1.7987563258497925,True,hnc_wu2022,True
motif_immune_exclusion,spatial,UPMC_c006_v001_r001_reg049,5852,586,0.02218430034129693,0.01572112098427888,1.4111144086659742,True,hnc_wu2022,True
motif_immune_exclusion,spatial,UPMC_c006_v001_r001_reg050,6391,640,0.046875,0.03442340791738382,1.36171875,True,hnc_wu2022,True
motif_immune_exclusion,spatial,UPMC_c006_v001_r001_reg051,7368,737,0.014925373134328358,0.024429967426710098,0.6109452736318408,False,hnc_wu2022,True
motif_immune_exclusion,spatial,UPMC_c006_v001_r001_reg053,9764,977,0.04196519959058342,0.05161818926669398,0.8129924777826517,False,hnc_wu2022,True
motif_immune_exclusion,spatial,UPMC_c006_v001_r001_reg055,9002,901,0.05216426193118757,0.02710508775827594,1.9245192045268462,True,hnc_wu2022,True
motif_immune_exclusion,spatial,UPMC_c006_v001_r001_reg056,11128,1113,0.08984725965858041,0.0656901509705248,1.3677432359516866,True,hnc_wu2022,True
motif_immune_exclusion,spatial,UPMC_c006_v001_r001_reg058,6901,691,0.013024602026049204,0.019272569192870598,0.6758103652764328,False,hnc_wu2022,True
motif_immune_exclusion,spatial,UPMC_c006_v001_r001_reg060,15317,1532,0.07637075718015666,0.06607037931709865,1.1559000866882012,False,hnc_wu2022,True
motif_immune_exclusion,spatial,UPMC_c006_v001_r001_reg061,5905,591,0.018612521150592216,0.021845893310753598,0.8519917627461011,False,hnc_wu2022,True
motif_immune_exclusion,spatial,UPMC_c006_v001_r001_reg064,11383,1139,0.06760316066725197,0.04181674426776772,1.6166528946960699,True,hnc_wu2022,True
motif_immune_exclusion,spatial,UPMC_c007_v001_r001_reg002,4235,424,0.02122641509433962,0.01629279811097993,1.3028096800656273,True,hnc_wu2022,True
motif_immune_exclusion,spatial,UPMC_c007_v001_r001_reg003,2037,204,0.06862745098039216,0.06872852233676977,0.9985294117647059,False,hnc_wu2022,True
motif_immune_exclusion,spatial,UPMC_c007_v001_r001_reg004,3177,318,0.015723270440251572,0.029902423670129054,0.525819265143992,False,hnc_wu2022,True
motif_immune_exclusion,spatial,UPMC_c007_v001_r001_reg005,2056,206,0.07281553398058252,0.028696498054474707,2.537436234984367,True,hnc_wu2022,True
motif_immune_exclusion,spatial,UPMC_c007_v001_r001_reg009,5398,540,0.1259259259259259,0.1018895887365691,1.2359057239057238,False,hnc_wu2022,True
motif_immune_exclusion,spatial,UPMC_c007_v001_r001_reg010,4399,440,0.022727272727272728,0.018640600136394635,1.2192350332594235,False,hnc_wu2022,True
motif_immune_exclusion,spatial,UPMC_c007_v001_r001_reg011,9182,919,0.12187159956474429,0.10683946852537574,1.1406982948047728,False,hnc_wu2022,True
motif_immune_exclusion,spatial,UPMC_c007_v001_r001_reg012,8863,887,0.133032694475761,0.10041746586934447,1.324796372065921,True,hnc_wu2022,True
motif_immune_exclusion,spatial,UPMC_c007_v001_r001_reg013,5405,541,0.0073937153419593345,0.01036077705827937,0.7136255611301822,False,hnc_wu2022,True
motif_immune_exclusion,spatial,UPMC_c007_v001_r001_reg014,9643,965,0.10466321243523316,0.09519858965052369,1.099419779425875,False,hnc_wu2022,True
motif_immune_exclusion,spatial,UPMC_c007_v001_r001_reg015,3835,384,0.16666666666666666,0.13428943937418514,1.2411003236245954,False,hnc_wu2022,True
motif_immune_exclusion,spatial,UPMC_c007_v001_r001_reg017,2052,206,0.05339805825242718,0.03752436647173489,1.4230235783633842,True,hnc_wu2022,True
motif_immune_exclusion,spatial,UPMC_c007_v001_r001_reg021,4805,481,0.029106029106029108,0.038085327783558796,0.7642320757074855,False,hnc_wu2022,True
motif_immune_exclusion,spatial,UPMC_c007_v001_r001_reg024,7830,783,0.02681992337164751,0.025159642401021712,1.0659898477157361,False,hnc_wu2022,True
motif_immune_exclusion,spatial,UPMC_c007_v001_r001_reg025,5898,590,0.04915254237288136,0.058833502882332994,0.8354515703609633,False,hnc_wu2022,True
motif_immune_exclusion,spatial,UPMC_c007_v001_r001_reg029,3462,347,0.06628242074927954,0.03755054881571346,1.7651518510308135,True,hnc_wu2022,True
motif_immune_exclusion,spatial,UPMC_c007_v001_r001_reg038,6275,628,0.05732484076433121,0.09641434262948208,0.5945675632994684,False,hnc_wu2022,True
motif_immune_exclusion,spatial,UPMC_c007_v001_r001_reg040,2965,297,0.09090909090909091,0.05801011804384486,1.567124735729387,True,hnc_wu2022,True
motif_immune_exclusion,spatial,UPMC_c007_v001_r001_reg043,8020,802,0.02493765586034913,0.025187032418952617,0.9900990099009902,False,hnc_wu2022,True
motif_immune_exclusion,spatial,UPMC_c007_v001_r001_reg046,3614,362,0.04696132596685083,0.04233536247924737,1.10926949048496,False,hnc_wu2022,True
motif_immune_exclusion,spatial,UPMC_c007_v001_r001_reg050,4188,419,0.09307875894988067,0.057545367717287486,1.6174848235771795,True,hnc_wu2022,True
motif_immune_exclusion,spatial,UPMC_c007_v001_r001_reg051,5824,583,0.032590051457975985,0.031421703296703296,1.037182839842908,False,hnc_wu2022,True
motif_immune_exclusion,spatial,UPMC_c007_v001_r001_reg052,7538,754,0.17904509283819628,0.13902892013796764,1.2878262498228277,True,hnc_wu2022,True
motif_immune_exclusion,spatial,UPMC_c007_v001_r001_reg053,9076,908,0.04185022026431718,0.026553547818422212,1.5760688760122106,True,hnc_wu2022,True
motif_immune_exclusion,spatial,UPMC_c007_v001_r001_reg056,3567,357,0.13445378151260504,0.09167367535744322,1.4666563873255725,True,hnc_wu2022,True
motif_immune_exclusion,spatial,UPMC_c007_v001_r001_reg057,3351,336,0.10714285714285714,0.04953745150701283,2.1628657487091223,True,hnc_wu2022,True
motif_immune_exclusion,spatial,UPMC_c007_v001_r001_reg059,1908,191,0.11518324607329843,0.09067085953878407,1.270344702357534,True,hnc_wu2022,True
motif_immune_exclusion,spatial,UPMC_c007_v001_r001_reg060,3941,395,0.060759493670886074,0.06470438974879472,0.9390320178704393,False,hnc_wu2022,True
motif_immune_exclusion,spatial,UPMC_c007_v001_r001_reg061,2587,259,0.09266409266409266,0.032856590645535366,2.8202589143765615,True,hnc_wu2022,True
motif_immune_exclusion,spatial,UPMC_c007_v001_r001_reg063,7118,712,0.06460674157303371,0.06631076144984546,0.974302513806894,False,hnc_wu2022,True
motif_cd8_high,control,NTImg0011,1060,106,0.08490566037735849,0.03207547169811321,2.6470588235294117,True,tnbc_wang2023,True
motif_cd8_high,control,NTImg0012,644,65,0.12307692307692308,0.059006211180124224,2.0858299595141703,True,tnbc_wang2023,True
motif_cd8_high,control,NTImg0013,1286,129,0.007751937984496124,0.020995334370139968,0.369221935113408,False,tnbc_wang2023,True
motif_cd8_high,control,NTImg0014,1020,102,0.17647058823529413,0.09705882352941177,1.8181818181818183,True,tnbc_wang2023,True
motif_cd8_high,control,NTImg0015,709,71,0.014084507042253521,0.08039492242595205,0.1751914998764517,False,tnbc_wang2023,True
motif_cd8_high,control,NTImg0016,954,96,0.0,0.016771488469601678,0.0,False,tnbc_wang2023,True
motif_cd8_high,control,NTImg0017,857,86,0.4069767441860465,0.12018669778296383,3.38620456084895,True,tnbc_wang2023,True
motif_cd8_high,control,NTImg0018,870,87,0.2413793103448276,0.1,2.413793103448276,True,tnbc_wang2023,True
motif_cd8_high,control,NTImg0019,1106,111,0.42342342342342343,0.24050632911392406,1.7605500237079184,True,tnbc_wang2023,True
motif_cd8_high,control,NTImg0020,901,91,0.16483516483516483,0.06881243063263041,2.3954271534916693,True,tnbc_wang2023,True
motif_cd8_high,control,NTImg0021,1636,164,0.006097560975609756,0.019559902200488997,0.3117378048780488,False,tnbc_wang2023,True
motif_cd8_high,control,NTImg0022,1365,137,0.0,0.004395604395604396,0.0,False,tnbc_wang2023,True
motif_cd8_high,control,NTImg0023,732,74,0.47297297297297297,0.31693989071038253,1.4923112767940354,True,tnbc_wang2023,True
motif_cd8_high,control,NTImg0025,127,13,0.0,0.0,1.0,False,tnbc_wang2023,True
motif_cd8_high,control,NTImg0026,347,35,0.0,0.002881844380403458,0.0,False,tnbc_wang2023,True
motif_cd8_high,control,NTImg0027,1042,105,0.0,0.008637236084452975,0.0,False,tnbc_wang2023,True
motif_cd8_high,control,NTImg0028,658,66,0.0,0.0425531914893617,0.0,False,tnbc_wang2023,True
motif_cd8_high,control,NTImg0029,310,31,0.0,0.0,1.0,False,tnbc_wang2023,True
motif_cd8_high,control,NTImg0030,412,42,0.0,0.0048543689320388345,0.0,False,tnbc_wang2023,True
motif_cd8_high,control,NTImg0041,545,55,0.6,0.6311926605504588,0.9505813953488371,False,tnbc_wang2023,True
motif_cd8_high,control,NTImg0042,818,82,0.34146341463414637,0.15647921760391198,2.1821646341463414,True,tnbc_wang2023,True
motif_cd8_high,control,NTImg0043,773,78,0.05128205128205128,0.04139715394566624,1.238782051282051,False,tnbc_wang2023,True
motif_cd8_high,control,NTImg0044,685,69,0.7101449275362319,0.3854014598540146,1.8426108915239352,True,tnbc_wang2023,True
motif_cd8_high,control,NTImg0045,587,59,0.15254237288135594,0.3577512776831346,0.42639225181598067,False,tnbc_wang2023,True
motif_cd8_high,control,NTImg0046,398,40,0.025,0.13316582914572864,0.1877358490566038,False,tnbc_wang2023,True
motif_cd8_high,control,NTImg0047,356,36,0.027777777777777776,0.11797752808988764,0.23544973544973544,False,tnbc_wang2023,True
motif_cd8_high,control,NTImg0048,922,93,0.11827956989247312,0.0770065075921909,1.5359684991670453,True,tnbc_wang2023,True
motif_cd8_high,control,NTImg0049,657,66,0.3333333333333333,0.1552511415525114,2.1470588235294117,True,tnbc_wang2023,True
motif_cd8_high,control,NTImg0050,468,47,0.0425531914893617,0.15384615384615385,0.276595744680851,False,tnbc_wang2023,True
motif_cd8_high,control,NTImg0061,1344,135,0.2074074074074074,0.17857142857142858,1.1614814814814813,False,tnbc_wang2023,True
motif_cd8_high,control,NTImg0062,1397,140,0.12857142857142856,0.1324266284896206,0.9708880308880308,False,tnbc_wang2023,True
motif_cd8_high,control,NTImg0063,1219,122,0.26229508196721313,0.09433962264150944,2.780327868852459,True,tnbc_wang2023,True
motif_cd8_high,control,NTImg0064,1836,184,0.33152173913043476,0.35239651416122003,0.9407633895571533,False,tnbc_wang2023,True
motif_cd8_high,control,NTImg0065,1380,138,0.2318840579710145,0.15434782608695652,1.5023474178403757,True,tnbc_wang2023,True
motif_cd8_high,control,NTImg0066,1006,101,0.22772277227722773,0.12226640159045726,1.8625130805763503,True,tnbc_wang2023,True
motif_cd8_high,control,NTImg0067,1326,133,0.5413533834586466,0.4238310708898944,1.277285741042999,True,tnbc_wang2023,True
motif_cd8_high,control,NTImg0068,760,76,0.39473684210526316,0.2776315789473684,1.4218009478672988,True,tnbc_wang2023,True
motif_cd8_high,control,NTImg0069,1320,132,0.21212121212121213,0.10833333333333334,1.9580419580419581,True,tnbc_wang2023,True
motif_cd8_high,control,NTImg0070,276,28,0.32142857142857145,0.12318840579710146,2.6092436974789917,True,tnbc_wang2023,True
motif_cd8_high,control,NTImg0081,726,73,0.726027397260274,0.29201101928374656,2.4863013698630136,True,tnbc_wang2023,True
motif_cd8_high,control,NTImg0082,604,61,0.3442622950819672,0.173841059602649,1.980327868852459,True,tnbc_wang2023,True
motif_cd8_high,control,NTImg0083,1201,121,0.36363636363636365,0.1765195670274771,2.0600343053173242,True,tnbc_wang2023,True
motif_cd8_high,control,NTImg0084,810,81,0.5061728395061729,0.3814814814814815,1.3268608414239482,True,tnbc_wang2023,True
motif_cd8_high,control,NTImg0085,2040,204,0.09803921568627451,0.049509803921568625,1.9801980198019802,True,tnbc_wang2023,True
motif_cd8_high,control,NTImg0086,1816,182,0.17582417582417584,0.1222466960352423,1.4382734382734383,True,tnbc_wang2023,True
motif_cd8_high,control,NTImg0087,1261,127,0.2047244094488189,0.20618556701030927,0.9929133858267717,False,tnbc_wang2023,True
motif_cd8_high,control,NTImg0088,1011,102,0.2549019607843137,0.19881305637982197,1.282118817676324,True,tnbc_wang2023,True
motif_cd8_high,control,NTImg0089,1820,182,0.24175824175824176,0.18846153846153846,1.282798833819242,True,tnbc_wang2023,True
motif_cd8_high,control,NTImg0090,1839,184,0.358695652173913,0.3953235454051115,0.9073470486214938,False,tnbc_wang2023,True
motif_cd8_high,control,NTImg0585,906,91,0.37362637362637363,0.2781456953642384,1.3432757718472006,True,tnbc_wang2023,True
motif_cd8_high,control,NTImg0586,1398,140,0.14285714285714285,0.13948497854077252,1.0241758241758243,False,tnbc_wang2023,True
motif_cd8_high,control,NTImg0587,1159,116,0.27586206896551724,0.27523727351164795,1.0022700248621772,False,tnbc_wang2023,True
motif_cd8_high,control,NTImg0588,2047,205,0.13170731707317074,0.10942843185148998,1.203593205574913,False,tnbc_wang2023,True
motif_cd8_high,control,NTImg0589,1705,171,0.12280701754385964,0.05219941348973607,2.352651291149221,True,tnbc_wang2023,True
motif_cd8_high,control,NTImg0590,2090,209,0.20095693779904306,0.1397129186602871,1.4383561643835614,True,tnbc_wang2023,True
motif_cd8_high,control,NTImg0594,1669,167,0.03592814371257485,0.0695026962252846,0.5169316539335123,False,tnbc_wang2023,True
motif_cd8_high,control,NTImg0595,1695,170,0.06470588235294118,0.04601769911504425,1.406108597285068,True,tnbc_wang2023,True
motif_cd8_high,control,NTImg0596,2052,206,0.1262135922330097,0.06432748538011696,1.9620476610767874,True,tnbc_wang2023,True
motif_cd8_high,control,NTImg0597,2098,210,0.26666666666666666,0.3217349857006673,0.8288395061728395,False,tnbc_wang2023,True
motif_cd8_high,control,NTImg0598,775,78,0.0,0.016774193548387096,0.0,False,tnbc_wang2023,True
motif_cd8_high,control,NTImg0599,653,66,0.015151515151515152,0.018376722817764167,0.8244949494949494,False,tnbc_wang2023,True
motif_cd8_high,control,NTImg0603,1175,118,0.2966101694915254,0.18978723404255318,1.5628562742266474,True,tnbc_wang2023,True
motif_cd8_high,control,NTImg0604,1158,116,0.09482758620689655,0.1070811744386874,0.8855672969966629,False,tnbc_wang2023,True
motif_cd8_high,control,NTImg0605,1089,109,0.06422018348623854,0.027548209366391185,2.331192660550459,True,tnbc_wang2023,True
motif_cd8_high,control,NTImg0612,2257,226,0.02654867256637168,0.04962339388568897,0.5350031605562579,False,tnbc_wang2023,True
motif_cd8_high,control,NTImg0613,2225,223,0.20179372197309417,0.11865168539325843,1.7007236037505096,True,tnbc_wang2023,True
motif_cd8_high,control,NTImg0614,2005,201,0.13432835820895522,0.07830423940149626,1.7154672497385681,True,tnbc_wang2023,True
motif_cd8_high,control,NTImg0615,2005,201,0.004975124378109453,0.027930174563591023,0.1781272210376688,False,tnbc_wang2023,True
motif_cd8_high,control,NTImg0616,1530,153,0.006535947712418301,0.023529411764705882,0.2777777777777778,False,tnbc_wang2023,True
motif_cd8_high,control,NTImg0617,1503,151,0.046357615894039736,0.020625415834996674,2.2475966673787653,True,tnbc_wang2023,True
motif_cd8_high,control,NTImg0622,680,68,0.0,0.01911764705882353,0.0,False,tnbc_wang2023,True
motif_cd8_high,control,NTImg0623,1068,107,0.0,0.0056179775280898875,0.0,False,tnbc_wang2023,True
motif_cd8_high,control,NTImg0624,1155,116,0.008620689655172414,0.033766233766233764,0.25530503978779845,False,tnbc_wang2023,True
motif_cd8_high,control,NTImg0625,1052,106,0.0,0.0370722433460076,0.0,False,tnbc_wang2023,True
motif_cd8_high,control,NTImg0626,1187,119,0.4789915966386555,0.22240943555181128,2.15364782276547,True,tnbc_wang2023,True
motif_cd8_high,control,NTImg0628,1159,116,0.22413793103448276,0.057808455565142365,3.877251672671127,True,tnbc_wang2023,True
motif_cd8_high,control,NTImg0632,1539,154,0.21428571428571427,0.1507472384665367,1.4214901477832513,True,tnbc_wang2023,True
motif_cd8_high,control,NTImg0633,1051,106,0.330188679245283,0.219790675547098,1.5022870211549457,True,tnbc_wang2023,True
motif_cd8_high,control,NTImg0634,1549,155,0.2,0.14460942543576502,1.3830357142857141,True,tnbc_wang2023,True
motif_cd8_high,control,NTImg0638,1138,114,0.0,0.056239015817223195,0.0,False,tnbc_wang2023,True
motif_cd8_high,control,NTImg0639,1105,111,0.1891891891891892,0.1167420814479638,1.6205740624345277,True,tnbc_wang2023,True
motif_cd8_high,control,NTImg0640,985,99,0.010101010101010102,0.04263959390862944,0.23689273689273693,False,tnbc_wang2023,True
motif_cd8_high,control,NTImg0647,1757,176,0.1534090909090909,0.08195788275469551,1.871803977272727,True,tnbc_wang2023,True
motif_cd8_high,control,NTImg0648,1766,177,0.07344632768361582,0.058323895809739526,1.2592836377598595,True,tnbc_wang2023,True
motif_cd8_high,control,NTImg0649,1746,175,0.18857142857142858,0.09564719358533791,1.9715312232677504,True,tnbc_wang2023,True
motif_cd8_high,control,NTImg0656,1558,156,0.10897435897435898,0.057766367137355584,1.8864672364672366,True,tnbc_wang2023,True
motif_cd8_high,control,NTImg0657,1834,184,0.2717391304347826,0.3244274809160305,0.8375959079283888,False,tnbc_wang2023,True
motif_cd8_high,control,NTImg0658,1933,194,0.3402061855670103,0.2793585100879462,1.217812142038946,False,tnbc_wang2023,True
motif_cd8_high,control,NTImg0659,2018,202,0.13366336633663367,0.10257680872150644,1.3030563925957814,True,tnbc_wang2023,True
motif_cd8_high,control,NTImg0660,2241,225,0.10666666666666667,0.11155734047300313,0.95616,False,tnbc_wang2023,True
motif_cd8_high,control,NTImg0661,2426,243,0.22633744855967078,0.23495465787304204,0.9633239477294059,False,tnbc_wang2023,True
motif_cd8_high,control,NTImg0665,1354,136,0.19852941176470587,0.08936484490398819,2.2215605250364607,True,tnbc_wang2023,True
motif_cd8_high,control,NTImg0666,1303,131,0.07633587786259542,0.08749040675364543,0.8725056917101915,False,tnbc_wang2023,True
motif_cd8_high,control,NTImg0667,740,74,0.21621621621621623,0.12837837837837837,1.6842105263157896,True,tnbc_wang2023,True
motif_cd8_high,control,NTImg0671,1557,156,0.20512820512820512,0.15350032113037893,1.3363373028644996,True,tnbc_wang2023,True
motif_cd8_high,control,NTImg0672,1679,168,0.1488095238095238,0.1232876712328767,1.207010582010582,False,tnbc_wang2023,True
motif_cd8_high,control,NTImg0673,1543,155,0.16129032258064516,0.1678548282566429,0.9608917673433802,False,tnbc_wang2023,True
motif_cd8_high,control,NTImg0677,717,72,0.0,0.005578800557880056,0.0,False,tnbc_wang2023,True
motif_cd8_high,control,NTImg0678,552,56,0.03571428571428571,0.059782608695652176,0.5974025974025974,False,tnbc_wang2023,True
motif_cd8_high,control,NTImg0679,268,27,0.0,0.0,1.0,False,tnbc_wang2023,True
motif_cd8_high,control,NTImg0680,439,44,0.0,0.02050113895216401,0.0,False,tnbc_wang2023,True
motif_cd8_high,control,NTImg0685,1041,105,0.0761904761904762,0.01921229586935639,3.9657142857142857,True,tnbc_wang2023,True
motif_cd8_high,control,NTImg0686,1325,133,0.16541353383458646,0.07773584905660377,2.1278925469012338,True,tnbc_wang2023,True
motif_cd8_high,control,NTImg0687,1297,130,0.2,0.09175019275250579,2.179831932773109,True,tnbc_wang2023,True
motif_cd8_high,control,NTImg0691,1817,182,0.11538461538461539,0.08035222894881673,1.4359852476290833,True,tnbc_wang2023,True
motif_cd8_high,control,NTImg0692,2102,211,0.1990521327014218,0.15937202664129402,1.248977859517578,False,tnbc_wang2023,True
motif_cd8_high,control,NTImg0693,1365,137,0.0364963503649635,0.01904761904761905,1.9160583941605835,True,tnbc_wang2023,True
motif_cd8_high,control,NTImg0694,1224,123,0.5447154471544715,0.4730392156862745,1.1515228105648931,False,tnbc_wang2023,True
motif_cd8_high,control,NTImg0695,1716,172,0.29069767441860467,0.21678321678321677,1.3409602400600151,True,tnbc_wang2023,True
motif_cd8_high,control,NTImg0696,1223,123,0.3170731707317073,0.27555192150449714,1.150683940073822,False,tnbc_wang2023,True
motif_cd8_high,control,NTImg0700,1365,137,0.0072992700729927005,0.007326007326007326,0.9963503649635036,False,tnbc_wang2023,True
motif_cd8_high,control,NTImg0701,1903,191,0.0,0.005254860746190226,0.0,False,tnbc_wang2023,True
motif_cd8_high,control,NTImg0702,1686,169,0.1952662721893491,0.06524317912218268,2.992899408284024,True,tnbc_wang2023,True
motif_cd8_high,control,NTImg0703,707,71,0.11267605633802817,0.06506364922206506,1.7317819963257808,True,tnbc_wang2023,True
motif_cd8_high,control,NTImg0704,711,72,0.0,0.030942334739803096,0.0,False,tnbc_wang2023,True
motif_cd8_high,control,NTImg0705,668,67,0.26865671641791045,0.18562874251497005,1.4472797303803564,True,tnbc_wang2023,True
motif_cd8_high,control,NTImg0706,872,88,0.011363636363636364,0.03211009174311927,0.3538961038961039,False,tnbc_wang2023,True
motif_cd8_high,control,NTImg0707,857,86,0.0,0.025670945157526253,0.0,False,tnbc_wang2023,True
motif_cd8_high,control,NTImg0708,789,79,0.012658227848101266,0.036755386565272496,0.34439109559144476,False,tnbc_wang2023,True
motif_cd8_high,control,NTImg0712,1996,200,0.33,0.4939879759519038,0.6680324543610549,False,tnbc_wang2023,True
motif_cd8_high,control,NTImg0713,2433,244,0.6188524590163934,0.6272092067406494,0.9866762993360978,False,tnbc_wang2023,True
motif_cd8_high,control,NTImg0714,1948,195,0.15897435897435896,0.08059548254620123,1.9724971419238935,True,tnbc_wang2023,True
motif_cd8_high,control,NTImg0718,2202,221,0.5248868778280543,0.6589464123524069,0.7965547243124573,False,tnbc_wang2023,True
motif_cd8_high,control,NTImg0719,1455,146,0.4452054794520548,0.5402061855670103,0.8241399142528496,False,tnbc_wang2023,True
motif_cd8_high,control,NTImg0720,1864,187,0.3689839572192513,0.28379828326180256,1.3001627528481747,True,tnbc_wang2023,True
motif_cd8_high,control,NTImg0724,1279,128,0.28125,0.3393275996872557,0.8288450460829493,False,tnbc_wang2023,True
motif_cd8_high,control,NTImg0725,1096,110,0.42727272727272725,0.5027372262773723,0.8498927569707968,False,tnbc_wang2023,True
motif_cd8_high,control,NTImg0726,458,46,0.0,0.002183406113537118,0.0,False,tnbc_wang2023,True
motif_cd8_high,control,NTImg0727,486,49,0.46938775510204084,0.42386831275720166,1.1073905290271449,False,tnbc_wang2023,True
motif_cd8_high,control,NTImg0728,425,43,0.0,0.002352941176470588,0.0,False,tnbc_wang2023,True
motif_cd8_high,control,NTImg0729,497,50,0.0,0.0,1.0,False,tnbc_wang2023,True
motif_cd8_high,control,NTImg0730,383,39,0.0,0.0,1.0,False,tnbc_wang2023,True
motif_cd8_high,control,NTImg0731,1591,160,0.21875,0.2752985543683218,0.794591894977169,False,tnbc_wang2023,True
motif_cd8_high,control,NTImg0732,1931,194,0.3247422680412371,0.3200414293112377,1.0146882193974578,False,tnbc_wang2023,True
motif_cd8_high,control,NTImg0733,1854,186,0.23655913978494625,0.30151024811218985,0.7845807605747591,False,tnbc_wang2023,True
motif_cd8_high,control,NTImg0737,851,86,0.0,0.008225616921269096,0.0,False,tnbc_wang2023,True
motif_cd8_high,control,NTImg0738,1226,123,0.0,0.02936378466557912,0.0,False,tnbc_wang2023,True
motif_cd8_high,control,NTImg0739,893,90,0.0,0.007838745800671893,0.0,False,tnbc_wang2023,True
motif_cd8_high,control,NTImg0743,564,57,0.38596491228070173,0.19858156028368795,1.9436090225563907,True,tnbc_wang2023,True
motif_cd8_high,control,NTImg0744,915,92,0.5652173913043478,0.4644808743169399,1.2168797953964192,False,tnbc_wang2023,True
motif_cd8_high,control,NTImg0745,802,81,0.0,0.02493765586034913,0.0,False,tnbc_wang2023,True
motif_cd8_high,control,NTImg0749,1868,187,0.26737967914438504,0.2890792291220557,0.9249356308179838,False,tnbc_wang2023,True
motif_cd8_high,control,NTImg0750,1126,113,0.1415929203539823,0.09147424511545293,1.5478993040639228,True,tnbc_wang2023,True
motif_cd8_high,control,NTImg0751,1002,101,0.3069306930693069,0.10778443113772455,2.8476347634763477,True,tnbc_wang2023,True
motif_cd8_high,control,NTImg0755,1279,128,0.046875,0.03049257232212666,1.5372596153846154,True,tnbc_wang2023,True
motif_cd8_high,control,NTImg0756,1021,103,0.14563106796116504,0.040156709108716944,3.626568789959744,True,tnbc_wang2023,True
motif_cd8_high,control,NTImg0757,1278,128,0.0703125,0.04616588419405321,1.523040254237288,True,tnbc_wang2023,True
motif_cd8_high,control,NTImg0761,1793,180,0.25555555555555554,0.2091466815393196,1.221896296296296,False,tnbc_wang2023,True
motif_cd8_high,control,NTImg0762,1138,114,0.18421052631578946,0.22847100175746923,0.8062753036437247,False,tnbc_wang2023,True
motif_cd8_high,control,NTImg0763,1220,122,0.14754098360655737,0.09754098360655737,1.5126050420168067,True,tnbc_wang2023,True
motif_cd8_high,control,NTImg0764,1983,199,0.23618090452261306,0.3177004538577912,0.7434075137592725,False,tnbc_wang2023,True
motif_cd8_high,control,NTImg0765,1816,182,0.25274725274725274,0.2643171806167401,0.9562271062271062,False,tnbc_wang2023,True
motif_cd8_high,control,NTImg0766,1411,142,0.4507042253521127,0.33522324592487596,1.3444897716106365,True,tnbc_wang2023,True
motif_cd8_high,control,NTImg0770,1783,179,0.2737430167597765,0.13684800897363994,2.000343438043777,True,tnbc_wang2023,True
motif_cd8_high,control,NTImg0771,1726,173,0.3699421965317919,0.3406720741599073,1.085918760567811,False,tnbc_wang2023,True
motif_cd8_high,control,NTImg0772,1352,136,0.2867647058823529,0.363905325443787,0.7880200860832136,False,tnbc_wang2023,True
motif_cd8_high,control,NTImg0776,1895,190,0.1368421052631579,0.03324538258575198,4.116123642439432,True,tnbc_wang2023,True
motif_cd8_high,control,NTImg0777,1903,191,0.193717277486911,0.13189700472937468,1.4687011117832336,True,tnbc_wang2023,True
motif_cd8_high,control,NTImg0778,1711,172,0.005813953488372093,0.01636469900642899,0.35527408637873753,False,tnbc_wang2023,True
motif_cd8_high,control,NTImg0782,2015,202,0.13366336633663367,0.16575682382133994,0.8063822849350805,False,tnbc_wang2023,True
motif_cd8_high,control,NTImg0783,2047,205,0.12195121951219512,0.07816316560820713,1.5602134146341464,True,tnbc_wang2023,True
motif_cd8_high,control,NTImg0784,1894,190,0.10526315789473684,0.08342133051742344,1.2618254497002,True,tnbc_wang2023,True
motif_cd8_high,control,NTImg0788,945,95,0.4,0.164021164021164,2.438709677419355,True,tnbc_wang2023,True
motif_cd8_high,control,NTImg0789,1074,108,0.3148148148148148,0.09497206703910614,3.314814814814815,True,tnbc_wang2023,True
motif_cd8_high,control,NTImg0790,1095,110,0.509090909090909,0.25205479452054796,2.019762845849802,True,tnbc_wang2023,True
motif_cd8_high,control,NTImg0794,1440,144,0.14583333333333334,0.07708333333333334,1.8918918918918919,True,tnbc_wang2023,True
motif_cd8_high,control,NTImg0795,1652,166,0.1566265060240964,0.09745762711864407,1.607124148768989,True,tnbc_wang2023,True
motif_cd8_high,control,NTImg0796,1438,144,0.2847222222222222,0.24200278164116829,1.1765245849297574,False,tnbc_wang2023,True
motif_cd8_high,control,NTImg0800,1597,160,0.26875,0.3807138384470883,0.7059107730263158,False,tnbc_wang2023,True
motif_cd8_high,control,NTImg0801,1906,191,0.28272251308900526,0.21091290661070305,1.3404704227553332,True,tnbc_wang2023,True
motif_cd8_high,control,NTImg0802,1108,111,0.44144144144144143,0.2924187725631769,1.509620731842954,True,tnbc_wang2023,True
motif_cd8_high,control,NTImg0806,1694,170,0.3235294117647059,0.23376623376623376,1.3839869281045754,True,tnbc_wang2023,True
motif_cd8_high,control,NTImg0807,2189,219,0.1324200913242009,0.1247144814984011,1.0617860069914864,False,tnbc_wang2023,True
motif_cd8_high,control,NTImg0808,1951,196,0.1836734693877551,0.15684264479753973,1.1710684273709484,False,tnbc_wang2023,True
motif_cd8_high,control,NTImg0809,1771,178,0.06741573033707865,0.060982495765104464,1.1054931335830211,False,tnbc_wang2023,True
motif_cd8_high,control,NTImg0810,1662,167,0.15568862275449102,0.11191335740072202,1.391153177515936,True,tnbc_wang2023,True
motif_cd8_high,control,NTImg0811,1748,175,0.1657142857142857,0.13215102974828374,1.2539764996907854,True,tnbc_wang2023,True
motif_cd8_high,control,NTImg0815,711,72,0.18055555555555555,0.08157524613220815,2.2133620689655173,True,tnbc_wang2023,True
motif_cd8_high,control,NTImg0816,591,60,0.0,0.04568527918781726,0.0,False,tnbc_wang2023,True
motif_cd8_high,control,NTImg0817,1086,109,0.29357798165137616,0.4106813996316759,0.7148558028551446,False,tnbc_wang2023,True
motif_cd8_high,control,NTImg0818,1881,189,0.10052910052910052,0.022328548644338118,4.502267573696145,True,tnbc_wang2023,True
motif_cd8_high,control,NTImg0819,1963,197,0.13705583756345177,0.04533876719307183,3.022928192551189,True,tnbc_wang2023,True
motif_cd8_high,control,NTImg0820,2147,215,0.14418604651162792,0.04937121564974383,2.920447564721369,True,tnbc_wang2023,True
motif_cd8_high,control,NTImg0824,1310,131,0.0,0.0015267175572519084,0.0,False,tnbc_wang2023,True
motif_cd8_high,control,NTImg0825,833,84,0.011904761904761904,0.007202881152460984,1.6527777777777777,True,tnbc_wang2023,True
motif_cd8_high,control,NTImg0826,1258,126,0.0,0.001589825119236884,0.0,False,tnbc_wang2023,True
motif_cd8_high,control,NTImg0830,693,70,0.35714285714285715,0.27994227994227994,1.2757731958762888,True,tnbc_wang2023,True
motif_cd8_high,control,NTImg0831,745,75,0.25333333333333335,0.11946308724832215,2.12059925093633,True,tnbc_wang2023,True
motif_cd8_high,control,NTImg0832,897,90,0.2,0.07469342251950947,2.6776119402985077,True,tnbc_wang2023,True
motif_cd8_high,control,NTImg0836,986,99,0.46464646464646464,0.33468559837728196,1.3883073155800427,True,tnbc_wang2023,True
motif_cd8_high,control,NTImg0837,773,78,0.14102564102564102,0.1203104786545925,1.1721808657292527,False,tnbc_wang2023,True
motif_cd8_high,control,NTImg0838,854,86,0.3488372093023256,0.2540983606557377,1.3728432108027007,True,tnbc_wang2023,True
motif_cd8_high,control,NTImg0843,2255,226,0.07079646017699115,0.027937915742793792,2.534063773001826,True,tnbc_wang2023,True
motif_cd8_high,control,NTImg0844,2049,205,0.09268292682926829,0.020497803806734993,4.5216027874564455,True,tnbc_wang2023,True
motif_cd8_high,control,NTImg0845,1437,144,0.2777777777777778,0.15031315240083507,1.847993827160494,True,tnbc_wang2023,True
motif_cd8_high,control,NTImg0849,2023,203,0.1921182266009852,0.12308452792881859,1.5608641462401327,True,tnbc_wang2023,True
motif_cd8_high,control,NTImg0850,1888,189,0.13756613756613756,0.2044491525423729,0.6728623516188282,False,tnbc_wang2023,True
motif_cd8_high,control,NTImg0851,1872,188,0.14893617021276595,0.08066239316239317,1.8464139777370718,True,tnbc_wang2023,True
motif_cd8_high,control,NTImg0852,524,53,0.0,0.03625954198473282,0.0,False,tnbc_wang2023,True
motif_cd8_high,control,NTImg0853,756,76,0.21052631578947367,0.08597883597883597,2.448582995951417,True,tnbc_wang2023,True
motif_cd8_high,control,NTImg0854,679,68,0.014705882352941176,0.045655375552282766,0.3221062618595826,False,tnbc_wang2023,True
motif_cd8_high,control,NTImg0855,2246,225,0.13333333333333333,0.024487978628673197,5.444848484848484,True,tnbc_wang2023,True
motif_cd8_high,control,NTImg0856,2394,240,0.17083333333333334,0.07017543859649122,2.434375,True,tnbc_wang2023,True
motif_cd8_high,control,NTImg0857,1439,144,0.027777777777777776,0.04169562195969423,0.6662037037037037,False,tnbc_wang2023,True
motif_cd8_high,control,NTImg0861,1745,175,0.48,0.5805157593123209,0.8268509378084896,False,tnbc_wang2023,True
motif_cd8_high,control,NTImg0862,1651,166,0.10843373493975904,0.05027256208358571,2.1569168239221947,True,tnbc_wang2023,True
motif_cd8_high,control,NTImg0863,1483,149,0.2684563758389262,0.12542144302090358,2.1404344374684277,True,tnbc_wang2023,True
motif_cd8_high,control,NTImg0867,740,74,0.0,0.051351351351351354,0.0,False,tnbc_wang2023,True
motif_cd8_high,control,NTImg0868,1065,107,0.028037383177570093,0.03568075117370892,0.7857845548450566,False,tnbc_wang2023,True
motif_cd8_high,control,NTImg0869,1107,111,0.17117117117117117,0.03974706413730804,4.306511056511057,True,tnbc_wang2023,True
motif_cd8_high,control,NTImg0870,2166,217,0.18433179723502305,0.07756232686980609,2.3765635286372615,True,tnbc_wang2023,True
motif_cd8_high,control,NTImg0871,1638,164,0.3353658536585366,0.2802197802197802,1.1967957914873266,False,tnbc_wang2023,True
motif_cd8_high,control,NTImg0872,1256,126,0.15079365079365079,0.06926751592356688,2.1769750045612115,True,tnbc_wang2023,True
motif_cd8_high,control,NTImg0876,1814,182,0.24175824175824176,0.4239250275633958,0.5702853713256835,False,tnbc_wang2023,True
motif_cd8_high,control,NTImg0877,2037,204,0.22549019607843138,0.30486008836524303,0.7396514161220044,False,tnbc_wang2023,True
motif_cd8_high,control,NTImg0878,2180,218,0.3623853211009174,0.44954128440366975,0.8061224489795917,False,tnbc_wang2023,True
motif_cd8_high,control,NTImg0882,650,65,0.0,0.02923076923076923,0.0,False,tnbc_wang2023,True
motif_cd8_high,control,NTImg0883,890,89,0.011235955056179775,0.010112359550561797,1.1111111111111112,False,tnbc_wang2023,True
motif_cd8_high,control,NTImg0884,1615,162,0.35185185185185186,0.2241486068111455,1.5697258031512176,True,tnbc_wang2023,True
motif_cd8_high,control,NTImg0888,631,64,0.0,0.001584786053882726,0.0,False,tnbc_wang2023,True
motif_cd8_high,control,NTImg0889,827,83,0.0,0.020556227327690448,0.0,False,tnbc_wang2023,True
motif_cd8_high,control,NTImg0890,838,84,0.15476190476190477,0.031026252983293555,4.988095238095238,True,tnbc_wang2023,True
motif_cd8_high,control,NTImg0892,1073,108,0.0,0.0195712954333644,0.0,False,tnbc_wang2023,True
motif_cd8_high,control,NTImg0893,1106,111,0.0,0.029837251356238697,0.0,False,tnbc_wang2023,True
motif_cd8_high,control,NTImg0894,755,76,0.0,0.006622516556291391,0.0,False,tnbc_wang2023,True
motif_cd8_high,control,NTImg0898,1122,113,0.1592920353982301,0.11497326203208556,1.3854702613706524,True,tnbc_wang2023,True
motif_cd8_high,control,NTImg0899,1409,141,0.1347517730496454,0.1497515968772179,0.899835299653793,False,tnbc_wang2023,True
motif_cd8_high,control,NTImg0900,944,95,0.28421052631578947,0.15995762711864406,1.776786336702684,True,tnbc_wang2023,True
motif_cd8_high,control,NTImg0906,1550,155,0.2064516129032258,0.04387096774193548,4.705882352941177,True,tnbc_wang2023,True
motif_cd8_high,control,NTImg0907,1088,109,0.2018348623853211,0.16176470588235295,1.2477064220183487,False,tnbc_wang2023,True
motif_cd8_high,control,NTImg0908,1612,162,0.2962962962962963,0.1606699751861042,1.8441298441298442,True,tnbc_wang2023,True
motif_cd8_high,control,NTImg0912,1660,166,0.0,0.008433734939759036,0.0,False,tnbc_wang2023,True
motif_cd8_high,control,NTImg0913,1492,150,0.0,0.015415549597855228,0.0,False,tnbc_wang2023,True
motif_cd8_high,control,NTImg0914,1344,135,0.007407407407407408,0.028273809523809524,0.26198830409356727,False,tnbc_wang2023,True
motif_cd8_high,control,NTImg0915,1666,167,0.1317365269461078,0.0894357743097239,1.472973516055138,True,tnbc_wang2023,True
motif_cd8_high,control,NTImg0916,1699,170,0.3411764705882353,0.19011183048852265,1.7946093607721727,True,tnbc_wang2023,True
motif_cd8_high,control,NTImg0917,1780,178,0.2808988764044944,0.19157303370786516,1.4662756598240472,True,tnbc_wang2023,True
motif_cd8_high,control,NTImg0921,982,99,0.43434343434343436,0.18329938900203666,2.369584736251403,True,tnbc_wang2023,True
motif_cd8_high,control,NTImg0922,1041,105,0.4,0.25936599423631124,1.5422222222222224,True,tnbc_wang2023,True
motif_cd8_high,control,NTImg0923,863,87,0.47126436781609193,0.24681344148319814,1.9093950677243536,True,tnbc_wang2023,True
motif_cd8_high,control,NTImg0927,1318,132,0.23484848484848486,0.07435508345978756,3.1584724799010515,True,tnbc_wang2023,True
motif_cd8_high,control,NTImg0928,1039,104,0.009615384615384616,0.010587102983638113,0.9082167832167833,False,tnbc_wang2023,True
motif_cd8_high,control,NTImg0929,1551,156,0.0,0.008381689232753063,0.0,False,tnbc_wang2023,True
motif_cd8_high,control,NTImg0933,1573,158,0.34810126582278483,0.4005085823267641,0.8691480811733977,False,tnbc_wang2023,True
motif_cd8_high,control,NTImg0934,2141,215,0.4046511627906977,0.4329752452125175,0.9345826747949123,False,tnbc_wang2023,True
motif_cd8_high,control,NTImg0935,1304,131,0.3282442748091603,0.27300613496932513,1.2023329616605198,False,tnbc_wang2023,True
motif_cd8_high,control,NTImg0939,919,92,0.17391304347826086,0.030467899891186073,5.70807453416149,True,tnbc_wang2023,True
motif_cd8_high,control,NTImg0940,1275,128,0.0,0.038431372549019606,0.0,False,tnbc_wang2023,True
motif_cd8_high,control,NTImg0941,1180,118,0.025423728813559324,0.059322033898305086,0.4285714285714286,False,tnbc_wang2023,True
motif_cd8_high,control,NTImg0945,1501,151,0.17880794701986755,0.04197201865423051,4.260170293282877,True,tnbc_wang2023,True
motif_cd8_high,control,NTImg0946,1496,150,0.11333333333333333,0.02807486631016043,4.036825396825397,True,tnbc_wang2023,True
motif_cd8_high,control,NTImg0947,1486,149,0.2080536912751678,0.12045760430686406,1.7271943309212254,True,tnbc_wang2023,True
motif_cd8_high,control,NTImg0951,2081,209,0.49282296650717705,0.5901009130225853,0.8351503202780419,False,tnbc_wang2023,True
motif_cd8_high,control,NTImg0952,1751,176,0.32954545454545453,0.3580810965162764,0.9203095548789328,False,tnbc_wang2023,True
motif_cd8_high,control,NTImg0953,2299,230,0.691304347826087,0.6650717703349283,1.0394432280262746,False,tnbc_wang2023,True
motif_cd8_high,control,NTImg0954,1185,119,0.11764705882352941,0.05907172995780591,1.9915966386554622,True,tnbc_wang2023,True
motif_cd8_high,control,NTImg0955,1243,125,0.28,0.13274336283185842,2.1093333333333333,True,tnbc_wang2023,True
motif_cd8_high,control,NTImg0956,1477,148,0.2905405405405405,0.11171293161814488,2.6007780507780507,True,tnbc_wang2023,True
motif_cd8_high,control,NTImg0960,1184,119,0.0,0.002533783783783784,0.0,False,tnbc_wang2023,True
motif_cd8_high,control,NTImg0961,1254,126,0.015873015873015872,0.01036682615629984,1.531135531135531,True,tnbc_wang2023,True
motif_cd8_high,control,NTImg0962,1817,182,0.10989010989010989,0.04127682993946065,2.662271062271062,True,tnbc_wang2023,True
motif_cd8_high,control,NTImg0966,1652,166,0.10843373493975904,0.04116222760290557,2.634301913536499,True,tnbc_wang2023,True
motif_cd8_high,control,NTImg0967,1625,163,0.15337423312883436,0.10584615384615384,1.4490298188043944,True,tnbc_wang2023,True
motif_cd8_high,control,NTImg0968,1735,174,0.3333333333333333,0.1256484149855908,2.6529051987767582,True,tnbc_wang2023,True
motif_cd8_high,control,NTImg0969,1447,145,0.3310344827586207,0.2508638562543193,1.319578227415218,True,tnbc_wang2023,True
motif_cd8_high,control,NTImg0970,800,80,0.0375,0.03375,1.111111111111111,False,tnbc_wang2023,True
motif_cd8_high,control,NTImg0971,1451,146,0.5136986301369864,0.388697450034459,1.3215899154765376,True,tnbc_wang2023,True
motif_cd8_high,control,NTImg0975,1758,176,0.36363636363636365,0.2354948805460751,1.5441370223978919,True,tnbc_wang2023,True
motif_cd8_high,control,NTImg0976,1595,160,0.14375,0.08652037617554859,1.6614583333333333,True,tnbc_wang2023,True
motif_cd8_high,control,NTImg0977,1607,161,0.15527950310559005,0.11574362165525824,1.34158151339077,True,tnbc_wang2023,True
motif_cd8_high,control,NTImg0981,876,88,0.10227272727272728,0.09817351598173515,1.0417547568710361,False,tnbc_wang2023,True
motif_cd8_high,control,NTImg0982,1872,188,0.14361702127659576,0.05822649572649573,2.466523521374195,True,tnbc_wang2023,True
motif_cd8_high,control,NTImg0983,1138,114,0.38596491228070173,0.36731107205623903,1.0507848568790397,False,tnbc_wang2023,True
motif_cd8_high,control,NTImg0987,1065,107,0.32710280373831774,0.32018779342723,1.0215967330830158,False,tnbc_wang2023,True
motif_cd8_high,control,NTImg0988,883,89,0.25842696629213485,0.11325028312570781,2.281910112359551,True,tnbc_wang2023,True
motif_cd8_high,control,NTImg0989,658,66,0.15151515151515152,0.1033434650455927,1.4661319073083778,True,tnbc_wang2023,True
motif_cd8_high,control,NTImg0996,1677,168,0.15476190476190477,0.14072748956469885,1.0997276029055691,False,tnbc_wang2023,True
motif_cd8_high,control,NTImg0997,1937,194,0.211340206185567,0.22612287041817244,0.9346255237019253,False,tnbc_wang2023,True
motif_cd8_high,control,NTImg0998,1779,178,0.33707865168539325,0.20517144463181564,1.6429121132830535,True,tnbc_wang2023,True
motif_cd8_high,control,NTImg1002,1020,102,0.13725490196078433,0.03333333333333333,4.11764705882353,True,tnbc_wang2023,True
motif_cd8_high,control,NTImg1003,1169,117,0.17094017094017094,0.0855431993156544,1.9982905982905983,True,tnbc_wang2023,True
motif_cd8_high,control,NTImg1004,997,100,0.02,0.0641925777331996,0.3115625,False,tnbc_wang2023,True
motif_cd8_high,control,NTImg1008,1995,200,0.12,0.06566416040100251,1.8274809160305343,True,tnbc_wang2023,True
motif_cd8_high,control,NTImg1009,1822,183,0.07103825136612021,0.04720087815587267,1.5050196975473376,True,tnbc_wang2023,True
motif_cd8_high,control,NTImg1010,1675,168,0.25595238095238093,0.10805970149253731,2.368620099973691,True,tnbc_wang2023,True
motif_cd8_high,control,NTImg1014,833,84,0.23809523809523808,0.1716686674669868,1.3869463869463867,True,tnbc_wang2023,True
motif_cd8_high,control,NTImg1015,1155,116,0.3620689655172414,0.24935064935064935,1.4520474137931034,True,tnbc_wang2023,True
motif_cd8_high,control,NTImg1016,1462,147,0.0,0.0047879616963064295,0.0,False,tnbc_wang2023,True
motif_cd8_high,control,NTImg1017,1201,121,0.18181818181818182,0.10407993338884262,1.746909090909091,True,tnbc_wang2023,True
motif_cd8_high,control,NTImg1018,896,90,0.011111111111111112,0.06808035714285714,0.1632058287795993,False,tnbc_wang2023,True
motif_cd8_high,control,NTImg1019,684,69,0.0,0.0043859649122807015,0.0,False,tnbc_wang2023,True
motif_cd8_high,control,NTImg1023,1146,115,0.1826086956521739,0.2286212914485166,0.7987387985396615,False,tnbc_wang2023,True
motif_cd8_high,control,NTImg1024,924,93,0.0,0.008658008658008658,0.0,False,tnbc_wang2023,True
motif_cd8_high,control,NTImg1025,989,99,0.020202020202020204,0.1243680485338726,0.1624373819495771,False,tnbc_wang2023,True
motif_cd8_high,control,NTImg1026,371,38,0.0,0.03773584905660377,0.0,False,tnbc_wang2023,True
motif_cd8_high,control,NTImg1030,934,94,0.0,0.0032119914346895075,0.0,False,tnbc_wang2023,True
motif_cd8_high,control,NTImg1031,1182,119,0.0,0.012690355329949238,0.0,False,tnbc_wang2023,True
motif_cd8_high,control,NTImg1032,826,83,0.0,0.0036319612590799033,0.0,False,tnbc_wang2023,True
motif_cd8_high,control,NTImg1036,815,82,0.3048780487804878,0.13374233128834356,2.279592750055941,True,tnbc_wang2023,True
motif_cd8_high,control,NTImg1037,681,69,0.028985507246376812,0.08663729809104258,0.3345615327929256,False,tnbc_wang2023,True
motif_cd8_high,control,NTImg1038,1063,107,0.102803738317757,0.2154280338664158,0.4772068726278415,False,tnbc_wang2023,True
motif_cd8_high,control,NTImg1042,1368,137,0.18248175182481752,0.14473684210526316,1.26078301260783,True,tnbc_wang2023,True
motif_cd8_high,control,NTImg1043,848,85,0.0,0.014150943396226415,0.0,False,tnbc_wang2023,True
motif_cd8_high,control,NTImg1044,1118,112,0.15178571428571427,0.08318425760286226,1.8246927803379414,True,tnbc_wang2023,True
motif_cd8_high,control,NTImg1045,736,74,0.04054054054054054,0.04755434782608696,0.8525096525096525,False,tnbc_wang2023,True
motif_cd8_high,control,NTImg1046,1082,109,0.4036697247706422,0.28188539741219965,1.4320348924650323,True,tnbc_wang2023,True
motif_cd8_high,control,NTImg1047,1007,101,0.32673267326732675,0.2333664349553128,1.4000842637455235,True,tnbc_wang2023,True
motif_cd8_high,control,NTImg1051,1753,176,0.10795454545454546,0.08956075299486595,1.2053778228141285,False,tnbc_wang2023,True
motif_cd8_high,control,NTImg1052,2055,206,0.2669902912621359,0.26180048661800487,1.0198235103042552,False,tnbc_wang2023,True
motif_cd8_high,control,NTImg1053,1820,182,0.10989010989010989,0.10054945054945055,1.0928961748633879,False,tnbc_wang2023,True
motif_cd8_high,control,NTImg1056,1193,120,0.008333333333333333,0.03101424979044426,0.26869369369369367,False,tnbc_wang2023,True
motif_cd8_high,control,NTImg1057,1155,116,0.21551724137931033,0.10043290043290043,2.1458828775267538,True,tnbc_wang2023,True
motif_cd8_high,control,NTImg1058,1345,135,0.18518518518518517,0.06171003717472119,3.0008924587237837,True,tnbc_wang2023,True
motif_cd8_high,control,NTImg1059,808,81,0.012345679012345678,0.02599009900990099,0.47501469723691947,False,tnbc_wang2023,True
motif_cd8_high,control,NTImg1060,716,72,0.2777777777777778,0.15363128491620112,1.8080808080808082,True,tnbc_wang2023,True
motif_cd8_high,control,NTImg1061,1048,105,0.009523809523809525,0.025763358778625955,0.36966490299823634,False,tnbc_wang2023,True
motif_cd8_high,control,NTImg1065,1130,113,0.36283185840707965,0.22831858407079647,1.5891472868217054,True,tnbc_wang2023,True
motif_cd8_high,control,NTImg1066,1917,192,0.3020833333333333,0.24517475221700574,1.2321143617021275,False,tnbc_wang2023,True
motif_cd8_high,control,NTImg1067,1850,185,0.372972972972973,0.34864864864864864,1.0697674418604652,False,tnbc_wang2023,True
motif_cd8_high,control,NTImg1071,1247,125,0.008,0.02165196471531676,0.3694814814814815,False,tnbc_wang2023,True
motif_cd8_high,control,NTImg1072,1577,158,0.26582278481012656,0.12492073557387444,2.1279316327186275,True,tnbc_wang2023,True
motif_cd8_high,control,NTImg1073,1018,102,0.0196078431372549,0.01669941060903733,1.1741637831603229,False,tnbc_wang2023,True
motif_cd8_high,control,NTImg1077,1253,126,0.11904761904761904,0.06544293695131684,1.8191056910569106,True,tnbc_wang2023,True
motif_cd8_high,control,NTImg1078,1507,151,0.19205298013245034,0.0982083609820836,1.955566493645964,True,tnbc_wang2023,True
motif_cd8_high,control,NTImg1079,1094,110,0.16363636363636364,0.07495429616087751,2.183148558758315,True,tnbc_wang2023,True
motif_cd8_high,control,NTImg1083,1357,136,0.0,0.0007369196757553427,0.0,False,tnbc_wang2023,True
motif_cd8_high,control,NTImg1084,1093,110,0.0,0.0036596523330283625,0.0,False,tnbc_wang2023,True
motif_cd8_high,control,NTImg1085,1400,140,0.08571428571428572,0.012142857142857143,7.0588235294117645,True,tnbc_wang2023,True
motif_cd8_high,control,NTImg1089,2352,236,0.23728813559322035,0.23214285714285715,1.0221642764015646,False,tnbc_wang2023,True
motif_cd8_high,control,NTImg1090,2330,233,0.40772532188841204,0.507725321888412,0.8030431107354185,False,tnbc_wang2023,True
motif_cd8_high,control,NTImg1091,2181,219,0.3378995433789954,0.24896836313617607,1.3571987184338656,True,tnbc_wang2023,True
motif_cd8_high,control,NTImg1092,1363,137,0.3284671532846715,0.22743947175348497,1.444195902990346,True,tnbc_wang2023,True
motif_cd8_high,control,NTImg1093,1202,121,0.2066115702479339,0.1389351081530782,1.4871084277725541,True,tnbc_wang2023,True
motif_cd8_high,control,NTImg1094,1106,111,0.2702702702702703,0.09764918625678119,2.767767767767768,True,tnbc_wang2023,True
motif_cd8_high,control,NTImg1098,1247,125,0.008,0.006415396952686447,1.247,False,tnbc_wang2023,True
motif_cd8_high,control,NTImg1099,1412,142,0.04929577464788732,0.05453257790368272,0.9039692701664532,False,tnbc_wang2023,True
motif_cd8_high,control,NTImg1100,1514,152,0.09868421052631579,0.02047556142668428,4.819609507640068,True,tnbc_wang2023,True
motif_cd8_high,control,NTImg1101,1093,110,0.3090909090909091,0.2232387923147301,1.384575260804769,True,tnbc_wang2023,True
motif_cd8_high,control,NTImg1102,705,71,0.30985915492957744,0.15460992907801419,2.004134901150019,True,tnbc_wang2023,True
motif_cd8_high,control,NTImg1103,621,63,0.2857142857142857,0.178743961352657,1.5984555984555984,True,tnbc_wang2023,True
motif_cd8_high,control,NTImg1107,871,88,0.011363636363636364,0.02066590126291619,0.5498737373737373,False,tnbc_wang2023,True
motif_cd8_high,control,NTImg1108,554,56,0.17857142857142858,0.07220216606498195,2.4732142857142856,True,tnbc_wang2023,True
motif_cd8_high,control,NTImg1109,864,87,0.16091954022988506,0.08564814814814815,1.8788443616029822,True,tnbc_wang2023,True
motif_cd8_high,control,NTImg1110,478,48,0.0,0.0397489539748954,0.0,False,tnbc_wang2023,True
motif_cd8_high,control,NTImg1112,1495,150,0.08666666666666667,0.017391304347826087,4.983333333333333,True,tnbc_wang2023,True
motif_cd8_high,control,NTImg1113,1775,178,0.06179775280898876,0.036056338028169016,1.7139220505617976,True,tnbc_wang2023,True
motif_cd8_high,control,NTImg1114,1628,163,0.15950920245398773,0.051597051597051594,3.091440257084429,True,tnbc_wang2023,True
motif_cd8_high,control,NTImg1118,1282,129,0.3488372093023256,0.24336973478939158,1.4333631484794276,True,tnbc_wang2023,True
motif_cd8_high,control,NTImg1119,834,84,0.03571428571428571,0.03117505995203837,1.1456043956043955,False,tnbc_wang2023,True
motif_cd8_high,control,NTImg1120,1200,120,0.25,0.17583333333333334,1.4218009478672986,True,tnbc_wang2023,True
motif_cd8_high,control,NTImg1121,1133,114,0.017543859649122806,0.04766107678729038,0.36809616634178033,False,tnbc_wang2023,True
motif_cd8_high,control,NTImg1122,1260,126,0.007936507936507936,0.025396825396825397,0.3125,False,tnbc_wang2023,True
motif_cd8_high,control,NTImg1123,1801,181,0.1270718232044199,0.12992781787895613,0.9780186050904284,False,tnbc_wang2023,True
motif_cd8_high,control,NTImg1127,1121,113,0.24778761061946902,0.06244424620874219,3.9681415929203543,True,tnbc_wang2023,True
motif_cd8_high,control,NTImg1128,1230,123,0.21951219512195122,0.24796747967479674,0.8852459016393444,False,tnbc_wang2023,True
motif_cd8_high,control,NTImg1131,1919,192,0.2864583333333333,0.3418447107868682,0.8379779598577235,False,tnbc_wang2023,True
motif_cd8_high,control,NTImg1132,2165,217,0.29493087557603687,0.2863741339491917,1.0298795897130963,False,tnbc_wang2023,True
motif_cd8_high,control,NTImg1133,1855,186,0.21505376344086022,0.26037735849056604,0.8259311204612747,False,tnbc_wang2023,True
motif_cd8_high,control,NTImg1138,450,45,0.044444444444444446,0.035555555555555556,1.25,True,tnbc_wang2023,True
motif_cd8_high,control,NTImg1139,467,47,0.0,0.010706638115631691,0.0,False,tnbc_wang2023,True
motif_cd8_high,control,NTImg1140,417,42,0.0,0.02158273381294964,0.0,False,tnbc_wang2023,True
motif_cd8_high,control,NTImg1144,731,74,0.32432432432432434,0.08344733242134063,3.8865750996898543,True,tnbc_wang2023,True
motif_cd8_high,control,NTImg1145,973,98,0.2653061224489796,0.17985611510791366,1.4751020408163267,True,tnbc_wang2023,True
motif_cd8_high,control,NTImg1146,785,79,0.2911392405063291,0.09426751592356689,3.0884365378036263,True,tnbc_wang2023,True
motif_cd8_high,control,NTImg1150,1649,165,0.2,0.058823529411764705,3.4000000000000004,True,tnbc_wang2023,True
motif_cd8_high,control,NTImg1151,1499,150,0.22,0.11874583055370247,1.8526966292134832,True,tnbc_wang2023,True
motif_cd8_high,control,NTImg1152,1508,151,0.013245033112582781,0.011273209549071617,1.1749123490455786,False,tnbc_wang2023,True
motif_cd8_high,control,NTImg1153,1131,114,0.17543859649122806,0.14146772767462423,1.2401315789473684,False,tnbc_wang2023,True
motif_cd8_high,control,NTImg1154,1199,120,0.23333333333333334,0.195162635529608,1.1955840455840456,False,tnbc_wang2023,True
motif_cd8_high,control,NTImg1155,1479,148,0.20270270270270271,0.1852603110209601,1.0941507200631289,False,tnbc_wang2023,True
motif_cd8_high,control,NTImg1159,763,77,0.38961038961038963,0.21494102228047182,1.812638580931264,True,tnbc_wang2023,True
motif_cd8_high,control,NTImg1160,976,98,0.09183673469387756,0.06967213114754098,1.3181272509003603,True,tnbc_wang2023,True
motif_cd8_high,control,NTImg1161,823,83,0.012048192771084338,0.03645200486026731,0.3305220883534137,False,tnbc_wang2023,True
motif_cd8_high,control,NTImg1165,1022,103,0.2621359223300971,0.36888454011741684,0.7106178053616955,False,tnbc_wang2023,True
motif_cd8_high,control,NTImg1166,1121,113,0.30973451327433627,0.38447814451382695,0.8055971911381229,False,tnbc_wang2023,True
motif_cd8_high,control,NTImg1167,2570,257,0.32684824902723736,0.25408560311284045,1.2863705972434916,True,tnbc_wang2023,True
motif_cd8_high,control,NTImg1171,742,75,0.56,0.13746630727762804,4.073725490196079,True,tnbc_wang2023,True
motif_cd8_high,control,NTImg1172,764,77,0.5324675324675324,0.16753926701570682,3.178165584415584,True,tnbc_wang2023,True
motif_cd8_high,control,NTImg1173,474,48,0.25,0.1371308016877637,1.8230769230769233,True,tnbc_wang2023,True
motif_cd8_high,control,NTImg1174,1305,131,0.15267175572519084,0.029118773946360154,5.243069505825633,True,tnbc_wang2023,True
motif_cd8_high,control,NTImg1175,738,74,0.0,0.01084010840108401,0.0,False,tnbc_wang2023,True
motif_cd8_high,control,NTImg1176,284,29,0.0,0.0,1.0,False,tnbc_wang2023,True
motif_cd8_high,control,NTImg1177,1564,157,0.5222929936305732,0.37468030690537085,1.3939696963109498,True,tnbc_wang2023,True
motif_cd8_high,control,NTImg1181,2044,205,0.36585365853658536,0.2226027397260274,1.6435272045028142,True,tnbc_wang2023,True
motif_cd8_high,control,NTImg1182,2209,221,0.09502262443438914,0.0851063829787234,1.1165158371040724,False,tnbc_wang2023,True
motif_cd8_high,control,NTImg1183,1878,188,0.2074468085106383,0.16666666666666666,1.2446808510638299,False,tnbc_wang2023,True
motif_cd8_high,control,NTImg1190,1580,158,0.2721518987341772,0.17215189873417722,1.5808823529411764,True,tnbc_wang2023,True
motif_cd8_high,control,NTImg1191,1832,184,0.33695652173913043,0.30403930131004364,1.1082663336195457,False,tnbc_wang2023,True
motif_cd8_high,control,NTImg1192,1684,169,0.24260355029585798,0.22684085510688837,1.069487902351374,False,tnbc_wang2023,True
motif_cd8_high,control,NTImg1196,1358,136,0.29411764705882354,0.15243004418262152,1.9295254333617504,True,tnbc_wang2023,True
motif_cd8_high,control,NTImg1197,1216,122,0.21311475409836064,0.11595394736842106,1.8379258225787698,True,tnbc_wang2023,True
motif_cd8_high,control,NTImg1198,1185,119,0.10084033613445378,0.05232067510548523,1.9273515857956087,True,tnbc_wang2023,True
motif_cd8_high,control,NTImg1202,1777,178,0.17415730337078653,0.12999437253798538,1.3397295588306823,True,tnbc_wang2023,True
motif_cd8_high,control,NTImg1203,802,81,0.0,0.006234413965087282,0.0,False,tnbc_wang2023,True
motif_cd8_high,control,NTImg1204,1587,159,0.22641509433962265,0.09577819785759294,2.3639523336643498,True,tnbc_wang2023,True
motif_cd8_high,control,NTImg1207,1133,114,0.2894736842105263,0.19240953221535745,1.5044664413326896,True,tnbc_wang2023,True
motif_cd8_high,control,NTImg1208,1001,101,0.3465346534653465,0.21678321678321677,1.5985308208240179,True,tnbc_wang2023,True
motif_cd8_high,control,NTImg1209,1205,121,0.12396694214876033,0.11286307053941909,1.0983835683033545,False,tnbc_wang2023,True
motif_cd8_high,control,NTImg1214,1994,200,0.365,0.462888665997994,0.7885265438786565,False,tnbc_wang2023,True
motif_cd8_high,control,NTImg1215,1691,170,0.0,0.01537551744529864,0.0,False,tnbc_wang2023,True
motif_cd8_high,control,NTImg1216,1723,173,0.2254335260115607,0.3418456181079512,0.6594600429845825,False,tnbc_wang2023,True
motif_cd8_high,control,NTImg1223,1530,153,0.5359477124183006,0.581045751633987,0.9223847019122609,False,tnbc_wang2023,True
motif_cd8_high,control,NTImg1224,737,74,0.5540540540540541,0.3880597014925373,1.4277546777546777,True,tnbc_wang2023,True
motif_cd8_high,control,NTImg1225,2050,205,0.5024390243902439,0.5370731707317074,0.9355131698455948,False,tnbc_wang2023,True
motif_cd8_high,control,NTImg1229,1657,166,0.35542168674698793,0.6053108026554014,0.5871722182849043,False,tnbc_wang2023,True
motif_cd8_high,control,NTImg1230,1030,103,0.0970873786407767,0.07184466019417475,1.3513513513513515,True,tnbc_wang2023,True
motif_cd8_high,control,NTImg1231,1571,158,0.3037974683544304,0.5136855506047103,0.5914074631782035,False,tnbc_wang2023,True
motif_cd8_high,control,NTImg1235,1054,106,0.24528301886792453,0.11290322580645161,2.1725067385444743,True,tnbc_wang2023,True
motif_cd8_high,control,NTImg1236,1012,102,0.39215686274509803,0.5039525691699605,0.778162245290273,False,tnbc_wang2023,True
motif_cd8_high,control,NTImg1237,948,95,0.05263157894736842,0.043248945147679324,1.2169448010269577,False,tnbc_wang2023,True
motif_cd8_high,control,NTImg1241,1727,173,0.4624277456647399,0.2478286045165026,1.8659175625303874,True,tnbc_wang2023,True
motif_cd8_high,control,NTImg1242,950,95,0.031578947368421054,0.02526315789473684,1.25,True,tnbc_wang2023,True
motif_cd8_high,control,NTImg1243,1195,120,0.0,0.0100418410041841,0.0,False,tnbc_wang2023,True
motif_cd8_high,control,NTImg1247,888,89,0.24719101123595505,0.10135135135135136,2.438951310861423,True,tnbc_wang2023,True
motif_cd8_high,control,NTImg1248,1486,149,0.26174496644295303,0.1379542395693136,1.8973318055328203,True,tnbc_wang2023,True
motif_cd8_high,control,NTImg1249,1421,143,0.2867132867132867,0.211118930330753,1.358065268065268,True,tnbc_wang2023,True
motif_cd8_high,control,NTImg1250,1478,148,0.23648648648648649,0.10351826792963464,2.2844903727256667,True,tnbc_wang2023,True
motif_cd8_high,control,NTImg1251,1411,142,0.19014084507042253,0.08079376328844791,2.353409933283914,True,tnbc_wang2023,True
motif_cd8_high,control,NTImg1252,1384,139,0.0,0.01300578034682081,0.0,False,tnbc_wang2023,True
motif_cd8_high,control,NTImg1258,569,57,0.0,0.05975395430579965,0.0,False,tnbc_wang2023,True
motif_cd8_high,control,NTImg1259,485,49,0.4489795918367347,0.14845360824742268,3.02437641723356,True,tnbc_wang2023,True
motif_cd8_high,control,NTImg1260,202,21,0.0,0.01485148514851485,0.0,False,tnbc_wang2023,True
motif_cd8_high,control,NTImg1264,1503,151,0.271523178807947,0.2435129740518962,1.1150255129736186,False,tnbc_wang2023,True
motif_cd8_high,control,NTImg1265,1588,159,0.2641509433962264,0.24307304785894207,1.0867142438165998,False,tnbc_wang2023,True
motif_cd8_high,control,NTImg1266,1494,150,0.11333333333333333,0.060240963855421686,1.8813333333333333,True,tnbc_wang2023,True
motif_cd8_high,control,NTImg1270,723,73,0.0,0.011065006915629323,0.0,False,tnbc_wang2023,True
motif_cd8_high,control,NTImg1271,1332,134,0.0,0.009009009009009009,0.0,False,tnbc_wang2023,True
motif_cd8_high,control,NTImg1272,551,56,0.017857142857142856,0.018148820326678767,0.9839285714285713,False,tnbc_wang2023,True
motif_cd8_high,control,NTImg1276,1865,187,0.0053475935828877,0.013941018766756031,0.38358700123406003,False,tnbc_wang2023,True
motif_cd8_high,control,NTImg1277,1722,173,0.4046242774566474,0.18292682926829268,2.2119460500963393,True,tnbc_wang2023,True
motif_cd8_high,control,NTImg1278,1801,181,0.1712707182320442,0.07273736812881733,2.3546455231748977,True,tnbc_wang2023,True
motif_cd8_high,control,NTImg1282,922,93,0.0,0.0,1.0,False,tnbc_wang2023,True
motif_cd8_high,control,NTImg1283,1212,122,0.0,0.0,1.0,False,tnbc_wang2023,True
motif_cd8_high,control,NTImg1284,1214,122,0.1557377049180328,0.026359143327841845,5.908299180327869,True,tnbc_wang2023,True
motif_cd8_high,control,NTImg1293,1397,140,0.4714285714285714,0.30923407301360056,1.5245039682539683,True,tnbc_wang2023,True
motif_cd8_high,control,NTImg1294,1739,174,0.3045977011494253,0.2915468660149511,1.0447641070983247,False,tnbc_wang2023,True
motif_cd8_high,control,NTImg1295,1488,149,0.2751677852348993,0.10483870967741936,2.624677336086732,True,tnbc_wang2023,True
motif_cd8_high,control,NTImg1296,1323,133,0.0,0.006046863189720333,0.0,False,tnbc_wang2023,True
motif_cd8_high,control,NTImg1297,1488,149,0.19463087248322147,0.08736559139784947,2.227774909654104,True,tnbc_wang2023,True
motif_cd8_high,control,NTImg1298,1229,123,0.1951219512195122,0.10821806346623271,1.8030441958554924,True,tnbc_wang2023,True
motif_cd8_high,control,NTImg1302,1983,199,0.2663316582914573,0.2849218356026223,0.9347534130831147,False,tnbc_wang2023,True
motif_cd8_high,control,NTImg1303,1781,179,0.22905027932960895,0.1914654688377316,1.1963007257654943,False,tnbc_wang2023,True
motif_cd8_high,control,NTImg1304,1700,170,0.18235294117647058,0.20058823529411765,0.9090909090909091,False,tnbc_wang2023,True
motif_cd8_high,control,NTImg1305,823,83,0.0,0.004860267314702308,0.0,False,tnbc_wang2023,True
motif_cd8_high,control,NTImg1306,607,61,0.0,0.019769357495881382,0.0,False,tnbc_wang2023,True
motif_cd8_high,control,NTImg1307,447,45,0.0,0.0022371364653243847,0.0,False,tnbc_wang2023,True
motif_cd8_high,control,NTImg1311,1041,105,0.23809523809523808,0.0787704130643612,3.022648083623693,True,tnbc_wang2023,True
motif_cd8_high,control,NTImg1312,1206,121,0.06611570247933884,0.03897180762852405,1.696500791278354,True,tnbc_wang2023,True
motif_cd8_high,control,NTImg1313,1029,103,0.019417475728155338,0.0184645286686103,1.0516096065406233,False,tnbc_wang2023,True
motif_cd8_high,control,NTImg1314,1105,111,0.0,0.01085972850678733,0.0,False,tnbc_wang2023,True
motif_cd8_high,control,NTImg1315,1732,174,0.0,0.0017321016166281756,0.0,False,tnbc_wang2023,True
motif_cd8_high,control,NTImg1316,2053,206,0.0,0.000974184120798831,0.0,False,tnbc_wang2023,True
motif_cd8_high,control,NTImg1317,1233,124,0.24193548387096775,0.22871046228710462,1.057824296499657,False,tnbc_wang2023,True
motif_cd8_high,control,NTImg1318,1305,131,0.1450381679389313,0.07203065134099616,2.0135617995777166,True,tnbc_wang2023,True
motif_cd8_high,control,NTImg1319,708,71,0.4647887323943662,0.19915254237288135,2.3338327839376687,True,tnbc_wang2023,True
motif_cd8_high,control,NTImg1325,1017,102,0.00980392156862745,0.02261553588987217,0.43350383631713557,False,tnbc_wang2023,True
motif_cd8_high,control,NTImg1326,1116,112,0.16071428571428573,0.0492831541218638,3.2610389610389614,True,tnbc_wang2023,True
motif_cd8_high,control,NTImg1327,1499,150,0.013333333333333334,0.019346230820547032,0.6891954022988506,False,tnbc_wang2023,True
motif_cd8_high,control,NTImg1331,1118,112,0.2767857142857143,0.17262969588550983,1.6033493708364177,True,tnbc_wang2023,True
motif_cd8_high,control,NTImg1332,1600,160,0.425,0.41125,1.033434650455927,False,tnbc_wang2023,True
motif_cd8_high,control,NTImg1333,1703,171,0.1111111111111111,0.060481503229594835,1.8371089536138079,True,tnbc_wang2023,True
motif_cd8_high,control,NTImg1337,469,47,0.0,0.008528784648187633,0.0,False,tnbc_wang2023,True
motif_cd8_high,control,NTImg1338,547,55,0.01818181818181818,0.06764168190127971,0.26879606879606877,False,tnbc_wang2023,True
motif_cd8_high,control,NTImg1339,346,35,0.0,0.005780346820809248,0.0,False,tnbc_wang2023,True
motif_cd8_high,control,NTImg1340,1079,108,0.0,0.006487488415199258,0.0,False,tnbc_wang2023,True
motif_cd8_high,control,NTImg1341,1296,130,0.36923076923076925,0.4652777777777778,0.7935706084959816,False,tnbc_wang2023,True
motif_cd8_high,control,NTImg1342,617,62,0.532258064516129,0.13452188006482982,3.9566653711620674,True,tnbc_wang2023,True
motif_cd8_high,control,NTImg1346,1239,124,0.0,0.0008071025020177562,0.0,False,tnbc_wang2023,True
motif_cd8_high,control,NTImg1347,941,95,0.0,0.011689691817215728,0.0,False,tnbc_wang2023,True
motif_cd8_high,control,NTImg1348,1105,111,0.0,0.0009049773755656109,0.0,False,tnbc_wang2023,True
motif_cd8_high,control,NTImg1352,1758,176,0.625,0.6274175199089875,0.9961468721668177,False,tnbc_wang2023,True
motif_cd8_high,control,NTImg1353,1965,197,0.5025380710659898,0.4895674300254453,1.0264940848697193,False,tnbc_wang2023,True
motif_cd8_high,control,NTImg1354,2254,226,0.588495575221239,0.543921916592724,1.0819486350315437,False,tnbc_wang2023,True
motif_cd8_high,control,NTImg1357,657,66,0.0,0.0,1.0,False,tnbc_wang2023,True
motif_cd8_high,control,NTImg1358,620,62,0.0,0.0032258064516129032,0.0,False,tnbc_wang2023,True
motif_cd8_high,control,NTImg1359,669,67,0.0,0.0029895366218236174,0.0,False,tnbc_wang2023,True
motif_cd8_high,control,NTImg1363,1888,189,0.19576719576719576,0.16472457627118645,1.188451657905034,False,tnbc_wang2023,True
motif_cd8_high,control,NTImg1364,1543,155,0.23870967741935484,0.18600129617627997,1.2833764190176464,True,tnbc_wang2023,True
motif_cd8_high,control,NTImg1365,1705,171,0.2982456140350877,0.21700879765395895,1.374348032242769,True,tnbc_wang2023,True
motif_cd8_high,control,NTImg1372,1363,137,0.39416058394160586,0.3859134262655906,1.021370486525492,False,tnbc_wang2023,True
motif_cd8_high,control,NTImg1373,1316,132,0.007575757575757576,0.03343465045592705,0.2265840220385675,False,tnbc_wang2023,True
motif_cd8_high,control,NTImg1374,1018,102,0.35294117647058826,0.13654223968565815,2.5848497672450277,True,tnbc_wang2023,True
motif_cd8_high,control,NTImg1378,819,82,0.4634146341463415,0.1978021978021978,2.342818428184282,True,tnbc_wang2023,True
motif_cd8_high,control,NTImg1379,803,81,0.0,0.021170610211706103,0.0,False,tnbc_wang2023,True
motif_cd8_high,control,NTImg1380,1510,151,0.2185430463576159,0.04304635761589404,5.0769230769230775,True,tnbc_wang2023,True
motif_cd8_high,control,NTImg1384,1717,172,0.06976744186046512,0.017472335468841003,3.993023255813953,True,tnbc_wang2023,True
motif_cd8_high,control,NTImg1385,2126,213,0.25821596244131456,0.1349952963311383,1.9127774778753823,True,tnbc_wang2023,True
motif_cd8_high,control,NTImg1386,1851,186,0.0,0.011885467314964884,0.0,False,tnbc_wang2023,True
motif_cd8_high,control,NTImg1387,854,86,0.023255813953488372,0.02810304449648712,0.8275193798449613,False,tnbc_wang2023,True
motif_cd8_high,control,NTImg1388,1023,103,0.08737864077669903,0.03225806451612903,2.70873786407767,True,tnbc_wang2023,True
motif_cd8_high,control,NTImg1389,523,53,0.018867924528301886,0.017208413001912046,1.0964360587002095,False,tnbc_wang2023,True
motif_cd8_high,control,NTImg1393,2160,216,0.24074074074074073,0.23148148148148148,1.04,False,tnbc_wang2023,True
motif_cd8_high,control,NTImg1394,1472,148,0.20270270270270271,0.09986413043478261,2.0297848869277444,True,tnbc_wang2023,True
motif_cd8_high,control,NTImg1395,1821,183,0.2459016393442623,0.26578802855573863,0.925179514970871,False,tnbc_wang2023,True
motif_cd8_high,control,NTImg1399,887,89,0.2696629213483146,0.22322435174746336,1.2080354102826012,False,tnbc_wang2023,True
motif_cd8_high,control,NTImg1400,1221,123,0.3983739837398374,0.4512694512694513,0.8827851799389137,False,tnbc_wang2023,True
motif_cd8_high,control,NTImg1401,973,98,0.35714285714285715,0.17574511819116137,2.0321637426900585,True,tnbc_wang2023,True
motif_cd8_high,control,NTImg1402,1401,141,0.20567375886524822,0.07137758743754462,2.881489361702127,True,tnbc_wang2023,True
motif_cd8_high,control,NTImg1403,1634,164,0.13414634146341464,0.08935128518971848,1.5013364517206818,True,tnbc_wang2023,True
motif_cd8_high,control,NTImg1404,1271,128,0.53125,0.2879622344610543,1.8448599726775956,True,tnbc_wang2023,True
motif_cd8_high,control,NTImg1408,615,62,0.6451612903225806,0.3772357723577236,1.7102335928809786,True,tnbc_wang2023,True
motif_cd8_high,control,NTImg1409,404,41,0.4146341463414634,0.2004950495049505,2.0680517916290273,True,tnbc_wang2023,True
motif_cd8_high,control,NTImg1410,565,57,0.03508771929824561,0.07256637168141593,0.4835258878904578,False,tnbc_wang2023,True
motif_cd8_high,control,NTImg1411,611,62,0.016129032258064516,0.03273322422258593,0.4927419354838709,False,tnbc_wang2023,True
motif_cd8_high,control,NTImg1412,617,62,0.016129032258064516,0.05186385737439222,0.31098790322580644,False,tnbc_wang2023,True
motif_cd8_high,control,NTImg1413,268,27,0.037037037037037035,0.041044776119402986,0.9023569023569022,False,tnbc_wang2023,True
motif_cd8_high,control,NTImg1417,1500,150,0.18,0.11666666666666667,1.5428571428571427,True,tnbc_wang2023,True
motif_cd8_high,control,NTImg1418,1498,150,0.25333333333333335,0.12283044058744993,2.062463768115942,True,tnbc_wang2023,True
motif_cd8_high,control,NTImg1419,1627,163,0.17177914110429449,0.1450522433927474,1.1842570448164709,False,tnbc_wang2023,True
motif_cd8_high,control,NTImg1420,912,92,0.0,0.006578947368421052,0.0,False,tnbc_wang2023,True
motif_cd8_high,control,NTImg1421,567,57,0.0,0.021164021164021163,0.0,False,tnbc_wang2023,True
motif_cd8_high,control,NTImg1422,597,60,0.0,0.005025125628140704,0.0,False,tnbc_wang2023,True
motif_cd8_high,control,NTImg1423,937,94,0.3617021276595745,0.47491995731056563,0.7616065025101603,False,tnbc_wang2023,True
motif_cd8_high,control,NTImg1424,1335,134,0.373134328358209,0.3857677902621723,0.9672511230256485,False,tnbc_wang2023,True
motif_cd8_high,control,NTImg1425,1339,134,0.5447761194029851,0.5526512322628827,0.9857503025413474,False,tnbc_wang2023,True
motif_cd8_high,control,NTImg1429,860,86,0.18604651162790697,0.03604651162790698,5.161290322580645,True,tnbc_wang2023,True
motif_cd8_high,control,NTImg1430,1103,111,0.18018018018018017,0.056210335448776065,3.2054635280441732,True,tnbc_wang2023,True
motif_cd8_high,control,NTImg1431,927,93,0.12903225806451613,0.03128371089536138,4.124582869855395,True,tnbc_wang2023,True
motif_cd8_high,control,NTImg1432,1332,134,0.26119402985074625,0.15840840840840842,1.6488646813326728,True,tnbc_wang2023,True
motif_cd8_high,control,NTImg1433,1477,148,0.16216216216216217,0.05348679756262695,3.0318166267533355,True,tnbc_wang2023,True
motif_cd8_high,control,NTImg1434,1391,140,0.05,0.012940330697340043,3.863888888888889,True,tnbc_wang2023,True
motif_cd8_high,control,NTImg1438,1286,129,0.43410852713178294,0.3724727838258165,1.1654771730510916,False,tnbc_wang2023,True
motif_cd8_high,control,NTImg1439,1216,122,0.36065573770491804,0.40789473684210525,0.8841882601797991,False,tnbc_wang2023,True
motif_cd8_high,control,NTImg1440,1707,171,0.30409356725146197,0.38137082601054484,0.7973697685072897,False,tnbc_wang2023,True
motif_cd8_high,control,NTImg1444,1732,174,0.0,0.03002309468822171,0.0,False,tnbc_wang2023,True
motif_cd8_high,control,NTImg1445,1100,110,0.0,0.07181818181818182,0.0,False,tnbc_wang2023,True
motif_cd8_high,control,NTImg1446,2052,206,0.10194174757281553,0.1564327485380117,0.6516650031757554,False,tnbc_wang2023,True
motif_cd8_high,control,NTImg1451,1482,149,0.006711409395973154,0.009446693657219974,0.710450623202301,False,tnbc_wang2023,True
motif_cd8_high,control,NTImg1452,1949,195,0.1076923076923077,0.02103642893791688,5.119324577861164,True,tnbc_wang2023,True
motif_cd8_high,control,NTImg1453,1353,136,0.11029411764705882,0.09090909090909091,1.213235294117647,False,tnbc_wang2023,True
motif_cd8_high,control,NTImg1457,1249,125,0.344,0.40512409927942356,0.8491225296442687,False,tnbc_wang2023,True
motif_cd8_high,control,NTImg1458,1320,132,0.3333333333333333,0.36666666666666664,0.9090909090909091,False,tnbc_wang2023,True
motif_cd8_high,control,NTImg1459,1769,177,0.12994350282485875,0.07518371961560204,1.7283462894524446,True,tnbc_wang2023,True
motif_cd8_high,control,NTImg1460,1958,196,0.0,0.0,1.0,False,tnbc_wang2023,True
motif_cd8_high,control,NTImg1461,1805,181,0.0,0.00110803324099723,0.0,False,tnbc_wang2023,True
motif_cd8_high,control,NTImg1462,1390,139,0.0,0.0007194244604316547,0.0,False,tnbc_wang2023,True
motif_cd8_high,control,NTImg1466,856,86,0.023255813953488372,0.038551401869158876,0.6032417195207893,False,tnbc_wang2023,True
motif_cd8_high,control,NTImg1467,771,78,0.3076923076923077,0.08560311284046693,3.5944055944055946,True,tnbc_wang2023,True
motif_cd8_high,control,NTImg1468,742,75,0.0,0.0026954177897574125,0.0,False,tnbc_wang2023,True
motif_cd8_high,control,NTImg1475,1344,135,0.2,0.19270833333333334,1.037837837837838,False,tnbc_wang2023,True
motif_cd8_high,control,NTImg1476,1504,151,0.25165562913907286,0.2386968085106383,1.054289878064528,False,tnbc_wang2023,True
motif_cd8_high,control,NTImg1477,1010,101,0.1782178217821782,0.13267326732673268,1.3432835820895521,True,tnbc_wang2023,True
motif_cd8_high,control,NTImg1479,898,90,0.0,0.017817371937639197,0.0,False,tnbc_wang2023,True
motif_cd8_high,control,NTImg1480,560,56,0.0,0.017857142857142856,0.0,False,tnbc_wang2023,True
motif_cd8_high,control,NTImg1481,504,51,0.0,0.025793650793650792,0.0,False,tnbc_wang2023,True
motif_cd8_high,control,NTImg1485,1528,153,0.1895424836601307,0.15248691099476439,1.2430082190243765,False,tnbc_wang2023,True
motif_cd8_high,control,NTImg1486,1451,146,0.13013698630136986,0.057891109579600274,2.247961513372472,True,tnbc_wang2023,True
motif_cd8_high,control,NTImg1487,1662,167,0.31736526946107785,0.14921780986762936,2.126859184856094,True,tnbc_wang2023,True
motif_cd8_high,control,NTImg1491,1954,196,0.4744897959183674,0.4984646878198567,0.9519025269245276,False,tnbc_wang2023,True
motif_cd8_high,control,NTImg1492,1725,173,0.37572254335260113,0.40695652173913044,0.9232498394348104,False,tnbc_wang2023,True
motif_cd8_high,control,NTImg1493,1880,188,0.46808510638297873,0.5361702127659574,0.873015873015873,False,tnbc_wang2023,True
motif_cd8_high,control,NTImg1497,1392,140,0.21428571428571427,0.06465517241379311,3.314285714285714,True,tnbc_wang2023,True
motif_cd8_high,control,NTImg1498,1202,121,0.2892561983471074,0.05574043261231281,5.189342543480942,True,tnbc_wang2023,True
motif_cd8_high,control,NTImg1499,1063,107,0.037383177570093455,0.04233301975540922,0.8830737279335409,False,tnbc_wang2023,True
motif_cd8_high,control,NTImg1503,1335,134,0.1865671641791045,0.10112359550561797,1.8449419568822556,True,tnbc_wang2023,True
motif_cd8_high,control,NTImg1504,1059,106,0.11320754716981132,0.05476864966949953,2.067013662979831,True,tnbc_wang2023,True
motif_cd8_high,control,NTImg1505,1501,151,0.12582781456953643,0.06862091938707528,1.833665530765769,True,tnbc_wang2023,True
motif_cd8_high,control,NTImg1509,1207,121,0.15702479338842976,0.07290803645401822,2.1537377911344855,True,tnbc_wang2023,True
motif_cd8_high,control,NTImg1510,1076,108,0.14814814814814814,0.08921933085501858,1.6604938271604939,True,tnbc_wang2023,True
motif_cd8_high,control,NTImg1511,1029,103,0.30097087378640774,0.11370262390670553,2.6470002489419966,True,tnbc_wang2023,True
motif_cd8_high,control,NTImg1512,459,46,0.2391304347826087,0.16339869281045752,1.4634782608695653,True,tnbc_wang2023,True
motif_cd8_high,control,NTImg1513,462,47,0.1702127659574468,0.24025974025974026,0.7084531339850488,False,tnbc_wang2023,True
motif_cd8_high,control,NTImg1514,375,38,0.07894736842105263,0.09333333333333334,0.8458646616541352,False,tnbc_wang2023,True
motif_cd8_high,control,NTImg1518,941,95,0.23157894736842105,0.1339001062699256,1.7294903926482874,True,tnbc_wang2023,True
motif_cd8_high,control,NTImg1519,1341,135,0.28888888888888886,0.22296793437733034,1.2956521739130433,True,tnbc_wang2023,True
motif_cd8_high,control,NTImg1520,1586,159,0.2578616352201258,0.19104665825977302,1.3497311995350478,True,tnbc_wang2023,True
motif_cd8_high,control,NTImg1524,1576,158,0.0,0.0006345177664974619,0.0,False,tnbc_wang2023,True
motif_cd8_high,control,NTImg1525,1373,138,0.12318840579710146,0.032046613255644577,3.8440382081686426,True,tnbc_wang2023,True
motif_cd8_high,control,NTImg1526,1455,146,0.2054794520547945,0.15326460481099657,1.3406843172185021,True,tnbc_wang2023,True
motif_cd8_high,control,NTImg1529,1160,116,0.21551724137931033,0.13017241379310346,1.6556291390728475,True,tnbc_wang2023,True
motif_cd8_high,control,NTImg1530,1371,138,0.15942028985507245,0.04157549234135667,3.8344774980930585,True,tnbc_wang2023,True
motif_cd8_high,control,NTImg1531,1472,148,0.006756756756756757,0.022418478260869564,0.30139230139230144,False,tnbc_wang2023,True
motif_cd8_high,control,NTImg1535,1521,153,0.20915032679738563,0.15844838921762,1.3199902367586038,True,tnbc_wang2023,True
motif_cd8_high,control,NTImg1536,1285,129,0.2558139534883721,0.3105058365758755,0.8238619805327272,False,tnbc_wang2023,True
motif_cd8_high,control,NTImg1537,1476,148,0.3310810810810811,0.2696476964769648,1.2278283308434061,False,tnbc_wang2023,True
motif_cd8_high,control,NTImg1541,1053,106,0.25471698113207547,0.08167141500474834,3.118802106186924,True,tnbc_wang2023,True
motif_cd8_high,control,NTImg1542,1445,145,0.15862068965517243,0.05190311418685121,3.056091954022989,True,tnbc_wang2023,True
motif_cd8_high,control,NTImg1543,998,100,0.24,0.11422845691382766,2.101052631578947,True,tnbc_wang2023,True
motif_cd8_high,control,NTImg1547,1220,122,0.18032786885245902,0.12786885245901639,1.4102564102564104,True,tnbc_wang2023,True
motif_cd8_high,control,NTImg1548,1752,176,0.1534090909090909,0.10159817351598173,1.509959141981614,True,tnbc_wang2023,True
motif_cd8_high,control,NTImg1549,1360,136,0.16176470588235295,0.08088235294117647,2.0,True,tnbc_wang2023,True
motif_cd8_high,control,NTImg1556,1320,132,0.4166666666666667,0.31212121212121213,1.3349514563106797,True,tnbc_wang2023,True
motif_cd8_high,control,NTImg1557,1972,198,0.4444444444444444,0.422920892494929,1.050892619237943,False,tnbc_wang2023,True
motif_cd8_high,control,NTImg1558,1700,170,0.3176470588235294,0.36,0.8823529411764706,False,tnbc_wang2023,True
motif_cd8_high,control,NTImg1562,1638,164,0.0,0.007936507936507936,0.0,False,tnbc_wang2023,True
motif_cd8_high,control,NTImg1563,1019,102,0.00980392156862745,0.0068694798822374874,1.427170868347339,True,tnbc_wang2023,True
motif_cd8_high,control,NTImg1564,1929,193,0.046632124352331605,0.021254536029030584,2.19398458233287,True,tnbc_wang2023,True
motif_cd8_high,control,NTImg1575,1229,123,0.0,0.015459723352318959,0.0,False,tnbc_wang2023,True
motif_cd8_high,control,NTImg1576,738,74,0.2702702702702703,0.10840108401084012,2.4932432432432434,True,tnbc_wang2023,True
motif_cd8_high,control,NTImg1577,1203,121,0.024793388429752067,0.06816292601828762,0.3637371497681919,False,tnbc_wang2023,True
motif_cd8_high,control,NTImg1578,1961,197,0.17766497461928935,0.17593064762876084,1.009858015154859,False,tnbc_wang2023,True
motif_cd8_high,control,NTImg1579,1784,179,0.2849162011173184,0.3183856502242152,0.8948776457628452,False,tnbc_wang2023,True
motif_cd8_high,control,NTImg1580,1939,194,0.24742268041237114,0.2619907168643631,0.9443948372432827,False,tnbc_wang2023,True
motif_cd8_high,control,NTImg1584,719,72,0.013888888888888888,0.06675938803894298,0.20804398148148148,False,tnbc_wang2023,True
motif_cd8_high,control,NTImg1585,1126,113,0.008849557522123894,0.008880994671403197,0.9964601769911505,False,tnbc_wang2023,True
motif_cd8_high,control,NTImg1586,998,100,0.27,0.10721442885771543,2.518317757009346,True,tnbc_wang2023,True
motif_cd8_high,control,NTImg1587,1329,133,0.22556390977443608,0.06395786305492852,3.526758071649712,True,tnbc_wang2023,True
motif_cd8_high,control,NTImg1588,1253,126,0.015873015873015872,0.024740622505985636,0.6415770609318996,False,tnbc_wang2023,True
motif_cd8_high,control,NTImg1589,1064,107,0.0,0.015977443609022556,0.0,False,tnbc_wang2023,True
motif_cd8_high,control,NTImg1590,1134,114,0.35964912280701755,0.42857142857142855,0.8391812865497077,False,tnbc_wang2023,True
motif_cd8_high,control,NTImg1591,873,88,0.48863636363636365,0.3734249713631157,1.308526213050753,True,tnbc_wang2023,True
motif_cd8_high,control,NTImg1595,1824,183,0.09836065573770492,0.08168859649122807,1.204092859500495,False,tnbc_wang2023,True
motif_cd8_high,control,NTImg1596,1622,163,0.1165644171779141,0.03822441430332922,3.0494755590738176,True,tnbc_wang2023,True
motif_cd8_high,control,NTImg1597,1258,126,0.15079365079365079,0.034976152623211444,4.311327561327562,True,tnbc_wang2023,True
motif_cd8_high,control,NTImg1598,1038,104,0.10576923076923077,0.09826589595375723,1.0763574660633484,False,tnbc_wang2023,True
motif_cd8_high,control,NTImg1602,1301,131,0.22137404580152673,0.09146810146041506,2.420232215023414,True,tnbc_wang2023,True
motif_cd8_high,control,NTImg1603,1157,116,0.19827586206896552,0.09161624891961971,2.1641997397527653,True,tnbc_wang2023,True
motif_cd8_high,control,NTImg1604,1023,103,0.34951456310679613,0.09872922776148582,3.5401326540421034,True,tnbc_wang2023,True
motif_cd8_high,control,NTImg1608,1633,164,0.25609756097560976,0.26393141457440294,0.970318601097844,False,tnbc_wang2023,True
motif_cd8_high,control,NTImg1609,947,95,0.37894736842105264,0.1700105596620908,2.228963713631906,True,tnbc_wang2023,True
motif_cd8_high,control,NTImg1610,1371,138,0.2826086956521739,0.26258205689277897,1.076268115942029,False,tnbc_wang2023,True
motif_cd8_high,control,NTImg1614,1843,185,0.3081081081081081,0.29679869777536627,1.0381046494392014,False,tnbc_wang2023,True
motif_cd8_high,control,NTImg1615,1814,182,0.2087912087912088,0.1163175303197354,1.7950106765272642,True,tnbc_wang2023,True
motif_cd8_high,control,NTImg1616,1864,187,0.22994652406417113,0.18723175965665237,1.2281384551736818,False,tnbc_wang2023,True
motif_cd8_high,control,NTImg1617,1624,163,0.1165644171779141,0.06342364532019705,1.837870033950801,True,tnbc_wang2023,True
motif_cd8_high,control,NTImg1618,1699,170,0.21176470588235294,0.07062978222483814,2.9982352941176473,True,tnbc_wang2023,True
motif_cd8_high,control,NTImg1619,1549,155,0.17419354838709677,0.14977404777275663,1.1630422691879865,False,tnbc_wang2023,True
motif_cd8_high,control,NTImg1623,1223,123,0.36585365853658536,0.3098937040065413,1.180577900765815,False,tnbc_wang2023,True
motif_cd8_high,control,NTImg1624,1895,190,0.23684210526315788,0.2532981530343008,0.935032894736842,False,tnbc_wang2023,True
motif_cd8_high,control,NTImg1625,1810,181,0.23756906077348067,0.2513812154696133,0.945054945054945,False,tnbc_wang2023,True
motif_cd8_high,control,NTImg1629,924,93,0.3655913978494624,0.237012987012987,1.542495212844307,True,tnbc_wang2023,True
motif_cd8_high,control,NTImg1630,1066,107,0.7009345794392523,0.6407129455909943,1.0939915983634598,False,tnbc_wang2023,True
motif_cd8_high,control,NTImg1631,1319,132,0.2803030303030303,0.2941622441243366,0.9528858169322086,False,tnbc_wang2023,True
motif_cd8_high,control,NTImg1638,824,83,0.024096385542168676,0.024271844660194174,0.9927710843373495,False,tnbc_wang2023,True
motif_cd8_high,control,NTImg1639,1429,143,0.1958041958041958,0.06508047585724283,3.0086472667117827,True,tnbc_wang2023,True
motif_cd8_high,control,NTImg1640,1669,167,0.2754491017964072,0.25224685440383465,1.0919823061715048,False,tnbc_wang2023,True
motif_cd8_high,control,NTImg1644,1500,150,0.19333333333333333,0.31733333333333336,0.6092436974789915,False,tnbc_wang2023,True
motif_cd8_high,control,NTImg1645,1126,113,0.19469026548672566,0.10035523978685613,1.940010964053567,True,tnbc_wang2023,True
motif_cd8_high,control,NTImg1646,1225,123,0.12195121951219512,0.04326530612244898,2.818683847215831,True,tnbc_wang2023,True
motif_cd8_high,control,NTImg1647,1790,179,0.18435754189944134,0.16368715083798882,1.1262798634812288,False,tnbc_wang2023,True
motif_cd8_high,control,NTImg1648,1630,163,0.27607361963190186,0.15521472392638036,1.7786561264822136,True,tnbc_wang2023,True
motif_cd8_high,control,NTImg1649,1948,195,0.28205128205128205,0.29928131416837783,0.942428640541848,False,tnbc_wang2023,True
motif_cd8_high,control,NTImg1653,1265,127,0.06299212598425197,0.06007905138339921,1.048487360132615,False,tnbc_wang2023,True
motif_cd8_high,control,NTImg1654,1708,171,0.30409356725146197,0.24531615925058547,1.2395985987243368,False,tnbc_wang2023,True
motif_cd8_high,control,NTImg1655,1129,113,0.20353982300884957,0.07617360496014172,2.672051862523153,True,tnbc_wang2023,True
motif_cd8_high,control,NTImg1659,2866,287,0.7770034843205574,0.8053035589672016,0.9648578795765674,False,tnbc_wang2023,True
motif_cd8_high,control,NTImg1660,1406,141,0.14893617021276595,0.19914651493598862,0.7478723404255319,False,tnbc_wang2023,True
motif_cd8_high,control,NTImg1661,1744,175,0.2,0.1771788990825688,1.1288025889967637,False,tnbc_wang2023,True
motif_cd8_high,control,NTImg1665,827,83,0.012048192771084338,0.0048367593712212815,2.490963855421687,True,tnbc_wang2023,True
motif_cd8_high,control,NTImg1666,1152,116,0.0,0.011284722222222222,0.0,False,tnbc_wang2023,True
motif_cd8_high,control,NTImg1667,871,88,0.011363636363636364,0.001148105625717566,9.897727272727273,True,tnbc_wang2023,True
motif_cd8_high,control,NTImg1671,1414,142,0.30985915492957744,0.17326732673267325,1.7883299798792756,True,tnbc_wang2023,True
motif_cd8_high,control,NTImg1672,1604,161,0.08695652173913043,0.02680798004987531,3.243680485338726,True,tnbc_wang2023,True
motif_cd8_high,control,NTImg1673,1379,138,0.021739130434782608,0.02610587382160986,0.8327294685990339,False,tnbc_wang2023,True
motif_cd8_high,control,NTImg1677,833,84,0.0,0.015606242496998799,0.0,False,tnbc_wang2023,True
motif_cd8_high,control,NTImg1678,1075,108,0.027777777777777776,0.029767441860465118,0.9331597222222221,False,tnbc_wang2023,True
motif_cd8_high,control,NTImg1679,1080,108,0.3333333333333333,0.37407407407407406,0.8910891089108911,False,tnbc_wang2023,True
motif_cd8_high,control,NTImg1680,1368,137,0.21897810218978103,0.0847953216374269,2.582431412031211,True,tnbc_wang2023,True
motif_cd8_high,control,NTImg1681,1561,157,0.21656050955414013,0.22229340166559897,0.9742102461498927,False,tnbc_wang2023,True
motif_cd8_high,control,NTImg1682,1240,124,0.27419354838709675,0.18548387096774194,1.4782608695652173,True,tnbc_wang2023,True
motif_cd8_high,control,NTImg1686,1190,119,0.21008403361344538,0.10504201680672269,2.0,True,tnbc_wang2023,True
motif_cd8_high,control,NTImg1687,1782,179,0.0782122905027933,0.06172839506172839,1.2670391061452515,True,tnbc_wang2023,True
motif_cd8_high,control,NTImg1688,1667,167,0.09580838323353294,0.06718656268746251,1.426005132591959,True,tnbc_wang2023,True
motif_cd8_high,control,NTImg1692,703,71,0.2112676056338028,0.1251778093883357,1.6877400768245838,True,tnbc_wang2023,True
motif_cd8_high,control,NTImg1693,575,58,0.27586206896551724,0.11130434782608696,2.478448275862069,True,tnbc_wang2023,True
motif_cd8_high,control,NTImg1694,701,71,0.38028169014084506,0.12696148359486448,2.995252413356544,True,tnbc_wang2023,True
motif_cd8_high,control,NTImg1695,1367,137,0.043795620437956206,0.06656912948061448,0.6578968476778696,False,tnbc_wang2023,True
motif_cd8_high,control,NTImg1696,885,89,0.4943820224719101,0.24067796610169492,2.054122487735401,True,tnbc_wang2023,True
motif_cd8_high,control,NTImg1697,797,80,0.0125,0.04642409033877039,0.26925675675675675,False,tnbc_wang2023,True
motif_cd8_high,control,NTImg1701,1038,104,0.38461538461538464,0.2302504816955684,1.6704216285806246,True,tnbc_wang2023,True
motif_cd8_high,control,NTImg1702,532,54,0.5,0.18233082706766918,2.7422680412371134,True,tnbc_wang2023,True
motif_cd8_high,control,NTImg1703,928,93,0.3763440860215054,0.30387931034482757,1.2384656447799893,False,tnbc_wang2023,True
motif_cd8_high,control,NTImg1705,1180,118,0.00847457627118644,0.023728813559322035,0.35714285714285715,False,tnbc_wang2023,True
motif_cd8_high,control,NTImg1706,1019,102,0.0,0.015701668302257114,0.0,False,tnbc_wang2023,True
motif_cd8_high,control,NTImg1707,828,83,0.39759036144578314,0.13043478260869565,3.0481927710843375,True,tnbc_wang2023,True
motif_cd8_high,control,NTImg1711,1171,118,0.01694915254237288,0.011101622544833475,1.5267275097783573,True,tnbc_wang2023,True
motif_cd8_high,control,NTImg1712,1306,131,0.022900763358778626,0.021439509954058193,1.0681570338058888,False,tnbc_wang2023,True
motif_cd8_high,control,NTImg1713,1211,122,0.040983606557377046,0.016515276630883566,2.4815573770491803,True,tnbc_wang2023,True
motif_cd8_high,control,NTImg1717,1641,165,0.0,0.0018281535648994515,0.0,False,tnbc_wang2023,True
motif_cd8_high,control,NTImg1718,1340,134,0.05223880597014925,0.03805970149253731,1.3725490196078431,True,tnbc_wang2023,True
motif_cd8_high,control,NTImg1719,1478,148,0.0,0.004736129905277402,0.0,False,tnbc_wang2023,True
motif_cd8_high,control,NTImg1723,2315,232,0.3232758620689655,0.31792656587473,1.0168255715892054,False,tnbc_wang2023,True
motif_cd8_high,control,NTImg1724,1473,148,0.31756756756756754,0.3211133740665309,0.9889577738414946,False,tnbc_wang2023,True
motif_cd8_high,control,NTImg1725,2576,258,0.3682170542635659,0.39945652173913043,0.9217950746189949,False,tnbc_wang2023,True
motif_cd8_high,control,NTImg1729,1820,182,0.3956043956043956,0.31978021978021975,1.2371134020618557,False,tnbc_wang2023,True
motif_cd8_high,control,NTImg1730,1366,137,0.24817518248175183,0.18887262079062958,1.3139817801165619,True,tnbc_wang2023,True
motif_cd8_high,control,NTImg1731,1806,181,0.0,0.0005537098560354374,0.0,False,tnbc_wang2023,True
motif_cd8_high,control,NTImg1732,620,62,0.0,0.06290322580645161,0.0,False,tnbc_wang2023,True
motif_cd8_high,control,NTImg1733,639,64,0.03125,0.02190923317683881,1.4263392857142856,True,tnbc_wang2023,True
motif_cd8_high,control,NTImg1735,2277,228,0.0,0.0,1.0,False,tnbc_wang2023,True
motif_cd8_high,control,NTImg1736,1955,196,0.0,0.0,1.0,False,tnbc_wang2023,True
motif_cd8_high,control,NTImg1737,1794,180,0.17777777777777778,0.05016722408026756,3.5437037037037036,True,tnbc_wang2023,True
motif_cd8_high,control,NTImg1740,1249,125,0.184,0.06485188150520416,2.837234567901235,True,tnbc_wang2023,True
motif_cd8_high,control,NTImg1741,1532,154,0.14935064935064934,0.028067885117493474,5.321051041981274,True,tnbc_wang2023,True
motif_cd8_high,control,NTImg1742,1020,102,0.0,0.016666666666666666,0.0,False,tnbc_wang2023,True
motif_cd8_high,control,NTImg1746,834,84,0.0,0.011990407673860911,0.0,False,tnbc_wang2023,True
motif_cd8_high,control,NTImg1747,788,79,0.0,0.027918781725888325,0.0,False,tnbc_wang2023,True
motif_cd8_high,control,NTImg1748,1040,104,0.019230769230769232,0.014423076923076924,1.3333333333333333,True,tnbc_wang2023,True
motif_cd8_high,control,NTImg1752,1350,135,0.21481481481481482,0.10296296296296296,2.0863309352517985,True,tnbc_wang2023,True
motif_cd8_high,control,NTImg1753,1614,162,0.16049382716049382,0.11090458488228006,1.4471342851231117,True,tnbc_wang2023,True
motif_cd8_high,control,NTImg1754,1825,183,0.1092896174863388,0.11123287671232877,0.9825298123771837,False,tnbc_wang2023,True
motif_cd8_high,control,NTImg1757,1023,103,0.019417475728155338,0.08797653958944282,0.22071197411003232,False,tnbc_wang2023,True
motif_cd8_high,control,NTImg1758,1256,126,0.3412698412698413,0.17117834394904458,1.993650793650794,True,tnbc_wang2023,True
motif_cd8_high,control,NTImg1759,809,81,0.2839506172839506,0.11248454882571075,2.5243521910188575,True,tnbc_wang2023,True
motif_cd8_high,control,NTImg1763,1142,115,0.5043478260869565,0.4246935201401051,1.1875571492604213,False,tnbc_wang2023,True
motif_cd8_high,control,NTImg1764,1136,114,0.30701754385964913,0.1813380281690141,1.6930676205075796,True,tnbc_wang2023,True
motif_cd8_high,control,NTImg1765,974,98,0.42857142857142855,0.3193018480492813,1.3422140560404225,True,tnbc_wang2023,True
motif_cd8_high,control,NTImg1769,2275,228,0.32456140350877194,0.28395604395604396,1.1429987507468362,False,tnbc_wang2023,True
motif_cd8_high,control,NTImg1770,2874,288,0.3958333333333333,0.49617258176757134,0.7977734922861149,False,tnbc_wang2023,True
motif_cd8_high,control,NTImg1771,2606,261,0.16091954022988506,0.2402148887183423,0.6698982776982115,False,tnbc_wang2023,True
motif_cd8_high,control,NTImg1774,336,34,0.058823529411764705,0.10416666666666667,0.5647058823529412,False,tnbc_wang2023,True
motif_cd8_high,control,NTImg1775,774,78,0.19230769230769232,0.23385012919896642,0.8223544411389715,False,tnbc_wang2023,True
motif_cd8_high,control,NTImg1776,601,61,0.06557377049180328,0.10981697171381032,0.5971187282662693,False,tnbc_wang2023,True
motif_cd8_high,control,NTImg1777,2181,219,0.0228310502283105,0.005960568546538285,3.830347734457323,True,tnbc_wang2023,True
motif_cd8_high,control,NTImg1778,2242,225,0.0,0.01650312221231044,0.0,False,tnbc_wang2023,True
motif_cd8_high,control,NTImg1779,2222,223,0.008968609865470852,0.0022502250225022503,3.9856502242152465,True,tnbc_wang2023,True
motif_cd8_high,control,NTImg1782,1227,123,0.22764227642276422,0.16951915240423798,1.3428705440900561,True,tnbc_wang2023,True
motif_cd8_high,control,NTImg1783,1433,144,0.3055555555555556,0.2226099092812282,1.3726053639846745,True,tnbc_wang2023,True
motif_cd8_high,control,NTImg1784,1512,152,0.21052631578947367,0.1818783068783069,1.1575119617224878,False,tnbc_wang2023,True
motif_cd8_high,control,NTImg1791,1688,169,0.09467455621301775,0.058056872037914695,1.630720927424224,True,tnbc_wang2023,True
motif_cd8_high,control,NTImg1792,2152,216,0.16666666666666666,0.20492565055762083,0.8133030990173846,False,tnbc_wang2023,True
motif_cd8_high,control,NTImg1793,2009,201,0.1044776119402985,0.12842210054753608,0.8135485363878283,False,tnbc_wang2023,True
motif_cd8_high,control,NTImg1797,1137,114,0.43859649122807015,0.1943711521547933,2.256489640390569,True,tnbc_wang2023,True
motif_cd8_high,control,NTImg1798,1035,104,0.2980769230769231,0.09082125603864734,3.282017184942717,True,tnbc_wang2023,True
motif_cd8_high,control,NTImg1799,384,39,0.02564102564102564,0.044270833333333336,0.5791855203619909,False,tnbc_wang2023,True
motif_cd8_high,control,NTImg1806,2373,238,0.24369747899159663,0.29077117572692796,0.8381074168797953,False,tnbc_wang2023,True
motif_cd8_high,control,NTImg1807,2134,214,0.06074766355140187,0.02577319587628866,2.357009345794393,True,tnbc_wang2023,True
motif_cd8_high,control,NTImg1808,2148,215,0.08837209302325581,0.053538175046554934,1.6506370070778564,True,tnbc_wang2023,True
motif_cd8_high,control,NTImg1812,1458,146,0.1095890410958904,0.05761316872427984,1.9021526418786692,True,tnbc_wang2023,True
motif_cd8_high,control,NTImg1813,2420,242,0.09090909090909091,0.03884297520661157,2.3404255319148937,True,tnbc_wang2023,True
motif_cd8_high,control,NTImg1814,1388,139,0.17266187050359713,0.21109510086455333,0.8179340486655045,False,tnbc_wang2023,True
motif_cd8_high,control,NTImg1818,1318,132,0.13636363636363635,0.06980273141122914,1.9535573122529641,True,tnbc_wang2023,True
motif_cd8_high,control,NTImg1819,1520,152,0.1513157894736842,0.06513157894736842,2.3232323232323235,True,tnbc_wang2023,True
motif_cd8_high,control,NTImg1820,1166,117,0.1282051282051282,0.10463121783876501,1.2253047498949137,False,tnbc_wang2023,True
motif_cd8_high,control,NTImg1821,1045,105,0.0,0.019138755980861243,0.0,False,tnbc_wang2023,True
motif_cd8_high,control,NTImg1822,722,73,0.0,0.008310249307479225,0.0,False,tnbc_wang2023,True
motif_cd8_high,control,NTImg1823,1130,113,0.0,0.022123893805309734,0.0,False,tnbc_wang2023,True
motif_cd8_high,control,NTImg1824,1144,115,0.5565217391304348,0.4737762237762238,1.1746510508583345,False,tnbc_wang2023,True
motif_cd8_high,control,NTImg1825,620,62,0.2903225806451613,0.3580645161290323,0.8108108108108109,False,tnbc_wang2023,True
motif_cd8_high,control,NTImg1826,1106,111,0.5405405405405406,0.4719710669077758,1.1452832142487315,False,tnbc_wang2023,True
motif_cd8_high,control,NTImg1830,1584,159,0.1509433962264151,0.059343434343434344,2.5435568044961863,True,tnbc_wang2023,True
motif_cd8_high,control,NTImg1831,1729,173,0.0,0.000578368999421631,0.0,False,tnbc_wang2023,True
motif_cd8_high,control,NTImg1832,924,93,0.0,0.027056277056277056,0.0,False,tnbc_wang2023,True
motif_cd8_high,control,NTImg1836,1476,148,0.006756756756756757,0.04200542005420054,0.16085440278988666,False,tnbc_wang2023,True
motif_cd8_high,control,NTImg1837,1451,146,0.2191780821917808,0.12818745692625774,1.709824716453086,True,tnbc_wang2023,True
motif_cd8_high,control,NTImg1838,1040,104,0.15384615384615385,0.10096153846153846,1.523809523809524,True,tnbc_wang2023,True
motif_cd8_high,control,NTImg1842,1651,166,0.006024096385542169,0.0030284675953967293,1.989156626506024,True,tnbc_wang2023,True
motif_cd8_high,control,NTImg1843,1755,176,0.005681818181818182,0.006837606837606838,0.8309659090909091,False,tnbc_wang2023,True
motif_cd8_high,control,NTImg1844,1679,168,0.0,0.005955926146515783,0.0,False,tnbc_wang2023,True
motif_cd8_high,control,NTImg1845,857,86,0.011627906976744186,0.03150525087514586,0.3690783807062877,False,tnbc_wang2023,True
motif_cd8_high,control,NTImg1846,818,82,0.0,0.029339853300733496,0.0,False,tnbc_wang2023,True
motif_cd8_high,control,NTImg1847,1000,100,0.0,0.033,0.0,False,tnbc_wang2023,True
motif_cd8_high,control,NTImg1851,801,81,0.0,0.05493133583021224,0.0,False,tnbc_wang2023,True
motif_cd8_high,control,NTImg1852,1098,110,0.12727272727272726,0.052823315118397086,2.409404388714733,True,tnbc_wang2023,True
motif_cd8_high,control,NTImg1853,1408,141,0.20567375886524822,0.12855113636363635,1.5999373065318758,True,tnbc_wang2023,True
motif_cd8_high,control,NTImg1857,2012,202,0.46534653465346537,0.49403578528827036,0.941928800525928,False,tnbc_wang2023,True
motif_cd8_high,control,NTImg1858,1961,197,0.4467005076142132,0.49056603773584906,0.9105818039828192,False,tnbc_wang2023,True
motif_cd8_high,control,NTImg1859,1681,169,0.3254437869822485,0.3355145746579417,0.9699840530446094,False,tnbc_wang2023,True
motif_cd8_high,control,NTImg1863,1929,193,0.12953367875647667,0.13789528252980818,0.9393626553430208,False,tnbc_wang2023,True
motif_cd8_high,control,NTImg1864,1406,141,0.2198581560283688,0.12375533428165007,1.7765549849188882,True,tnbc_wang2023,True
motif_cd8_high,control,NTImg1865,1163,117,0.1623931623931624,0.09716251074806535,1.6713561757809545,True,tnbc_wang2023,True
motif_cd8_high,control,NTImg1867,2269,227,0.5859030837004405,0.5817540766857646,1.0071318916032572,False,tnbc_wang2023,True
motif_cd8_high,control,NTImg1868,2364,237,0.34177215189873417,0.44120135363790186,0.7746398533927206,False,tnbc_wang2023,True
motif_cd8_high,control,NTImg1869,1299,130,0.4076923076923077,0.294072363356428,1.3863672976238421,True,tnbc_wang2023,True
motif_cd8_high,control,NTImg1872,1130,113,0.23008849557522124,0.11946902654867257,1.9259259259259258,True,tnbc_wang2023,True
motif_cd8_high,control,NTImg1873,1324,133,0.39097744360902253,0.338368580060423,1.1554779806659505,False,tnbc_wang2023,True
motif_cd8_high,control,NTImg1874,1082,109,0.3302752293577982,0.17652495378927913,1.870983236466689,True,tnbc_wang2023,True
motif_cd8_high,control,NTImg1878,1569,157,0.17197452229299362,0.11790949649458253,1.4585298674470648,True,tnbc_wang2023,True
motif_cd8_high,control,NTImg1879,1491,150,0.31333333333333335,0.3380281690140845,0.9269444444444446,False,tnbc_wang2023,True
motif_cd8_high,control,NTImg1880,1242,125,0.2,0.07004830917874397,2.8551724137931034,True,tnbc_wang2023,True
motif_cd8_high,control,NTImg1881,1645,165,0.15757575757575756,0.10030395136778116,1.5709825528007344,True,tnbc_wang2023,True
motif_cd8_high,control,NTImg1882,1786,179,0.1452513966480447,0.16461366181410975,0.882377532018394,False,tnbc_wang2023,True
motif_cd8_high,control,NTImg1883,1960,196,0.23979591836734693,0.14540816326530612,1.6491228070175439,True,tnbc_wang2023,True
motif_cd8_high,control,NTImg1884,1506,151,0.059602649006622516,0.019256308100929615,3.0952272208266725,True,tnbc_wang2023,True
motif_cd8_high,control,NTImg1885,1517,152,0.16447368421052633,0.06064601186552406,2.7120280320366135,True,tnbc_wang2023,True
motif_cd8_high,control,NTImg1886,1658,166,0.12048192771084337,0.10434258142340169,1.154676509506233,False,tnbc_wang2023,True
motif_interface_immune,spatial,MB-0010_1_420,1077,108,0.009259259259259259,0.009285051067780872,0.9972222222222222,False,bc_metabric_ali2020,True
motif_interface_immune,spatial,MB-0013_1_371,2062,207,0.00966183574879227,0.009699321047526674,0.9961352657004829,False,bc_metabric_ali2020,True
motif_interface_immune,spatial,MB-0018_1_128,1057,106,0.018867924528301886,0.01229895931882687,1.53410740203193,True,bc_metabric_ali2020,True
motif_interface_immune,spatial,MB-0020_1_88,175,18,0.0,0.05142857142857143,0.0,False,bc_metabric_ali2020,True
motif_interface_immune,spatial,MB-0022_1_456,613,62,0.06451612903225806,0.03588907014681892,1.7976539589442817,True,bc_metabric_ali2020,True
motif_interface_immune,spatial,MB-0064_1_153,502,51,0.0196078431372549,0.049800796812749,0.39372549019607844,False,bc_metabric_ali2020,True
motif_interface_immune,spatial,MB-0077_2_136,915,92,0.06521739130434782,0.029508196721311476,2.210144927536232,True,bc_metabric_ali2020,True
motif_interface_immune,spatial,MB-0099_1_503,969,97,0.020618556701030927,0.07017543859649122,0.29381443298969073,False,bc_metabric_ali2020,True
motif_interface_immune,spatial,MB-0107_1_350,1080,108,0.027777777777777776,0.07314814814814814,0.379746835443038,False,bc_metabric_ali2020,True
motif_interface_immune,spatial,MB-0109_1_487,1741,175,0.12,0.12176909821941413,0.9854716981132075,False,bc_metabric_ali2020,True
motif_interface_immune,spatial,MB-0114_1_482,765,77,0.15584415584415584,0.11633986928104575,1.339559317087407,True,bc_metabric_ali2020,True
motif_interface_immune,spatial,MB-0116_1_483,1629,163,0.006134969325153374,0.003069367710251688,1.9987730061349693,True,bc_metabric_ali2020,True
motif_interface_immune,spatial,MB-0121_1_470,805,81,0.06172839506172839,0.03975155279503106,1.5528549382716048,True,bc_metabric_ali2020,True
motif_interface_immune,spatial,MB-0122_1_442,950,95,0.05263157894736842,0.03684210526315789,1.4285714285714286,True,bc_metabric_ali2020,True
motif_interface_immune,spatial,MB-0123_1_401,1378,138,0.050724637681159424,0.03701015965166909,1.3705598181301506,True,bc_metabric_ali2020,True
motif_interface_immune,spatial,MB-0124_1_270,1060,106,0.20754716981132076,0.05566037735849057,3.728813559322034,True,bc_metabric_ali2020,True
motif_interface_immune,spatial,MB-0126_1_314,1219,122,0.13934426229508196,0.09762100082034454,1.4274004683840749,True,bc_metabric_ali2020,True
motif_interface_immune,spatial,MB-0128_1_71,1005,101,0.3069306930693069,0.3124378109452736,0.9823737150785142,False,bc_metabric_ali2020,True
motif_interface_immune,spatial,MB-0132_1_533,1115,112,0.03571428571428571,0.17399103139013453,0.20526509572901325,False,bc_metabric_ali2020,True
motif_interface_immune,spatial,MB-0134_1_38,1092,110,0.02727272727272727,0.023809523809523808,1.1454545454545455,False,bc_metabric_ali2020,True
motif_interface_immune,spatial,MB-0134_1_396,548,55,0.01818181818181818,0.014598540145985401,1.2454545454545454,False,bc_metabric_ali2020,True
motif_interface_immune,spatial,MB-0135_1_320,1486,149,0.006711409395973154,0.004710632570659489,1.4247363374880153,True,bc_metabric_ali2020,True
motif_interface_immune,spatial,MB-0138_2_119,509,51,0.0196078431372549,0.01768172888015717,1.1089324618736385,False,bc_metabric_ali2020,True
motif_interface_immune,spatial,MB-0139_1_30,476,48,0.020833333333333332,0.025210084033613446,0.8263888888888888,False,bc_metabric_ali2020,True
motif_interface_immune,spatial,MB-0140_1_186,1740,174,0.017241379310344827,0.03505747126436782,0.4918032786885245,False,bc_metabric_ali2020,True
motif_interface_immune,spatial,MB-0141_1_116,216,22,0.045454545454545456,0.041666666666666664,1.090909090909091,False,bc_metabric_ali2020,True
motif_interface_immune,spatial,MB-0143_1_26,1313,132,0.06060606060606061,0.048743335872048744,1.2433712121212122,False,bc_metabric_ali2020,True
motif_interface_immune,spatial,MB-0144_1_461,309,31,0.0,0.025889967637540454,0.0,False,bc_metabric_ali2020,True
motif_interface_immune,spatial,MB-0145_1_435,982,99,0.18181818181818182,0.20570264765784113,0.883888388838884,False,bc_metabric_ali2020,True
motif_interface_immune,spatial,MB-0151_1_520,1150,115,0.6173913043478261,0.6513043478260869,0.9479305740987984,False,bc_metabric_ali2020,True
motif_interface_immune,spatial,MB-0152_1_452,126,13,0.15384615384615385,0.12698412698412698,1.2115384615384617,False,bc_metabric_ali2020,True
motif_interface_immune,spatial,MB-0154_1_543,338,34,0.0,0.01775147928994083,0.0,False,bc_metabric_ali2020,True
motif_interface_immune,spatial,MB-0165_1_115,685,69,0.11594202898550725,0.10510948905109489,1.103059581320451,False,bc_metabric_ali2020,True
motif_interface_immune,spatial,MB-0165_2_512,477,48,0.020833333333333332,0.07127882599580712,0.2922794117647059,False,bc_metabric_ali2020,True
motif_interface_immune,spatial,MB-0167_1_84,1666,167,0.0,0.018607442977190875,0.0,False,bc_metabric_ali2020,True
motif_interface_immune,spatial,MB-0168_1_78,819,82,0.06097560975609756,0.06227106227106227,0.979196556671449,False,bc_metabric_ali2020,True
motif_interface_immune,spatial,MB-0173_1_45,183,19,0.47368421052631576,0.1092896174863388,4.33421052631579,True,bc_metabric_ali2020,True
motif_interface_immune,spatial,MB-0178_1_34,1163,117,0.02564102564102564,0.0412725709372313,0.6212606837606837,False,bc_metabric_ali2020,True
motif_interface_immune,spatial,MB-0179_1_549,1569,157,0.09554140127388536,0.05035054174633524,1.8975247923889385,True,bc_metabric_ali2020,True
motif_interface_immune,spatial,MB-0180_1_59,1247,125,0.024,0.01764234161988773,1.3603636363636364,True,bc_metabric_ali2020,True
motif_interface_immune,spatial,MB-0183_1_15,332,34,0.058823529411764705,0.0391566265060241,1.502262443438914,True,bc_metabric_ali2020,True
motif_interface_immune,spatial,MB-0184_3_553,1499,150,0.04666666666666667,0.019346230820547032,2.412183908045977,True,bc_metabric_ali2020,True
motif_interface_immune,spatial,MB-0185_1_517,956,96,0.23958333333333334,0.15585774058577406,1.537192393736018,True,bc_metabric_ali2020,True
motif_interface_immune,spatial,MB-0188_1_537,1004,101,0.009900990099009901,0.03286852589641434,0.30123012301230123,False,bc_metabric_ali2020,True
motif_interface_immune,spatial,MB-0190_2_534,937,94,0.07446808510638298,0.07150480256136606,1.04144172753255,False,bc_metabric_ali2020,True
motif_interface_immune,spatial,MB-0191_1_477,1349,135,0.044444444444444446,0.04151223128243143,1.0706349206349208,False,bc_metabric_ali2020,True
motif_interface_immune,spatial,MB-0192_1_68,808,81,0.0,0.008663366336633664,0.0,False,bc_metabric_ali2020,True
motif_interface_immune,spatial,MB-0193_1_327,150,15,0.06666666666666667,0.12,0.5555555555555556,False,bc_metabric_ali2020,True
motif_interface_immune,spatial,MB-0194_1_535,1184,119,0.0,0.007601351351351352,0.0,False,bc_metabric_ali2020,True
motif_interface_immune,spatial,MB-0195_1_379,1437,144,0.09722222222222222,0.07167710508002784,1.3563915857605178,True,bc_metabric_ali2020,True
motif_interface_immune,spatial,MB-0197_1_172,201,21,0.5238095238095238,0.5771144278606966,0.9076354679802956,False,bc_metabric_ali2020,True
motif_interface_immune,spatial,MB-0200_1_393,1153,116,0.31896551724137934,0.22810060711188204,1.3983545299593552,True,bc_metabric_ali2020,True
motif_interface_immune,spatial,MB-0202_1_341,1253,126,0.0,0.01596169193934557,0.0,False,bc_metabric_ali2020,True
motif_interface_immune,spatial,MB-0205_1_282,394,40,0.675,0.30710659898477155,2.197933884297521,True,bc_metabric_ali2020,True
motif_interface_immune,spatial,MB-0212_1_237,192,20,0.15,0.21354166666666666,0.7024390243902439,False,bc_metabric_ali2020,True
motif_interface_immune,spatial,MB-0214_1_329,115,12,0.0,0.06956521739130435,0.0,False,bc_metabric_ali2020,True
motif_interface_immune,spatial,MB-0216_1_384,1365,137,0.06569343065693431,0.08351648351648351,0.7865923933922399,False,bc_metabric_ali2020,True
motif_interface_immune,spatial,MB-0218_1_113,653,66,0.10606060606060606,0.0888208269525268,1.1940961337513063,False,bc_metabric_ali2020,True
motif_interface_immune,spatial,MB-0220_1_305,620,62,0.04838709677419355,0.012903225806451613,3.75,True,bc_metabric_ali2020,True
motif_interface_immune,spatial,MB-0221_1_105,546,55,0.03636363636363636,0.018315018315018316,1.9854545454545454,True,bc_metabric_ali2020,True
motif_interface_immune,spatial,MB-0221_2_469,1564,157,0.03184713375796178,0.061381074168797956,0.5188428874734607,False,bc_metabric_ali2020,True
motif_interface_immune,spatial,MB-0231_1_17,458,46,0.021739130434782608,0.013100436681222707,1.6594202898550725,True,bc_metabric_ali2020,True
motif_interface_immune,spatial,MB-0235_1_408,1405,141,0.03546099290780142,0.03558718861209965,0.9964539007092198,False,bc_metabric_ali2020,True
motif_interface_immune,spatial,MB-0236_1_264,907,91,0.0,0.013230429988974642,0.0,False,bc_metabric_ali2020,True
motif_interface_immune,spatial,MB-0239_1_492,421,43,0.627906976744186,0.49643705463182897,1.2648269722933125,True,bc_metabric_ali2020,True
motif_interface_immune,spatial,MB-0242_1_158,245,25,0.08,0.07346938775510205,1.0888888888888888,False,bc_metabric_ali2020,True
motif_interface_immune,spatial,MB-0244_1_519,187,19,0.05263157894736842,0.20855614973262032,0.252361673414305,False,bc_metabric_ali2020,True
motif_interface_immune,spatial,MB-0245_1_388,1282,129,0.031007751937984496,0.0171606864274571,1.806906272022551,True,bc_metabric_ali2020,True
motif_interface_immune,spatial,MB-0248_1_362,916,92,0.0,0.009825327510917031,0.0,False,bc_metabric_ali2020,True
motif_interface_immune,spatial,MB-0250_1_306,1226,123,0.016260162601626018,0.01631321370309951,0.996747967479675,False,bc_metabric_ali2020,True
motif_interface_immune,spatial,MB-0256_1_392,801,81,0.024691358024691357,0.00749063670411985,3.2962962962962963,True,bc_metabric_ali2020,True
motif_interface_immune,spatial,MB-0258_1_239,499,50,0.12,0.04208416833667335,2.8514285714285714,True,bc_metabric_ali2020,True
motif_interface_immune,spatial,MB-0259_1_6,724,73,0.0273972602739726,0.062154696132596686,0.4407914764079147,False,bc_metabric_ali2020,True
motif_interface_immune,spatial,MB-0269_1_415,1037,104,0.057692307692307696,0.06557377049180328,0.8798076923076923,False,bc_metabric_ali2020,True
motif_interface_immune,spatial,MB-0270_1_220,1074,108,0.0,0.021415270018621976,0.0,False,bc_metabric_ali2020,True
motif_interface_immune,spatial,MB-0274_1_386,519,52,0.019230769230769232,0.009633911368015413,1.9961538461538464,True,bc_metabric_ali2020,True
motif_interface_immune,spatial,MB-0277_1_173,959,96,0.010416666666666666,0.006256517205422315,1.6649305555555554,True,bc_metabric_ali2020,True
motif_interface_immune,spatial,MB-0278_1_7,854,86,0.023255813953488372,0.06908665105386416,0.3366180528182893,False,bc_metabric_ali2020,True
motif_interface_immune,spatial,MB-0282_1_430,282,29,0.10344827586206896,0.04964539007092199,2.083743842364532,True,bc_metabric_ali2020,True
motif_interface_immune,spatial,MB-0283_2_540,1952,196,0.11734693877551021,0.16649590163934427,0.7048037676609105,False,bc_metabric_ali2020,True
motif_interface_immune,spatial,MB-0290_1_481,622,63,0.06349206349206349,0.04983922829581994,1.273937532002048,True,bc_metabric_ali2020,True
motif_interface_immune,spatial,MB-0292_1_10,922,93,0.11827956989247312,0.0596529284164859,1.9827956989247313,True,bc_metabric_ali2020,True
motif_interface_immune,spatial,MB-0294_1_395,617,62,0.0,0.022690437601296597,0.0,False,bc_metabric_ali2020,True
motif_interface_immune,spatial,MB-0296_1_411,800,80,0.2875,0.17,1.691176470588235,True,bc_metabric_ali2020,True
motif_interface_immune,spatial,MB-0302_1_142,100,10,0.0,0.08,0.0,False,bc_metabric_ali2020,True
motif_interface_immune,spatial,MB-0304_1_187,1433,144,0.0,0.009071877180739707,0.0,False,bc_metabric_ali2020,True
motif_interface_immune,spatial,MB-0305_1_11,546,55,0.03636363636363636,0.03296703296703297,1.103030303030303,False,bc_metabric_ali2020,True
motif_interface_immune,spatial,MB-0308_1_21,1116,112,0.008928571428571428,0.008064516129032258,1.1071428571428572,False,bc_metabric_ali2020,True
motif_interface_immune,spatial,MB-0311_1_31,485,49,0.02040816326530612,0.012371134020618556,1.6496598639455782,True,bc_metabric_ali2020,True
motif_interface_immune,spatial,MB-0312_1_178,1876,188,0.015957446808510637,0.0031982942430703624,4.989361702127659,True,bc_metabric_ali2020,True
motif_interface_immune,spatial,MB-0316_1_494,953,96,0.11458333333333333,0.08919202518363065,1.2846813725490194,True,bc_metabric_ali2020,True
motif_interface_immune,spatial,MB-0320_1_315,847,85,0.011764705882352941,0.010625737898465172,1.10718954248366,False,bc_metabric_ali2020,True
motif_interface_immune,spatial,MB-0321_1_378,374,38,0.15789473684210525,0.12032085561497326,1.312280701754386,True,bc_metabric_ali2020,True
motif_interface_immune,spatial,MB-0325_1_405,1025,103,0.0,0.004878048780487805,0.0,False,bc_metabric_ali2020,True
motif_interface_immune,spatial,MB-0332_1_457,358,36,0.0,0.10893854748603352,0.0,False,bc_metabric_ali2020,True
motif_interface_immune,spatial,MB-0339_1_126,1189,119,0.008403361344537815,0.007569386038687973,1.1101774042950514,False,bc_metabric_ali2020,True
motif_interface_immune,spatial,MB-0342_1_370,367,37,0.24324324324324326,0.16076294277929154,1.5130554283096658,True,bc_metabric_ali2020,True
motif_interface_immune,spatial,MB-0343_1_358,1162,117,0.008547008547008548,0.028399311531841654,0.30095830095830095,False,bc_metabric_ali2020,True
motif_interface_immune,spatial,MB-0344_1_363,639,64,0.03125,0.014084507042253521,2.21875,True,bc_metabric_ali2020,True
motif_interface_immune,spatial,MB-0345_1_127,62,7,0.0,0.12903225806451613,0.0,False,bc_metabric_ali2020,True
motif_interface_immune,spatial,MB-0345_1_502,751,76,0.0,0.037283621837549935,0.0,False,bc_metabric_ali2020,True
motif_interface_immune,spatial,MB-0347_1_32,789,79,0.22784810126582278,0.30164765525982257,0.7553451760451015,False,bc_metabric_ali2020,True
motif_interface_immune,spatial,MB-0347_1_42,185,19,0.2631578947368421,0.3567567567567568,0.737639553429027,False,bc_metabric_ali2020,True
motif_interface_immune,spatial,MB-0354_1_36,441,45,0.1111111111111111,0.09523809523809523,1.1666666666666667,False,bc_metabric_ali2020,True
motif_interface_immune,spatial,MB-0357_1_459,988,99,0.020202020202020204,0.010121457489878543,1.9959595959595962,True,bc_metabric_ali2020,True
motif_interface_immune,spatial,MB-0359_1_424,697,70,0.5857142857142857,0.44045911047345765,1.329781293624942,True,bc_metabric_ali2020,True
motif_interface_immune,spatial,MB-0365_1_74,115,12,0.0,0.05217391304347826,0.0,False,bc_metabric_ali2020,True
motif_interface_immune,spatial,MB-0367_1_330,552,56,0.017857142857142856,0.05615942028985507,0.31797235023041476,False,bc_metabric_ali2020,True
motif_interface_immune,spatial,MB-0367_1_335,188,19,0.05263157894736842,0.047872340425531915,1.0994152046783625,False,bc_metabric_ali2020,True
motif_interface_immune,spatial,MB-0369_1_367,1516,152,0.013157894736842105,0.014511873350923483,0.9066985645933013,False,bc_metabric_ali2020,True
motif_interface_immune,spatial,MB-0376_1_317,1083,109,0.12844036697247707,0.06463527239150507,1.9871559633027527,True,bc_metabric_ali2020,True
motif_interface_immune,spatial,MB-0377_1_421,1026,103,0.06796116504854369,0.09941520467836257,0.6836093660765277,False,bc_metabric_ali2020,True
motif_interface_immune,spatial,MB-0378_1_312,580,58,0.10344827586206896,0.06724137931034482,1.5384615384615385,True,bc_metabric_ali2020,True
motif_interface_immune,spatial,MB-0380_1_302,1191,120,0.03333333333333333,0.07136859781696053,0.4670588235294118,False,bc_metabric_ali2020,True
motif_interface_immune,spatial,MB-0381_1_518,1289,129,0.015503875968992248,0.01008533747090768,1.5372689326177698,True,bc_metabric_ali2020,True
motif_interface_immune,spatial,MB-0382_1_318,370,37,0.05405405405405406,0.05675675675675676,0.9523809523809523,False,bc_metabric_ali2020,True
motif_interface_immune,spatial,MB-0384_1_301,1181,119,0.025210084033613446,0.004233700254022015,5.954621848739496,True,bc_metabric_ali2020,True
motif_interface_immune,spatial,MB-0385_1_293,1043,105,0.10476190476190476,0.07670182166826463,1.3658333333333332,True,bc_metabric_ali2020,True
motif_interface_immune,spatial,MB-0388_1_253,695,70,0.04285714285714286,0.11942446043165468,0.3588640275387263,False,bc_metabric_ali2020,True
motif_interface_immune,spatial,MB-0388_1_258,89,9,0.0,0.21348314606741572,0.0,False,bc_metabric_ali2020,True
motif_interface_immune,spatial,MB-0389_1_473,1502,151,0.013245033112582781,0.020639147802929428,0.6417432172612689,False,bc_metabric_ali2020,True
motif_interface_immune,spatial,MB-0390_1_243,951,96,0.020833333333333332,0.011566771819137749,1.8011363636363638,True,bc_metabric_ali2020,True
motif_interface_immune,spatial,MB-0392_1_280,186,19,0.0,0.053763440860215055,0.0,False,bc_metabric_ali2020,True
motif_interface_immune,spatial,MB-0394_2_417,1201,121,0.0,0.02164862614487927,0.0,False,bc_metabric_ali2020,True
motif_interface_immune,spatial,MB-0394_2_485,1024,103,0.11650485436893204,0.0302734375,3.8484184152834326,True,bc_metabric_ali2020,True
motif_interface_immune,spatial,MB-0395_1_274,758,76,0.0,0.0079155672823219,0.0,False,bc_metabric_ali2020,True
motif_interface_immune,spatial,MB-0398_1_242,707,71,0.14084507042253522,0.0891089108910891,1.5805946791862286,True,bc_metabric_ali2020,True
motif_interface_immune,spatial,MB-0401_1_261,923,93,0.0,0.005417118093174431,0.0,False,bc_metabric_ali2020,True
motif_interface_immune,spatial,MB-0404_1_251,600,60,0.08333333333333333,0.07,1.1904761904761902,False,bc_metabric_ali2020,True
motif_interface_immune,spatial,MB-0405_1_504,819,82,0.04878048780487805,0.02197802197802198,2.219512195121951,True,bc_metabric_ali2020,True
motif_interface_immune,spatial,MB-0406_1_241,307,31,0.0,0.23127035830618892,0.0,False,bc_metabric_ali2020,True
motif_interface_immune,spatial,MB-0412_1_196,919,92,0.08695652173913043,0.0794341675734494,1.0946992257296009,False,bc_metabric_ali2020,True
motif_interface_immune,spatial,MB-0413_1_480,1845,185,0.11351351351351352,0.4,0.28378378378378377,False,bc_metabric_ali2020,True
motif_interface_immune,spatial,MB-0414_1_184,1803,181,0.0055248618784530384,0.05712701053799223,0.09671190259078474,False,bc_metabric_ali2020,True
motif_interface_immune,spatial,MB-0416_1_224,153,16,0.125,0.06535947712418301,1.9124999999999999,True,bc_metabric_ali2020,True
motif_interface_immune,spatial,MB-0416_1_225,204,21,0.09523809523809523,0.06862745098039216,1.387755102040816,True,bc_metabric_ali2020,True
motif_interface_immune,spatial,MB-0417_1_214,1031,104,0.009615384615384616,0.005819592628516004,1.6522435897435896,True,bc_metabric_ali2020,True
motif_interface_immune,spatial,MB-0418_1_205,817,82,0.036585365853658534,0.03427172582619339,1.0675087108013939,False,bc_metabric_ali2020,True
motif_interface_immune,spatial,MB-0425_1_192,1786,179,0.00558659217877095,0.004479283314669653,1.2472067039106145,False,bc_metabric_ali2020,True
motif_interface_immune,spatial,MB-0427_1_146,601,61,0.04918032786885246,0.06156405990016639,0.798848028356225,False,bc_metabric_ali2020,True
motif_interface_immune,spatial,MB-0429_1_75,1943,195,0.035897435897435895,0.06484817292846114,0.5535612535612535,False,bc_metabric_ali2020,True
motif_interface_immune,spatial,MB-0431_1_29,623,63,0.031746031746031744,0.048154093097913325,0.6592592592592592,False,bc_metabric_ali2020,True
motif_interface_immune,spatial,MB-0432_1_521,374,38,0.02631578947368421,0.0481283422459893,0.5467836257309941,False,bc_metabric_ali2020,True
motif_interface_immune,spatial,MB-0433_1_166,64,7,0.0,0.09375,0.0,False,bc_metabric_ali2020,True
motif_interface_immune,spatial,MB-0433_1_2,829,83,0.08433734939759036,0.08443908323281062,0.9987951807228915,False,bc_metabric_ali2020,True
motif_interface_immune,spatial,MB-0438_1_346,831,84,0.13095238095238096,0.1648616125150421,0.7943169968717415,False,bc_metabric_ali2020,True
motif_interface_immune,spatial,MB-0439_1_73,1307,131,0.015267175572519083,0.006885998469778117,2.2171331636980494,True,bc_metabric_ali2020,True
motif_interface_immune,spatial,MB-0443_1_212,935,94,0.06382978723404255,0.06737967914438503,0.9473150962512663,False,bc_metabric_ali2020,True
motif_interface_immune,spatial,MB-0444_1_139,537,54,0.05555555555555555,0.048417132216014895,1.1474358974358974,False,bc_metabric_ali2020,True
motif_interface_immune,spatial,MB-0445_1_467,1368,137,0.0072992700729927005,0.005847953216374269,1.2481751824817517,False,bc_metabric_ali2020,True
motif_interface_immune,spatial,MB-0446_1_102,1018,102,0.0,0.08644400785854617,0.0,False,bc_metabric_ali2020,True
motif_interface_immune,spatial,MB-0449_1_20,976,98,0.0,0.007172131147540984,0.0,False,bc_metabric_ali2020,True
motif_interface_immune,spatial,MB-0453_1_468,874,88,0.06818181818181818,0.12013729977116705,0.5675324675324674,False,bc_metabric_ali2020,True
motif_interface_immune,spatial,MB-0454_1_397,1195,120,0.09166666666666666,0.028451882845188285,3.221813725490196,True,bc_metabric_ali2020,True
motif_interface_immune,spatial,MB-0455_1_281,494,50,0.76,0.6255060728744939,1.2150161812297735,False,bc_metabric_ali2020,True
motif_interface_immune,spatial,MB-0455_1_343,605,61,0.6229508196721312,0.6628099173553719,0.9398634561138139,False,bc_metabric_ali2020,True
motif_interface_immune,spatial,MB-0456_1_328,270,27,0.037037037037037035,0.025925925925925925,1.4285714285714286,True,bc_metabric_ali2020,True
motif_interface_immune,spatial,MB-0457_1_171,758,76,0.19736842105263158,0.2678100263852243,0.7369717396940627,False,bc_metabric_ali2020,True
motif_interface_immune,spatial,MB-0458_1_516,444,45,0.17777777777777778,0.18693693693693694,0.951004016064257,False,bc_metabric_ali2020,True
motif_interface_immune,spatial,MB-0459_1_453,1265,127,0.13385826771653545,0.07114624505928854,1.8814523184601926,True,bc_metabric_ali2020,True
motif_interface_immune,spatial,MB-0460_1_390,242,25,0.04,0.049586776859504134,0.8066666666666666,False,bc_metabric_ali2020,True
motif_interface_immune,spatial,MB-0462_1_321,372,38,0.39473684210526316,0.47043010752688175,0.8390977443609022,False,bc_metabric_ali2020,True
motif_interface_immune,spatial,MB-0465_1_446,1681,169,0.0,0.00594883997620464,0.0,False,bc_metabric_ali2020,True
motif_interface_immune,spatial,MB-0467_1_376,886,89,0.033707865168539325,0.016930022573363433,1.991011235955056,True,bc_metabric_ali2020,True
motif_interface_immune,spatial,MB-0468_1_304,337,34,0.029411764705882353,0.04451038575667656,0.6607843137254902,False,bc_metabric_ali2020,True
motif_interface_immune,spatial,MB-0469_1_337,1050,105,0.19047619047619047,0.15714285714285714,1.2121212121212122,False,bc_metabric_ali2020,True
motif_interface_immune,spatial,MB-0470_1_92,865,87,0.011494252873563218,0.048554913294797684,0.23672687465790915,False,bc_metabric_ali2020,True
motif_interface_immune,spatial,MB-0473_1_316,1096,110,0.01818181818181818,0.01916058394160584,0.9489177489177488,False,bc_metabric_ali2020,True
motif_interface_immune,spatial,MB-0474_1_310,1579,158,0.25316455696202533,0.12349588347055099,2.0499837715027587,True,bc_metabric_ali2020,True
motif_interface_immune,spatial,MB-0475_1_292,1742,175,0.10285714285714286,0.09357060849598163,1.0992462751971954,False,bc_metabric_ali2020,True
motif_interface_immune,spatial,MB-0476_1_268,1194,120,0.48333333333333334,0.49413735343383586,0.9781355932203389,False,bc_metabric_ali2020,True
motif_interface_immune,spatial,MB-0477_1_79,46,5,0.0,0.10869565217391304,0.0,False,bc_metabric_ali2020,True
motif_interface_immune,spatial,MB-0482_1_398,991,100,0.04,0.06256306760847628,0.6393548387096775,False,bc_metabric_ali2020,True
motif_interface_immune,spatial,MB-0483_1_323,1041,105,0.06666666666666667,0.15273775216138327,0.43647798742138366,False,bc_metabric_ali2020,True
motif_interface_immune,spatial,MB-0484_1_277,1455,146,0.0273972602739726,0.026804123711340205,1.0221285563751317,False,bc_metabric_ali2020,True
motif_interface_immune,spatial,MB-0485_1_267,1302,131,0.25190839694656486,0.3172043010752688,0.7941518954586622,False,bc_metabric_ali2020,True
motif_interface_immune,spatial,MB-0488_1_313,1390,139,0.007194244604316547,0.0035971223021582736,2.0,True,bc_metabric_ali2020,True
motif_interface_immune,spatial,MB-0491_1_296,1526,153,0.006535947712418301,0.019003931847968544,0.3439260761775975,False,bc_metabric_ali2020,True
motif_interface_immune,spatial,MB-0500_1_233,642,65,0.13846153846153847,0.1822429906542056,0.7597633136094676,False,bc_metabric_ali2020,True
motif_interface_immune,spatial,MB-0501_1_222,3085,309,0.05501618122977346,0.03144246353322528,1.7497414339572284,True,bc_metabric_ali2020,True
motif_interface_immune,spatial,MB-0505_1_114,417,42,0.09523809523809523,0.0671462829736211,1.4183673469387754,True,bc_metabric_ali2020,True
motif_interface_immune,spatial,MB-0508_1_208,1226,123,0.08943089430894309,0.14845024469820556,0.6024300902349683,False,bc_metabric_ali2020,True
motif_interface_immune,spatial,MB-0515_1_235,704,71,0.014084507042253521,0.052556818181818184,0.2679862961553102,False,bc_metabric_ali2020,True
motif_interface_immune,spatial,MB-0516_1_231,1086,109,0.045871559633027525,0.1003683241252302,0.4570322363437422,False,bc_metabric_ali2020,True
motif_interface_immune,spatial,MB-0520_1_25,1393,140,0.0,0.004307250538406317,0.0,False,bc_metabric_ali2020,True
motif_interface_immune,spatial,MB-0521_1_324,1206,121,0.2396694214876033,0.236318407960199,1.0141800782949109,False,bc_metabric_ali2020,True
motif_interface_immune,spatial,MB-0524_1_402,153,16,0.0,0.0718954248366013,0.0,False,bc_metabric_ali2020,True
motif_interface_immune,spatial,MB-0526_1_230,1661,167,0.011976047904191617,0.028898254063816978,0.4144211576846308,False,bc_metabric_ali2020,True
motif_interface_immune,spatial,MB-0527_1_484,2167,217,0.03225806451612903,0.06229810798338717,0.5178016726403823,False,bc_metabric_ali2020,True
motif_interface_immune,spatial,MB-0529_1_399,727,73,0.0,0.012379642365887207,0.0,False,bc_metabric_ali2020,True
motif_interface_immune,spatial,MB-0531_1_441,607,61,0.22950819672131148,0.22405271828665568,1.0243490838958536,False,bc_metabric_ali2020,True
motif_interface_immune,spatial,MB-0532_1_125,1109,111,0.009009009009009009,0.024346257889990983,0.3700367033700367,False,bc_metabric_ali2020,True
motif_interface_immune,spatial,MB-0538_1_121,654,66,0.015151515151515152,0.022935779816513763,0.6606060606060606,False,bc_metabric_ali2020,True
motif_interface_immune,spatial,MB-0542_1_160,1599,160,0.4875,0.22951844903064414,2.1240122615803814,True,bc_metabric_ali2020,True
motif_interface_immune,spatial,MB-0543_1_522,862,87,0.0,0.04408352668213457,0.0,False,bc_metabric_ali2020,True
motif_interface_immune,spatial,MB-0544_1_168,1489,149,0.006711409395973154,0.006044325050369375,1.110365398956003,False,bc_metabric_ali2020,True
motif_interface_immune,spatial,MB-0547_1_486,380,38,0.0,0.015789473684210527,0.0,False,bc_metabric_ali2020,True
motif_interface_immune,spatial,MB-0549_1_188,729,73,0.0,0.00823045267489712,0.0,False,bc_metabric_ali2020,True
motif_interface_immune,spatial,MB-0552_1_8,1072,108,0.6574074074074074,0.7117537313432836,0.9236444832775109,False,bc_metabric_ali2020,True
motif_interface_immune,spatial,MB-0553_1_508,745,75,0.25333333333333335,0.3825503355704698,0.6622222222222223,False,bc_metabric_ali2020,True
motif_interface_immune,spatial,MB-0558_1_365,67,7,0.42857142857142855,0.22388059701492538,1.9142857142857141,True,bc_metabric_ali2020,True
motif_interface_immune,spatial,MB-0562_1_180,1266,127,0.0,0.010268562401263823,0.0,False,bc_metabric_ali2020,True
motif_interface_immune,spatial,MB-0563_1_9,1247,125,0.104,0.22373696872493987,0.46483154121863796,False,bc_metabric_ali2020,True
motif_interface_immune,spatial,MB-0569_1_248,926,93,0.010752688172043012,0.016198704103671708,0.6637992831541218,False,bc_metabric_ali2020,True
motif_interface_immune,spatial,MB-0573_1_352,670,67,0.0,0.03880597014925373,0.0,False,bc_metabric_ali2020,True
motif_interface_immune,spatial,MB-0574_1_199,1375,138,0.13043478260869565,0.08872727272727272,1.470064148253742,True,bc_metabric_ali2020,True
motif_interface_immune,spatial,MB-0575_1_191,1812,182,0.016483516483516484,0.05187637969094923,0.3177460837035305,False,bc_metabric_ali2020,True
motif_interface_immune,spatial,MB-0576_1_177,1308,131,0.0,0.01452599388379205,0.0,False,bc_metabric_ali2020,True
motif_interface_immune,spatial,MB-0577_1_100,282,29,0.034482758620689655,0.02127659574468085,1.6206896551724137,True,bc_metabric_ali2020,True
motif_interface_immune,spatial,MB-0579_1_198,1787,179,0.00558659217877095,0.016228315612758813,0.3442496628780582,False,bc_metabric_ali2020,True
motif_interface_immune,spatial,MB-0581_1_175,1658,166,0.03614457831325301,0.033172496984318456,1.0895947426067907,False,bc_metabric_ali2020,True
motif_interface_immune,spatial,MB-0582_1_154,1791,180,0.016666666666666666,0.01619207146845338,1.0293103448275862,False,bc_metabric_ali2020,True
motif_interface_immune,spatial,MB-0583_1_134,686,69,0.057971014492753624,0.043731778425655975,1.3256038647342996,True,bc_metabric_ali2020,True
motif_interface_immune,spatial,MB-0585_1_110,650,65,0.06153846153846154,0.09538461538461539,0.6451612903225806,False,bc_metabric_ali2020,True
motif_interface_immune,spatial,MB-0586_1_444,856,86,0.23255813953488372,0.22897196261682243,1.0156620787850024,False,bc_metabric_ali2020,True
motif_interface_immune,spatial,MB-0586_2_538,795,80,0.05,0.10943396226415095,0.45689655172413796,False,bc_metabric_ali2020,True
motif_interface_immune,spatial,MB-0587_1_66,70,7,0.0,0.12857142857142856,0.0,False,bc_metabric_ali2020,True
motif_interface_immune,spatial,MB-0589_1_342,590,59,0.0,0.0423728813559322,0.0,False,bc_metabric_ali2020,True
motif_interface_immune,spatial,MB-0589_2_505,652,66,0.3787878787878788,0.3006134969325153,1.2600494743351887,True,bc_metabric_ali2020,True
motif_interface_immune,spatial,MB-0590_1_431,777,78,0.05128205128205128,0.07207207207207207,0.7115384615384616,False,bc_metabric_ali2020,True
motif_interface_immune,spatial,MB-0591_1_57,74,8,0.25,0.24324324324324326,1.0277777777777777,False,bc_metabric_ali2020,True
motif_interface_immune,spatial,MB-0591_2_108,940,94,0.0851063829787234,0.04468085106382979,1.9047619047619047,True,bc_metabric_ali2020,True
motif_interface_immune,spatial,MB-0593_1_14,465,47,0.19148936170212766,0.15053763440860216,1.2720364741641337,True,bc_metabric_ali2020,True
motif_interface_immune,spatial,MB-0595_1_425,950,95,0.15789473684210525,0.12631578947368421,1.25,True,bc_metabric_ali2020,True
motif_interface_immune,spatial,MB-0596_1_129,1679,168,0.047619047619047616,0.048243001786777845,0.9870664315108759,False,bc_metabric_ali2020,True
motif_interface_immune,spatial,MB-0597_1_510,897,90,0.03333333333333333,0.006688963210702341,4.983333333333333,True,bc_metabric_ali2020,True
motif_interface_immune,spatial,MB-0599_1_438,1433,144,0.0,0.0034891835310537334,0.0,False,bc_metabric_ali2020,True
motif_interface_immune,spatial,MB-0603_1_354,821,83,0.012048192771084338,0.013398294762484775,0.8992332968236583,False,bc_metabric_ali2020,True
motif_interface_immune,spatial,MB-0604_1_135,1182,119,0.05042016806722689,0.038917089678511,1.2955791012056996,True,bc_metabric_ali2020,True
motif_interface_immune,spatial,MB-0605_1_256,634,64,0.078125,0.07255520504731862,1.076766304347826,False,bc_metabric_ali2020,True
motif_interface_immune,spatial,MB-0607_1_546,1323,133,0.38345864661654133,0.4595616024187453,0.8344009695290858,False,bc_metabric_ali2020,True
motif_interface_immune,spatial,MB-0608_1_132,1487,149,0.2080536912751678,0.203093476798924,1.0244233077025646,False,bc_metabric_ali2020,True
motif_interface_immune,spatial,MB-0609_1_55,1344,135,0.007407407407407408,0.029017857142857144,0.2552706552706553,False,bc_metabric_ali2020,True
motif_interface_immune,spatial,MB-0610_1_111,1273,128,0.3828125,0.3236449332285939,1.1828162924757282,False,bc_metabric_ali2020,True
motif_interface_immune,spatial,MB-0611_1_548,440,44,0.3409090909090909,0.17272727272727273,1.9736842105263157,True,bc_metabric_ali2020,True
motif_interface_immune,spatial,MB-0613_1_98,1205,121,0.4049586776859504,0.3120331950207469,1.2978064005626868,True,bc_metabric_ali2020,True
motif_interface_immune,spatial,MB-0614_1_95,747,75,0.02666666666666667,0.024096385542168676,1.1066666666666667,False,bc_metabric_ali2020,True
motif_interface_immune,spatial,MB-0616_1_51,688,69,0.08695652173913043,0.03924418604651163,2.215780998389694,True,bc_metabric_ali2020,True
motif_interface_immune,spatial,MB-0618_1_530,46,5,0.4,0.15217391304347827,2.6285714285714286,True,bc_metabric_ali2020,True
motif_interface_immune,spatial,MB-0620_1_360,1316,132,0.7727272727272727,0.5843465045592705,1.3223785317413406,True,bc_metabric_ali2020,True
motif_interface_immune,spatial,MB-0622_1_283,190,19,0.6842105263157895,0.5473684210526316,1.25,True,bc_metabric_ali2020,True
motif_interface_immune,spatial,MB-0628_1_90,1730,173,0.017341040462427744,0.02138728323699422,0.8108108108108107,False,bc_metabric_ali2020,True
motif_interface_immune,spatial,MB-0630_1_99,133,14,0.0,0.045112781954887216,0.0,False,bc_metabric_ali2020,True
motif_interface_immune,spatial,MB-0631_1_60,775,78,0.3333333333333333,0.33806451612903227,0.9860050890585241,False,bc_metabric_ali2020,True
motif_interface_immune,spatial,MB-0633_1_76,1542,155,0.06451612903225806,0.035667963683527884,1.8087976539589443,True,bc_metabric_ali2020,True
motif_interface_immune,spatial,MB-0635_1_16,836,84,0.0,0.01076555023923445,0.0,False,bc_metabric_ali2020,True
motif_interface_immune,spatial,MB-0636_1_96,524,53,0.018867924528301886,0.03244274809160305,0.58157602663707,False,bc_metabric_ali2020,True
motif_interface_immune,spatial,MB-0637_1_56,1120,112,0.38392857142857145,0.3508928571428571,1.0941475826972011,False,bc_metabric_ali2020,True
motif_interface_immune,spatial,MB-0638_1_554,422,43,0.0,0.030805687203791468,0.0,False,bc_metabric_ali2020,True
motif_interface_immune,spatial,MB-0641_1_130,785,79,0.12658227848101267,0.11210191082802548,1.1291714614499424,False,bc_metabric_ali2020,True
motif_interface_immune,spatial,MB-0644_1_550,1312,132,0.030303030303030304,0.035823170731707314,0.845905867182463,False,bc_metabric_ali2020,True
motif_interface_immune,spatial,MB-0645_1_490,182,19,0.05263157894736842,0.04395604395604396,1.1973684210526314,False,bc_metabric_ali2020,True
motif_interface_immune,spatial,MB-0652_1_288,770,77,0.09090909090909091,0.12987012987012986,0.7000000000000001,False,bc_metabric_ali2020,True
motif_interface_immune,spatial,MB-0653_1_63,952,96,0.11458333333333333,0.06092436974789916,1.8807471264367817,True,bc_metabric_ali2020,True
motif_interface_immune,spatial,MB-0657_1_499,798,80,0.0875,0.07017543859649122,1.246875,False,bc_metabric_ali2020,True
motif_interface_immune,spatial,MB-0660_1_263,1063,107,0.009345794392523364,0.027281279397930385,0.3425717048018047,False,bc_metabric_ali2020,True
motif_interface_immune,spatial,MB-0661_1_13,1553,156,0.0641025641025641,0.04185447520927238,1.531558185404339,True,bc_metabric_ali2020,True
motif_interface_immune,spatial,MB-0662_1_101,1238,124,0.1693548387096774,0.5306946688206785,0.3191191633524819,False,bc_metabric_ali2020,True
motif_interface_immune,spatial,MB-0664_1_426,1387,139,0.05755395683453238,0.07137707281903388,0.806336748782792,False,bc_metabric_ali2020,True
motif_interface_immune,spatial,MB-0668_1_118,638,64,0.0625,0.03134796238244514,1.9937500000000001,True,bc_metabric_ali2020,True
motif_interface_immune,spatial,MB-0874_1_35,724,73,0.3424657534246575,0.2983425414364641,1.147894469812278,False,bc_metabric_ali2020,True
motif_interface_immune,spatial,MB-0877_1_269,1173,118,0.00847457627118644,0.01278772378516624,0.6627118644067796,False,bc_metabric_ali2020,True
motif_interface_immune,spatial,MB-0882_1_228,1328,133,0.0,0.006024096385542169,0.0,False,bc_metabric_ali2020,True
motif_interface_immune,spatial,MB-0884_1_382,1014,102,0.0196078431372549,0.005917159763313609,3.3137254901960786,True,bc_metabric_ali2020,True
motif_interface_immune,spatial,MB-0890_1_427,589,59,0.01694915254237288,0.04074702886247878,0.4159604519774011,False,bc_metabric_ali2020,True
motif_interface_immune,spatial,MB-0893_1_340,1315,132,0.022727272727272728,0.012927756653992395,1.7580213903743316,True,bc_metabric_ali2020,True
motif_interface_immune,spatial,MB-0895_1_194,385,39,0.15384615384615385,0.18701298701298702,0.8226495726495726,False,bc_metabric_ali2020,True
motif_interface_immune,spatial,MB-0897_1_400,927,93,0.010752688172043012,0.008629989212513484,1.245967741935484,False,bc_metabric_ali2020,True
motif_interface_immune,spatial,MB-0899_1_536,1096,110,0.02727272727272727,0.02737226277372263,0.9963636363636362,False,bc_metabric_ali2020,True
motif_interface_immune,spatial,MB-0910_1_164,971,98,0.30612244897959184,0.2008238928939238,1.5243328100470956,True,bc_metabric_ali2020,True
motif_interface_immune,spatial,MB-0913_1_338,565,57,0.05263157894736842,0.03716814159292035,1.4160401002506264,True,bc_metabric_ali2020,True
motif_interface_immune,spatial,MB-0915_1_149,1406,141,0.07092198581560284,0.08748221906116643,0.810701724038517,False,bc_metabric_ali2020,True
motif_interface_immune,spatial,MB-0921_1_381,2061,207,0.13043478260869565,0.2794759825327511,0.46671195652173914,False,bc_metabric_ali2020,True
motif_tumor_stroma_mixing,spatial,MB-0000_1_527,256,26,0.9615384615384616,0.92578125,1.03862382343395,False,bc_metabric_ali2020,True
motif_tumor_stroma_mixing,spatial,MB-0002_1_345,1111,112,1.0,0.9990999099909991,1.000900900900901,False,bc_metabric_ali2020,True
motif_tumor_stroma_mixing,spatial,MB-0010_1_420,1077,108,0.9814814814814815,0.9870009285051068,0.9944078603532979,False,bc_metabric_ali2020,True
motif_tumor_stroma_mixing,spatial,MB-0013_1_371,2062,207,0.9806763285024155,0.988360814742968,0.9922250193189307,False,bc_metabric_ali2020,True
motif_tumor_stroma_mixing,spatial,MB-0014_1_326,1569,157,0.9363057324840764,0.9267049075844487,1.0103601748744953,False,bc_metabric_ali2020,True
motif_tumor_stroma_mixing,spatial,MB-0018_1_128,1057,106,0.9528301886792453,0.9848628192999054,0.9674750330777736,False,bc_metabric_ali2020,True
motif_tumor_stroma_mixing,spatial,MB-0018_1_218,349,35,0.9714285714285714,0.994269340974212,0.977027583367641,False,bc_metabric_ali2020,True
motif_tumor_stroma_mixing,spatial,MB-0020_1_88,175,18,0.6666666666666666,0.9028571428571428,0.7383966244725738,False,bc_metabric_ali2020,True
motif_tumor_stroma_mixing,spatial,MB-0022_1_456,613,62,0.967741935483871,0.9575856443719413,1.0106061438698688,False,bc_metabric_ali2020,True
motif_tumor_stroma_mixing,spatial,MB-0035_1_138,909,91,0.989010989010989,0.9966996699669967,0.9922858598355287,False,bc_metabric_ali2020,True
motif_tumor_stroma_mixing,spatial,MB-0040_1_165,1595,160,0.98125,0.9811912225705329,1.0000599041533547,False,bc_metabric_ali2020,True
motif_tumor_stroma_mixing,spatial,MB-0045_1_185,1304,131,0.9694656488549618,0.9516871165644172,1.0186810685792669,False,bc_metabric_ali2020,True
motif_tumor_stroma_mixing,spatial,MB-0050_1_48,1081,109,0.963302752293578,0.9879740980573543,0.9750283475930317,False,bc_metabric_ali2020,True
motif_tumor_stroma_mixing,spatial,MB-0060_1_37,2164,217,0.6820276497695853,0.7074861367837338,0.9640155676690938,False,bc_metabric_ali2020,True
motif_tumor_stroma_mixing,spatial,MB-0064_1_153,502,51,0.9607843137254902,0.9402390438247012,1.0218511133266865,False,bc_metabric_ali2020,True
motif_tumor_stroma_mixing,spatial,MB-0077_2_136,915,92,0.9565217391304348,0.9606557377049181,0.995696690903695,False,bc_metabric_ali2020,True
motif_tumor_stroma_mixing,spatial,MB-0081_2_460,1253,126,0.6111111111111112,0.6241021548284118,0.9791844273941461,False,bc_metabric_ali2020,True
motif_tumor_stroma_mixing,spatial,MB-0087_1_279,329,33,0.9393939393939394,0.9787234042553191,0.9598155467720686,False,bc_metabric_ali2020,True
motif_tumor_stroma_mixing,spatial,MB-0087_1_450,186,19,1.0,0.9946236559139785,1.0054054054054054,False,bc_metabric_ali2020,True
motif_tumor_stroma_mixing,spatial,MB-0105_1_523,1194,120,0.825,0.8425460636515912,0.9791749502982108,False,bc_metabric_ali2020,True
motif_tumor_stroma_mixing,spatial,MB-0111_1_451,1165,117,0.9401709401709402,0.9630901287553648,0.976202446790682,False,bc_metabric_ali2020,True
motif_tumor_stroma_mixing,spatial,MB-0112_1_407,481,49,1.0,1.0,1.0,False,bc_metabric_ali2020,True
motif_tumor_stroma_mixing,spatial,MB-0114_1_482,765,77,0.8571428571428571,0.865359477124183,0.9905049633146309,False,bc_metabric_ali2020,True
motif_tumor_stroma_mixing,spatial,MB-0115_1_428,1150,115,1.0,0.991304347826087,1.0087719298245614,False,bc_metabric_ali2020,True
motif_tumor_stroma_mixing,spatial,MB-0116_1_483,1629,163,0.9570552147239264,0.9607120933087784,0.9961935749426685,False,bc_metabric_ali2020,True
motif_tumor_stroma_mixing,spatial,MB-0117_1_436,1461,147,1.0,0.9794661190965093,1.020964360587002,False,bc_metabric_ali2020,True
motif_tumor_stroma_mixing,spatial,MB-0118_1_524,1744,175,0.9771428571428571,0.926605504587156,1.0545403111739744,False,bc_metabric_ali2020,True
motif_tumor_stroma_mixing,spatial,MB-0119_1_97,1645,165,0.9878787878787879,0.9811550151975684,1.006852915774849,False,bc_metabric_ali2020,True
motif_tumor_stroma_mixing,spatial,MB-0120_1_462,592,60,0.9166666666666666,0.8631756756756757,1.0619699934768427,False,bc_metabric_ali2020,True
motif_tumor_stroma_mixing,spatial,MB-0120_1_495,182,19,0.8947368421052632,0.8846153846153846,1.011441647597254,False,bc_metabric_ali2020,True
motif_tumor_stroma_mixing,spatial,MB-0121_1_470,805,81,0.9629629629629629,0.929192546583851,1.0363438304614774,False,bc_metabric_ali2020,True
motif_tumor_stroma_mixing,spatial,MB-0126_1_314,1219,122,0.8852459016393442,0.8835110746513536,1.0019635599799077,False,bc_metabric_ali2020,True
motif_tumor_stroma_mixing,spatial,MB-0130_1_297,870,87,0.9885057471264368,0.9908045977011494,0.9976798143851509,False,bc_metabric_ali2020,True
motif_tumor_stroma_mixing,spatial,MB-0131_1_43,1668,167,0.6526946107784432,0.657673860911271,0.9924289979748798,False,bc_metabric_ali2020,True
motif_tumor_stroma_mixing,spatial,MB-0132_1_533,1115,112,0.8125,0.8161434977578476,0.9955357142857143,False,bc_metabric_ali2020,True
motif_tumor_stroma_mixing,spatial,MB-0134_1_396,548,55,0.8909090909090909,0.9835766423357665,0.9057851239669421,False,bc_metabric_ali2020,True
motif_tumor_stroma_mixing,spatial,MB-0138_1_80,252,26,0.9230769230769231,0.9563492063492064,0.965209064794127,False,bc_metabric_ali2020,True
motif_tumor_stroma_mixing,spatial,MB-0138_2_119,509,51,0.9215686274509803,0.9332023575638507,0.987533539731682,False,bc_metabric_ali2020,True
motif_tumor_stroma_mixing,spatial,MB-0140_1_186,1740,174,0.9655172413793104,0.9603448275862069,1.005385996409336,False,bc_metabric_ali2020,True
motif_tumor_stroma_mixing,spatial,MB-0141_1_116,216,22,0.9090909090909091,0.9398148148148148,0.9673085535154501,False,bc_metabric_ali2020,True
motif_tumor_stroma_mixing,spatial,MB-0144_1_461,309,31,0.9354838709677419,0.9611650485436893,0.9732811990876507,False,bc_metabric_ali2020,True
motif_tumor_stroma_mixing,spatial,MB-0145_1_435,982,99,0.7373737373737373,0.7515274949083504,0.9811666803536722,False,bc_metabric_ali2020,True
motif_tumor_stroma_mixing,spatial,MB-0150_1_155,1203,121,0.7768595041322314,0.8952618453865336,0.8677455742535509,False,bc_metabric_ali2020,True
motif_tumor_stroma_mixing,spatial,MB-0151_1_520,1150,115,0.20869565217391303,0.3417391304347826,0.6106870229007634,False,bc_metabric_ali2020,True
motif_tumor_stroma_mixing,spatial,MB-0152_1_452,126,13,0.6923076923076923,0.8412698412698413,0.8229317851959361,False,bc_metabric_ali2020,True
motif_tumor_stroma_mixing,spatial,MB-0153_1_389,963,97,0.9484536082474226,0.956386292834891,0.9917055643238524,False,bc_metabric_ali2020,True
motif_tumor_stroma_mixing,spatial,MB-0154_1_539,228,23,1.0,0.9912280701754386,1.008849557522124,False,bc_metabric_ali2020,True
motif_tumor_stroma_mixing,spatial,MB-0154_1_543,338,34,1.0,0.9792899408284024,1.0211480362537764,False,bc_metabric_ali2020,True
motif_tumor_stroma_mixing,spatial,MB-0158_1_303,459,46,1.0,1.0,1.0,False,bc_metabric_ali2020,True
motif_tumor_stroma_mixing,spatial,MB-0162_1_515,85,9,0.7777777777777778,0.8823529411764706,0.8814814814814815,False,bc_metabric_ali2020,True
motif_tumor_stroma_mixing,spatial,MB-0164_1_374,417,42,0.6428571428571429,0.7697841726618705,0.835113484646195,False,bc_metabric_ali2020,True
motif_tumor_stroma_mixing,spatial,MB-0165_1_115,685,69,0.927536231884058,0.891970802919708,1.0398728622595412,False,bc_metabric_ali2020,True
motif_tumor_stroma_mixing,spatial,MB-0165_2_512,477,48,0.875,0.9119496855345912,0.9594827586206897,False,bc_metabric_ali2020,True
motif_tumor_stroma_mixing,spatial,MB-0166_1_298,517,52,0.9615384615384616,0.9477756286266924,1.0145211930926217,False,bc_metabric_ali2020,True
motif_tumor_stroma_mixing,spatial,MB-0169_1_72,345,35,1.0,0.9739130434782609,1.0267857142857142,False,bc_metabric_ali2020,True
motif_tumor_stroma_mixing,spatial,MB-0175_1_23,1002,101,0.9900990099009901,0.9930139720558883,0.9970645305736603,False,bc_metabric_ali2020,True
motif_tumor_stroma_mixing,spatial,MB-0176_1_67,1175,118,0.9576271186440678,0.9668085106382979,0.9905034017665314,False,bc_metabric_ali2020,True
motif_tumor_stroma_mixing,spatial,MB-0178_1_34,1163,117,0.9658119658119658,0.94067067927773,1.0267269801090642,False,bc_metabric_ali2020,True
motif_tumor_stroma_mixing,spatial,MB-0179_1_549,1569,157,0.9426751592356688,0.9267049075844487,1.0172333733430292,False,bc_metabric_ali2020,True
motif_tumor_stroma_mixing,spatial,MB-0180_1_59,1247,125,0.976,0.9759422614274258,1.0000591618734593,False,bc_metabric_ali2020,True
motif_tumor_stroma_mixing,spatial,MB-0181_1_49,1293,130,0.9846153846153847,0.97138437741686,1.0136207741303283,False,bc_metabric_ali2020,True
motif_tumor_stroma_mixing,spatial,MB-0183_1_15,332,34,0.9411764705882353,0.9186746987951807,1.024493731918997,False,bc_metabric_ali2020,True
motif_tumor_stroma_mixing,spatial,MB-0184_2_544,225,23,1.0,0.9555555555555556,1.0465116279069766,False,bc_metabric_ali2020,True
motif_tumor_stroma_mixing,spatial,MB-0185_1_517,956,96,0.6770833333333334,0.8274058577405857,0.8183206911083019,False,bc_metabric_ali2020,True
motif_tumor_stroma_mixing,spatial,MB-0186_1_156,178,18,0.9444444444444444,0.9887640449438202,0.9551767676767676,False,bc_metabric_ali2020,True
motif_tumor_stroma_mixing,spatial,MB-0190_2_534,937,94,0.8829787234042553,0.9135538954108858,0.9665316166235832,False,bc_metabric_ali2020,True
motif_tumor_stroma_mixing,spatial,MB-0192_1_68,808,81,0.9753086419753086,0.974009900990099,1.0013333960813842,False,bc_metabric_ali2020,True
motif_tumor_stroma_mixing,spatial,MB-0193_1_327,150,15,0.9333333333333333,0.8733333333333333,1.0687022900763359,False,bc_metabric_ali2020,True
motif_tumor_stroma_mixing,spatial,MB-0198_1_474,1333,134,0.9402985074626866,0.9572393098274569,0.9823024376549853,False,bc_metabric_ali2020,True
motif_tumor_stroma_mixing,spatial,MB-0199_1_157,1226,123,0.21138211382113822,0.18107667210440456,1.1673624844356552,False,bc_metabric_ali2020,True
motif_tumor_stroma_mixing,spatial,MB-0204_1_123,231,24,0.875,0.9307359307359307,0.9401162790697675,False,bc_metabric_ali2020,True
motif_tumor_stroma_mixing,spatial,MB-0206_1_429,1285,129,0.6821705426356589,0.7237354085603113,0.9425689755772276,False,bc_metabric_ali2020,True
motif_tumor_stroma_mixing,spatial,MB-0214_1_329,115,12,0.9166666666666666,0.9043478260869565,1.013621794871795,False,bc_metabric_ali2020,True
motif_tumor_stroma_mixing,spatial,MB-0214_1_443,99,10,0.9,0.9494949494949495,0.9478723404255319,False,bc_metabric_ali2020,True
motif_tumor_stroma_mixing,spatial,MB-0216_1_384,1365,137,0.8832116788321168,0.915018315018315,0.96523934476048,False,bc_metabric_ali2020,True
motif_tumor_stroma_mixing,spatial,MB-0218_1_113,653,66,0.9090909090909091,0.886676875957121,1.025278693672476,False,bc_metabric_ali2020,True
motif_tumor_stroma_mixing,spatial,MB-0218_1_124,160,16,1.0,0.99375,1.0062893081761006,False,bc_metabric_ali2020,True
motif_tumor_stroma_mixing,spatial,MB-0220_1_305,620,62,0.9838709677419355,0.9870967741935484,0.9967320261437909,False,bc_metabric_ali2020,True
motif_tumor_stroma_mixing,spatial,MB-0221_2_469,1564,157,0.9745222929936306,0.9354219948849105,1.041799635162022,False,bc_metabric_ali2020,True
motif_tumor_stroma_mixing,spatial,MB-0222_1_202,1124,113,0.8141592920353983,0.8558718861209964,0.951263039758615,False,bc_metabric_ali2020,True
motif_tumor_stroma_mixing,spatial,MB-0223_1_454,759,76,0.9342105263157895,0.9090909090909091,1.0276315789473685,False,bc_metabric_ali2020,True
motif_tumor_stroma_mixing,spatial,MB-0224_1_531,568,57,0.8947368421052632,0.9471830985915493,0.9446292310702407,False,bc_metabric_ali2020,True
motif_tumor_stroma_mixing,spatial,MB-0227_1_246,1357,136,0.9338235294117647,0.9565217391304348,0.9762700534759358,False,bc_metabric_ali2020,True
motif_tumor_stroma_mixing,spatial,MB-0231_1_17,458,46,0.9565217391304348,0.9606986899563319,0.9956521739130435,False,bc_metabric_ali2020,True
motif_tumor_stroma_mixing,spatial,MB-0233_1_500,369,37,0.9459459459459459,0.7723577235772358,1.22475106685633,False,bc_metabric_ali2020,True
motif_tumor_stroma_mixing,spatial,MB-0236_1_264,907,91,1.0,0.9823594266813671,1.0179573512906848,False,bc_metabric_ali2020,True
motif_tumor_stroma_mixing,spatial,MB-0237_1_247,1007,101,1.0,0.9960278053624627,1.003988035892323,False,bc_metabric_ali2020,True
motif_tumor_stroma_mixing,spatial,MB-0238_1_555,1771,178,0.5674157303370787,0.4460756634669678,1.2720167828189448,True,bc_metabric_ali2020,True
motif_tumor_stroma_mixing,spatial,MB-0239_1_489,110,11,1.0,0.8909090909090909,1.1224489795918369,False,bc_metabric_ali2020,True
motif_tumor_stroma_mixing,spatial,MB-0239_1_492,421,43,0.5348837209302325,0.49406175771971494,1.0826252236135956,False,bc_metabric_ali2020,True
motif_tumor_stroma_mixing,spatial,MB-0240_1_511,1026,103,0.941747572815534,0.9756335282651072,0.9652677419667711,False,bc_metabric_ali2020,True
motif_tumor_stroma_mixing,spatial,MB-0241_1_272,149,15,1.0,0.9798657718120806,1.0205479452054793,False,bc_metabric_ali2020,True
motif_tumor_stroma_mixing,spatial,MB-0241_1_289,194,20,1.0,1.0,1.0,False,bc_metabric_ali2020,True
motif_tumor_stroma_mixing,spatial,MB-0241_2_496,141,15,1.0,0.9148936170212766,1.0930232558139534,False,bc_metabric_ali2020,True
motif_tumor_stroma_mixing,spatial,MB-0242_1_158,245,25,1.0,0.926530612244898,1.079295154185022,False,bc_metabric_ali2020,True
motif_tumor_stroma_mixing,spatial,MB-0243_1_387,1300,130,0.9846153846153847,0.9753846153846154,1.0094637223974763,False,bc_metabric_ali2020,True
motif_tumor_stroma_mixing,spatial,MB-0244_1_519,187,19,0.7894736842105263,0.7914438502673797,0.9975106685633001,False,bc_metabric_ali2020,True
motif_tumor_stroma_mixing,spatial,MB-0245_1_388,1282,129,0.9534883720930233,0.9812792511700468,0.9716789292712686,False,bc_metabric_ali2020,True
motif_tumor_stroma_mixing,spatial,MB-0248_1_362,916,92,0.967391304347826,0.9890829694323144,0.9780689125635857,False,bc_metabric_ali2020,True
motif_tumor_stroma_mixing,spatial,MB-0249_1_532,474,48,0.9166666666666666,0.9345991561181435,0.9808126410835214,False,bc_metabric_ali2020,True
motif_tumor_stroma_mixing,spatial,MB-0250_1_306,1226,123,0.975609756097561,0.9714518760195758,1.0042800679895967,False,bc_metabric_ali2020,True
motif_tumor_stroma_mixing,spatial,MB-0255_1_440,932,94,1.0,0.990343347639485,1.009750812567714,False,bc_metabric_ali2020,True
motif_tumor_stroma_mixing,spatial,MB-0256_1_392,801,81,0.9876543209876543,0.9588014981273408,1.0300925925925926,False,bc_metabric_ali2020,True
motif_tumor_stroma_mixing,spatial,MB-0258_1_239,499,50,0.9,0.9579158316633266,0.939539748953975,False,bc_metabric_ali2020,True
motif_tumor_stroma_mixing,spatial,MB-0259_1_6,724,73,0.9452054794520548,0.9350828729281768,1.0108253576414885,False,bc_metabric_ali2020,True
motif_tumor_stroma_mixing,spatial,MB-0262_1_372,1250,125,0.992,0.9592,1.0341951626355295,False,bc_metabric_ali2020,True
motif_tumor_stroma_mixing,spatial,MB-0268_1_385,633,64,0.9375,0.8767772511848341,1.0692567567567568,False,bc_metabric_ali2020,True
motif_tumor_stroma_mixing,spatial,MB-0269_1_415,1037,104,0.9038461538461539,0.8804243008678881,1.026602915157132,False,bc_metabric_ali2020,True
motif_tumor_stroma_mixing,spatial,MB-0271_1_195,983,99,1.0,1.0,1.0,False,bc_metabric_ali2020,True
motif_tumor_stroma_mixing,spatial,MB-0272_1_285,1298,130,1.0,0.9822804314329738,1.0180392156862745,False,bc_metabric_ali2020,True
motif_tumor_stroma_mixing,spatial,MB-0273_1_351,70,7,1.0,1.0,1.0,False,bc_metabric_ali2020,True
motif_tumor_stroma_mixing,spatial,MB-0274_1_386,519,52,1.0,0.9845857418111753,1.015655577299413,False,bc_metabric_ali2020,True
motif_tumor_stroma_mixing,spatial,MB-0277_1_173,959,96,0.9895833333333334,0.9916579770594369,0.9979079039607431,False,bc_metabric_ali2020,True
motif_tumor_stroma_mixing,spatial,MB-0278_1_7,854,86,0.8604651162790697,0.914519906323185,0.9408927135753208,False,bc_metabric_ali2020,True
motif_tumor_stroma_mixing,spatial,MB-0280_1_406,568,57,1.0,0.9859154929577465,1.0142857142857142,False,bc_metabric_ali2020,True
motif_tumor_stroma_mixing,spatial,MB-0282_1_430,282,29,0.896551724137931,0.9468085106382979,0.9469197985277025,False,bc_metabric_ali2020,True
motif_tumor_stroma_mixing,spatial,MB-0282_1_433,110,11,0.9090909090909091,0.9545454545454546,0.9523809523809523,False,bc_metabric_ali2020,True
motif_tumor_stroma_mixing,spatial,MB-0283_1_148,45,5,1.0,1.0,1.0,False,bc_metabric_ali2020,True
motif_tumor_stroma_mixing,spatial,MB-0286_1_404,308,31,0.967741935483871,0.9642857142857143,1.003584229390681,False,bc_metabric_ali2020,True
motif_tumor_stroma_mixing,spatial,MB-0288_1_347,211,22,0.9545454545454546,0.976303317535545,0.9777140335392763,False,bc_metabric_ali2020,True
motif_tumor_stroma_mixing,spatial,MB-0292_1_10,922,93,0.7956989247311828,0.9078091106290672,0.8765046697755682,False,bc_metabric_ali2020,True
motif_tumor_stroma_mixing,spatial,MB-0294_1_395,617,62,0.9838709677419355,0.9611021069692058,1.0236903660991132,False,bc_metabric_ali2020,True
motif_tumor_stroma_mixing,spatial,MB-0296_1_411,800,80,0.725,0.82,0.8841463414634146,False,bc_metabric_ali2020,True
motif_tumor_stroma_mixing,spatial,MB-0301_1_287,425,43,1.0,0.9835294117647059,1.0167464114832536,False,bc_metabric_ali2020,True
motif_tumor_stroma_mixing,spatial,MB-0302_1_142,100,10,0.9,0.88,1.0227272727272727,False,bc_metabric_ali2020,True
motif_tumor_stroma_mixing,spatial,MB-0304_1_187,1433,144,0.9861111111111112,0.9902302861130495,0.9958401847936732,False,bc_metabric_ali2020,True
motif_tumor_stroma_mixing,spatial,MB-0305_1_11,546,55,1.0,0.967032967032967,1.0340909090909092,False,bc_metabric_ali2020,True
motif_tumor_stroma_mixing,spatial,MB-0305_1_307,700,70,0.9571428571428572,0.9685714285714285,0.9882005899705015,False,bc_metabric_ali2020,True
motif_tumor_stroma_mixing,spatial,MB-0307_1_106,1280,128,0.9609375,0.88515625,1.085613415710503,False,bc_metabric_ali2020,True
motif_tumor_stroma_mixing,spatial,MB-0308_1_21,1116,112,0.9910714285714286,0.982078853046595,1.0091566736183524,False,bc_metabric_ali2020,True
motif_tumor_stroma_mixing,spatial,MB-0311_1_31,485,49,0.9591836734693877,0.979381443298969,0.9793770139634801,False,bc_metabric_ali2020,True
motif_tumor_stroma_mixing,spatial,MB-0312_1_178,1876,188,0.9946808510638298,0.9952025586353944,0.9994757775017379,False,bc_metabric_ali2020,True
motif_tumor_stroma_mixing,spatial,MB-0319_1_339,1150,115,0.991304347826087,0.9869565217391304,1.0044052863436124,False,bc_metabric_ali2020,True
motif_tumor_stroma_mixing,spatial,MB-0320_1_315,847,85,0.9647058823529412,0.9704840613931524,0.9940460855875196,False,bc_metabric_ali2020,True
motif_tumor_stroma_mixing,spatial,MB-0321_1_378,374,38,0.7894736842105263,0.8475935828877005,0.9314295201726716,False,bc_metabric_ali2020,True
motif_tumor_stroma_mixing,spatial,MB-0321_2_412,1413,142,0.9929577464788732,0.997169143665959,0.995776647107628,False,bc_metabric_ali2020,True
motif_tumor_stroma_mixing,spatial,MB-0322_1_65,856,86,0.9767441860465116,0.955607476635514,1.0221186103371809,False,bc_metabric_ali2020,True
motif_tumor_stroma_mixing,spatial,MB-0322_2_291,861,87,0.9195402298850575,0.9256678281068524,0.9933803487214987,False,bc_metabric_ali2020,True
motif_tumor_stroma_mixing,spatial,MB-0324_1_455,1267,127,0.9921259842519685,0.9834254143646409,1.0088472087056533,False,bc_metabric_ali2020,True
motif_tumor_stroma_mixing,spatial,MB-0334_1_448,151,16,1.0,0.9933774834437086,1.0066666666666666,False,bc_metabric_ali2020,True
motif_tumor_stroma_mixing,spatial,MB-0336_1_183,166,17,1.0,1.0,1.0,False,bc_metabric_ali2020,True
motif_tumor_stroma_mixing,spatial,MB-0339_1_126,1189,119,0.9915966386554622,0.990748528174937,1.0008560300181193,False,bc_metabric_ali2020,True
motif_tumor_stroma_mixing,spatial,MB-0340_1_479,975,98,0.9795918367346939,0.9835897435897436,0.9959353918835522,False,bc_metabric_ali2020,True
motif_tumor_stroma_mixing,spatial,MB-0340_1_87,1060,106,0.9905660377358491,0.9509433962264151,1.0416666666666667,False,bc_metabric_ali2020,True
motif_tumor_stroma_mixing,spatial,MB-0342_1_370,367,37,0.7027027027027027,0.8256130790190735,0.8511283560788512,False,bc_metabric_ali2020,True
motif_tumor_stroma_mixing,spatial,MB-0343_1_358,1162,117,0.9743589743589743,0.9716006884681584,1.002838908950512,False,bc_metabric_ali2020,True
motif_tumor_stroma_mixing,spatial,MB-0344_1_363,639,64,0.515625,0.7902973395931142,0.6524443069306931,False,bc_metabric_ali2020,True
motif_tumor_stroma_mixing,spatial,MB-0345_1_502,751,76,0.9605263157894737,0.9374167776298269,1.0246523624401913,False,bc_metabric_ali2020,True
motif_tumor_stroma_mixing,spatial,MB-0349_1_83,689,69,0.855072463768116,0.9375907111756169,0.9119890519136716,False,bc_metabric_ali2020,True
motif_tumor_stroma_mixing,spatial,MB-0359_1_424,697,70,0.7,0.5466284074605452,1.2805774278215223,True,bc_metabric_ali2020,True
motif_tumor_stroma_mixing,spatial,MB-0361_1_349,709,71,0.971830985915493,0.9943582510578279,0.9773449205873539,False,bc_metabric_ali2020,True
motif_tumor_stroma_mixing,spatial,MB-0362_1_210,859,86,1.0,0.989522700814901,1.0105882352941178,False,bc_metabric_ali2020,True
motif_tumor_stroma_mixing,spatial,MB-0364_1_344,471,48,0.9791666666666666,0.9384288747346072,1.0434106334841629,False,bc_metabric_ali2020,True
motif_tumor_stroma_mixing,spatial,MB-0367_1_335,188,19,1.0,0.9202127659574468,1.0867052023121386,False,bc_metabric_ali2020,True
motif_tumor_stroma_mixing,spatial,MB-0369_1_367,1516,152,0.9868421052631579,0.9835092348284961,1.003388753574076,False,bc_metabric_ali2020,True
motif_tumor_stroma_mixing,spatial,MB-0370_1_275,538,54,1.0,0.9981412639405205,1.0018621973929236,False,bc_metabric_ali2020,True
motif_tumor_stroma_mixing,spatial,MB-0375_1_319,1342,135,0.8814814814814815,0.7690014903129657,1.1462675854148723,False,bc_metabric_ali2020,True
motif_tumor_stroma_mixing,spatial,MB-0377_1_421,1026,103,0.8543689320388349,0.8762183235867447,0.9750639869542209,False,bc_metabric_ali2020,True
motif_tumor_stroma_mixing,spatial,MB-0379_1_117,1224,123,0.983739837398374,0.9746732026143791,1.0093022304908716,False,bc_metabric_ali2020,True
motif_tumor_stroma_mixing,spatial,MB-0380_1_302,1191,120,0.875,0.9235936188077246,0.9473863636363636,False,bc_metabric_ali2020,True
motif_tumor_stroma_mixing,spatial,MB-0388_1_253,695,70,0.8714285714285714,0.8661870503597122,1.0060512577123872,False,bc_metabric_ali2020,True
motif_tumor_stroma_mixing,spatial,MB-0392_1_280,186,19,1.0,0.9193548387096774,1.087719298245614,False,bc_metabric_ali2020,True
motif_tumor_stroma_mixing,spatial,MB-0393_1_294,1181,119,0.8487394957983193,0.8636748518204911,0.9827072005272698,False,bc_metabric_ali2020,True
motif_tumor_stroma_mixing,spatial,MB-0394_2_417,1201,121,0.9586776859504132,0.9641965029142381,0.9942762528725789,False,bc_metabric_ali2020,True
motif_tumor_stroma_mixing,spatial,MB-0394_2_485,1024,103,0.9805825242718447,0.955078125,1.0267039926936288,False,bc_metabric_ali2020,True
motif_tumor_stroma_mixing,spatial,MB-0395_1_274,758,76,0.9736842105263158,0.9841688654353562,0.9893466911245944,False,bc_metabric_ali2020,True
motif_tumor_stroma_mixing,spatial,MB-0398_1_242,707,71,0.8450704225352113,0.8910891089108911,0.948356807511737,False,bc_metabric_ali2020,True
motif_tumor_stroma_mixing,spatial,MB-0399_1_273,826,83,0.9879518072289156,0.9624697336561744,1.0264757141774645,False,bc_metabric_ali2020,True
motif_tumor_stroma_mixing,spatial,MB-0401_1_261,923,93,0.989247311827957,0.9924160346695557,0.9968070620275157,False,bc_metabric_ali2020,True
motif_tumor_stroma_mixing,spatial,MB-0404_1_251,600,60,0.8833333333333333,0.91,0.9706959706959706,False,bc_metabric_ali2020,True
motif_tumor_stroma_mixing,spatial,MB-0405_1_507,263,27,0.9259259259259259,0.9429657794676806,0.9819295101553167,False,bc_metabric_ali2020,True
motif_tumor_stroma_mixing,spatial,MB-0406_1_241,307,31,0.5161290322580645,0.7654723127035831,0.6742621825669183,False,bc_metabric_ali2020,True
motif_tumor_stroma_mixing,spatial,MB-0408_1_215,1155,116,0.8879310344827587,0.9238095238095239,0.9611624600071098,False,bc_metabric_ali2020,True
motif_tumor_stroma_mixing,spatial,MB-0410_1_423,1138,114,0.9736842105263158,0.9657293497363796,1.0082371533930368,False,bc_metabric_ali2020,True
motif_tumor_stroma_mixing,spatial,MB-0414_1_184,1803,181,0.9226519337016574,0.915696062118691,1.0075962667862437,False,bc_metabric_ali2020,True
motif_tumor_stroma_mixing,spatial,MB-0415_1_167,935,94,0.925531914893617,0.7978609625668449,1.1600165421253779,False,bc_metabric_ali2020,True
motif_tumor_stroma_mixing,spatial,MB-0416_1_225,204,21,1.0,0.9068627450980392,1.1027027027027028,False,bc_metabric_ali2020,True
motif_tumor_stroma_mixing,spatial,MB-0418_1_205,817,82,0.9878048780487805,0.9657282741738066,1.0228600574979134,False,bc_metabric_ali2020,True
motif_tumor_stroma_mixing,spatial,MB-0427_1_147,206,21,0.38095238095238093,0.5339805825242718,0.7134199134199134,False,bc_metabric_ali2020,True
motif_tumor_stroma_mixing,spatial,MB-0431_1_29,623,63,0.9682539682539683,0.9181380417335474,1.0545843045843046,False,bc_metabric_ali2020,True
motif_tumor_stroma_mixing,spatial,MB-0432_1_521,374,38,0.9736842105263158,0.8716577540106952,1.1170487568614789,False,bc_metabric_ali2020,True
motif_tumor_stroma_mixing,spatial,MB-0433_1_166,64,7,0.7142857142857143,0.890625,0.8020050125313284,False,bc_metabric_ali2020,True
motif_tumor_stroma_mixing,spatial,MB-0434_1_143,1228,123,0.5691056910569106,0.745114006514658,0.7637833755386734,False,bc_metabric_ali2020,True
motif_tumor_stroma_mixing,spatial,MB-0441_1_163,642,65,0.9692307692307692,0.9813084112149533,0.9876923076923076,False,bc_metabric_ali2020,True
motif_tumor_stroma_mixing,spatial,MB-0442_1_375,1400,140,0.9928571428571429,0.9892857142857143,1.0036101083032491,False,bc_metabric_ali2020,True
motif_tumor_stroma_mixing,spatial,MB-0443_1_212,935,94,0.9787234042553191,0.9315508021390374,1.0506387864279259,False,bc_metabric_ali2020,True
motif_tumor_stroma_mixing,spatial,MB-0444_1_139,537,54,0.9444444444444444,0.9515828677839852,0.9924983692106979,False,bc_metabric_ali2020,True
motif_tumor_stroma_mixing,spatial,MB-0445_1_467,1368,137,0.9854014598540146,0.9875730994152047,0.9978010341082842,False,bc_metabric_ali2020,True
motif_tumor_stroma_mixing,spatial,MB-0448_1_69,942,95,0.8421052631578947,0.9278131634819533,0.9076237504516439,False,bc_metabric_ali2020,True
motif_tumor_stroma_mixing,spatial,MB-0449_1_20,976,98,0.9591836734693877,0.9825819672131147,0.976186929412015,False,bc_metabric_ali2020,True
motif_tumor_stroma_mixing,spatial,MB-0451_1_50,913,92,0.9456521739130435,0.9200438116100766,1.0278338509316771,False,bc_metabric_ali2020,True
motif_tumor_stroma_mixing,spatial,MB-0455_1_281,494,50,0.32,0.3724696356275304,0.8591304347826086,False,bc_metabric_ali2020,True
motif_tumor_stroma_mixing,spatial,MB-0455_1_343,605,61,0.3114754098360656,0.3371900826446281,0.9237383477981358,False,bc_metabric_ali2020,True
motif_tumor_stroma_mixing,spatial,MB-0456_1_328,270,27,0.9629629629629629,0.9296296296296296,1.0358565737051793,False,bc_metabric_ali2020,True
motif_tumor_stroma_mixing,spatial,MB-0457_1_171,758,76,0.6842105263157895,0.6899736147757256,0.9916473784844521,False,bc_metabric_ali2020,True
motif_tumor_stroma_mixing,spatial,MB-0458_1_516,444,45,0.7777777777777778,0.777027027027027,1.0009661835748793,False,bc_metabric_ali2020,True
motif_tumor_stroma_mixing,spatial,MB-0463_1_141,1592,160,0.85625,0.9239949748743719,0.9266825288919102,False,bc_metabric_ali2020,True
motif_tumor_stroma_mixing,spatial,MB-0464_1_509,175,18,0.8333333333333334,0.9314285714285714,0.8946830265848672,False,bc_metabric_ali2020,True
motif_tumor_stroma_mixing,spatial,MB-0468_1_304,337,34,1.0,0.8931750741839762,1.1196013289036546,False,bc_metabric_ali2020,True
motif_tumor_stroma_mixing,spatial,MB-0470_1_92,865,87,0.9425287356321839,0.9410404624277456,1.001581518822898,False,bc_metabric_ali2020,True
motif_tumor_stroma_mixing,spatial,MB-0479_1_300,455,46,0.7391304347826086,0.8351648351648352,0.8850114416475972,False,bc_metabric_ali2020,True
motif_tumor_stroma_mixing,spatial,MB-0480_1_463,593,60,0.9166666666666666,0.8988195615514334,1.0198561601000624,False,bc_metabric_ali2020,True
motif_tumor_stroma_mixing,spatial,MB-0481_1_331,1685,169,1.0,0.9934718100890207,1.0065710872162486,False,bc_metabric_ali2020,True
motif_tumor_stroma_mixing,spatial,MB-0484_1_277,1455,146,0.910958904109589,0.9402061855670103,0.968892694063927,False,bc_metabric_ali2020,True
motif_tumor_stroma_mixing,spatial,MB-0487_1_3,967,97,0.979381443298969,0.9906928645294726,0.9885823128080408,False,bc_metabric_ali2020,True
motif_tumor_stroma_mixing,spatial,MB-0488_1_313,1390,139,0.9928057553956835,0.9733812949640288,1.0199556541019956,False,bc_metabric_ali2020,True
motif_tumor_stroma_mixing,spatial,MB-0490_1_309,154,16,1.0,1.0,1.0,False,bc_metabric_ali2020,True
motif_tumor_stroma_mixing,spatial,MB-0491_1_296,1526,153,0.9803921568627451,0.9757536041939712,1.0047538155624909,False,bc_metabric_ali2020,True
motif_tumor_stroma_mixing,spatial,MB-0492_1_276,1096,110,0.7727272727272727,0.8275547445255474,0.9337476195249073,False,bc_metabric_ali2020,True
motif_tumor_stroma_mixing,spatial,MB-0494_1_260,1546,155,0.6580645161290323,0.6985769728331177,0.9420071684587814,False,bc_metabric_ali2020,True
motif_tumor_stroma_mixing,spatial,MB-0496_1_380,101,11,1.0,0.9900990099009901,1.01,False,bc_metabric_ali2020,True
motif_tumor_stroma_mixing,spatial,MB-0500_1_233,642,65,0.676923076923077,0.7445482866043613,0.9091728355326683,False,bc_metabric_ali2020,True
motif_tumor_stroma_mixing,spatial,MB-0500_1_234,76,8,0.5,0.6710526315789473,0.7450980392156863,False,bc_metabric_ali2020,True
motif_tumor_stroma_mixing,spatial,MB-0502_1_236,1284,129,0.9302325581395349,0.8933021806853583,1.0413414164351897,False,bc_metabric_ali2020,True
motif_tumor_stroma_mixing,spatial,MB-0503_1_232,709,71,0.9577464788732394,0.9661495063469676,0.9913025598848565,False,bc_metabric_ali2020,True
motif_tumor_stroma_mixing,spatial,MB-0504_1_217,451,46,0.9347826086956522,0.9578713968957872,0.975895732689211,False,bc_metabric_ali2020,True
motif_tumor_stroma_mixing,spatial,MB-0505_1_114,417,42,0.8571428571428571,0.894484412470024,0.9582535427039448,False,bc_metabric_ali2020,True
motif_tumor_stroma_mixing,spatial,MB-0511_1_219,695,70,0.9857142857142858,0.9712230215827338,1.014920634920635,False,bc_metabric_ali2020,True
motif_tumor_stroma_mixing,spatial,MB-0515_1_235,704,71,0.9014084507042254,0.9076704545454546,0.9931010161123234,False,bc_metabric_ali2020,True
motif_tumor_stroma_mixing,spatial,MB-0518_1_216,662,67,0.8955223880597015,0.9697885196374623,0.9234202817687265,False,bc_metabric_ali2020,True
motif_tumor_stroma_mixing,spatial,MB-0519_1_209,1059,106,0.8679245283018868,0.8319169027384324,1.0432827190371148,False,bc_metabric_ali2020,True
motif_tumor_stroma_mixing,spatial,MB-0520_1_25,1393,140,0.9642857142857143,0.9727207465900933,0.9913284132841329,False,bc_metabric_ali2020,True
motif_tumor_stroma_mixing,spatial,MB-0521_1_324,1206,121,0.8181818181818182,0.7081260364842454,1.1554183521396637,False,bc_metabric_ali2020,True
motif_tumor_stroma_mixing,spatial,MB-0523_1_144,1094,110,0.9545454545454546,0.9515539305301646,1.0031438302331674,False,bc_metabric_ali2020,True
motif_tumor_stroma_mixing,spatial,MB-0524_1_402,153,16,0.8125,0.8888888888888888,0.9140625,False,bc_metabric_ali2020,True
motif_tumor_stroma_mixing,spatial,MB-0525_1_170,1346,135,0.762962962962963,0.8224368499257058,0.9276857706848674,False,bc_metabric_ali2020,True
motif_tumor_stroma_mixing,spatial,MB-0526_1_230,1661,167,0.9041916167664671,0.9692956050571945,0.9328337114590695,False,bc_metabric_ali2020,True
motif_tumor_stroma_mixing,spatial,MB-0527_1_484,2167,217,0.847926267281106,0.9247808029533918,0.916894321955168,False,bc_metabric_ali2020,True
motif_tumor_stroma_mixing,spatial,MB-0529_1_399,727,73,0.9863013698630136,0.984869325997249,1.00145404453968,False,bc_metabric_ali2020,True
motif_tumor_stroma_mixing,spatial,MB-0531_1_441,607,61,0.819672131147541,0.7528830313014827,1.0887111238655522,False,bc_metabric_ali2020,True
motif_tumor_stroma_mixing,spatial,MB-0532_1_125,1109,111,0.963963963963964,0.9720468890892696,0.9916846345417775,False,bc_metabric_ali2020,True
motif_tumor_stroma_mixing,spatial,MB-0536_1_284,1023,103,0.9902912621359223,0.9882697947214076,1.0020454610930252,False,bc_metabric_ali2020,True
motif_tumor_stroma_mixing,spatial,MB-0543_1_522,862,87,0.9770114942528736,0.951276102088167,1.027053546397533,False,bc_metabric_ali2020,True
motif_tumor_stroma_mixing,spatial,MB-0544_1_168,1489,149,0.9932885906040269,0.9885829415715245,1.004759994163992,False,bc_metabric_ali2020,True
motif_tumor_stroma_mixing,spatial,MB-0547_1_46,267,27,0.9629629629629629,0.9850187265917603,0.977608787494719,False,bc_metabric_ali2020,True
motif_tumor_stroma_mixing,spatial,MB-0547_1_486,380,38,1.0,0.968421052631579,1.0326086956521738,False,bc_metabric_ali2020,True
motif_tumor_stroma_mixing,spatial,MB-0549_1_188,729,73,0.9726027397260274,0.9835390946502057,0.9888806098469651,False,bc_metabric_ali2020,True
motif_tumor_stroma_mixing,spatial,MB-0552_1_8,1072,108,0.28703703703703703,0.25652985074626866,1.1189225589225589,False,bc_metabric_ali2020,True
motif_tumor_stroma_mixing,spatial,MB-0553_1_508,745,75,0.56,0.6,0.9333333333333335,False,bc_metabric_ali2020,True
motif_tumor_stroma_mixing,spatial,MB-0554_1_290,138,14,0.7142857142857143,0.8695652173913043,0.8214285714285715,False,bc_metabric_ali2020,True
motif_tumor_stroma_mixing,spatial,MB-0556_1_377,517,52,1.0,1.0,1.0,False,bc_metabric_ali2020,True
motif_tumor_stroma_mixing,spatial,MB-0558_1_365,67,7,0.42857142857142855,0.7761194029850746,0.5521978021978021,False,bc_metabric_ali2020,True
motif_tumor_stroma_mixing,spatial,MB-0559_1_159,390,39,1.0,1.0,1.0,False,bc_metabric_ali2020,True
motif_tumor_stroma_mixing,spatial,MB-0559_1_174,63,7,1.0,1.0,1.0,False,bc_metabric_ali2020,True
motif_tumor_stroma_mixing,spatial,MB-0565_1_373,1231,124,0.9758064516129032,0.9805036555645816,0.9952093967982468,False,bc_metabric_ali2020,True
motif_tumor_stroma_mixing,spatial,MB-0570_1_465,1544,155,0.9354838709677419,0.9617875647668394,0.9726512436189855,False,bc_metabric_ali2020,True
motif_tumor_stroma_mixing,spatial,MB-0573_1_352,670,67,1.0,0.9597014925373134,1.04199066874028,False,bc_metabric_ali2020,True
motif_tumor_stroma_mixing,spatial,MB-0574_1_199,1375,138,0.7971014492753623,0.8989090909090909,0.8867431171145819,False,bc_metabric_ali2020,True
motif_tumor_stroma_mixing,spatial,MB-0575_1_191,1812,182,0.9395604395604396,0.9431567328918322,0.9961869610787106,False,bc_metabric_ali2020,True
motif_tumor_stroma_mixing,spatial,MB-0580_1_190,1632,164,0.8292682926829268,0.8345588235294118,0.9936606855055334,False,bc_metabric_ali2020,True
motif_tumor_stroma_mixing,spatial,MB-0583_1_133,274,28,0.9642857142857143,0.9562043795620438,1.0084514721919302,False,bc_metabric_ali2020,True
motif_tumor_stroma_mixing,spatial,MB-0583_1_134,686,69,0.9130434782608695,0.9212827988338192,0.9910566868464501,False,bc_metabric_ali2020,True
motif_tumor_stroma_mixing,spatial,MB-0583_2_207,1158,116,0.9655172413793104,0.9758203799654577,0.9894415624046384,False,bc_metabric_ali2020,True
motif_tumor_stroma_mixing,spatial,MB-0586_1_444,856,86,0.6046511627906976,0.7628504672897196,0.792620819829766,False,bc_metabric_ali2020,True
motif_tumor_stroma_mixing,spatial,MB-0586_2_538,795,80,0.85,0.8855345911949686,0.9598721590909091,False,bc_metabric_ali2020,True
motif_tumor_stroma_mixing,spatial,MB-0587_1_66,70,7,0.7142857142857143,0.7571428571428571,0.9433962264150944,False,bc_metabric_ali2020,True
motif_tumor_stroma_mixing,spatial,MB-0588_1_19,1272,128,0.3984375,0.3639937106918239,1.0946274298056156,False,bc_metabric_ali2020,True
motif_tumor_stroma_mixing,spatial,MB-0589_1_342,590,59,0.8983050847457628,0.9271186440677966,0.9689213893967094,False,bc_metabric_ali2020,True
motif_tumor_stroma_mixing,spatial,MB-0595_1_425,950,95,0.7473684210526316,0.828421052631579,0.9021601016518425,False,bc_metabric_ali2020,True
motif_tumor_stroma_mixing,spatial,MB-0596_1_129,1679,168,0.9345238095238095,0.9273377010125075,1.0077491818821298,False,bc_metabric_ali2020,True
motif_tumor_stroma_mixing,spatial,MB-0599_1_438,1433,144,0.9305555555555556,0.9741800418702024,0.9552192773002229,False,bc_metabric_ali2020,True
motif_tumor_stroma_mixing,spatial,MB-0602_1_39,289,29,1.0,0.9757785467128027,1.024822695035461,False,bc_metabric_ali2020,True
motif_tumor_stroma_mixing,spatial,MB-0604_1_135,1182,119,0.957983193277311,0.934010152284264,1.0256667884545123,False,bc_metabric_ali2020,True
motif_tumor_stroma_mixing,spatial,MB-0608_1_132,1487,149,0.87248322147651,0.7316745124411567,1.192447196999605,False,bc_metabric_ali2020,True
motif_tumor_stroma_mixing,spatial,MB-0609_1_55,1344,135,0.9851851851851852,0.9694940476190477,1.016184872516415,False,bc_metabric_ali2020,True
motif_tumor_stroma_mixing,spatial,MB-0610_1_111,1273,128,0.7578125,0.6449332285938727,1.1750247411693058,False,bc_metabric_ali2020,True
motif_tumor_stroma_mixing,spatial,MB-0611_1_548,440,44,0.7045454545454546,0.8136363636363636,0.8659217877094973,False,bc_metabric_ali2020,True
motif_tumor_stroma_mixing,spatial,MB-0613_1_98,1205,121,0.9090909090909091,0.674688796680498,1.347422565134742,True,bc_metabric_ali2020,True
motif_tumor_stroma_mixing,spatial,MB-0620_1_360,1316,132,0.29545454545454547,0.3981762917933131,0.7420194309507286,False,bc_metabric_ali2020,True
motif_tumor_stroma_mixing,spatial,MB-0621_1_238,705,71,0.9859154929577465,0.9843971631205674,1.001542395583878,False,bc_metabric_ali2020,True
motif_tumor_stroma_mixing,spatial,MB-0621_1_85,455,46,1.0,0.9868131868131869,1.0133630289532294,False,bc_metabric_ali2020,True
motif_tumor_stroma_mixing,spatial,MB-0623_1_4,200,20,0.95,0.94,1.0106382978723405,False,bc_metabric_ali2020,True
motif_tumor_stroma_mixing,spatial,MB-0623_1_464,42,5,1.0,1.0,1.0,False,bc_metabric_ali2020,True
motif_tumor_stroma_mixing,spatial,MB-0623_1_5,90,9,0.8888888888888888,0.9888888888888889,0.8988764044943819,False,bc_metabric_ali2020,True
motif_tumor_stroma_mixing,spatial,MB-0624_1_197,331,34,0.9705882352941176,0.9244712990936556,1.0498846597462514,False,bc_metabric_ali2020,True
motif_tumor_stroma_mixing,spatial,MB-0625_1_189,1610,161,0.577639751552795,0.5409937888198758,1.0677382319173363,False,bc_metabric_ali2020,True
motif_tumor_stroma_mixing,spatial,MB-0629_1_137,747,75,0.6266666666666667,0.8554216867469879,0.7325821596244132,False,bc_metabric_ali2020,True
motif_tumor_stroma_mixing,spatial,MB-0633_1_76,1542,155,0.9032258064516129,0.9111543450064851,0.9912983583974285,False,bc_metabric_ali2020,True
motif_tumor_stroma_mixing,spatial,MB-0634_1_58,49,5,1.0,0.9387755102040817,1.0652173913043477,False,bc_metabric_ali2020,True
motif_tumor_stroma_mixing,spatial,MB-0634_1_61,45,5,0.6,0.8444444444444444,0.7105263157894737,False,bc_metabric_ali2020,True
motif_tumor_stroma_mixing,spatial,MB-0635_1_16,836,84,0.9642857142857143,0.9796650717703349,0.9843014128728415,False,bc_metabric_ali2020,True
motif_tumor_stroma_mixing,spatial,MB-0636_1_96,524,53,0.9811320754716981,0.9580152671755725,1.0241298955122904,False,bc_metabric_ali2020,True
motif_tumor_stroma_mixing,spatial,MB-0638_1_554,422,43,0.9767441860465116,0.9620853080568721,1.0152365677626303,False,bc_metabric_ali2020,True
motif_tumor_stroma_mixing,spatial,MB-0641_1_130,785,79,0.8607594936708861,0.8573248407643312,1.0040062444749562,False,bc_metabric_ali2020,True
motif_tumor_stroma_mixing,spatial,MB-0642_1_93,1255,126,1.0,0.998406374501992,1.0015961691939346,False,bc_metabric_ali2020,True
motif_tumor_stroma_mixing,spatial,MB-0643_1_53,1147,115,0.7739130434782608,0.8535309503051438,0.9067193675889328,False,bc_metabric_ali2020,True
motif_tumor_stroma_mixing,spatial,MB-0646_1_506,1577,158,0.8860759493670886,0.8617628408370324,1.0282132245415,False,bc_metabric_ali2020,True
motif_tumor_stroma_mixing,spatial,MB-0652_1_288,770,77,0.8441558441558441,0.8493506493506493,0.9938837920489296,False,bc_metabric_ali2020,True
motif_tumor_stroma_mixing,spatial,MB-0657_1_499,798,80,0.9125,0.924812030075188,0.9866869918699187,False,bc_metabric_ali2020,True
motif_tumor_stroma_mixing,spatial,MB-0659_1_361,654,66,1.0,0.9755351681957186,1.0250783699059562,False,bc_metabric_ali2020,True
motif_tumor_stroma_mixing,spatial,MB-0662_1_101,1238,124,0.3467741935483871,0.4369951534733441,0.7935424244231114,False,bc_metabric_ali2020,True
motif_tumor_stroma_mixing,spatial,MB-0663_1_394,567,57,1.0,0.9788359788359788,1.0216216216216216,False,bc_metabric_ali2020,True
motif_tumor_stroma_mixing,spatial,MB-0666_1_355,1072,108,0.8796296296296297,0.9076492537313433,0.9691294583380914,False,bc_metabric_ali2020,True
motif_tumor_stroma_mixing,spatial,MB-0668_1_118,638,64,0.9375,0.8855799373040752,1.0586283185840708,False,bc_metabric_ali2020,True
motif_tumor_stroma_mixing,spatial,MB-0874_1_35,724,73,0.684931506849315,0.6975138121546961,0.9819612098196121,False,bc_metabric_ali2020,True
motif_tumor_stroma_mixing,spatial,MB-0877_1_269,1173,118,1.0,0.9855072463768116,1.0147058823529411,False,bc_metabric_ali2020,True
motif_tumor_stroma_mixing,spatial,MB-0890_1_427,589,59,0.9491525423728814,0.9371816638370118,1.0127732743797593,False,bc_metabric_ali2020,True
motif_tumor_stroma_mixing,spatial,MB-0890_2_449,86,9,1.0,0.9651162790697675,1.036144578313253,False,bc_metabric_ali2020,True
motif_tumor_stroma_mixing,spatial,MB-0891_1_278,540,54,0.9814814814814815,0.9814814814814815,1.0,False,bc_metabric_ali2020,True
motif_tumor_stroma_mixing,spatial,MB-0893_1_340,1315,132,0.9772727272727273,0.9863117870722433,0.9908354944977922,False,bc_metabric_ali2020,True
motif_tumor_stroma_mixing,spatial,MB-0895_1_194,385,39,0.8205128205128205,0.7012987012987013,1.1699905033238367,False,bc_metabric_ali2020,True
motif_tumor_stroma_mixing,spatial,MB-0897_1_400,927,93,0.956989247311828,0.9881337648327939,0.9684814762642626,False,bc_metabric_ali2020,True
motif_tumor_stroma_mixing,spatial,MB-0899_1_536,1096,110,0.990909090909091,0.9698905109489051,1.0216710852646884,False,bc_metabric_ali2020,True
motif_tumor_stroma_mixing,spatial,MB-0904_1_410,786,79,0.9620253164556962,0.9478371501272265,1.0149689915894997,False,bc_metabric_ali2020,True
motif_tumor_stroma_mixing,spatial,MB-0906_1_336,750,75,0.8666666666666667,0.8293333333333334,1.045016077170418,False,bc_metabric_ali2020,True
motif_tumor_stroma_mixing,spatial,MB-0914_1_47,1351,136,0.9558823529411765,0.9777942264988897,0.9775905063009307,False,bc_metabric_ali2020,True
motif_tumor_stroma_mixing,spatial,MB-0915_1_149,1406,141,0.8652482269503546,0.9089615931721194,0.9519084562536766,False,bc_metabric_ali2020,True
