dataset,task,class,feature,seed,coefficient_mean,coefficient_sd,fold_selection_frequency,n_folds,selected
BC-Jackson2020,response,1,CD20,0,-0.2549743135933874,0.14889219866495282,0.8,5,True
BC-Jackson2020,response,1,CD20,1,-0.31088401874295235,0.0777142637881396,1.0,5,True
BC-Jackson2020,response,1,CD20,2,-0.2694471939105737,0.0662732172048984,1.0,5,True
BC-Jackson2020,response,1,CD3,0,0.10988324699302228,0.1424518173511907,0.8,5,True
BC-Jackson2020,response,1,CD3,1,0.09993095099702642,0.09614885624591732,0.6,5,True
BC-Jackson2020,response,1,CD3,2,0.13588117231999916,0.0989345024472328,1.0,5,True
BC-Jackson2020,response,1,CD44,0,0.1337560096372755,0.14287371760644416,0.8,5,True
BC-Jackson2020,response,1,CD44,1,0.11812212731355101,0.1633263907095745,0.4,5,False
BC-Jackson2020,response,1,CD44,2,0.09908459241608183,0.12733671703786975,0.6,5,True
BC-Jackson2020,response,1,CD45,0,0.05664999670536645,0.11087986476924112,0.4,5,False
BC-Jackson2020,response,1,CD45,1,0.07716418848714993,0.10567013143693682,0.4,5,False
BC-Jackson2020,response,1,CD45,2,0.05081531975172139,0.07777950401188152,0.4,5,False
BC-Jackson2020,response,1,CD68,0,0.15324790228685167,0.19569607815558135,0.8,5,True
BC-Jackson2020,response,1,CD68,1,0.18023034297187274,0.10794905780380193,1.0,5,True
BC-Jackson2020,response,1,CD68,2,0.16422260205909517,0.07094383558137256,1.0,5,True
BC-Jackson2020,response,1,Carbonic Anhydrase IX,0,-0.7199691538128844,0.2838187750711879,1.0,5,True
BC-Jackson2020,response,1,Carbonic Anhydrase IX,1,-0.7358035033940341,0.420956015795746,1.0,5,True
BC-Jackson2020,response,1,Carbonic Anhydrase IX,2,-0.7196573652174324,0.3625538157074689,1.0,5,True
BC-Jackson2020,response,1,Cytokeratin 19,0,0.022610066434922645,0.022493611414059825,0.6,5,True
BC-Jackson2020,response,1,Cytokeratin 19,1,0.05121735880905498,0.11452549592504462,0.2,5,False
BC-Jackson2020,response,1,Cytokeratin 19,2,0.024355752954737443,0.049841542618670166,0.6,5,True
BC-Jackson2020,response,1,Cytokeratin 5,0,0.11990556915125199,0.13412905737693948,0.6,5,True
BC-Jackson2020,response,1,Cytokeratin 5,1,0.1547729500245397,0.21554884357483753,0.4,5,False
BC-Jackson2020,response,1,Cytokeratin 5,2,0.18276983506663405,0.22209892872055298,0.6,5,True
BC-Jackson2020,response,1,Cytokeratin 7,0,0.4009163485501916,0.17680823186355712,1.0,5,True
BC-Jackson2020,response,1,Cytokeratin 7,1,0.39210462196198226,0.07105248863765302,1.0,5,True
BC-Jackson2020,response,1,Cytokeratin 7,2,0.38935138447309736,0.1991280942643923,1.0,5,True
BC-Jackson2020,response,1,Cytokeratin 8/18,0,-0.07582929173019912,0.06014287529016407,1.0,5,True
BC-Jackson2020,response,1,Cytokeratin 8/18,1,-0.13450414360992907,0.1085965409366281,0.8,5,True
BC-Jackson2020,response,1,Cytokeratin 8/18,2,-0.2080953588162638,0.30665960331770764,0.8,5,True
BC-Jackson2020,response,1,DNA1,0,-0.2969604531668429,0.1428452672534527,1.0,5,True
BC-Jackson2020,response,1,DNA1,1,-0.3377518433728185,0.10033335826530809,1.0,5,True
BC-Jackson2020,response,1,DNA1,2,-0.31916266250053815,0.16899351044307773,1.0,5,True
BC-Jackson2020,response,1,EGFR,0,0.08923851238754422,0.1957502688073385,0.4,5,False
BC-Jackson2020,response,1,EGFR,1,0.05125121575644914,0.05445820906873111,0.6,5,True
BC-Jackson2020,response,1,EGFR,2,0.13753215156983375,0.174038429290058,0.6,5,True
BC-Jackson2020,response,1,Ecadherin,0,0.8638620578810523,0.1496768842390645,1.0,5,True
BC-Jackson2020,response,1,Ecadherin,1,0.8535484775292407,0.30345091462311785,1.0,5,True
BC-Jackson2020,response,1,Ecadherin,2,0.8384583613224701,0.45301957394508274,1.0,5,True
BC-Jackson2020,response,1,Estrogen,0,0.16064943618137326,0.2543858480701379,0.8,5,True
BC-Jackson2020,response,1,Estrogen,1,0.1144263745921025,0.06960868292522673,1.0,5,True
BC-Jackson2020,response,1,Estrogen,2,0.16172325455775183,0.18318691903098525,0.6,5,True
BC-Jackson2020,response,1,Fibronectin,0,-0.3072684277728045,0.07223512842438067,1.0,5,True
BC-Jackson2020,response,1,Fibronectin,1,-0.2784787337318093,0.11280167141183137,1.0,5,True
BC-Jackson2020,response,1,Fibronectin,2,-0.30392203045273275,0.09218054595182067,1.0,5,True
BC-Jackson2020,response,1,GATA3,0,0.4652569495943676,0.19177575672456632,1.0,5,True
BC-Jackson2020,response,1,GATA3,1,0.5014057750003065,0.27579370648326557,1.0,5,True
BC-Jackson2020,response,1,GATA3,2,0.5600678152394766,0.5528803671882087,1.0,5,True
BC-Jackson2020,response,1,Histone H3,0,-0.036870914308757476,0.0507902674716244,0.4,5,False
BC-Jackson2020,response,1,Histone H3,1,-0.022096741703287365,0.049409816529805035,0.2,5,False
BC-Jackson2020,response,1,Histone H3,2,-0.04394170690882741,0.0981270480729794,0.4,5,False
BC-Jackson2020,response,1,Keratin 14 (KRT14),0,-0.342580766979388,0.10349634971120404,1.0,5,True
BC-Jackson2020,response,1,Keratin 14 (KRT14),1,-0.355181040070158,0.2502688318130426,0.8,5,True
BC-Jackson2020,response,1,Keratin 14 (KRT14),2,-0.42283438421568587,0.26936885598515675,1.0,5,True
BC-Jackson2020,response,1,Ki-67,0,-0.1297643133731943,0.08700933189946362,0.8,5,True
BC-Jackson2020,response,1,Ki-67,1,-0.1374305297622217,0.12511458558582128,0.8,5,True
BC-Jackson2020,response,1,Ki-67,2,-0.15734201012695798,0.13088718006979677,1.0,5,True
BC-Jackson2020,response,1,Progesterone Receptor A/B,0,0.1697723779443427,0.13540748330922722,1.0,5,True
BC-Jackson2020,response,1,Progesterone Receptor A/B,1,0.19413200006968154,0.11592594340119,1.0,5,True
BC-Jackson2020,response,1,Progesterone Receptor A/B,2,0.16803128094738154,0.13903477837364353,1.0,5,True
BC-Jackson2020,response,1,SMA,0,0.3907640073515156,0.15302622350609463,1.0,5,True
BC-Jackson2020,response,1,SMA,1,0.379764493818478,0.19996875798761193,1.0,5,True
BC-Jackson2020,response,1,SMA,2,0.4348199974359823,0.07512375493375402,1.0,5,True
BC-Jackson2020,response,1,Slug,0,0.5094872279820191,0.19108468403382467,1.0,5,True
BC-Jackson2020,response,1,Slug,1,0.5688070335572134,0.34182749789046757,1.0,5,True
BC-Jackson2020,response,1,Slug,2,0.5439598210369684,0.21070247516786347,1.0,5,True
BC-Jackson2020,response,1,Twist,0,0.0381327815276704,0.055830041657048385,0.4,5,False
BC-Jackson2020,response,1,Twist,1,0.0,0.0,0.0,5,False
BC-Jackson2020,response,1,Twist,2,0.010383958969226469,0.023219238130759032,0.2,5,False
BC-Jackson2020,response,1,Vimentin,0,-0.16349608635990662,0.12047882147368037,1.0,5,True
BC-Jackson2020,response,1,Vimentin,1,-0.15643209593220517,0.12116994958302456,1.0,5,True
BC-Jackson2020,response,1,Vimentin,2,-0.18521735296579508,0.05213484688460794,1.0,5,True
BC-Jackson2020,response,1,c-Myc,0,-0.3925173938331239,0.2804914470702324,1.0,5,True
BC-Jackson2020,response,1,c-Myc,1,-0.3611022196588045,0.19682784809036505,1.0,5,True
BC-Jackson2020,response,1,c-Myc,2,-0.36528108985906316,0.15810207308584875,1.0,5,True
BC-Jackson2020,response,1,c-erbB-2 - Her2,0,-0.6805165307627785,0.14302444739546852,1.0,5,True
BC-Jackson2020,response,1,c-erbB-2 - Her2,1,-0.6037139531411349,0.25457514841252876,1.0,5,True
BC-Jackson2020,response,1,c-erbB-2 - Her2,2,-0.680131488405678,0.12625838993998598,1.0,5,True
BC-Jackson2020,response,1,cleaved PARP,0,-0.10446299500214551,0.15367202590377324,0.6,5,True
BC-Jackson2020,response,1,cleaved PARP,1,-0.14655686950397367,0.2208732075306886,0.6,5,True
BC-Jackson2020,response,1,cleaved PARP,2,-0.09097245439340532,0.10018294891951117,0.6,5,True
BC-Jackson2020,response,1,p53,0,-0.16735798526191759,0.23623217365336238,0.4,5,False
BC-Jackson2020,response,1,p53,1,-0.13757005954296556,0.1900261261521185,0.4,5,False
BC-Jackson2020,response,1,p53,2,-0.21303739326234133,0.27028977446778885,0.6,5,True
BC-Jackson2020,response,1,pan Cytokeratin,0,-0.6036783039216104,0.18621730249325438,1.0,5,True
BC-Jackson2020,response,1,pan Cytokeratin,1,-0.6330417440179046,0.39442295624464196,1.0,5,True
BC-Jackson2020,response,1,pan Cytokeratin,2,-0.5558637262423417,0.25312576816262194,1.0,5,True
BC-Jackson2020,response,1,phospho-Histone,0,0.11778097679194961,0.10646954284561871,0.8,5,True
BC-Jackson2020,response,1,phospho-Histone,1,0.13741288489399844,0.1272785173403904,0.8,5,True
BC-Jackson2020,response,1,phospho-Histone,2,0.13444050781951727,0.16442828299125078,0.6,5,True
BC-Jackson2020,response,1,phospho-S6,0,0.070359402864276,0.13186044356854912,0.8,5,True
BC-Jackson2020,response,1,phospho-S6,1,0.040540505153488116,0.03403114838483622,0.8,5,True
BC-Jackson2020,response,1,phospho-S6,2,0.05915295843064581,0.10392586184276785,0.6,5,True
BC-Jackson2020,response,1,phospho-mTOR,0,-0.2956767418718754,0.19054836926097368,0.8,5,True
BC-Jackson2020,response,1,phospho-mTOR,1,-0.26817960032331767,0.17948525082978073,1.0,5,True
BC-Jackson2020,response,1,phospho-mTOR,2,-0.2707635473788344,0.31159236455852746,0.6,5,True
BC-Jackson2020,response,1,vWF,0,0.1158270352070326,0.19614397285953125,0.4,5,False
BC-Jackson2020,response,1,vWF,1,0.12026309515702353,0.2569217685340492,0.6,5,True
BC-Jackson2020,response,1,vWF,2,0.13498186833920672,0.29654471990787873,0.6,5,True
BC-Jackson2020,clinical_type,HR+HER2+,CD20,0,0.4773386117758173,0.21575989042543275,1.0,5,True
BC-Jackson2020,clinical_type,HR+HER2+,CD20,1,0.4599265622225711,0.3111978716347475,1.0,5,True
BC-Jackson2020,clinical_type,HR+HER2+,CD20,2,0.5100750328281578,0.43374338480545477,1.0,5,True
BC-Jackson2020,clinical_type,HR+HER2+,CD3,0,0.0553921024700589,0.13954646564314876,0.4,5,False
BC-Jackson2020,clinical_type,HR+HER2+,CD3,1,0.04664373625670717,0.21777032182743514,0.6,5,True
BC-Jackson2020,clinical_type,HR+HER2+,CD3,2,0.0176927973972324,0.025380036218040202,0.6,5,True
BC-Jackson2020,clinical_type,HR+HER2+,CD44,0,0.00851485458056817,0.08795324068879233,0.4,5,False
BC-Jackson2020,clinical_type,HR+HER2+,CD44,1,0.026537713678257007,0.0317431783314603,0.6,5,True
BC-Jackson2020,clinical_type,HR+HER2+,CD44,2,0.12443118278066181,0.30493734800023087,0.6,5,True
BC-Jackson2020,clinical_type,HR+HER2+,CD45,0,-0.9220457164079437,0.2184554310446199,1.0,5,True
BC-Jackson2020,clinical_type,HR+HER2+,CD45,1,-0.8408740106431681,0.5755509131906896,1.0,5,True
BC-Jackson2020,clinical_type,HR+HER2+,CD45,2,-0.813095089135334,0.3773798482958461,1.0,5,True
BC-Jackson2020,clinical_type,HR+HER2+,CD68,0,-0.05517695603570143,0.06450803890710045,0.6,5,True
BC-Jackson2020,clinical_type,HR+HER2+,CD68,1,-0.08229384526942697,0.09684057033772266,0.8,5,True
BC-Jackson2020,clinical_type,HR+HER2+,CD68,2,-0.2872602510598348,0.5680846681383539,0.8,5,True
BC-Jackson2020,clinical_type,HR+HER2+,Carbonic Anhydrase IX,0,-0.11817896209999786,0.10454132693221843,1.0,5,True
BC-Jackson2020,clinical_type,HR+HER2+,Carbonic Anhydrase IX,1,-0.19374781808208835,0.2887186235773526,0.6,5,True
BC-Jackson2020,clinical_type,HR+HER2+,Carbonic Anhydrase IX,2,-0.1368019502912848,0.21496543771500728,0.4,5,False
BC-Jackson2020,clinical_type,HR+HER2+,Cytokeratin 19,0,-0.5831334566330528,0.2767165728480822,1.0,5,True
BC-Jackson2020,clinical_type,HR+HER2+,Cytokeratin 19,1,-0.47816101386502774,0.09311426761992486,1.0,5,True
BC-Jackson2020,clinical_type,HR+HER2+,Cytokeratin 19,2,-0.5804037237601276,0.24160161566160399,1.0,5,True
BC-Jackson2020,clinical_type,HR+HER2+,Cytokeratin 5,0,-0.1398780034175206,0.28053570910581266,0.6,5,True
BC-Jackson2020,clinical_type,HR+HER2+,Cytokeratin 5,1,-0.20284141492409166,0.43898800422120915,0.6,5,True
BC-Jackson2020,clinical_type,HR+HER2+,Cytokeratin 5,2,-0.146336036932453,0.2837779849603586,0.4,5,False
BC-Jackson2020,clinical_type,HR+HER2+,Cytokeratin 7,0,-0.8151769637919791,0.4816954130008757,1.0,5,True
BC-Jackson2020,clinical_type,HR+HER2+,Cytokeratin 7,1,-0.8088921049993916,0.48041093831173626,1.0,5,True
BC-Jackson2020,clinical_type,HR+HER2+,Cytokeratin 7,2,-0.6725665742665099,0.18891728274073416,1.0,5,True
BC-Jackson2020,clinical_type,HR+HER2+,Cytokeratin 8/18,0,0.21803302356036536,0.14196182253036266,0.8,5,True
BC-Jackson2020,clinical_type,HR+HER2+,Cytokeratin 8/18,1,0.15050938261272942,0.20618675272730333,0.4,5,False
BC-Jackson2020,clinical_type,HR+HER2+,Cytokeratin 8/18,2,0.24719300987068976,0.36249734661780986,0.6,5,True
BC-Jackson2020,clinical_type,HR+HER2+,DNA1,0,0.3577120472881393,0.3453268203836362,1.0,5,True
BC-Jackson2020,clinical_type,HR+HER2+,DNA1,1,0.3159209406624977,0.1868471408793086,1.0,5,True
BC-Jackson2020,clinical_type,HR+HER2+,DNA1,2,0.31737009410971134,0.1930708365087065,1.0,5,True
BC-Jackson2020,clinical_type,HR+HER2+,EGFR,0,-0.011944215071674669,0.026708076838142084,0.2,5,False
BC-Jackson2020,clinical_type,HR+HER2+,EGFR,1,-0.026972579777385052,0.2958541364990083,0.6,5,True
BC-Jackson2020,clinical_type,HR+HER2+,EGFR,2,-0.0468969743313428,0.10486482254394525,0.2,5,False
BC-Jackson2020,clinical_type,HR+HER2+,Ecadherin,0,-0.4979363840369416,0.19973558123328908,1.0,5,True
BC-Jackson2020,clinical_type,HR+HER2+,Ecadherin,1,-0.6160633013356327,0.26412472748635507,1.0,5,True
BC-Jackson2020,clinical_type,HR+HER2+,Ecadherin,2,-0.614574607311849,0.5558524714784296,1.0,5,True
BC-Jackson2020,clinical_type,HR+HER2+,Estrogen,0,-0.3764841187595398,0.5538933261771024,1.0,5,True
BC-Jackson2020,clinical_type,HR+HER2+,Estrogen,1,-0.26158811595891274,0.20392392872825438,1.0,5,True
BC-Jackson2020,clinical_type,HR+HER2+,Estrogen,2,-0.291554256373869,0.37341643455237783,0.8,5,True
BC-Jackson2020,clinical_type,HR+HER2+,Fibronectin,0,0.37712460396114844,0.2395491903539634,1.0,5,True
BC-Jackson2020,clinical_type,HR+HER2+,Fibronectin,1,0.3702690536155006,0.06046381023550842,1.0,5,True
BC-Jackson2020,clinical_type,HR+HER2+,Fibronectin,2,0.41621675333399066,0.09277607477599446,1.0,5,True
BC-Jackson2020,clinical_type,HR+HER2+,GATA3,0,0.2014216147784686,0.1746164862208782,0.8,5,True
BC-Jackson2020,clinical_type,HR+HER2+,GATA3,1,0.12700963806147603,0.13586456953888934,0.6,5,True
BC-Jackson2020,clinical_type,HR+HER2+,GATA3,2,0.07903747734720548,0.07954865309673226,0.8,5,True
BC-Jackson2020,clinical_type,HR+HER2+,Histone H3,0,0.39708830207139056,0.29604132813817646,1.0,5,True
BC-Jackson2020,clinical_type,HR+HER2+,Histone H3,1,0.34381731967519985,0.16205798789442397,1.0,5,True
BC-Jackson2020,clinical_type,HR+HER2+,Histone H3,2,0.4077638993172837,0.41001061603333355,1.0,5,True
BC-Jackson2020,clinical_type,HR+HER2+,Keratin 14 (KRT14),0,-5.980721514906572e-05,0.00013373299861826616,0.2,5,False
BC-Jackson2020,clinical_type,HR+HER2+,Keratin 14 (KRT14),1,0.0,0.0,0.0,5,False
BC-Jackson2020,clinical_type,HR+HER2+,Keratin 14 (KRT14),2,0.0,0.0,0.0,5,False
BC-Jackson2020,clinical_type,HR+HER2+,Ki-67,0,-0.7737219018971544,0.49028428610651675,1.0,5,True
BC-Jackson2020,clinical_type,HR+HER2+,Ki-67,1,-0.5649074144120144,0.08330300441516081,1.0,5,True
BC-Jackson2020,clinical_type,HR+HER2+,Ki-67,2,-0.5870524853027714,0.3211011608968851,1.0,5,True
BC-Jackson2020,clinical_type,HR+HER2+,Progesterone Receptor A/B,0,-0.12970899173620618,0.14326617899118296,0.6,5,True
BC-Jackson2020,clinical_type,HR+HER2+,Progesterone Receptor A/B,1,-0.08717135365955402,0.17668525997294393,0.4,5,False
BC-Jackson2020,clinical_type,HR+HER2+,Progesterone Receptor A/B,2,-0.1366832788007941,0.30563310278613154,0.2,5,False
BC-Jackson2020,clinical_type,HR+HER2+,SMA,0,0.0006654809118549203,0.02242269169155165,0.4,5,False
BC-Jackson2020,clinical_type,HR+HER2+,SMA,1,0.047562986611815884,0.09534285721633204,0.4,5,False
BC-Jackson2020,clinical_type,HR+HER2+,SMA,2,0.02549593929826502,0.08098584702568747,0.6,5,True
BC-Jackson2020,clinical_type,HR+HER2+,Slug,0,0.11876298628758568,0.16421382601735124,0.4,5,False
BC-Jackson2020,clinical_type,HR+HER2+,Slug,1,0.06028796642394714,0.07973245973745825,0.6,5,True
BC-Jackson2020,clinical_type,HR+HER2+,Slug,2,0.10130884249284655,0.157456810431411,0.8,5,True
BC-Jackson2020,clinical_type,HR+HER2+,Twist,0,-0.13016736438143095,0.27658920485338306,0.4,5,False
BC-Jackson2020,clinical_type,HR+HER2+,Twist,1,-0.0035406046865888467,0.007917032760666999,0.2,5,False
BC-Jackson2020,clinical_type,HR+HER2+,Twist,2,-0.008311507705440455,0.01858509622487816,0.2,5,False
BC-Jackson2020,clinical_type,HR+HER2+,Vimentin,0,-0.07400493035744724,0.09208447560980693,0.8,5,True
BC-Jackson2020,clinical_type,HR+HER2+,Vimentin,1,-0.07893335485617392,0.055803900529919334,0.8,5,True
BC-Jackson2020,clinical_type,HR+HER2+,Vimentin,2,-0.012081663099122597,0.2780778538897727,0.8,5,True
BC-Jackson2020,clinical_type,HR+HER2+,c-Myc,0,-0.14205590002111884,0.17295330861060013,0.8,5,True
BC-Jackson2020,clinical_type,HR+HER2+,c-Myc,1,-0.20235951714883477,0.16750570331789522,1.0,5,True
BC-Jackson2020,clinical_type,HR+HER2+,c-Myc,2,-0.168937927935993,0.1594926881594322,0.8,5,True
BC-Jackson2020,clinical_type,HR+HER2+,c-erbB-2 - Her2,0,1.058587624297461,0.3026499179504812,1.0,5,True
BC-Jackson2020,clinical_type,HR+HER2+,c-erbB-2 - Her2,1,0.9967021215802466,0.269419465708254,1.0,5,True
BC-Jackson2020,clinical_type,HR+HER2+,c-erbB-2 - Her2,2,1.0314759289010982,0.44211151494085515,1.0,5,True
BC-Jackson2020,clinical_type,HR+HER2+,cleaved PARP,0,-0.6389503715656881,0.4618528297961237,1.0,5,True
BC-Jackson2020,clinical_type,HR+HER2+,cleaved PARP,1,-0.5556283696687567,0.30223475348065426,1.0,5,True
BC-Jackson2020,clinical_type,HR+HER2+,cleaved PARP,2,-0.6645654901336107,0.3414227190540756,1.0,5,True
BC-Jackson2020,clinical_type,HR+HER2+,p53,0,0.10745561016522771,0.4110378162294693,0.6,5,True
BC-Jackson2020,clinical_type,HR+HER2+,p53,1,-0.0709789603036474,0.19439013479046452,0.4,5,False
BC-Jackson2020,clinical_type,HR+HER2+,p53,2,0.0,0.0,0.0,5,False
BC-Jackson2020,clinical_type,HR+HER2+,pan Cytokeratin,0,-0.029875980987839536,0.06680472438330051,0.2,5,False
BC-Jackson2020,clinical_type,HR+HER2+,pan Cytokeratin,1,0.0,0.0,0.0,5,False
BC-Jackson2020,clinical_type,HR+HER2+,pan Cytokeratin,2,-0.04495702046629983,0.1005269538284957,0.2,5,False
BC-Jackson2020,clinical_type,HR+HER2+,phospho-Histone,0,-0.09690926004527965,0.16804490618987647,0.4,5,False
BC-Jackson2020,clinical_type,HR+HER2+,phospho-Histone,1,-0.1036590922749117,0.14199981427526626,0.4,5,False
BC-Jackson2020,clinical_type,HR+HER2+,phospho-Histone,2,-0.2532957475087132,0.43651460663174935,0.4,5,False
BC-Jackson2020,clinical_type,HR+HER2+,phospho-S6,0,-0.08593386457437073,0.06855977630265625,0.8,5,True
BC-Jackson2020,clinical_type,HR+HER2+,phospho-S6,1,-0.08936777429140716,0.18834457640517777,0.4,5,False
BC-Jackson2020,clinical_type,HR+HER2+,phospho-S6,2,-0.011467590588921633,0.08928581163524218,0.8,5,True
BC-Jackson2020,clinical_type,HR+HER2+,phospho-mTOR,0,0.863954897831521,0.1353848891320855,1.0,5,True
BC-Jackson2020,clinical_type,HR+HER2+,phospho-mTOR,1,0.8007630756316054,0.2427408724879471,1.0,5,True
BC-Jackson2020,clinical_type,HR+HER2+,phospho-mTOR,2,0.7944922255865686,0.1459043592918566,1.0,5,True
BC-Jackson2020,clinical_type,HR+HER2+,vWF,0,-0.1762955422186999,0.12735417124185197,1.0,5,True
BC-Jackson2020,clinical_type,HR+HER2+,vWF,1,-0.24735430957844612,0.3953237858787978,0.6,5,True
BC-Jackson2020,clinical_type,HR+HER2+,vWF,2,-0.22216612417456125,0.306085466802588,0.4,5,False
BC-Jackson2020,clinical_type,HR+HER2-,CD20,0,-0.07282291406056639,0.28167513658487375,0.8,5,True
BC-Jackson2020,clinical_type,HR+HER2-,CD20,1,-0.08209587879605904,0.19167158200629555,0.6,5,True
BC-Jackson2020,clinical_type,HR+HER2-,CD20,2,0.024791291256843612,0.2743901103466024,0.6,5,True
BC-Jackson2020,clinical_type,HR+HER2-,CD3,0,-0.4250461940584665,0.274403396127884,0.8,5,True
BC-Jackson2020,clinical_type,HR+HER2-,CD3,1,-0.38563999268585974,0.113229059396749,1.0,5,True
BC-Jackson2020,clinical_type,HR+HER2-,CD3,2,-0.4321214413950205,0.19871499313826804,1.0,5,True
BC-Jackson2020,clinical_type,HR+HER2-,CD44,0,0.20193878024015968,0.16770644009168248,0.8,5,True
BC-Jackson2020,clinical_type,HR+HER2-,CD44,1,0.17992050946581803,0.11638074351871401,1.0,5,True
BC-Jackson2020,clinical_type,HR+HER2-,CD44,2,0.2041123964807614,0.11642643347622066,1.0,5,True
BC-Jackson2020,clinical_type,HR+HER2-,CD45,0,0.0475806967552142,0.09442877727431681,0.4,5,False
BC-Jackson2020,clinical_type,HR+HER2-,CD45,1,0.09195358161928827,0.1273067137578725,0.8,5,True
BC-Jackson2020,clinical_type,HR+HER2-,CD45,2,0.017944903318039003,0.04012602366879674,0.2,5,False
BC-Jackson2020,clinical_type,HR+HER2-,CD68,0,3.530029240585322e-05,7.893385344510739e-05,0.2,5,False
BC-Jackson2020,clinical_type,HR+HER2-,CD68,1,-0.018828534115288464,0.06979076651932108,0.4,5,False
BC-Jackson2020,clinical_type,HR+HER2-,CD68,2,0.0,0.0,0.0,5,False
BC-Jackson2020,clinical_type,HR+HER2-,Carbonic Anhydrase IX,0,-0.1668696828672056,0.13796021864923874,0.8,5,True
BC-Jackson2020,clinical_type,HR+HER2-,Carbonic Anhydrase IX,1,-0.1493122250318668,0.1434093250796894,0.8,5,True
BC-Jackson2020,clinical_type,HR+HER2-,Carbonic Anhydrase IX,2,-0.15918363565012458,0.14599714903433075,0.8,5,True
BC-Jackson2020,clinical_type,HR+HER2-,Cytokeratin 19,0,0.3106085463881209,0.24362418189523735,0.8,5,True
BC-Jackson2020,clinical_type,HR+HER2-,Cytokeratin 19,1,0.36484451630414744,0.25139809984624895,0.8,5,True
BC-Jackson2020,clinical_type,HR+HER2-,Cytokeratin 19,2,0.3655327961142878,0.3037917308021386,1.0,5,True
BC-Jackson2020,clinical_type,HR+HER2-,Cytokeratin 5,0,-0.010437429745143244,0.015141178130390703,0.6,5,True
BC-Jackson2020,clinical_type,HR+HER2-,Cytokeratin 5,1,-0.018607080968542005,0.0416064685760107,0.4,5,False
BC-Jackson2020,clinical_type,HR+HER2-,Cytokeratin 5,2,-0.019202347569447685,0.03626593649593325,0.6,5,True
BC-Jackson2020,clinical_type,HR+HER2-,Cytokeratin 7,0,0.07685279364594746,0.10090334994643495,0.6,5,True
BC-Jackson2020,clinical_type,HR+HER2-,Cytokeratin 7,1,0.023361619720711064,0.033195037867308146,0.4,5,False
BC-Jackson2020,clinical_type,HR+HER2-,Cytokeratin 7,2,0.0677967514100548,0.12920867528044402,0.4,5,False
BC-Jackson2020,clinical_type,HR+HER2-,Cytokeratin 8/18,0,0.08151474226199326,0.31885483150467575,0.6,5,True
BC-Jackson2020,clinical_type,HR+HER2-,Cytokeratin 8/18,1,0.071774414634124,0.16049247016715695,0.2,5,False
BC-Jackson2020,clinical_type,HR+HER2-,Cytokeratin 8/18,2,0.025867965283531257,0.041748711697114506,0.4,5,False
BC-Jackson2020,clinical_type,HR+HER2-,DNA1,0,-1.879974678540305e-05,4.2037511771944366e-05,0.2,5,False
BC-Jackson2020,clinical_type,HR+HER2-,DNA1,1,0.0,0.0,0.0,5,False
BC-Jackson2020,clinical_type,HR+HER2-,DNA1,2,-0.02502054746255582,0.07879080702778014,0.4,5,False
BC-Jackson2020,clinical_type,HR+HER2-,EGFR,0,0.0,0.0,0.0,5,False
BC-Jackson2020,clinical_type,HR+HER2-,EGFR,1,0.015089136344321524,0.0337403345876656,0.2,5,False
BC-Jackson2020,clinical_type,HR+HER2-,EGFR,2,0.00868557341832235,0.05085431033215326,0.4,5,False
BC-Jackson2020,clinical_type,HR+HER2-,Ecadherin,0,0.19905676417947066,0.2162702010335292,0.8,5,True
BC-Jackson2020,clinical_type,HR+HER2-,Ecadherin,1,0.11657934047091692,0.11376434326640152,0.6,5,True
BC-Jackson2020,clinical_type,HR+HER2-,Ecadherin,2,0.1267640228806664,0.10658415050676098,0.8,5,True
BC-Jackson2020,clinical_type,HR+HER2-,Estrogen,0,0.5051743496385297,0.19003750677009432,1.0,5,True
BC-Jackson2020,clinical_type,HR+HER2-,Estrogen,1,0.47683308625321297,0.2979720317942252,1.0,5,True
BC-Jackson2020,clinical_type,HR+HER2-,Estrogen,2,0.4328970544245604,0.27168985318942124,1.0,5,True
BC-Jackson2020,clinical_type,HR+HER2-,Fibronectin,0,0.07411469658880485,0.1156521895508579,0.6,5,True
BC-Jackson2020,clinical_type,HR+HER2-,Fibronectin,1,0.0953062264935515,0.0929712121841225,0.8,5,True
BC-Jackson2020,clinical_type,HR+HER2-,Fibronectin,2,0.10798975675301743,0.0973775926058293,0.8,5,True
BC-Jackson2020,clinical_type,HR+HER2-,GATA3,0,0.8618829497828093,0.20444210889061334,1.0,5,True
BC-Jackson2020,clinical_type,HR+HER2-,GATA3,1,0.7765321482752735,0.36266435952828574,1.0,5,True
BC-Jackson2020,clinical_type,HR+HER2-,GATA3,2,0.7856685401366106,0.2524305837286581,1.0,5,True
BC-Jackson2020,clinical_type,HR+HER2-,Histone H3,0,-0.0030738467294741363,0.06820282199799295,0.4,5,False
BC-Jackson2020,clinical_type,HR+HER2-,Histone H3,1,-4.480349884200497e-05,0.00010018366904055623,0.2,5,False
BC-Jackson2020,clinical_type,HR+HER2-,Histone H3,2,0.0013519674108646506,0.07741458532803229,0.8,5,True
BC-Jackson2020,clinical_type,HR+HER2-,Keratin 14 (KRT14),0,0.02989854415464887,0.05701413707551542,0.4,5,False
BC-Jackson2020,clinical_type,HR+HER2-,Keratin 14 (KRT14),1,0.02497391882641562,0.03654260211414535,0.4,5,False
BC-Jackson2020,clinical_type,HR+HER2-,Keratin 14 (KRT14),2,0.0,0.0,0.0,5,False
BC-Jackson2020,clinical_type,HR+HER2-,Ki-67,0,-0.263138144371303,0.16398181724970873,0.8,5,True
BC-Jackson2020,clinical_type,HR+HER2-,Ki-67,1,-0.2604886197089672,0.2239752718931817,1.0,5,True
BC-Jackson2020,clinical_type,HR+HER2-,Ki-67,2,-0.24830403343734037,0.15995779417192152,1.0,5,True
BC-Jackson2020,clinical_type,HR+HER2-,Progesterone Receptor A/B,0,0.8924161766577632,0.46814690244399787,1.0,5,True
BC-Jackson2020,clinical_type,HR+HER2-,Progesterone Receptor A/B,1,0.9048120754080061,0.32616651578072875,1.0,5,True
BC-Jackson2020,clinical_type,HR+HER2-,Progesterone Receptor A/B,2,0.8353530892967196,0.37133904508848364,1.0,5,True
BC-Jackson2020,clinical_type,HR+HER2-,SMA,0,-0.10996010513071652,0.19138321677516296,0.4,5,False
BC-Jackson2020,clinical_type,HR+HER2-,SMA,1,-0.08708001833502725,0.09789704438482903,0.6,5,True
BC-Jackson2020,clinical_type,HR+HER2-,SMA,2,-0.09317345171905385,0.057773042515432686,1.0,5,True
BC-Jackson2020,clinical_type,HR+HER2-,Slug,0,0.143576207555963,0.1305206274056247,0.8,5,True
BC-Jackson2020,clinical_type,HR+HER2-,Slug,1,0.10235226095776459,0.12407852360974515,0.6,5,True
BC-Jackson2020,clinical_type,HR+HER2-,Slug,2,0.1320696750478662,0.15534478373505925,0.6,5,True
BC-Jackson2020,clinical_type,HR+HER2-,Twist,0,0.20984232432585373,0.37713729654272277,0.4,5,False
BC-Jackson2020,clinical_type,HR+HER2-,Twist,1,0.18291220796495702,0.2084020397066066,0.8,5,True
BC-Jackson2020,clinical_type,HR+HER2-,Twist,2,0.20876776046089537,0.19679695131387664,0.6,5,True
BC-Jackson2020,clinical_type,HR+HER2-,Vimentin,0,-0.30275017069270443,0.12483266896423162,1.0,5,True
BC-Jackson2020,clinical_type,HR+HER2-,Vimentin,1,-0.303149304299153,0.07293739947926725,1.0,5,True
BC-Jackson2020,clinical_type,HR+HER2-,Vimentin,2,-0.35564854855052913,0.17642680699789548,1.0,5,True
BC-Jackson2020,clinical_type,HR+HER2-,c-Myc,0,0.20324972798610572,0.17290054007176425,1.0,5,True
BC-Jackson2020,clinical_type,HR+HER2-,c-Myc,1,0.2067264143404986,0.12728689032090132,1.0,5,True
BC-Jackson2020,clinical_type,HR+HER2-,c-Myc,2,0.2471346920037262,0.11850153651079397,1.0,5,True
BC-Jackson2020,clinical_type,HR+HER2-,c-erbB-2 - Her2,0,-1.0161947624671772,0.08720301870354971,1.0,5,True
BC-Jackson2020,clinical_type,HR+HER2-,c-erbB-2 - Her2,1,-0.9967161133505089,0.14340443898514105,1.0,5,True
BC-Jackson2020,clinical_type,HR+HER2-,c-erbB-2 - Her2,2,-1.0039559787479977,0.017817993690193976,1.0,5,True
BC-Jackson2020,clinical_type,HR+HER2-,cleaved PARP,0,-0.022584721429387354,0.042006287229187776,0.6,5,True
BC-Jackson2020,clinical_type,HR+HER2-,cleaved PARP,1,-0.009007477779191683,0.02985549488691714,0.6,5,True
BC-Jackson2020,clinical_type,HR+HER2-,cleaved PARP,2,-0.07814324849120913,0.16610956048606468,0.6,5,True
BC-Jackson2020,clinical_type,HR+HER2-,p53,0,-0.5779458809416618,0.4144027683278298,1.0,5,True
BC-Jackson2020,clinical_type,HR+HER2-,p53,1,-0.6737546988931051,0.4806363829289095,1.0,5,True
BC-Jackson2020,clinical_type,HR+HER2-,p53,2,-0.6467540911422056,0.20184978548717958,1.0,5,True
BC-Jackson2020,clinical_type,HR+HER2-,pan Cytokeratin,0,-0.4626585143371894,0.35764305009633973,0.8,5,True
BC-Jackson2020,clinical_type,HR+HER2-,pan Cytokeratin,1,-0.479205735523644,0.3201958734206041,1.0,5,True
BC-Jackson2020,clinical_type,HR+HER2-,pan Cytokeratin,2,-0.4012985490646144,0.23667196421887138,1.0,5,True
BC-Jackson2020,clinical_type,HR+HER2-,phospho-Histone,0,0.06484348853543323,0.10058950061355633,0.6,5,True
BC-Jackson2020,clinical_type,HR+HER2-,phospho-Histone,1,0.01339332744053857,0.015122565744384161,0.6,5,True
BC-Jackson2020,clinical_type,HR+HER2-,phospho-Histone,2,0.021332466725767243,0.03749362345238324,0.4,5,False
BC-Jackson2020,clinical_type,HR+HER2-,phospho-S6,0,0.22519279367039288,0.14350900514266793,1.0,5,True
BC-Jackson2020,clinical_type,HR+HER2-,phospho-S6,1,0.22894523963478286,0.15978012059678975,0.8,5,True
BC-Jackson2020,clinical_type,HR+HER2-,phospho-S6,2,0.23847607083547268,0.1964026213471141,1.0,5,True
BC-Jackson2020,clinical_type,HR+HER2-,phospho-mTOR,0,-0.14679459691273883,0.14291715342441938,0.8,5,True
BC-Jackson2020,clinical_type,HR+HER2-,phospho-mTOR,1,-0.1583430329983669,0.11580700910474441,1.0,5,True
BC-Jackson2020,clinical_type,HR+HER2-,phospho-mTOR,2,-0.23073284334345115,0.19678466501417807,0.8,5,True
BC-Jackson2020,clinical_type,HR+HER2-,vWF,0,-0.04500009651861283,0.0456607525164419,0.6,5,True
BC-Jackson2020,clinical_type,HR+HER2-,vWF,1,-0.09037685145456113,0.13888734983657613,0.6,5,True
BC-Jackson2020,clinical_type,HR+HER2-,vWF,2,-0.05462462406647802,0.09460662302320465,0.6,5,True
BC-Jackson2020,clinical_type,HR-HER2+,CD20,0,-0.13365245593376607,0.20285259132949104,0.4,5,False
BC-Jackson2020,clinical_type,HR-HER2+,CD20,1,-0.1397726179192682,0.19190426188927984,0.6,5,True
BC-Jackson2020,clinical_type,HR-HER2+,CD20,2,-0.21844345909178994,0.4833356754502325,0.4,5,False
BC-Jackson2020,clinical_type,HR-HER2+,CD3,0,0.6175597139549728,0.11593922061229554,1.0,5,True
BC-Jackson2020,clinical_type,HR-HER2+,CD3,1,0.5477341868336592,0.3507177518330651,0.8,5,True
BC-Jackson2020,clinical_type,HR-HER2+,CD3,2,0.6499481369418919,0.11288830024821697,1.0,5,True
BC-Jackson2020,clinical_type,HR-HER2+,CD44,0,-0.41925656486854024,0.46406568309995755,1.0,5,True
BC-Jackson2020,clinical_type,HR-HER2+,CD44,1,-0.40249816279063266,0.2704610188011804,0.8,5,True
BC-Jackson2020,clinical_type,HR-HER2+,CD44,2,-0.3255732337777431,0.3114206510141944,0.8,5,True
BC-Jackson2020,clinical_type,HR-HER2+,CD45,0,0.0,0.0,0.0,5,False
BC-Jackson2020,clinical_type,HR-HER2+,CD45,1,0.048998554311706966,0.0907527539291981,0.6,5,True
BC-Jackson2020,clinical_type,HR-HER2+,CD45,2,0.0017258188946450777,0.003859048365279941,0.2,5,False
BC-Jackson2020,clinical_type,HR-HER2+,CD68,0,-0.005270210577337605,0.011784549106665296,0.2,5,False
BC-Jackson2020,clinical_type,HR-HER2+,CD68,1,-0.026514435355750765,0.05037046844821557,0.6,5,True
BC-Jackson2020,clinical_type,HR-HER2+,CD68,2,-0.13154525629959052,0.22889858060659968,0.6,5,True
BC-Jackson2020,clinical_type,HR-HER2+,Carbonic Anhydrase IX,0,0.35716257358449405,0.21454624471726275,1.0,5,True
BC-Jackson2020,clinical_type,HR-HER2+,Carbonic Anhydrase IX,1,0.38654388331881395,0.08948368444957261,1.0,5,True
BC-Jackson2020,clinical_type,HR-HER2+,Carbonic Anhydrase IX,2,0.3540305129809115,0.20105522651396832,0.8,5,True
BC-Jackson2020,clinical_type,HR-HER2+,Cytokeratin 19,0,0.008375656395796235,0.3113353323225135,0.6,5,True
BC-Jackson2020,clinical_type,HR-HER2+,Cytokeratin 19,1,-0.011795313148500127,0.02750448796302005,0.6,5,True
BC-Jackson2020,clinical_type,HR-HER2+,Cytokeratin 19,2,-0.07269503913683796,0.10230268834609392,0.6,5,True
BC-Jackson2020,clinical_type,HR-HER2+,Cytokeratin 5,0,0.11255549025614116,0.1845010368058067,0.4,5,False
BC-Jackson2020,clinical_type,HR-HER2+,Cytokeratin 5,1,0.052114620160721326,0.09307569265257551,0.4,5,False
BC-Jackson2020,clinical_type,HR-HER2+,Cytokeratin 5,2,-0.05528494182545709,0.4377441486539352,0.8,5,True
BC-Jackson2020,clinical_type,HR-HER2+,Cytokeratin 7,0,0.6850055878075594,0.21476315088107784,1.0,5,True
BC-Jackson2020,clinical_type,HR-HER2+,Cytokeratin 7,1,0.6568921912263629,0.3530085964168734,1.0,5,True
BC-Jackson2020,clinical_type,HR-HER2+,Cytokeratin 7,2,0.732444229261277,0.3618088800933919,1.0,5,True
BC-Jackson2020,clinical_type,HR-HER2+,Cytokeratin 8/18,0,-0.26067314534077773,0.34490628148924724,1.0,5,True
BC-Jackson2020,clinical_type,HR-HER2+,Cytokeratin 8/18,1,-0.33888560116614697,0.2622972375122577,1.0,5,True
BC-Jackson2020,clinical_type,HR-HER2+,Cytokeratin 8/18,2,-0.3879475867868305,0.5421634017160176,0.8,5,True
BC-Jackson2020,clinical_type,HR-HER2+,DNA1,0,-0.42319675821522784,0.12070308432936215,1.0,5,True
BC-Jackson2020,clinical_type,HR-HER2+,DNA1,1,-0.353146490414877,0.15739115628554615,1.0,5,True
BC-Jackson2020,clinical_type,HR-HER2+,DNA1,2,-0.3889658512053756,0.2243507031279015,1.0,5,True
BC-Jackson2020,clinical_type,HR-HER2+,EGFR,0,-0.8090106744776844,0.30438119790197127,1.0,5,True
BC-Jackson2020,clinical_type,HR-HER2+,EGFR,1,-0.8159848452213717,0.47179573521249557,1.0,5,True
BC-Jackson2020,clinical_type,HR-HER2+,EGFR,2,-0.8056664736327847,0.20140722905723385,1.0,5,True
BC-Jackson2020,clinical_type,HR-HER2+,Ecadherin,0,0.3687879731703303,0.4518197887309491,0.8,5,True
BC-Jackson2020,clinical_type,HR-HER2+,Ecadherin,1,0.2849843941825153,0.2958773354071279,0.6,5,True
BC-Jackson2020,clinical_type,HR-HER2+,Ecadherin,2,0.27567856922050626,0.2549044124841724,0.6,5,True
BC-Jackson2020,clinical_type,HR-HER2+,Estrogen,0,-0.6492090900407288,0.3893846829395377,0.8,5,True
BC-Jackson2020,clinical_type,HR-HER2+,Estrogen,1,-0.7903347899870804,0.46266868078814527,1.0,5,True
BC-Jackson2020,clinical_type,HR-HER2+,Estrogen,2,-0.6891661158940876,0.5674824008606836,1.0,5,True
BC-Jackson2020,clinical_type,HR-HER2+,Fibronectin,0,-0.16556281721046015,0.26244290116448565,0.6,5,True
BC-Jackson2020,clinical_type,HR-HER2+,Fibronectin,1,-0.11736047711551098,0.08916421352893061,1.0,5,True
BC-Jackson2020,clinical_type,HR-HER2+,Fibronectin,2,-0.20634931973106943,0.1339223032315792,0.8,5,True
BC-Jackson2020,clinical_type,HR-HER2+,GATA3,0,-0.3866440627829453,0.3891250101664207,1.0,5,True
BC-Jackson2020,clinical_type,HR-HER2+,GATA3,1,-0.34358468948834886,0.29707966595845636,0.8,5,True
BC-Jackson2020,clinical_type,HR-HER2+,GATA3,2,-0.4060710715896647,0.37508849275660777,0.8,5,True
BC-Jackson2020,clinical_type,HR-HER2+,Histone H3,0,-0.12471113724042086,0.1716206168973221,0.4,5,False
BC-Jackson2020,clinical_type,HR-HER2+,Histone H3,1,-0.1333247178637325,0.2981231322242865,0.2,5,False
BC-Jackson2020,clinical_type,HR-HER2+,Histone H3,2,-0.20470371529327225,0.28762627250324313,0.4,5,False
BC-Jackson2020,clinical_type,HR-HER2+,Keratin 14 (KRT14),0,0.13540594333740036,0.09667257064238444,1.0,5,True
BC-Jackson2020,clinical_type,HR-HER2+,Keratin 14 (KRT14),1,0.1753484571888943,0.1867356141828022,0.6,5,True
BC-Jackson2020,clinical_type,HR-HER2+,Keratin 14 (KRT14),2,0.18677852233988168,0.25926188670306927,0.8,5,True
BC-Jackson2020,clinical_type,HR-HER2+,Ki-67,0,0.32869735962921387,0.13675050593217478,1.0,5,True
BC-Jackson2020,clinical_type,HR-HER2+,Ki-67,1,0.2536538453791655,0.1748006695926251,1.0,5,True
BC-Jackson2020,clinical_type,HR-HER2+,Ki-67,2,0.2567789477795725,0.16824763330427966,1.0,5,True
BC-Jackson2020,clinical_type,HR-HER2+,Progesterone Receptor A/B,0,-1.3266657588230177,0.5615816571035396,1.0,5,True
BC-Jackson2020,clinical_type,HR-HER2+,Progesterone Receptor A/B,1,-1.3611990494106694,1.0637323474003777,0.8,5,True
BC-Jackson2020,clinical_type,HR-HER2+,Progesterone Receptor A/B,2,-1.5477145099335623,0.9363596252645687,1.0,5,True
BC-Jackson2020,clinical_type,HR-HER2+,SMA,0,0.013260108496926933,0.19482668719980306,0.6,5,True
BC-Jackson2020,clinical_type,HR-HER2+,SMA,1,-0.017476743209584377,0.16571250995535025,0.4,5,False
BC-Jackson2020,clinical_type,HR-HER2+,SMA,2,-0.013407472340520537,0.19117905464513757,1.0,5,True
BC-Jackson2020,clinical_type,HR-HER2+,Slug,0,-0.6674401034871541,0.2286359576946758,1.0,5,True
BC-Jackson2020,clinical_type,HR-HER2+,Slug,1,-0.7233852314487058,0.5176615122430512,1.0,5,True
BC-Jackson2020,clinical_type,HR-HER2+,Slug,2,-0.6215635520656285,0.4637647086861613,1.0,5,True
BC-Jackson2020,clinical_type,HR-HER2+,Twist,0,0.14039548157649767,0.14694178091627638,0.6,5,True
BC-Jackson2020,clinical_type,HR-HER2+,Twist,1,0.19600856421554158,0.31490559905991294,0.4,5,False
BC-Jackson2020,clinical_type,HR-HER2+,Twist,2,0.22982038903024476,0.2512755608575498,0.6,5,True
BC-Jackson2020,clinical_type,HR-HER2+,Vimentin,0,0.3029209210038323,0.20876906765388506,1.0,5,True
BC-Jackson2020,clinical_type,HR-HER2+,Vimentin,1,0.26314937889666085,0.06902466311808315,1.0,5,True
BC-Jackson2020,clinical_type,HR-HER2+,Vimentin,2,0.24137127670557118,0.2598924832362678,0.6,5,True
BC-Jackson2020,clinical_type,HR-HER2+,c-Myc,0,-0.19073069258513725,0.1369815953674135,0.8,5,True
BC-Jackson2020,clinical_type,HR-HER2+,c-Myc,1,-0.1969540863016023,0.15547427126030766,0.8,5,True
BC-Jackson2020,clinical_type,HR-HER2+,c-Myc,2,-0.1662549980870514,0.18124924294517733,0.6,5,True
BC-Jackson2020,clinical_type,HR-HER2+,c-erbB-2 - Her2,0,0.9117343266144994,0.105320947231368,1.0,5,True
BC-Jackson2020,clinical_type,HR-HER2+,c-erbB-2 - Her2,1,0.951933822597373,0.2880275089860043,1.0,5,True
BC-Jackson2020,clinical_type,HR-HER2+,c-erbB-2 - Her2,2,0.8896031454098339,0.30398575710529835,1.0,5,True
BC-Jackson2020,clinical_type,HR-HER2+,cleaved PARP,0,0.13964854606882807,0.2604295253865518,0.6,5,True
BC-Jackson2020,clinical_type,HR-HER2+,cleaved PARP,1,0.14600671102537258,0.22675467365384872,0.8,5,True
BC-Jackson2020,clinical_type,HR-HER2+,cleaved PARP,2,0.12287484006369045,0.19012124211116413,0.8,5,True
BC-Jackson2020,clinical_type,HR-HER2+,p53,0,0.15107999319632778,0.16139343971735942,0.6,5,True
BC-Jackson2020,clinical_type,HR-HER2+,p53,1,0.07051320695665429,0.10395588845903385,0.4,5,False
BC-Jackson2020,clinical_type,HR-HER2+,p53,2,0.06539189210326575,0.13603565360625086,0.4,5,False
BC-Jackson2020,clinical_type,HR-HER2+,pan Cytokeratin,0,-0.03058494723705115,0.10636397273342582,0.6,5,True
BC-Jackson2020,clinical_type,HR-HER2+,pan Cytokeratin,1,0.0,0.0,0.0,5,False
BC-Jackson2020,clinical_type,HR-HER2+,pan Cytokeratin,2,0.14192435210795074,0.31735249897599344,0.2,5,False
BC-Jackson2020,clinical_type,HR-HER2+,phospho-Histone,0,0.07833940426315508,0.10825346276052984,0.4,5,False
BC-Jackson2020,clinical_type,HR-HER2+,phospho-Histone,1,0.05564529270901371,0.4847830434504459,0.6,5,True
BC-Jackson2020,clinical_type,HR-HER2+,phospho-Histone,2,0.050098880541093106,0.15716310446147627,0.4,5,False
BC-Jackson2020,clinical_type,HR-HER2+,phospho-S6,0,-0.24864073196254205,0.27590354544600487,1.0,5,True
BC-Jackson2020,clinical_type,HR-HER2+,phospho-S6,1,-0.2574795897713488,0.15528251361046716,0.8,5,True
BC-Jackson2020,clinical_type,HR-HER2+,phospho-S6,2,-0.22609659945894084,0.207829964643317,0.8,5,True
BC-Jackson2020,clinical_type,HR-HER2+,phospho-mTOR,0,0.1709406517537809,0.16080988829662407,1.0,5,True
BC-Jackson2020,clinical_type,HR-HER2+,phospho-mTOR,1,0.18764200922515295,0.20578553000027183,1.0,5,True
BC-Jackson2020,clinical_type,HR-HER2+,phospho-mTOR,2,0.28104558428590465,0.23504360597835997,0.8,5,True
BC-Jackson2020,clinical_type,HR-HER2+,vWF,0,0.1524143983838469,0.22627087587838507,0.6,5,True
BC-Jackson2020,clinical_type,HR-HER2+,vWF,1,0.12846410336901132,0.1793778096333181,0.4,5,False
BC-Jackson2020,clinical_type,HR-HER2+,vWF,2,0.18232779169663205,0.20078286990354724,0.6,5,True
BC-Jackson2020,clinical_type,TripleNeg,CD20,0,-0.19931749036210006,0.21521954332997287,0.8,5,True
BC-Jackson2020,clinical_type,TripleNeg,CD20,1,-0.1585880783906577,0.14002889074512598,0.8,5,True
BC-Jackson2020,clinical_type,TripleNeg,CD20,2,-0.2175297158576765,0.14260705913244387,0.8,5,True
BC-Jackson2020,clinical_type,TripleNeg,CD3,0,-0.02649902024283679,0.059253610600126044,0.2,5,False
BC-Jackson2020,clinical_type,TripleNeg,CD3,1,-0.037404832309858284,0.0868262536556583,0.6,5,True
BC-Jackson2020,clinical_type,TripleNeg,CD3,2,-0.033570100599183486,0.046280839799014234,0.4,5,False
BC-Jackson2020,clinical_type,TripleNeg,CD44,0,-0.09416537229294204,0.17430037028232193,0.8,5,True
BC-Jackson2020,clinical_type,TripleNeg,CD44,1,-0.04289174047475636,0.07112398132953153,0.6,5,True
BC-Jackson2020,clinical_type,TripleNeg,CD44,2,-0.01574492922994066,0.0352063851578042,0.4,5,False
BC-Jackson2020,clinical_type,TripleNeg,CD45,0,0.042598998674234376,0.09525425680901149,0.2,5,False
BC-Jackson2020,clinical_type,TripleNeg,CD45,1,0.12458818308757462,0.0971858972042644,0.8,5,True
BC-Jackson2020,clinical_type,TripleNeg,CD45,2,0.065925526971716,0.09539449425040022,0.4,5,False
BC-Jackson2020,clinical_type,TripleNeg,CD68,0,0.4154926067021921,0.18326102043453504,1.0,5,True
BC-Jackson2020,clinical_type,TripleNeg,CD68,1,0.36901515828077514,0.16011083521782882,1.0,5,True
BC-Jackson2020,clinical_type,TripleNeg,CD68,2,0.31883374107938034,0.1968446364057047,0.8,5,True
BC-Jackson2020,clinical_type,TripleNeg,Carbonic Anhydrase IX,0,0.021292342544039413,0.026301141321488683,0.6,5,True
BC-Jackson2020,clinical_type,TripleNeg,Carbonic Anhydrase IX,1,0.02153511373667278,0.028573129474287053,0.6,5,True
BC-Jackson2020,clinical_type,TripleNeg,Carbonic Anhydrase IX,2,0.027374192193352798,0.050760224752201655,0.6,5,True
BC-Jackson2020,clinical_type,TripleNeg,Cytokeratin 19,0,0.057728368835803255,0.143203718119993,0.6,5,True
BC-Jackson2020,clinical_type,TripleNeg,Cytokeratin 19,1,0.018510662507613945,0.0413910996755815,0.2,5,False
BC-Jackson2020,clinical_type,TripleNeg,Cytokeratin 19,2,0.07188292814043139,0.10034714156970696,0.6,5,True
BC-Jackson2020,clinical_type,TripleNeg,Cytokeratin 5,0,0.22009464056012557,0.31645497380991605,0.6,5,True
BC-Jackson2020,clinical_type,TripleNeg,Cytokeratin 5,1,0.18357110119174425,0.3365204280632843,0.6,5,True
BC-Jackson2020,clinical_type,TripleNeg,Cytokeratin 5,2,0.23910864529689527,0.4234848057795886,0.6,5,True
BC-Jackson2020,clinical_type,TripleNeg,Cytokeratin 7,0,-0.031554907787238885,0.049343800399051854,0.4,5,False
BC-Jackson2020,clinical_type,TripleNeg,Cytokeratin 7,1,-0.036827887317548734,0.08234965950974135,0.2,5,False
BC-Jackson2020,clinical_type,TripleNeg,Cytokeratin 7,2,-0.1075865681762345,0.1501957190862387,0.6,5,True
BC-Jackson2020,clinical_type,TripleNeg,Cytokeratin 8/18,0,-0.20737815839006818,0.24784459659522018,0.6,5,True
BC-Jackson2020,clinical_type,TripleNeg,Cytokeratin 8/18,1,-0.207405813045518,0.3456079885158928,0.4,5,False
BC-Jackson2020,clinical_type,TripleNeg,Cytokeratin 8/18,2,-0.1460113074332059,0.29615424113116573,0.4,5,False
BC-Jackson2020,clinical_type,TripleNeg,DNA1,0,0.013915639186571727,0.01906283148542418,0.4,5,False
BC-Jackson2020,clinical_type,TripleNeg,DNA1,1,0.0,0.0,0.0,5,False
BC-Jackson2020,clinical_type,TripleNeg,DNA1,2,0.0016769733188948157,0.0037498263375022405,0.2,5,False
BC-Jackson2020,clinical_type,TripleNeg,EGFR,0,1.2527111262272992,0.41618834292214046,1.0,5,True
BC-Jackson2020,clinical_type,TripleNeg,EGFR,1,1.168297719683331,0.2831659530451936,1.0,5,True
BC-Jackson2020,clinical_type,TripleNeg,EGFR,2,1.133505251739978,0.2833864462613018,1.0,5,True
BC-Jackson2020,clinical_type,TripleNeg,Ecadherin,0,-0.041275371460580926,0.0409735983091585,0.8,5,True
BC-Jackson2020,clinical_type,TripleNeg,Ecadherin,1,-0.126362653203336,0.18773948058345266,0.4,5,False
BC-Jackson2020,clinical_type,TripleNeg,Ecadherin,2,-0.11188676733312934,0.1323144143822099,0.8,5,True
BC-Jackson2020,clinical_type,TripleNeg,Estrogen,0,0.5241879995463864,0.19828370891838434,1.0,5,True
BC-Jackson2020,clinical_type,TripleNeg,Estrogen,1,0.583767310429942,0.2266314007041762,1.0,5,True
BC-Jackson2020,clinical_type,TripleNeg,Estrogen,2,0.49206821087873687,0.3836739216972633,1.0,5,True
BC-Jackson2020,clinical_type,TripleNeg,Fibronectin,0,-0.3214798893314619,0.20182689034383264,1.0,5,True
BC-Jackson2020,clinical_type,TripleNeg,Fibronectin,1,-0.31101769026435155,0.12659378614795624,1.0,5,True
BC-Jackson2020,clinical_type,TripleNeg,Fibronectin,2,-0.27943958156028914,0.13728848112039183,1.0,5,True
BC-Jackson2020,clinical_type,TripleNeg,GATA3,0,-0.4207689991707671,0.3772651503892372,0.8,5,True
BC-Jackson2020,clinical_type,TripleNeg,GATA3,1,-0.4258650622784269,0.3937296352996639,0.8,5,True
BC-Jackson2020,clinical_type,TripleNeg,GATA3,2,-0.5021540705093692,0.6862212045255649,0.8,5,True
BC-Jackson2020,clinical_type,TripleNeg,Histone H3,0,-0.06523370263492542,0.08561486286692677,0.6,5,True
BC-Jackson2020,clinical_type,TripleNeg,Histone H3,1,-0.05137398660701,0.07985388456731206,1.0,5,True
BC-Jackson2020,clinical_type,TripleNeg,Histone H3,2,-0.05002806527638576,0.08265214180793025,0.6,5,True
BC-Jackson2020,clinical_type,TripleNeg,Keratin 14 (KRT14),0,-0.3734556201140486,0.4216021100535652,1.0,5,True
BC-Jackson2020,clinical_type,TripleNeg,Keratin 14 (KRT14),1,-0.37342332694889613,0.3941654004324283,1.0,5,True
BC-Jackson2020,clinical_type,TripleNeg,Keratin 14 (KRT14),2,-0.3854134887299496,0.4731488197702371,0.8,5,True
BC-Jackson2020,clinical_type,TripleNeg,Ki-67,0,0.6116843299395557,0.09906485655203305,1.0,5,True
BC-Jackson2020,clinical_type,TripleNeg,Ki-67,1,0.5732920051294019,0.10457405521154588,1.0,5,True
BC-Jackson2020,clinical_type,TripleNeg,Ki-67,2,0.5818385739442226,0.12837323486748242,1.0,5,True
BC-Jackson2020,clinical_type,TripleNeg,Progesterone Receptor A/B,0,0.28216666173988986,0.2836887899610012,0.6,5,True
BC-Jackson2020,clinical_type,TripleNeg,Progesterone Receptor A/B,1,0.11139852124781482,0.15733640315781855,0.6,5,True
BC-Jackson2020,clinical_type,TripleNeg,Progesterone Receptor A/B,2,0.06932256403839239,0.10519645952847018,0.4,5,False
BC-Jackson2020,clinical_type,TripleNeg,SMA,0,0.03818035869118798,0.11132380316548746,0.6,5,True
BC-Jackson2020,clinical_type,TripleNeg,SMA,1,0.11399643560790637,0.25863351174203186,0.8,5,True
BC-Jackson2020,clinical_type,TripleNeg,SMA,2,0.08343115653154273,0.09071655705662976,0.8,5,True
BC-Jackson2020,clinical_type,TripleNeg,Slug,0,-0.026491027673780383,0.05923573867240106,0.2,5,False
BC-Jackson2020,clinical_type,TripleNeg,Slug,1,-0.01607231078196949,0.035938779463986575,0.2,5,False
BC-Jackson2020,clinical_type,TripleNeg,Slug,2,-0.0005186046505336233,0.001159635252040704,0.2,5,False
BC-Jackson2020,clinical_type,TripleNeg,Twist,0,-0.7440305834932632,0.4490350736545195,0.8,5,True
BC-Jackson2020,clinical_type,TripleNeg,Twist,1,-0.8220929752191569,0.2582002552651668,1.0,5,True
BC-Jackson2020,clinical_type,TripleNeg,Twist,2,-0.8065662567955851,0.23959221962184293,1.0,5,True
BC-Jackson2020,clinical_type,TripleNeg,Vimentin,0,0.10912454773270726,0.14231354615893252,0.8,5,True
BC-Jackson2020,clinical_type,TripleNeg,Vimentin,1,0.09634357386149271,0.06398402492032945,0.8,5,True
BC-Jackson2020,clinical_type,TripleNeg,Vimentin,2,0.08761307479813962,0.11406992444474578,0.6,5,True
BC-Jackson2020,clinical_type,TripleNeg,c-Myc,0,0.0882272709705149,0.11202722081296951,0.6,5,True
BC-Jackson2020,clinical_type,TripleNeg,c-Myc,1,0.10777020478073315,0.14535483621506923,0.8,5,True
BC-Jackson2020,clinical_type,TripleNeg,c-Myc,2,0.1067317941690031,0.09629569075093065,0.8,5,True
BC-Jackson2020,clinical_type,TripleNeg,c-erbB-2 - Her2,0,-0.9526487859589245,0.3206346970261061,1.0,5,True
BC-Jackson2020,clinical_type,TripleNeg,c-erbB-2 - Her2,1,-0.9494268440389512,0.2698615566897811,1.0,5,True
BC-Jackson2020,clinical_type,TripleNeg,c-erbB-2 - Her2,2,-0.9124724943499707,0.2529176388569809,1.0,5,True
BC-Jackson2020,clinical_type,TripleNeg,cleaved PARP,0,0.44738961453477766,0.18873974424865786,1.0,5,True
BC-Jackson2020,clinical_type,TripleNeg,cleaved PARP,1,0.455872567078483,0.2379312176896761,1.0,5,True
BC-Jackson2020,clinical_type,TripleNeg,cleaved PARP,2,0.38205540740218247,0.3558443085247272,0.8,5,True
BC-Jackson2020,clinical_type,TripleNeg,p53,0,0.19056207305110723,0.18315228690801505,0.8,5,True
BC-Jackson2020,clinical_type,TripleNeg,p53,1,0.1115406071125927,0.19218315042619644,0.6,5,True
BC-Jackson2020,clinical_type,TripleNeg,p53,2,0.14084398943197468,0.14761536379143894,0.6,5,True
BC-Jackson2020,clinical_type,TripleNeg,pan Cytokeratin,0,0.25206234145472217,0.26142799295616376,0.6,5,True
BC-Jackson2020,clinical_type,TripleNeg,pan Cytokeratin,1,0.25911957059006335,0.2929996554384848,0.8,5,True
BC-Jackson2020,clinical_type,TripleNeg,pan Cytokeratin,2,0.268317086200378,0.18871059996375872,1.0,5,True
BC-Jackson2020,clinical_type,TripleNeg,phospho-Histone,0,-0.00479031477351329,0.010329515347508398,0.4,5,False
BC-Jackson2020,clinical_type,TripleNeg,phospho-Histone,1,-0.0034157821779062488,0.007637921146130652,0.2,5,False
BC-Jackson2020,clinical_type,TripleNeg,phospho-Histone,2,-0.0913612776698772,0.14984080847084583,0.4,5,False
BC-Jackson2020,clinical_type,TripleNeg,phospho-S6,0,0.033750316296503345,0.09486938047407295,0.8,5,True
BC-Jackson2020,clinical_type,TripleNeg,phospho-S6,1,0.0042721864629003126,0.009552899343599482,0.2,5,False
BC-Jackson2020,clinical_type,TripleNeg,phospho-S6,2,0.049885135962406714,0.10064979842616298,0.6,5,True
BC-Jackson2020,clinical_type,TripleNeg,phospho-mTOR,0,-0.8859844920654467,0.4315011094791723,1.0,5,True
BC-Jackson2020,clinical_type,TripleNeg,phospho-mTOR,1,-0.716379807440189,0.3401407132793238,1.0,5,True
BC-Jackson2020,clinical_type,TripleNeg,phospho-mTOR,2,-0.7480605064861359,0.1178300674149036,1.0,5,True
BC-Jackson2020,clinical_type,TripleNeg,vWF,0,0.20171880957334115,0.1892501446055529,0.8,5,True
BC-Jackson2020,clinical_type,TripleNeg,vWF,1,0.1394636440896879,0.06618273560262096,1.0,5,True
BC-Jackson2020,clinical_type,TripleNeg,vWF,2,0.1838269553843624,0.17065560293589555,0.8,5,True
BC-METABRIC-Ali2020,ER_status,1,Beta_catenin,0,-0.38130277458346107,0.43583491354983084,0.6,5,True
BC-METABRIC-Ali2020,ER_status,1,Beta_catenin,1,-0.36888165545889523,0.3749496237084231,1.0,5,True
BC-METABRIC-Ali2020,ER_status,1,Beta_catenin,2,-0.1963057807740846,0.4389530701870244,0.2,5,False
BC-METABRIC-Ali2020,ER_status,1,CAIX,0,-0.04143518060725317,0.05011160307287696,0.8,5,True
BC-METABRIC-Ali2020,ER_status,1,CAIX,1,-0.027008340090745358,0.0922541054773852,0.8,5,True
BC-METABRIC-Ali2020,ER_status,1,CAIX,2,-0.03917340308994769,0.08542468450904316,0.8,5,True
BC-METABRIC-Ali2020,ER_status,1,CD20,0,-0.2753761739031895,0.2956047420158631,0.8,5,True
BC-METABRIC-Ali2020,ER_status,1,CD20,1,-0.2375801530490178,0.13566991220850633,0.8,5,True
BC-METABRIC-Ali2020,ER_status,1,CD20,2,-0.27317788282160194,0.2659464682894242,0.8,5,True
BC-METABRIC-Ali2020,ER_status,1,CD3,0,1.124517355669641,0.49505577944531237,1.0,5,True
BC-METABRIC-Ali2020,ER_status,1,CD3,1,1.1174649031881017,0.3850356618358168,1.0,5,True
BC-METABRIC-Ali2020,ER_status,1,CD3,2,1.1342350656735392,0.18441100417353765,1.0,5,True
BC-METABRIC-Ali2020,ER_status,1,CD44,0,-1.037969382233663,0.3043586495513113,1.0,5,True
BC-METABRIC-Ali2020,ER_status,1,CD44,1,-1.0455340738061134,0.400991697348929,1.0,5,True
BC-METABRIC-Ali2020,ER_status,1,CD44,2,-1.0285195612775397,0.4361444854943874,1.0,5,True
BC-METABRIC-Ali2020,ER_status,1,CD45,0,-0.7107359129223781,0.4951797415418096,0.8,5,True
BC-METABRIC-Ali2020,ER_status,1,CD45,1,-0.7072560912432466,0.4319478956026255,0.8,5,True
BC-METABRIC-Ali2020,ER_status,1,CD45,2,-0.6928328887712328,0.4582935470627764,0.8,5,True
BC-METABRIC-Ali2020,ER_status,1,CD68,0,0.1624720100874506,0.16337045331571304,0.6,5,True
BC-METABRIC-Ali2020,ER_status,1,CD68,1,0.17628967367535547,0.15408467999465245,1.0,5,True
BC-METABRIC-Ali2020,ER_status,1,CD68,2,0.13439059734442083,0.07492881655507162,1.0,5,True
BC-METABRIC-Ali2020,ER_status,1,CK14,0,0.279668102730812,0.08579830607914654,1.0,5,True
BC-METABRIC-Ali2020,ER_status,1,CK14,1,0.29857512556744914,0.13282138963104673,1.0,5,True
BC-METABRIC-Ali2020,ER_status,1,CK14,2,0.31064110941638545,0.15853552624241987,1.0,5,True
BC-METABRIC-Ali2020,ER_status,1,CK19,0,1.1320820615598197,0.13134492747623233,1.0,5,True
BC-METABRIC-Ali2020,ER_status,1,CK19,1,1.0282823841166147,0.4232981713070242,1.0,5,True
BC-METABRIC-Ali2020,ER_status,1,CK19,2,1.1786476246329733,0.7509101887450419,1.0,5,True
BC-METABRIC-Ali2020,ER_status,1,CK5,0,0.20001752206559975,0.10186885133040255,1.0,5,True
BC-METABRIC-Ali2020,ER_status,1,CK5,1,0.22542983229681726,0.25566711647573037,0.8,5,True
BC-METABRIC-Ali2020,ER_status,1,CK5,2,0.15489388661358625,0.20819010460737397,0.6,5,True
BC-METABRIC-Ali2020,ER_status,1,CK7,0,-1.3556908952466875,0.2705554126268045,1.0,5,True
BC-METABRIC-Ali2020,ER_status,1,CK7,1,-1.2914194550922022,0.21873405835275492,1.0,5,True
BC-METABRIC-Ali2020,ER_status,1,CK7,2,-1.4352937498455416,0.2519278148113374,1.0,5,True
BC-METABRIC-Ali2020,ER_status,1,CK8_18,0,1.0510937290112614,0.4937857423067282,1.0,5,True
BC-METABRIC-Ali2020,ER_status,1,CK8_18,1,0.980402083123957,0.578502474430104,1.0,5,True
BC-METABRIC-Ali2020,ER_status,1,CK8_18,2,1.130947668976738,0.21027322861384545,1.0,5,True
BC-METABRIC-Ali2020,ER_status,1,DNA1,0,-0.0780564971861675,0.1281290703215104,0.4,5,False
BC-METABRIC-Ali2020,ER_status,1,DNA1,1,-0.057639427317850725,0.05408979644028773,0.6,5,True
BC-METABRIC-Ali2020,ER_status,1,DNA1,2,-0.13026203517891197,0.12153174163074679,0.6,5,True
BC-METABRIC-Ali2020,ER_status,1,DNA2,0,-0.14281355888226366,0.10783876836844601,0.8,5,True
BC-METABRIC-Ali2020,ER_status,1,DNA2,1,-0.20371393705037005,0.1522748853461924,0.8,5,True
BC-METABRIC-Ali2020,ER_status,1,DNA2,2,-0.0886249294130356,0.09557933557367783,0.6,5,True
BC-METABRIC-Ali2020,ER_status,1,EGFR,0,-0.6138943578081596,0.34759140674420896,1.0,5,True
BC-METABRIC-Ali2020,ER_status,1,EGFR,1,-0.7014227857958517,0.17538806449702307,1.0,5,True
BC-METABRIC-Ali2020,ER_status,1,EGFR,2,-0.6747531038308654,0.24634327286053262,1.0,5,True
BC-METABRIC-Ali2020,ER_status,1,ER,0,4.214420703338614,0.6760763539749769,1.0,5,True
BC-METABRIC-Ali2020,ER_status,1,ER,1,3.974366873026715,0.46827934862387877,1.0,5,True
BC-METABRIC-Ali2020,ER_status,1,ER,2,4.071145940358764,0.4095948178795016,1.0,5,True
BC-METABRIC-Ali2020,ER_status,1,E_cadherin,0,-0.5764849803407591,0.24850118614296896,1.0,5,True
BC-METABRIC-Ali2020,ER_status,1,E_cadherin,1,-0.513625874792399,0.251540960890406,1.0,5,True
BC-METABRIC-Ali2020,ER_status,1,E_cadherin,2,-0.6970245644076418,0.7243032882015668,0.8,5,True
BC-METABRIC-Ali2020,ER_status,1,EpCAM,0,0.2126960733029411,0.3258688033851441,0.6,5,True
BC-METABRIC-Ali2020,ER_status,1,EpCAM,1,0.2153845692899429,0.1797526839001057,0.8,5,True
BC-METABRIC-Ali2020,ER_status,1,EpCAM,2,0.3511723031260351,0.48697280737306514,0.6,5,True
BC-METABRIC-Ali2020,ER_status,1,Erk1_2,0,-0.0006871920326112568,0.004508173498541772,0.4,5,False
BC-METABRIC-Ali2020,ER_status,1,Erk1_2,1,0.0,0.0,0.0,5,False
BC-METABRIC-Ali2020,ER_status,1,Erk1_2,2,0.004806460065354594,0.010747571437270955,0.2,5,False
BC-METABRIC-Ali2020,ER_status,1,Fibronectin,0,-0.1341170443174476,0.2293023761689469,0.8,5,True
BC-METABRIC-Ali2020,ER_status,1,Fibronectin,1,-0.04423441072363956,0.09891114932270373,0.2,5,False
BC-METABRIC-Ali2020,ER_status,1,Fibronectin,2,-0.15092708291936935,0.22092446975695082,0.6,5,True
BC-METABRIC-Ali2020,ER_status,1,GATA3,0,0.4728595937502056,0.9402675666405229,0.4,5,False
BC-METABRIC-Ali2020,ER_status,1,GATA3,1,0.48115915498771844,0.6783050088927941,0.4,5,False
BC-METABRIC-Ali2020,ER_status,1,GATA3,2,0.4709194457720103,0.5854696649149465,0.8,5,True
BC-METABRIC-Ali2020,ER_status,1,H3K27me3,0,-0.0243224372113446,0.0403487249138404,0.4,5,False
BC-METABRIC-Ali2020,ER_status,1,H3K27me3,1,-0.09729214139740038,0.11068786500883247,0.6,5,True
BC-METABRIC-Ali2020,ER_status,1,H3K27me3,2,-0.04340223598030488,0.09705035002744894,0.2,5,False
BC-METABRIC-Ali2020,ER_status,1,HER2,0,-0.33054871327368335,0.232898656079329,1.0,5,True
BC-METABRIC-Ali2020,ER_status,1,HER2,1,-0.40535090652280753,0.325841130768539,0.8,5,True
BC-METABRIC-Ali2020,ER_status,1,HER2,2,-0.44611627240516505,0.44859516763346874,0.8,5,True
BC-METABRIC-Ali2020,ER_status,1,HH3_ph,0,0.6125497235195196,0.45513867719057166,1.0,5,True
BC-METABRIC-Ali2020,ER_status,1,HH3_ph,1,0.44464676404410286,0.3551358554364609,1.0,5,True
BC-METABRIC-Ali2020,ER_status,1,HH3_ph,2,0.539720297469297,0.3199467103344334,1.0,5,True
BC-METABRIC-Ali2020,ER_status,1,HH3_total,0,0.47365461120469066,0.35885118314731346,0.8,5,True
BC-METABRIC-Ali2020,ER_status,1,HH3_total,1,0.5175607500190723,0.21957675847087588,1.0,5,True
BC-METABRIC-Ali2020,ER_status,1,HH3_total,2,0.49591541168879855,0.28049562241535386,0.8,5,True
BC-METABRIC-Ali2020,ER_status,1,Ki67,0,-1.442770319112973,0.08056837955740455,1.0,5,True
BC-METABRIC-Ali2020,ER_status,1,Ki67,1,-1.4260524140719397,0.2855549001607541,1.0,5,True
BC-METABRIC-Ali2020,ER_status,1,Ki67,2,-1.3723174046768365,0.21289687534001694,1.0,5,True
BC-METABRIC-Ali2020,ER_status,1,PR,0,-0.22604734528746287,0.20902286178386184,0.6,5,True
BC-METABRIC-Ali2020,ER_status,1,PR,1,0.04111290274093082,0.4649803592623084,1.0,5,True
BC-METABRIC-Ali2020,ER_status,1,PR,2,-0.13712375148520323,0.20657918754655574,0.4,5,False
BC-METABRIC-Ali2020,ER_status,1,SMA,0,-0.09051136696698156,0.05662176389959265,0.8,5,True
BC-METABRIC-Ali2020,ER_status,1,SMA,1,-0.1286586021728772,0.1791698431675225,0.8,5,True
BC-METABRIC-Ali2020,ER_status,1,SMA,2,-0.11717908858371875,0.07829662748494831,0.8,5,True
BC-METABRIC-Ali2020,ER_status,1,Slug,0,-0.10770924285906483,0.2115606737814531,1.0,5,True
BC-METABRIC-Ali2020,ER_status,1,Slug,1,-0.16153161095084373,0.22774037855284232,1.0,5,True
BC-METABRIC-Ali2020,ER_status,1,Slug,2,-0.09291301772701185,0.2626872465410303,1.0,5,True
BC-METABRIC-Ali2020,ER_status,1,Sox9,0,-0.023218789692070925,0.1260543763608338,0.6,5,True
BC-METABRIC-Ali2020,ER_status,1,Sox9,1,-0.027699360932038886,0.05429864125127244,0.6,5,True
BC-METABRIC-Ali2020,ER_status,1,Sox9,2,-0.11692069759603445,0.18182770653960173,0.4,5,False
BC-METABRIC-Ali2020,ER_status,1,Twist,0,-0.9889566755164259,0.5858277674192239,0.8,5,True
BC-METABRIC-Ali2020,ER_status,1,Twist,1,-0.8615675084404293,0.4449406080522149,1.0,5,True
BC-METABRIC-Ali2020,ER_status,1,Twist,2,-0.9660544356550271,0.7649048440354217,0.8,5,True
BC-METABRIC-Ali2020,ER_status,1,Vimentin,0,0.5009480867246296,0.1596228206035791,1.0,5,True
BC-METABRIC-Ali2020,ER_status,1,Vimentin,1,0.5322192471784352,0.19580090894300295,1.0,5,True
BC-METABRIC-Ali2020,ER_status,1,Vimentin,2,0.5459865479149999,0.17009980932662672,1.0,5,True
BC-METABRIC-Ali2020,ER_status,1,c_Myc,0,0.10582394347740623,0.14811779978658687,0.4,5,False
BC-METABRIC-Ali2020,ER_status,1,c_Myc,1,0.13144101307247238,0.40544077842816495,0.4,5,False
BC-METABRIC-Ali2020,ER_status,1,c_Myc,2,0.0,0.0,0.0,5,False
BC-METABRIC-Ali2020,ER_status,1,c_PARP_c_Casp3,0,-0.472750797314735,0.49941863974838796,0.8,5,True
BC-METABRIC-Ali2020,ER_status,1,c_PARP_c_Casp3,1,-0.48119964637639445,0.23435582139000335,1.0,5,True
BC-METABRIC-Ali2020,ER_status,1,c_PARP_c_Casp3,2,-0.40892229878080616,0.3008072662091012,0.8,5,True
BC-METABRIC-Ali2020,ER_status,1,p53,0,-0.10727495244901368,0.17292561553608063,0.4,5,False
BC-METABRIC-Ali2020,ER_status,1,p53,1,-0.15802448616323478,0.16896933027267658,1.0,5,True
BC-METABRIC-Ali2020,ER_status,1,p53,2,-0.11095738616416899,0.1248772551547801,0.6,5,True
BC-METABRIC-Ali2020,ER_status,1,pS6,0,0.19281605574514762,0.16163612331671812,0.8,5,True
BC-METABRIC-Ali2020,ER_status,1,pS6,1,0.20760644663900277,0.1691107839013605,0.8,5,True
BC-METABRIC-Ali2020,ER_status,1,pS6,2,0.18015501888883617,0.16142251087650303,1.0,5,True
BC-METABRIC-Ali2020,ER_status,1,panCK,0,0.35117639337908774,0.2695534091873103,1.0,5,True
BC-METABRIC-Ali2020,ER_status,1,panCK,1,0.38757475927779705,0.514653160933946,0.6,5,True
BC-METABRIC-Ali2020,ER_status,1,panCK,2,0.48162810565488606,0.31306679962872813,0.8,5,True
BC-METABRIC-Ali2020,ER_status,1,pmTOR,0,-1.255318272423128,0.5436830417728409,1.0,5,True
BC-METABRIC-Ali2020,ER_status,1,pmTOR,1,-1.266214622657867,0.49079429120608575,1.0,5,True
BC-METABRIC-Ali2020,ER_status,1,pmTOR,2,-1.261893876029307,0.8202761628887146,0.8,5,True
BC-METABRIC-Ali2020,ER_status,1,vWF_CD31,0,-0.15221246389504622,0.18327605946133915,0.6,5,True
BC-METABRIC-Ali2020,ER_status,1,vWF_CD31,1,-0.07969214935970328,0.0973201324421712,0.6,5,True
BC-METABRIC-Ali2020,ER_status,1,vWF_CD31,2,-0.16694834703814143,0.13517388028505725,0.8,5,True
CRC-Schurch2020,CLR_DII,1,BCL-2,0,0.45210297487929874,0.36355487704317757,0.8,5,True
CRC-Schurch2020,CLR_DII,1,BCL-2,1,0.4786996254914529,0.5141353328466627,0.8,5,True
CRC-Schurch2020,CLR_DII,1,BCL-2,2,0.38189822513406596,0.3107121252163629,1.0,5,True
CRC-Schurch2020,CLR_DII,1,CD11b,0,-0.06261771305358842,0.14001746298339962,0.2,5,False
CRC-Schurch2020,CLR_DII,1,CD11b,1,0.0,0.0,0.0,5,False
CRC-Schurch2020,CLR_DII,1,CD11b,2,0.0,0.0,0.0,5,False
CRC-Schurch2020,CLR_DII,1,CD11c,0,0.1738309008612985,0.3110127365470846,0.4,5,False
CRC-Schurch2020,CLR_DII,1,CD11c,1,0.15549144267672554,0.14079383413687319,1.0,5,True
CRC-Schurch2020,CLR_DII,1,CD11c,2,0.26517109729059707,0.2943066494369465,0.6,5,True
CRC-Schurch2020,CLR_DII,1,CD138,0,-0.1518154532947989,0.23081717851753153,0.4,5,False
CRC-Schurch2020,CLR_DII,1,CD138,1,-0.18187871591332602,0.1593926953178971,0.8,5,True
CRC-Schurch2020,CLR_DII,1,CD138,2,-0.1709979371998573,0.24466769806098435,0.8,5,True
CRC-Schurch2020,CLR_DII,1,CD15,0,0.1278080901550624,0.18676808466403053,0.6,5,True
CRC-Schurch2020,CLR_DII,1,CD15,1,0.19674033752887657,0.45684750702761023,0.8,5,True
CRC-Schurch2020,CLR_DII,1,CD15,2,0.18581054800047353,0.231598764932293,0.6,5,True
CRC-Schurch2020,CLR_DII,1,CD163,0,-0.12603628957327734,0.3505163647624516,0.6,5,True
CRC-Schurch2020,CLR_DII,1,CD163,1,-0.034620701514321985,0.2558606062016964,0.6,5,True
CRC-Schurch2020,CLR_DII,1,CD163,2,-0.07346807592918492,0.2265869600372915,0.8,5,True
CRC-Schurch2020,CLR_DII,1,CD194,0,0.14285424283200865,0.3194317978466334,0.2,5,False
CRC-Schurch2020,CLR_DII,1,CD194,1,0.04855654983319119,0.10857574617987156,0.2,5,False
CRC-Schurch2020,CLR_DII,1,CD194,2,0.22278278461457585,0.24527136221335175,0.8,5,True
CRC-Schurch2020,CLR_DII,1,CD2,0,-0.2230862542953572,0.3623723169314902,0.6,5,True
CRC-Schurch2020,CLR_DII,1,CD2,1,-0.2494853729079626,0.3818532356833503,0.4,5,False
CRC-Schurch2020,CLR_DII,1,CD2,2,-0.15894807718466725,0.21830743887642115,0.4,5,False
CRC-Schurch2020,CLR_DII,1,CD20,0,0.4088040836590208,0.49980162921278837,0.8,5,True
CRC-Schurch2020,CLR_DII,1,CD20,1,0.43410921342440834,0.4985864412944938,1.0,5,True
CRC-Schurch2020,CLR_DII,1,CD20,2,0.36423244117636544,0.24278907639507388,0.8,5,True
CRC-Schurch2020,CLR_DII,1,CD21,0,-0.38964718041674995,0.44596196604319943,0.6,5,True
CRC-Schurch2020,CLR_DII,1,CD21,1,-0.41509331572728464,0.44160438919843,0.6,5,True
CRC-Schurch2020,CLR_DII,1,CD21,2,-0.5308427011893205,0.3741919730717374,0.8,5,True
CRC-Schurch2020,CLR_DII,1,CD25,0,-0.23619875755842917,0.4377281529897766,0.8,5,True
CRC-Schurch2020,CLR_DII,1,CD25,1,-0.20594534742700926,0.4119453408900404,0.6,5,True
CRC-Schurch2020,CLR_DII,1,CD25,2,-0.1495173343636139,0.2726791770125498,0.6,5,True
CRC-Schurch2020,CLR_DII,1,CD3,0,0.0,0.0,0.0,5,False
CRC-Schurch2020,CLR_DII,1,CD3,1,0.0,0.0,0.0,5,False
CRC-Schurch2020,CLR_DII,1,CD3,2,0.0,0.0,0.0,5,False
CRC-Schurch2020,CLR_DII,1,CD30,0,0.03966968045458899,0.08870410214215575,0.2,5,False
CRC-Schurch2020,CLR_DII,1,CD30,1,0.06785121532179236,0.12317493677951613,0.4,5,False
CRC-Schurch2020,CLR_DII,1,CD30,2,0.05314038838890102,0.11882552078832322,0.2,5,False
CRC-Schurch2020,CLR_DII,1,CD31,0,0.1546677779992207,0.215799121002723,0.4,5,False
CRC-Schurch2020,CLR_DII,1,CD31,1,0.09709477820081219,0.14621204973308427,0.4,5,False
CRC-Schurch2020,CLR_DII,1,CD31,2,0.14042269534890922,0.20261916239494232,0.6,5,True
CRC-Schurch2020,CLR_DII,1,CD34,0,0.4657555321910472,0.4801893343755033,0.8,5,True
CRC-Schurch2020,CLR_DII,1,CD34,1,0.404266879447011,0.2525359972420538,0.8,5,True
CRC-Schurch2020,CLR_DII,1,CD34,2,0.43184179488742636,0.23674198691496004,1.0,5,True
CRC-Schurch2020,CLR_DII,1,CD38,0,-0.2739248743187227,0.28131838360964445,0.6,5,True
CRC-Schurch2020,CLR_DII,1,CD38,1,-0.1377396644417051,0.14094467698350283,0.6,5,True
CRC-Schurch2020,CLR_DII,1,CD38,2,-0.27249621545730374,0.42838616331391843,0.4,5,False
CRC-Schurch2020,CLR_DII,1,CD4,0,0.02975676121227854,0.04542576616617996,0.4,5,False
CRC-Schurch2020,CLR_DII,1,CD4,1,0.05582247553849198,0.07873386852751076,0.4,5,False
CRC-Schurch2020,CLR_DII,1,CD4,2,0.0,0.0,0.0,5,False
CRC-Schurch2020,CLR_DII,1,CD44,0,0.09059491971422125,0.20257639889713452,0.2,5,False
CRC-Schurch2020,CLR_DII,1,CD44,1,0.1331860573558734,0.09472416629685525,0.8,5,True
CRC-Schurch2020,CLR_DII,1,CD44,2,0.06673326832412534,0.10163318130157055,0.4,5,False
CRC-Schurch2020,CLR_DII,1,CD45,0,-0.10616713941845793,0.17281990739569286,0.6,5,True
CRC-Schurch2020,CLR_DII,1,CD45,1,-0.10516474445745301,0.15377490446601402,0.4,5,False
CRC-Schurch2020,CLR_DII,1,CD45,2,-0.1535067673135856,0.2662151826548764,0.4,5,False
CRC-Schurch2020,CLR_DII,1,CD45RA,0,0.05088519917659429,0.12275866281215486,0.8,5,True
CRC-Schurch2020,CLR_DII,1,CD45RA,1,0.0014428322072547906,0.06326416942729292,0.4,5,False
CRC-Schurch2020,CLR_DII,1,CD45RA,2,0.007994879169780356,0.014895409732762184,0.4,5,False
CRC-Schurch2020,CLR_DII,1,CD45RO,0,0.0,0.0,0.0,5,False
CRC-Schurch2020,CLR_DII,1,CD45RO,1,-0.0688107482611582,0.15386551069457519,0.2,5,False
CRC-Schurch2020,CLR_DII,1,CD45RO,2,-0.11447937567423974,0.25598366602933587,0.2,5,False
CRC-Schurch2020,CLR_DII,1,CD5,0,0.14519599029861271,0.4456708844064055,0.4,5,False
CRC-Schurch2020,CLR_DII,1,CD5,1,0.0764415166643194,0.17092842756460117,0.2,5,False
CRC-Schurch2020,CLR_DII,1,CD5,2,0.0,0.0,0.0,5,False
CRC-Schurch2020,CLR_DII,1,CD56,0,-0.28224454827181344,0.2593177860691119,0.6,5,True
CRC-Schurch2020,CLR_DII,1,CD56,1,-0.23999528196204084,0.22698938596956578,0.8,5,True
CRC-Schurch2020,CLR_DII,1,CD56,2,-0.4948783744318076,0.5042308675969727,0.6,5,True
CRC-Schurch2020,CLR_DII,1,CD57,0,0.016689181718895815,0.07939026026698232,0.4,5,False
CRC-Schurch2020,CLR_DII,1,CD57,1,0.0037418317715457853,0.00836699020154484,0.2,5,False
CRC-Schurch2020,CLR_DII,1,CD57,2,0.04184233688659402,0.059824681007112426,0.4,5,False
CRC-Schurch2020,CLR_DII,1,CD68,0,-1.1917956618829622,0.8315394885365222,1.0,5,True
CRC-Schurch2020,CLR_DII,1,CD68,1,-1.3286205434245861,0.7298272476098083,1.0,5,True
CRC-Schurch2020,CLR_DII,1,CD68,2,-1.286620406346558,0.5023422362229586,1.0,5,True
CRC-Schurch2020,CLR_DII,1,CD7,0,-0.05663300179474077,0.13249058841533856,0.4,5,False
CRC-Schurch2020,CLR_DII,1,CD7,1,-0.021514811328767154,0.048108580654205924,0.2,5,False
CRC-Schurch2020,CLR_DII,1,CD7,2,0.0,0.0,0.0,5,False
CRC-Schurch2020,CLR_DII,1,CD71,0,-0.2554136765415423,0.1347207301673567,1.0,5,True
CRC-Schurch2020,CLR_DII,1,CD71,1,-0.2826107150730098,0.399437224562207,0.6,5,True
CRC-Schurch2020,CLR_DII,1,CD71,2,-0.28725809495182997,0.3610321742138637,0.8,5,True
CRC-Schurch2020,CLR_DII,1,CD8,0,-0.607105766066525,0.35337112386256253,1.0,5,True
CRC-Schurch2020,CLR_DII,1,CD8,1,-0.5555462282092268,0.24693479091556392,1.0,5,True
CRC-Schurch2020,CLR_DII,1,CD8,2,-0.5562742090618222,0.29432704781272395,1.0,5,True
CRC-Schurch2020,CLR_DII,1,CDX2,0,1.0534331012410665,0.5414879908178782,1.0,5,True
CRC-Schurch2020,CLR_DII,1,CDX2,1,1.0448414154863865,0.2809962863914078,1.0,5,True
CRC-Schurch2020,CLR_DII,1,CDX2,2,1.1117645023929723,0.4352664156304641,1.0,5,True
CRC-Schurch2020,CLR_DII,1,Chromogranin A,0,-0.04337522882145135,0.09698996018437331,0.2,5,False
CRC-Schurch2020,CLR_DII,1,Chromogranin A,1,-0.03173953263618693,0.07097175254858708,0.2,5,False
CRC-Schurch2020,CLR_DII,1,Chromogranin A,2,0.0,0.0,0.0,5,False
CRC-Schurch2020,CLR_DII,1,Collagen IV,0,-1.3096837863969863,0.29035150528565723,1.0,5,True
CRC-Schurch2020,CLR_DII,1,Collagen IV,1,-1.322032146781165,0.3945660363018486,1.0,5,True
CRC-Schurch2020,CLR_DII,1,Collagen IV,2,-1.4290384502719409,0.30165291240992875,1.0,5,True
CRC-Schurch2020,CLR_DII,1,Cytokeratin,0,-0.1046113267990291,0.3127383835811932,0.6,5,True
CRC-Schurch2020,CLR_DII,1,Cytokeratin,1,-0.02578507266162442,0.05765717527616364,0.2,5,False
CRC-Schurch2020,CLR_DII,1,Cytokeratin,2,-0.1382344945156863,0.33195597711600544,1.0,5,True
CRC-Schurch2020,CLR_DII,1,DRAQ5,0,0.38949819414177866,0.2491453959573368,1.0,5,True
CRC-Schurch2020,CLR_DII,1,DRAQ5,1,0.5973671597019784,0.47310061751696525,0.8,5,True
CRC-Schurch2020,CLR_DII,1,DRAQ5,2,0.3764789999892443,0.2710401805920011,1.0,5,True
CRC-Schurch2020,CLR_DII,1,EGFR,0,-0.13751982995116285,0.19234382652337806,0.4,5,False
CRC-Schurch2020,CLR_DII,1,EGFR,1,-0.0417599353063909,0.07660921237641566,0.4,5,False
CRC-Schurch2020,CLR_DII,1,EGFR,2,-0.07102119255329739,0.13436814485224674,0.4,5,False
CRC-Schurch2020,CLR_DII,1,FOXP3,0,-0.09994045899300578,0.08081928309931097,0.8,5,True
CRC-Schurch2020,CLR_DII,1,FOXP3,1,-0.09173117913767592,0.2051171522080539,0.2,5,False
CRC-Schurch2020,CLR_DII,1,FOXP3,2,-0.1056903595899227,0.17389696180908767,0.6,5,True
CRC-Schurch2020,CLR_DII,1,GATA3,0,-0.1682151594539571,0.26256234384827565,0.6,5,True
CRC-Schurch2020,CLR_DII,1,GATA3,1,-0.17604195229397768,0.19189593067033878,0.6,5,True
CRC-Schurch2020,CLR_DII,1,GATA3,2,-0.1995050517783449,0.3203859974929955,0.6,5,True
CRC-Schurch2020,CLR_DII,1,GFAP,0,0.16972986596173337,0.19604361974174286,0.8,5,True
CRC-Schurch2020,CLR_DII,1,GFAP,1,0.12537601072407756,0.15630934055220919,0.6,5,True
CRC-Schurch2020,CLR_DII,1,GFAP,2,0.2095653325684296,0.20506619231889947,1.0,5,True
CRC-Schurch2020,CLR_DII,1,Granzyme B,0,0.019717892398334193,0.044090547775701615,0.2,5,False
CRC-Schurch2020,CLR_DII,1,Granzyme B,1,0.0,0.0,0.0,5,False
CRC-Schurch2020,CLR_DII,1,Granzyme B,2,0.07750684602376981,0.16478521668363552,0.4,5,False
CRC-Schurch2020,CLR_DII,1,HLA-DR,0,-0.0746372233641695,0.16689390509411853,0.2,5,False
CRC-Schurch2020,CLR_DII,1,HLA-DR,1,-0.02614770789258956,0.03716091922217157,0.4,5,False
CRC-Schurch2020,CLR_DII,1,HLA-DR,2,-0.008685130062635554,0.019420541213480105,0.2,5,False
CRC-Schurch2020,CLR_DII,1,HOECHST1,0,-0.5755619032673278,0.5808535612053499,1.0,5,True
CRC-Schurch2020,CLR_DII,1,HOECHST1,1,-0.5660829980004658,0.5005726241818508,0.8,5,True
CRC-Schurch2020,CLR_DII,1,HOECHST1,2,-0.5220061159115816,0.4080918617668911,0.8,5,True
CRC-Schurch2020,CLR_DII,1,ICOS,0,0.0,0.0,0.0,5,False
CRC-Schurch2020,CLR_DII,1,ICOS,1,0.0,0.0,0.0,5,False
CRC-Schurch2020,CLR_DII,1,ICOS,2,0.0,0.0,0.0,5,False
CRC-Schurch2020,CLR_DII,1,IDO-1,0,0.2074882237265437,0.3322104285901576,0.4,5,False
CRC-Schurch2020,CLR_DII,1,IDO-1,1,0.15754795366830118,0.35228793411830883,0.2,5,False
CRC-Schurch2020,CLR_DII,1,IDO-1,2,0.14304774737216047,0.26748933844587447,0.4,5,False
CRC-Schurch2020,CLR_DII,1,Ki67,0,-0.1834506913350314,0.2512803131392402,0.4,5,False
CRC-Schurch2020,CLR_DII,1,Ki67,1,-0.16523885320774706,0.2284619515220438,0.4,5,False
CRC-Schurch2020,CLR_DII,1,Ki67,2,-0.22339307375080514,0.2893579807479034,0.6,5,True
CRC-Schurch2020,CLR_DII,1,LAG-3,0,-0.3215626337246179,0.4349848676728292,0.6,5,True
CRC-Schurch2020,CLR_DII,1,LAG-3,1,-0.35478283526383286,0.38858328850178947,0.6,5,True
CRC-Schurch2020,CLR_DII,1,LAG-3,2,-0.34788619860461345,0.38039951469209493,0.6,5,True
CRC-Schurch2020,CLR_DII,1,MMP12,0,-0.014884609821895328,0.049125370062578645,0.4,5,False
CRC-Schurch2020,CLR_DII,1,MMP12,1,-0.043989969387723524,0.2083828913939307,0.6,5,True
CRC-Schurch2020,CLR_DII,1,MMP12,2,-0.08446251868453822,0.12513273993519128,0.8,5,True
CRC-Schurch2020,CLR_DII,1,MMP9,0,0.009600841175619549,0.021468133509864307,0.2,5,False
CRC-Schurch2020,CLR_DII,1,MMP9,1,0.09333921325245584,0.21425690575154072,0.4,5,False
CRC-Schurch2020,CLR_DII,1,MMP9,2,0.0,0.0,0.0,5,False
CRC-Schurch2020,CLR_DII,1,MUC-1,0,0.46914953717715147,0.4411396682436119,0.8,5,True
CRC-Schurch2020,CLR_DII,1,MUC-1,1,0.4996521718378217,0.22891831691348752,1.0,5,True
CRC-Schurch2020,CLR_DII,1,MUC-1,2,0.4487768864874889,0.2971665448173354,0.8,5,True
CRC-Schurch2020,CLR_DII,1,Na-K-ATPase,0,-0.11234196496384671,0.18029465274565515,0.8,5,True
CRC-Schurch2020,CLR_DII,1,Na-K-ATPase,1,-0.17300639431370238,0.15429932683979686,0.8,5,True
CRC-Schurch2020,CLR_DII,1,Na-K-ATPase,2,-0.2653984649559079,0.3639112859135578,0.4,5,False
CRC-Schurch2020,CLR_DII,1,PD-1,0,0.06069980846170446,0.0949401076910771,0.4,5,False
CRC-Schurch2020,CLR_DII,1,PD-1,1,0.13550174112366445,0.19010989534808526,0.4,5,False
CRC-Schurch2020,CLR_DII,1,PD-1,2,0.25238653320240567,0.3467409871688426,0.4,5,False
CRC-Schurch2020,CLR_DII,1,PD-L1,0,-0.2367060858347565,0.22516006318755694,0.8,5,True
CRC-Schurch2020,CLR_DII,1,PD-L1,1,-0.2455036890509045,0.22948858787085605,1.0,5,True
CRC-Schurch2020,CLR_DII,1,PD-L1,2,-0.12181503751860712,0.185940319478658,0.8,5,True
CRC-Schurch2020,CLR_DII,1,Podoplanin,0,-0.31388112217922426,0.3005647036597663,0.6,5,True
CRC-Schurch2020,CLR_DII,1,Podoplanin,1,-0.3858914390047367,0.6126442387517124,1.0,5,True
CRC-Schurch2020,CLR_DII,1,Podoplanin,2,-0.3872479504566713,0.308326290972056,0.8,5,True
CRC-Schurch2020,CLR_DII,1,Synaptophysin,0,-0.047513035861125055,0.22876378797092656,0.6,5,True
CRC-Schurch2020,CLR_DII,1,Synaptophysin,1,-0.07885552664121268,0.1590054043349298,0.4,5,False
CRC-Schurch2020,CLR_DII,1,Synaptophysin,2,-0.05448556179025654,0.07964755983968878,0.6,5,True
CRC-Schurch2020,CLR_DII,1,T-bet,0,0.05938225622506843,0.14881484237301973,0.4,5,False
CRC-Schurch2020,CLR_DII,1,T-bet,1,0.0333227119800928,0.07451184918213412,0.2,5,False
CRC-Schurch2020,CLR_DII,1,T-bet,2,0.0,0.0,0.0,5,False
CRC-Schurch2020,CLR_DII,1,VISTA,0,-0.0072430528136214044,0.016195958455878574,0.2,5,False
CRC-Schurch2020,CLR_DII,1,VISTA,1,-0.22401157356394275,0.5009051062356707,0.2,5,False
CRC-Schurch2020,CLR_DII,1,VISTA,2,-0.019188654159585334,0.0429071350975669,0.2,5,False
CRC-Schurch2020,CLR_DII,1,Vimentin,0,0.4446323146722439,0.6083286704524976,0.8,5,True
CRC-Schurch2020,CLR_DII,1,Vimentin,1,0.487409732211839,0.31020281294186697,0.8,5,True
CRC-Schurch2020,CLR_DII,1,Vimentin,2,0.5000081631551607,0.48311519767512734,0.8,5,True
CRC-Schurch2020,CLR_DII,1,aSMA,0,0.29826738599942193,0.36388845310249157,0.6,5,True
CRC-Schurch2020,CLR_DII,1,aSMA,1,0.37441502086231776,0.37461684675512247,0.6,5,True
CRC-Schurch2020,CLR_DII,1,aSMA,2,0.31425034889559633,0.31884117733498074,0.6,5,True
CRC-Schurch2020,CLR_DII,1,beta-catenin,0,-0.06936251824909502,0.0959879780875415,0.4,5,False
CRC-Schurch2020,CLR_DII,1,beta-catenin,1,-0.029079869964270467,0.06502456601696315,0.2,5,False
CRC-Schurch2020,CLR_DII,1,beta-catenin,2,0.0,0.0,0.0,5,False
CRC-Schurch2020,CLR_DII,1,p53,0,0.19912671494052783,0.2457016136684891,0.8,5,True
CRC-Schurch2020,CLR_DII,1,p53,1,0.2225056909891633,0.21998781826509992,0.6,5,True
CRC-Schurch2020,CLR_DII,1,p53,2,0.3308266618358952,0.28639701571498616,0.8,5,True
CRC-Wu2022,primary_outcome,1,CD107a,0,-0.048039156316910844,0.2143757817082514,1.0,5,True
CRC-Wu2022,primary_outcome,1,CD107a,1,-0.008716285785940041,0.01949020752867711,0.2,5,False
CRC-Wu2022,primary_outcome,1,CD107a,2,-0.05133451340257589,0.08843539000583894,0.6,5,True
CRC-Wu2022,primary_outcome,1,CD117,0,0.00033565170202831673,0.38654830893496983,0.8,5,True
CRC-Wu2022,primary_outcome,1,CD117,1,-0.027717849974156206,0.3110795654977592,0.6,5,True
CRC-Wu2022,primary_outcome,1,CD117,2,0.04326681188370246,0.09095240978285725,0.4,5,False
CRC-Wu2022,primary_outcome,1,CD11b,0,-0.1507408304738393,0.1460291404170185,0.8,5,True
CRC-Wu2022,primary_outcome,1,CD11b,1,-0.1467547708359088,0.14867911466153078,0.6,5,True
CRC-Wu2022,primary_outcome,1,CD11b,2,-0.1621810904390723,0.23233467872492514,0.8,5,True
CRC-Wu2022,primary_outcome,1,CD11c,0,0.17673137884588808,0.21165483341019373,1.0,5,True
CRC-Wu2022,primary_outcome,1,CD11c,1,0.11686053117054866,0.14398379113069074,0.8,5,True
CRC-Wu2022,primary_outcome,1,CD11c,2,0.13486117462191313,0.1437267345209454,0.6,5,True
CRC-Wu2022,primary_outcome,1,CD134,0,0.0,0.0,0.0,5,False
CRC-Wu2022,primary_outcome,1,CD134,1,0.0,0.0,0.0,5,False
CRC-Wu2022,primary_outcome,1,CD134,2,-0.0374973155344369,0.08384654650875976,0.2,5,False
CRC-Wu2022,primary_outcome,1,CD14,0,-0.28041016247653844,0.19412642727877105,0.8,5,True
CRC-Wu2022,primary_outcome,1,CD14,1,-0.24439173661710184,0.30489700004943054,0.8,5,True
CRC-Wu2022,primary_outcome,1,CD14,2,-0.25027015454269014,0.10180843664019927,1.0,5,True
CRC-Wu2022,primary_outcome,1,CD15,0,0.5152616787629617,0.12396933115614363,1.0,5,True
CRC-Wu2022,primary_outcome,1,CD15,1,0.4408429835311264,0.2048590130350925,1.0,5,True
CRC-Wu2022,primary_outcome,1,CD15,2,0.46067412712592093,0.15389816346590868,1.0,5,True
CRC-Wu2022,primary_outcome,1,CD163,0,0.4525587864244322,0.3327800540961721,1.0,5,True
CRC-Wu2022,primary_outcome,1,CD163,1,0.41912191317237396,0.27532600461741474,1.0,5,True
CRC-Wu2022,primary_outcome,1,CD163,2,0.3570283749370683,0.256160370846503,1.0,5,True
CRC-Wu2022,primary_outcome,1,CD20,0,0.21039279912837258,0.23670729256638756,0.8,5,True
CRC-Wu2022,primary_outcome,1,CD20,1,0.13472148617055,0.21980072250516533,0.6,5,True
CRC-Wu2022,primary_outcome,1,CD20,2,0.23744663493146714,0.2235170032927503,1.0,5,True
CRC-Wu2022,primary_outcome,1,CD21,0,0.11069447511836919,0.11831192495566618,0.6,5,True
CRC-Wu2022,primary_outcome,1,CD21,1,0.18993796581285444,0.1877410454926607,0.6,5,True
CRC-Wu2022,primary_outcome,1,CD21,2,0.08635760480331958,0.25802824681472053,1.0,5,True
CRC-Wu2022,primary_outcome,1,CD31,0,-0.3432147927383476,0.2161302014971706,0.8,5,True
CRC-Wu2022,primary_outcome,1,CD31,1,-0.33200712551426725,0.36780208381623547,1.0,5,True
CRC-Wu2022,primary_outcome,1,CD31,2,-0.38459538641863095,0.2067807663227066,1.0,5,True
CRC-Wu2022,primary_outcome,1,CD38,0,-0.3468187723404951,0.2913251923351857,1.0,5,True
CRC-Wu2022,primary_outcome,1,CD38,1,-0.36229300889908533,0.39089750801211753,1.0,5,True
CRC-Wu2022,primary_outcome,1,CD38,2,-0.3216194950841066,0.1853465560470203,1.0,5,True
CRC-Wu2022,primary_outcome,1,CD3e,0,0.004335255989195643,0.00969392709170455,0.2,5,False
CRC-Wu2022,primary_outcome,1,CD3e,1,-0.000740264568455884,0.16925830173844678,1.0,5,True
CRC-Wu2022,primary_outcome,1,CD3e,2,0.0877990056885026,0.3127155260579614,0.6,5,True
CRC-Wu2022,primary_outcome,1,CD4,0,-0.32064261149242895,0.32774094261006176,0.8,5,True
CRC-Wu2022,primary_outcome,1,CD4,1,-0.3448340589052371,0.19457042622453313,1.0,5,True
CRC-Wu2022,primary_outcome,1,CD4,2,-0.2903425764407855,0.2947772692180742,0.8,5,True
CRC-Wu2022,primary_outcome,1,CD45,0,-0.21012403544673086,0.33931574968784306,0.6,5,True
CRC-Wu2022,primary_outcome,1,CD45,1,-0.17360486839727726,0.13707729242512806,0.8,5,True
CRC-Wu2022,primary_outcome,1,CD45,2,-0.24164172338211873,0.23652043183695065,0.6,5,True
CRC-Wu2022,primary_outcome,1,CD45RA,0,0.11382409798993712,0.22827825092420626,0.8,5,True
CRC-Wu2022,primary_outcome,1,CD45RA,1,0.08416505874534198,0.12223453191770897,0.6,5,True
CRC-Wu2022,primary_outcome,1,CD45RA,2,0.1124506527707273,0.10534137740628544,0.8,5,True
CRC-Wu2022,primary_outcome,1,CD45RO,0,-0.5748190646176496,0.4540124334994038,0.8,5,True
CRC-Wu2022,primary_outcome,1,CD45RO,1,-0.4906882231927323,0.3089889924680147,1.0,5,True
CRC-Wu2022,primary_outcome,1,CD45RO,2,-0.5792287356634817,0.23868035769203627,1.0,5,True
CRC-Wu2022,primary_outcome,1,CD49f,0,0.7533683465241954,0.34267514509122055,1.0,5,True
CRC-Wu2022,primary_outcome,1,CD49f,1,0.7227530033047793,0.3525019170395854,1.0,5,True
CRC-Wu2022,primary_outcome,1,CD49f,2,0.8904510644090126,0.3052055732043416,1.0,5,True
CRC-Wu2022,primary_outcome,1,CD68,0,0.5243325335402405,0.32961193338753875,1.0,5,True
CRC-Wu2022,primary_outcome,1,CD68,1,0.5239937212983266,0.22491247039673698,1.0,5,True
CRC-Wu2022,primary_outcome,1,CD68,2,0.5539037412310364,0.08874955388523856,1.0,5,True
CRC-Wu2022,primary_outcome,1,CD8,0,0.06587371027715702,0.13645606327662002,0.4,5,False
CRC-Wu2022,primary_outcome,1,CD8,1,0.0809592646578163,0.10590514601291628,0.6,5,True
CRC-Wu2022,primary_outcome,1,CD8,2,0.03614562194609154,0.11330996019235486,0.8,5,True
CRC-Wu2022,primary_outcome,1,CollagenIV,0,0.06338825686459129,0.1674208997684316,0.6,5,True
CRC-Wu2022,primary_outcome,1,CollagenIV,1,0.03678326544922153,0.0915605425280812,0.6,5,True
CRC-Wu2022,primary_outcome,1,CollagenIV,2,0.041988754273334164,0.14813168128365628,0.6,5,True
CRC-Wu2022,primary_outcome,1,DAPI,0,-0.16835352996849454,0.1920784514526822,0.8,5,True
CRC-Wu2022,primary_outcome,1,DAPI,1,-0.15520604990726283,0.1716073842642759,1.0,5,True
CRC-Wu2022,primary_outcome,1,DAPI,2,-0.16305800925452274,0.1554315456460776,0.8,5,True
CRC-Wu2022,primary_outcome,1,FoxP3,0,0.2929434154823964,0.4054622453381396,0.4,5,False
CRC-Wu2022,primary_outcome,1,FoxP3,1,0.11429272442603171,0.22375964805821913,0.4,5,False
CRC-Wu2022,primary_outcome,1,FoxP3,2,0.12452528275013523,0.18455814652960142,0.4,5,False
CRC-Wu2022,primary_outcome,1,Gal3,0,0.19765763970970832,0.09799973788316717,1.0,5,True
CRC-Wu2022,primary_outcome,1,Gal3,1,0.1922159970302593,0.17519573884948533,0.8,5,True
CRC-Wu2022,primary_outcome,1,Gal3,2,0.1675300349327089,0.11855946420718698,1.0,5,True
CRC-Wu2022,primary_outcome,1,GranzymeB,0,-0.06117773482933334,0.10728334752935924,0.6,5,True
CRC-Wu2022,primary_outcome,1,GranzymeB,1,-0.03033409804501199,0.10840509364594482,0.6,5,True
CRC-Wu2022,primary_outcome,1,GranzymeB,2,-0.028395639077022083,0.1510644301186746,0.8,5,True
CRC-Wu2022,primary_outcome,1,HLA-DR,0,0.17299160202341643,0.21402234364239378,0.6,5,True
CRC-Wu2022,primary_outcome,1,HLA-DR,1,0.12538428134186042,0.4468427626464345,1.0,5,True
CRC-Wu2022,primary_outcome,1,HLA-DR,2,0.19573876578984808,0.21974132266799848,0.6,5,True
CRC-Wu2022,primary_outcome,1,ICOS,0,-0.2806461303699301,0.34661917266283276,0.6,5,True
CRC-Wu2022,primary_outcome,1,ICOS,1,-0.30291934659009484,0.31813969168714057,0.8,5,True
CRC-Wu2022,primary_outcome,1,ICOS,2,-0.4116318648475546,0.3680526704941813,0.8,5,True
CRC-Wu2022,primary_outcome,1,Ki67,0,-0.18596046848224695,0.14511353801294752,0.8,5,True
CRC-Wu2022,primary_outcome,1,Ki67,1,-0.18175170457589046,0.18597481478622105,1.0,5,True
CRC-Wu2022,primary_outcome,1,Ki67,2,-0.19500827300430287,0.14443683479672323,1.0,5,True
CRC-Wu2022,primary_outcome,1,PD1,0,0.16773512327440776,0.1954765671387576,1.0,5,True
CRC-Wu2022,primary_outcome,1,PD1,1,0.24299931411176723,0.20028383865874227,0.8,5,True
CRC-Wu2022,primary_outcome,1,PD1,2,0.1779973302980467,0.17447474871825114,0.8,5,True
CRC-Wu2022,primary_outcome,1,PDL1,0,-0.012411517320687803,0.19408341741880997,0.4,5,False
CRC-Wu2022,primary_outcome,1,PDL1,1,0.018468594971725226,0.029069176957284105,0.4,5,False
CRC-Wu2022,primary_outcome,1,PDL1,2,-0.042198468219345295,0.08402536113331957,0.4,5,False
CRC-Wu2022,primary_outcome,1,PGP9.5,0,-0.05395035107414272,0.12063665241176193,0.2,5,False
CRC-Wu2022,primary_outcome,1,PGP9.5,1,-0.19872916471267033,0.2774718057118424,0.4,5,False
CRC-Wu2022,primary_outcome,1,PGP9.5,2,-0.12214735908296279,0.21484074282046686,1.0,5,True
CRC-Wu2022,primary_outcome,1,PanCK,0,0.04314680765625329,0.14658324266489497,0.6,5,True
CRC-Wu2022,primary_outcome,1,PanCK,1,0.07099697250362928,0.1083772690097472,0.4,5,False
CRC-Wu2022,primary_outcome,1,PanCK,2,0.05484199062577576,0.12113254805693012,0.4,5,False
CRC-Wu2022,primary_outcome,1,Podoplanin,0,-0.019019787800414314,0.15407933153578926,0.8,5,True
CRC-Wu2022,primary_outcome,1,Podoplanin,1,0.021100424155906683,0.09936222186417545,0.4,5,False
CRC-Wu2022,primary_outcome,1,Podoplanin,2,-0.002313812717411338,0.005173842523335263,0.2,5,False
CRC-Wu2022,primary_outcome,1,RORgammaT,0,0.13805980545374652,0.30486315234768024,1.0,5,True
CRC-Wu2022,primary_outcome,1,RORgammaT,1,0.07844386295168349,0.18865176347016677,0.8,5,True
CRC-Wu2022,primary_outcome,1,RORgammaT,2,0.06745464287319036,0.13621088777241036,0.8,5,True
CRC-Wu2022,primary_outcome,1,S100A4,0,-0.022649225238939565,0.08782697041036452,0.4,5,False
CRC-Wu2022,primary_outcome,1,S100A4,1,0.035186061861349385,0.09924369689608993,1.0,5,True
CRC-Wu2022,primary_outcome,1,S100A4,2,0.02302658844247907,0.09162700091820959,0.8,5,True
CRC-Wu2022,primary_outcome,1,Siglec8,0,-0.3955191634539744,0.4046808988676785,1.0,5,True
CRC-Wu2022,primary_outcome,1,Siglec8,1,-0.29201852668587996,0.2688566323522994,1.0,5,True
CRC-Wu2022,primary_outcome,1,Siglec8,2,-0.28869839507974476,0.20552602088164895,0.8,5,True
CRC-Wu2022,primary_outcome,1,TFAM,0,-0.4235777506957669,0.1924503270341685,1.0,5,True
CRC-Wu2022,primary_outcome,1,TFAM,1,-0.38622407902280254,0.23405806646010072,1.0,5,True
CRC-Wu2022,primary_outcome,1,TFAM,2,-0.3581710577948328,0.1326348632518667,1.0,5,True
CRC-Wu2022,primary_outcome,1,TIM3,0,0.0,0.0,0.0,5,False
CRC-Wu2022,primary_outcome,1,TIM3,1,0.035847070865630125,0.08015648724980119,0.2,5,False
CRC-Wu2022,primary_outcome,1,TIM3,2,0.12895595285647962,0.32411694333097113,0.8,5,True
CRC-Wu2022,primary_outcome,1,Vimentin,0,-0.3051777039047192,0.11910276911900992,1.0,5,True
CRC-Wu2022,primary_outcome,1,Vimentin,1,-0.3080274327787473,0.2193233022948652,0.8,5,True
CRC-Wu2022,primary_outcome,1,Vimentin,2,-0.3020112110944919,0.26871614482604955,0.8,5,True
CRC-Wu2022,primary_outcome,1,aSMA,0,0.15582017826861383,0.2018948090958841,0.8,5,True
CRC-Wu2022,primary_outcome,1,aSMA,1,0.17202009472157825,0.21709407512239434,1.0,5,True
CRC-Wu2022,primary_outcome,1,aSMA,2,0.1482895191352279,0.19218241170206354,0.6,5,True
HNC-Wu2022,primary_outcome,1,CD117,0,-0.5436390609533703,0.11310278164185776,1.0,5,True
HNC-Wu2022,primary_outcome,1,CD117,1,-0.5254827932075175,0.18245697218547696,1.0,5,True
HNC-Wu2022,primary_outcome,1,CD117,2,-0.5336892614520202,0.1903793810167145,1.0,5,True
HNC-Wu2022,primary_outcome,1,CD11b,0,-0.10798877715878649,0.16783021724766933,0.4,5,False
HNC-Wu2022,primary_outcome,1,CD11b,1,-0.12638297375837076,0.19539439115165866,0.6,5,True
HNC-Wu2022,primary_outcome,1,CD11b,2,-0.07268445982075389,0.09844768246308754,0.6,5,True
HNC-Wu2022,primary_outcome,1,CD11c,0,0.03685794342304528,0.08241686700477052,0.2,5,False
HNC-Wu2022,primary_outcome,1,CD11c,1,0.04070147429216955,0.08538802793802244,0.6,5,True
HNC-Wu2022,primary_outcome,1,CD11c,2,0.026311042590912798,0.05570031182120259,0.4,5,False
HNC-Wu2022,primary_outcome,1,CD134,0,0.18118538424522135,0.23385411811553522,0.6,5,True
HNC-Wu2022,primary_outcome,1,CD134,1,0.13519957760297452,0.3023154460495091,0.2,5,False
HNC-Wu2022,primary_outcome,1,CD134,2,0.2571910319247669,0.33302192667802183,0.6,5,True
HNC-Wu2022,primary_outcome,1,CD14,0,0.17093160602319984,0.14642302241838384,0.8,5,True
HNC-Wu2022,primary_outcome,1,CD14,1,0.1672891928314844,0.054531724969973945,1.0,5,True
HNC-Wu2022,primary_outcome,1,CD14,2,0.21000034852453126,0.29480818293797634,1.0,5,True
HNC-Wu2022,primary_outcome,1,CD15,0,0.46107994478295977,0.1520975662056303,1.0,5,True
HNC-Wu2022,primary_outcome,1,CD15,1,0.4730328391872525,0.1221626632398522,1.0,5,True
HNC-Wu2022,primary_outcome,1,CD15,2,0.44375075196874114,0.14991712740419677,1.0,5,True
HNC-Wu2022,primary_outcome,1,CD152,0,0.09178643851828565,0.18455554773124003,0.6,5,True
HNC-Wu2022,primary_outcome,1,CD152,1,0.06091898626968908,0.22422901751460567,0.6,5,True
HNC-Wu2022,primary_outcome,1,CD152,2,0.03439936571181005,0.0478545270688653,0.4,5,False
HNC-Wu2022,primary_outcome,1,CD16,0,-0.15363456716865734,0.11387281893530193,0.8,5,True
HNC-Wu2022,primary_outcome,1,CD16,1,-0.17817676432885593,0.2516996061197391,0.8,5,True
HNC-Wu2022,primary_outcome,1,CD16,2,-0.16825368791899156,0.17118662426666276,0.6,5,True
HNC-Wu2022,primary_outcome,1,CD163,0,-0.29925234541190354,0.18734289347049254,1.0,5,True
HNC-Wu2022,primary_outcome,1,CD163,1,-0.2737153295081386,0.15709347297751358,1.0,5,True
HNC-Wu2022,primary_outcome,1,CD163,2,-0.24843064110741536,0.22978457490245524,0.8,5,True
HNC-Wu2022,primary_outcome,1,CD20,0,-0.08021290867688805,0.24381168163827585,0.8,5,True
HNC-Wu2022,primary_outcome,1,CD20,1,-0.06980494762153132,0.08051158219868192,0.8,5,True
HNC-Wu2022,primary_outcome,1,CD20,2,-0.051159398437523484,0.14793771007388537,1.0,5,True
HNC-Wu2022,primary_outcome,1,CD21,0,-0.1296343716376363,0.2898712672022255,0.2,5,False
HNC-Wu2022,primary_outcome,1,CD21,1,-0.19281186756131458,0.37368297030837894,0.4,5,False
HNC-Wu2022,primary_outcome,1,CD21,2,-0.11665774367875689,0.2413942637814549,0.6,5,True
HNC-Wu2022,primary_outcome,1,CD31,0,0.027293656703762225,0.030464237230301866,0.6,5,True
HNC-Wu2022,primary_outcome,1,CD31,1,0.03700239937703741,0.06720838552017565,0.8,5,True
HNC-Wu2022,primary_outcome,1,CD31,2,0.028758112718075646,0.2539616635902659,1.0,5,True
HNC-Wu2022,primary_outcome,1,CD34,0,0.1444204255754115,0.12766316174690404,0.8,5,True
HNC-Wu2022,primary_outcome,1,CD34,1,0.12468241269439202,0.1649037962088263,0.8,5,True
HNC-Wu2022,primary_outcome,1,CD34,2,0.06574659966194545,0.21534651266561036,1.0,5,True
HNC-Wu2022,primary_outcome,1,CD38,0,0.3114299912604622,0.1186327929870896,1.0,5,True
HNC-Wu2022,primary_outcome,1,CD38,1,0.3437996086427046,0.10644378361257434,1.0,5,True
HNC-Wu2022,primary_outcome,1,CD38,2,0.3598905059708596,0.16782041065500722,1.0,5,True
HNC-Wu2022,primary_outcome,1,CD3e,0,0.30715973080015585,0.0722996508606014,1.0,5,True
HNC-Wu2022,primary_outcome,1,CD3e,1,0.3823212370660625,0.23629196709235417,1.0,5,True
HNC-Wu2022,primary_outcome,1,CD3e,2,0.36616284099472557,0.38442411614083005,1.0,5,True
HNC-Wu2022,primary_outcome,1,CD4,0,0.30737223639239547,0.27137791963048463,0.8,5,True
HNC-Wu2022,primary_outcome,1,CD4,1,0.2948213667618505,0.23995932004940673,0.8,5,True
HNC-Wu2022,primary_outcome,1,CD4,2,0.2445604412656815,0.23659216560706403,0.6,5,True
HNC-Wu2022,primary_outcome,1,CD45,0,-0.9424888015927232,0.23228315317307674,1.0,5,True
HNC-Wu2022,primary_outcome,1,CD45,1,-0.9265355689801593,0.18683165326371806,1.0,5,True
HNC-Wu2022,primary_outcome,1,CD45,2,-0.9379900986204964,0.19314089779749008,1.0,5,True
HNC-Wu2022,primary_outcome,1,CD45RA,0,0.019699151130159243,0.026996359404055523,0.4,5,False
HNC-Wu2022,primary_outcome,1,CD45RA,1,0.022211971445882585,0.049613458253161075,0.4,5,False
HNC-Wu2022,primary_outcome,1,CD45RA,2,0.04190488029607341,0.06567327095891272,0.4,5,False
HNC-Wu2022,primary_outcome,1,CD45RO,0,0.902445370827774,0.15758656810621893,1.0,5,True
HNC-Wu2022,primary_outcome,1,CD45RO,1,0.9030961538660375,0.2396923875998112,1.0,5,True
HNC-Wu2022,primary_outcome,1,CD45RO,2,0.8883201794507227,0.2308519171494011,1.0,5,True
HNC-Wu2022,primary_outcome,1,CD47,0,-0.08149061142681704,0.2550256762515313,0.8,5,True
HNC-Wu2022,primary_outcome,1,CD47,1,-0.034280751492672165,0.3341744337916402,0.8,5,True
HNC-Wu2022,primary_outcome,1,CD47,2,-0.06170771810021294,0.07875683981890061,0.8,5,True
HNC-Wu2022,primary_outcome,1,CD49f,0,-0.44279046719915416,0.32342232084093586,0.8,5,True
HNC-Wu2022,primary_outcome,1,CD49f,1,-0.41985958200717616,0.2525994753774675,0.8,5,True
HNC-Wu2022,primary_outcome,1,CD49f,2,-0.4082373771429871,0.3498698751764418,0.8,5,True
HNC-Wu2022,primary_outcome,1,CD56,0,0.3515436342057014,0.47921337715506546,0.8,5,True
HNC-Wu2022,primary_outcome,1,CD56,1,0.2770569473799844,0.270808667809722,0.8,5,True
HNC-Wu2022,primary_outcome,1,CD56,2,0.273001198029695,0.2394552342846527,0.8,5,True
HNC-Wu2022,primary_outcome,1,CD57,0,0.11360465897512242,0.2338146778631608,0.4,5,False
HNC-Wu2022,primary_outcome,1,CD57,1,0.045474357282208736,0.09017868259372647,0.4,5,False
HNC-Wu2022,primary_outcome,1,CD57,2,0.0015704255736943063,0.12495751355390623,0.6,5,True
HNC-Wu2022,primary_outcome,1,CD68,0,-0.16310806616164628,0.14557164893052105,1.0,5,True
HNC-Wu2022,primary_outcome,1,CD68,1,-0.1717921092497528,0.07081821038561921,1.0,5,True
HNC-Wu2022,primary_outcome,1,CD68,2,-0.16204864917179135,0.24806787267080846,1.0,5,True
HNC-Wu2022,primary_outcome,1,CD69,0,0.028067726757315104,0.06276134500324632,0.2,5,False
HNC-Wu2022,primary_outcome,1,CD69,1,0.0,0.0,0.0,5,False
HNC-Wu2022,primary_outcome,1,CD69,2,0.0074925528587596645,0.01675385751719699,0.2,5,False
HNC-Wu2022,primary_outcome,1,CD8,0,0.5488094952104536,0.4303727068243172,1.0,5,True
HNC-Wu2022,primary_outcome,1,CD8,1,0.5477502048452892,0.25131568790431136,1.0,5,True
HNC-Wu2022,primary_outcome,1,CD8,2,0.5978122957571512,0.43938457210787296,1.0,5,True
HNC-Wu2022,primary_outcome,1,CollagenIV,0,-0.21267212141280772,0.15083004897885216,0.8,5,True
HNC-Wu2022,primary_outcome,1,CollagenIV,1,-0.10961617166197532,0.08273588876787955,0.8,5,True
HNC-Wu2022,primary_outcome,1,CollagenIV,2,-0.1561472227674135,0.09973032647609241,0.8,5,True
HNC-Wu2022,primary_outcome,1,DAPI,0,-0.1528063919659076,0.14763709697903374,0.8,5,True
HNC-Wu2022,primary_outcome,1,DAPI,1,-0.1824078502499318,0.13236685537015486,0.8,5,True
HNC-Wu2022,primary_outcome,1,DAPI,2,-0.1710842561933285,0.15246005983608632,1.0,5,True
HNC-Wu2022,primary_outcome,1,FoxP3,0,-0.09522294998766896,0.4208252790313623,0.8,5,True
HNC-Wu2022,primary_outcome,1,FoxP3,1,0.031365592267922085,0.045959460202036666,0.4,5,False
HNC-Wu2022,primary_outcome,1,FoxP3,2,-0.015967831963438785,0.1168764891047384,0.6,5,True
HNC-Wu2022,primary_outcome,1,GranzymeB,0,-0.0994357916543767,0.11503716589474339,0.6,5,True
HNC-Wu2022,primary_outcome,1,GranzymeB,1,-0.12422822305142867,0.20542991634219512,0.4,5,False
HNC-Wu2022,primary_outcome,1,GranzymeB,2,-0.11732209758431675,0.21126269493814812,0.4,5,False
HNC-Wu2022,primary_outcome,1,HLA-DR,0,0.6670706142157139,0.3580046434145769,1.0,5,True
HNC-Wu2022,primary_outcome,1,HLA-DR,1,0.5944117489407303,0.18626404590620835,1.0,5,True
HNC-Wu2022,primary_outcome,1,HLA-DR,2,0.609707960547617,0.30455001966620754,1.0,5,True
HNC-Wu2022,primary_outcome,1,ICOS,0,-0.2222054240961778,0.1463449553484548,0.8,5,True
HNC-Wu2022,primary_outcome,1,ICOS,1,-0.15866788545530383,0.18415237868075057,0.8,5,True
HNC-Wu2022,primary_outcome,1,ICOS,2,-0.2523584905070759,0.15008001444465607,0.8,5,True
HNC-Wu2022,primary_outcome,1,Ki67,0,0.7647888512643088,0.36709412098578476,1.0,5,True
HNC-Wu2022,primary_outcome,1,Ki67,1,0.7435577927781323,0.21132649370463474,1.0,5,True
HNC-Wu2022,primary_outcome,1,Ki67,2,0.7538178847289065,0.061321846153085086,1.0,5,True
HNC-Wu2022,primary_outcome,1,PD1,0,-0.22711217580231424,0.11156888112334852,1.0,5,True
HNC-Wu2022,primary_outcome,1,PD1,1,-0.24610830064779288,0.1631784863423112,0.8,5,True
HNC-Wu2022,primary_outcome,1,PD1,2,-0.2104600683799796,0.22389868871514204,0.6,5,True
HNC-Wu2022,primary_outcome,1,PDL1,0,0.16925603228614813,0.11863840348127061,1.0,5,True
HNC-Wu2022,primary_outcome,1,PDL1,1,0.24144453660368778,0.13303521590665235,1.0,5,True
HNC-Wu2022,primary_outcome,1,PDL1,2,0.17028656916318766,0.13887028805925555,0.8,5,True
HNC-Wu2022,primary_outcome,1,PanCK,0,0.12146325663189947,0.14175781418814437,0.6,5,True
HNC-Wu2022,primary_outcome,1,PanCK,1,0.09162607825789368,0.1369947424852532,0.6,5,True
HNC-Wu2022,primary_outcome,1,PanCK,2,0.06097349506725484,0.19752350576826322,1.0,5,True
HNC-Wu2022,primary_outcome,1,Podoplanin,0,-0.03527638336821947,0.05179223432564131,0.6,5,True
HNC-Wu2022,primary_outcome,1,Podoplanin,1,-0.07053833773832005,0.1071169757226533,0.4,5,False
HNC-Wu2022,primary_outcome,1,Podoplanin,2,-0.06234434628127079,0.28335402888719063,1.0,5,True
HNC-Wu2022,primary_outcome,1,TMEM16A,0,-0.11965121366380374,0.2517111322835395,0.6,5,True
HNC-Wu2022,primary_outcome,1,TMEM16A,1,-0.10488550471036429,0.18232775721652833,0.4,5,False
HNC-Wu2022,primary_outcome,1,TMEM16A,2,-0.07095288065858844,0.13596660801550486,0.4,5,False
HNC-Wu2022,primary_outcome,1,Vimentin,0,0.045705503810749594,0.06892843755700588,0.8,5,True
HNC-Wu2022,primary_outcome,1,Vimentin,1,0.05628673525538249,0.16528332208388283,0.4,5,False
HNC-Wu2022,primary_outcome,1,Vimentin,2,0.06008654780933727,0.20982379318778924,1.0,5,True
HNC-Wu2022,primary_outcome,1,aSMA,0,-0.1989264439632949,0.16713387677670302,0.8,5,True
HNC-Wu2022,primary_outcome,1,aSMA,1,-0.1471550788029525,0.1730101570887635,0.8,5,True
HNC-Wu2022,primary_outcome,1,aSMA,2,-0.16659348494279727,0.0885836623939276,1.0,5,True
HNC-Wu2022,primary_outcome,1,p16,0,0.014716126243384222,0.023655541288426757,0.4,5,False
HNC-Wu2022,primary_outcome,1,p16,1,-0.06392829432319959,0.16055974962088626,0.4,5,False
HNC-Wu2022,primary_outcome,1,p16,2,-0.0068165170539101014,0.06294081088931022,0.6,5,True
HNC-Wu2022,hpv_status,1,CD117,0,-0.007949309404726958,0.017775196203147867,0.2,5,False
HNC-Wu2022,hpv_status,1,CD117,1,-0.07217821735537408,0.16139540050137155,0.2,5,False
HNC-Wu2022,hpv_status,1,CD117,2,-0.01348379123351337,0.030150673792551635,0.2,5,False
HNC-Wu2022,hpv_status,1,CD11b,0,-0.5927970789813322,0.17845352770459078,1.0,5,True
HNC-Wu2022,hpv_status,1,CD11b,1,-0.5599705631303655,0.2718995117781253,1.0,5,True
HNC-Wu2022,hpv_status,1,CD11b,2,-0.5562897944068659,0.316347450927204,1.0,5,True
HNC-Wu2022,hpv_status,1,CD11c,0,1.1470360046793313,0.3273457469316299,1.0,5,True
HNC-Wu2022,hpv_status,1,CD11c,1,1.2624722251914302,0.3926827849466999,1.0,5,True
HNC-Wu2022,hpv_status,1,CD11c,2,1.1443574571869954,0.32393175028977994,1.0,5,True
HNC-Wu2022,hpv_status,1,CD134,0,0.006867246962100081,0.015355631025534703,0.2,5,False
HNC-Wu2022,hpv_status,1,CD134,1,0.08990340921919755,0.18561879485786376,0.4,5,False
HNC-Wu2022,hpv_status,1,CD134,2,0.08972999686257895,0.2188523630929045,0.6,5,True
HNC-Wu2022,hpv_status,1,CD14,0,-0.2740096608906314,0.1678796946582845,1.0,5,True
HNC-Wu2022,hpv_status,1,CD14,1,-0.2660697039275245,0.14022176829444113,1.0,5,True
HNC-Wu2022,hpv_status,1,CD14,2,-0.26319048495909214,0.21648415039173832,0.8,5,True
HNC-Wu2022,hpv_status,1,CD15,0,0.21665008217818243,0.12407819320235546,1.0,5,True
HNC-Wu2022,hpv_status,1,CD15,1,0.21165117296570757,0.19835871975711217,1.0,5,True
HNC-Wu2022,hpv_status,1,CD15,2,0.20246710973481652,0.1420745173700497,1.0,5,True
HNC-Wu2022,hpv_status,1,CD152,0,0.062065943188347884,0.13350941762038293,0.6,5,True
HNC-Wu2022,hpv_status,1,CD152,1,-0.05118209287644423,0.11674366596950045,0.6,5,True
HNC-Wu2022,hpv_status,1,CD152,2,0.0031891750604277416,0.00713121222726343,0.2,5,False
HNC-Wu2022,hpv_status,1,CD16,0,0.1769016975983929,0.31959833060271037,0.8,5,True
HNC-Wu2022,hpv_status,1,CD16,1,0.17965031610290086,0.2972621618071721,0.8,5,True
HNC-Wu2022,hpv_status,1,CD16,2,0.16671328120631962,0.4113787379078134,0.8,5,True
HNC-Wu2022,hpv_status,1,CD163,0,0.2056240886857712,0.3014447826901649,0.6,5,True
HNC-Wu2022,hpv_status,1,CD163,1,0.14551800306790635,0.08733826901653519,1.0,5,True
HNC-Wu2022,hpv_status,1,CD163,2,0.18371177686149412,0.17447272260309493,0.6,5,True
HNC-Wu2022,hpv_status,1,CD20,0,0.043496774153445196,0.060203561432842743,0.4,5,False
HNC-Wu2022,hpv_status,1,CD20,1,0.04450198316222502,0.06136895224556223,0.4,5,False
HNC-Wu2022,hpv_status,1,CD20,2,0.0032867002138191326,0.1623117919495018,1.0,5,True
HNC-Wu2022,hpv_status,1,CD21,0,-0.06386965794712476,0.10325349402704508,0.4,5,False
HNC-Wu2022,hpv_status,1,CD21,1,-0.10010881200512056,0.21491070904984516,0.4,5,False
HNC-Wu2022,hpv_status,1,CD21,2,-0.041615515845913276,0.09305512235018176,0.2,5,False
HNC-Wu2022,hpv_status,1,CD31,0,0.15626127255506753,0.15638274405599728,0.6,5,True
HNC-Wu2022,hpv_status,1,CD31,1,0.1410923281444457,0.17569582487052368,0.8,5,True
HNC-Wu2022,hpv_status,1,CD31,2,0.14578230029065886,0.15319254443200583,0.6,5,True
HNC-Wu2022,hpv_status,1,CD34,0,0.4940638126530409,0.12431269996877603,1.0,5,True
HNC-Wu2022,hpv_status,1,CD34,1,0.5260216547357931,0.3089693449266563,1.0,5,True
HNC-Wu2022,hpv_status,1,CD34,2,0.5020598044585853,0.23840154460677793,1.0,5,True
HNC-Wu2022,hpv_status,1,CD38,0,-0.27405436670921357,0.15632366981037457,1.0,5,True
HNC-Wu2022,hpv_status,1,CD38,1,-0.3053623272254788,0.20328919051235675,1.0,5,True
HNC-Wu2022,hpv_status,1,CD38,2,-0.2855903889448943,0.1558750103384806,1.0,5,True
HNC-Wu2022,hpv_status,1,CD3e,0,0.6866552320425702,0.2411422953541352,1.0,5,True
HNC-Wu2022,hpv_status,1,CD3e,1,0.727049851264652,0.3437638348216111,1.0,5,True
HNC-Wu2022,hpv_status,1,CD3e,2,0.7048922403644737,0.23379094095585723,1.0,5,True
HNC-Wu2022,hpv_status,1,CD4,0,0.13085639801042753,0.17004922221878316,0.8,5,True
HNC-Wu2022,hpv_status,1,CD4,1,0.0870184372663668,0.12524554196173654,0.4,5,False
HNC-Wu2022,hpv_status,1,CD4,2,0.11280157687611125,0.15545133730299324,0.8,5,True
HNC-Wu2022,hpv_status,1,CD45,0,-0.16934830649325094,0.22819038242604991,1.0,5,True
HNC-Wu2022,hpv_status,1,CD45,1,-0.1763875260846932,0.18369259411713768,0.8,5,True
HNC-Wu2022,hpv_status,1,CD45,2,-0.14605281967218794,0.12673475080530017,0.8,5,True
HNC-Wu2022,hpv_status,1,CD45RA,0,-0.22248741387619836,0.31460475176954816,1.0,5,True
HNC-Wu2022,hpv_status,1,CD45RA,1,-0.04286099904273062,0.775032326663705,1.0,5,True
HNC-Wu2022,hpv_status,1,CD45RA,2,-0.07374039725105626,0.5245396541943906,1.0,5,True
HNC-Wu2022,hpv_status,1,CD45RO,0,0.2536488892375181,0.472142698012639,0.4,5,False
HNC-Wu2022,hpv_status,1,CD45RO,1,0.2042499325894017,0.3402873993471618,0.6,5,True
HNC-Wu2022,hpv_status,1,CD45RO,2,0.17222602100559511,0.21467287931111995,0.6,5,True
HNC-Wu2022,hpv_status,1,CD47,0,-0.9285628095405553,0.4062408984147395,1.0,5,True
HNC-Wu2022,hpv_status,1,CD47,1,-0.9310559852617153,0.20902016909044654,1.0,5,True
HNC-Wu2022,hpv_status,1,CD47,2,-0.9506029415381294,0.16791505130778786,1.0,5,True
HNC-Wu2022,hpv_status,1,CD49f,0,-0.5844884630842654,0.3526326935530105,0.8,5,True
HNC-Wu2022,hpv_status,1,CD49f,1,-0.45070671973089216,0.29099350368554244,0.8,5,True
HNC-Wu2022,hpv_status,1,CD49f,2,-0.5169475726170376,0.3366757235200659,0.8,5,True
HNC-Wu2022,hpv_status,1,CD56,0,0.11768057930967198,0.1798779357910007,0.4,5,False
HNC-Wu2022,hpv_status,1,CD56,1,0.027319103275308555,0.0572032224983625,0.4,5,False
HNC-Wu2022,hpv_status,1,CD56,2,0.0,0.0,0.0,5,False
HNC-Wu2022,hpv_status,1,CD57,0,-0.06305706016088072,0.14099987298102312,0.2,5,False
HNC-Wu2022,hpv_status,1,CD57,1,-0.06598918936947393,0.1475563132102502,0.2,5,False
HNC-Wu2022,hpv_status,1,CD57,2,-0.06546600326309204,0.14638643351149686,0.2,5,False
HNC-Wu2022,hpv_status,1,CD68,0,0.033080025888527376,0.11661479715018949,0.8,5,True
HNC-Wu2022,hpv_status,1,CD68,1,0.05504828201727594,0.10828859834721138,0.8,5,True
HNC-Wu2022,hpv_status,1,CD68,2,0.06870442012028083,0.15180003963032007,0.8,5,True
HNC-Wu2022,hpv_status,1,CD69,0,-0.2851424873737986,0.3797764218387992,0.6,5,True
HNC-Wu2022,hpv_status,1,CD69,1,-0.19986325822625087,0.18303750663553975,0.6,5,True
HNC-Wu2022,hpv_status,1,CD69,2,-0.1482550396930013,0.19144106747999795,0.6,5,True
HNC-Wu2022,hpv_status,1,CD8,0,0.9835411924517169,0.5079238376768866,1.0,5,True
HNC-Wu2022,hpv_status,1,CD8,1,0.9287829684831742,0.22551594128186597,1.0,5,True
HNC-Wu2022,hpv_status,1,CD8,2,0.9888662869778437,0.24445370334085062,1.0,5,True
HNC-Wu2022,hpv_status,1,CollagenIV,0,-0.5360624198976508,0.16034784987000186,1.0,5,True
HNC-Wu2022,hpv_status,1,CollagenIV,1,-0.5339629518756582,0.5038057125258181,0.8,5,True
HNC-Wu2022,hpv_status,1,CollagenIV,2,-0.5502308947271567,0.48644276779093104,1.0,5,True
HNC-Wu2022,hpv_status,1,DAPI,0,-0.3506583052268744,0.19154394837105082,1.0,5,True
HNC-Wu2022,hpv_status,1,DAPI,1,-0.3660226779001775,0.23959420252173597,1.0,5,True
HNC-Wu2022,hpv_status,1,DAPI,2,-0.378708982206882,0.13709783505428966,1.0,5,True
HNC-Wu2022,hpv_status,1,FoxP3,0,0.2813216628600561,0.32028025584813025,1.0,5,True
HNC-Wu2022,hpv_status,1,FoxP3,1,0.20399118859357443,0.2909201323009854,1.0,5,True
HNC-Wu2022,hpv_status,1,FoxP3,2,0.24255772553963834,0.18124963827095147,1.0,5,True
HNC-Wu2022,hpv_status,1,GranzymeB,0,-0.12893183234008848,0.20363475347236046,0.4,5,False
HNC-Wu2022,hpv_status,1,GranzymeB,1,-0.1823398424978791,0.26269671433851777,0.4,5,False
HNC-Wu2022,hpv_status,1,GranzymeB,2,-0.17864213403465792,0.21912200029447426,0.8,5,True
HNC-Wu2022,hpv_status,1,HLA-DR,0,-0.02886076198687142,0.17107734104688888,0.6,5,True
HNC-Wu2022,hpv_status,1,HLA-DR,1,-0.05533525453058893,0.16269905622583905,0.6,5,True
HNC-Wu2022,hpv_status,1,HLA-DR,2,-0.03758071401493784,0.11860609686350435,0.8,5,True
HNC-Wu2022,hpv_status,1,ICOS,0,-0.40898065045278154,0.6080551315081248,0.8,5,True
HNC-Wu2022,hpv_status,1,ICOS,1,-0.4815133850332585,0.562115961984286,0.6,5,True
HNC-Wu2022,hpv_status,1,ICOS,2,-0.36305047767181786,0.572035144328992,1.0,5,True
HNC-Wu2022,hpv_status,1,Ki67,0,1.1372844437265024,0.27152797326404815,1.0,5,True
HNC-Wu2022,hpv_status,1,Ki67,1,1.131373804930405,0.1982032196049707,1.0,5,True
HNC-Wu2022,hpv_status,1,Ki67,2,1.1288052161565816,0.18502587013674865,1.0,5,True
HNC-Wu2022,hpv_status,1,PD1,0,0.17130272748850064,0.24755583883407017,0.8,5,True
HNC-Wu2022,hpv_status,1,PD1,1,0.2863561394681736,0.47322752392695383,0.8,5,True
HNC-Wu2022,hpv_status,1,PD1,2,0.18946841559460476,0.293130554504882,0.8,5,True
HNC-Wu2022,hpv_status,1,PDL1,0,0.07134757417378226,0.12158074123505007,0.6,5,True
HNC-Wu2022,hpv_status,1,PDL1,1,0.038401775876677174,0.13933778474676117,0.6,5,True
HNC-Wu2022,hpv_status,1,PDL1,2,0.06098702359259469,0.08675492502644945,0.4,5,False
HNC-Wu2022,hpv_status,1,PanCK,0,0.3094767900102409,0.17037729710327354,1.0,5,True
HNC-Wu2022,hpv_status,1,PanCK,1,0.330818338331062,0.2187264745337447,0.8,5,True
HNC-Wu2022,hpv_status,1,PanCK,2,0.29655421279043453,0.21820619537187033,0.8,5,True
HNC-Wu2022,hpv_status,1,Podoplanin,0,-0.4740795967121921,0.33265437963774164,1.0,5,True
HNC-Wu2022,hpv_status,1,Podoplanin,1,-0.439378729719534,0.13631090020742373,1.0,5,True
HNC-Wu2022,hpv_status,1,Podoplanin,2,-0.4881208826360962,0.2933529844409441,1.0,5,True
HNC-Wu2022,hpv_status,1,TMEM16A,0,0.03244292305820119,0.054812975800708034,0.4,5,False
HNC-Wu2022,hpv_status,1,TMEM16A,1,0.0466497029518739,0.10431190693056264,0.2,5,False
HNC-Wu2022,hpv_status,1,TMEM16A,2,0.010098529739525318,0.022580998970381856,0.2,5,False
HNC-Wu2022,hpv_status,1,Vimentin,0,0.011229294420718827,0.015533488250958453,0.4,5,False
HNC-Wu2022,hpv_status,1,Vimentin,1,0.0023969092440284724,0.08455927507918667,0.8,5,True
HNC-Wu2022,hpv_status,1,Vimentin,2,0.01361363171717459,0.08548082107816175,0.8,5,True
HNC-Wu2022,hpv_status,1,aSMA,0,0.2947750772750407,0.17526312404308247,1.0,5,True
HNC-Wu2022,hpv_status,1,aSMA,1,0.3224418525814602,0.2496593970347043,1.0,5,True
HNC-Wu2022,hpv_status,1,aSMA,2,0.28860542468255185,0.13786510176907799,1.0,5,True
HNC-Wu2022,hpv_status,1,p16,0,0.01837927450743366,0.04109730717575063,0.2,5,False
HNC-Wu2022,hpv_status,1,p16,1,0.0,0.0,0.0,5,False
HNC-Wu2022,hpv_status,1,p16,2,-0.0007571731365664454,0.0016930906040993037,0.2,5,False
LUAD-Sorin2023,progression,1,CD117,0,-0.19375688606434815,0.08120352522036642,1.0,5,True
LUAD-Sorin2023,progression,1,CD117,1,-0.19777606536795894,0.047813428058698294,1.0,5,True
LUAD-Sorin2023,progression,1,CD117,2,-0.18660538946811622,0.03865546916913517,1.0,5,True
LUAD-Sorin2023,progression,1,CD11c,0,-0.01818777298706669,0.060687089915728576,0.8,5,True
LUAD-Sorin2023,progression,1,CD11c,1,-0.013257161155148417,0.0296439135315815,0.2,5,False
LUAD-Sorin2023,progression,1,CD11c,2,-0.0263088979428067,0.04682468748426209,0.6,5,True
LUAD-Sorin2023,progression,1,CD14,0,-0.09251582327675714,0.19879583934231723,1.0,5,True
LUAD-Sorin2023,progression,1,CD14,1,-0.05749157741316685,0.10476431901739992,0.6,5,True
LUAD-Sorin2023,progression,1,CD14,2,-0.0963059203630512,0.17230723723725408,0.6,5,True
LUAD-Sorin2023,progression,1,CD16,0,-0.07935083498586244,0.1362542589513588,0.8,5,True
LUAD-Sorin2023,progression,1,CD16,1,-0.09687701992535451,0.07643484553910501,1.0,5,True
LUAD-Sorin2023,progression,1,CD16,2,-0.07894812985674192,0.10308930942877084,0.8,5,True
LUAD-Sorin2023,progression,1,CD163,0,-0.006761261911850026,0.06717089215541963,1.0,5,True
LUAD-Sorin2023,progression,1,CD163,1,-0.020388606853025563,0.1340746492711602,1.0,5,True
LUAD-Sorin2023,progression,1,CD163,2,0.01792778663402707,0.17931620273202994,0.8,5,True
LUAD-Sorin2023,progression,1,CD20,0,0.07850025836965992,0.1921742540546144,1.0,5,True
LUAD-Sorin2023,progression,1,CD20,1,0.08567446926829589,0.18895549223224203,1.0,5,True
LUAD-Sorin2023,progression,1,CD20,2,0.08668416665941563,0.16091293946285867,0.8,5,True
LUAD-Sorin2023,progression,1,CD3,0,-0.11318277888796455,0.160020914444701,0.6,5,True
LUAD-Sorin2023,progression,1,CD3,1,-0.11352757616162276,0.20292674795239837,0.8,5,True
LUAD-Sorin2023,progression,1,CD3,2,-0.1393833512029328,0.13842734052365913,0.6,5,True
LUAD-Sorin2023,progression,1,CD31,0,0.06555468111912446,0.11199400951365485,1.0,5,True
LUAD-Sorin2023,progression,1,CD31,1,0.0596435950623518,0.07079902706686031,0.8,5,True
LUAD-Sorin2023,progression,1,CD31,2,0.05550449923696428,0.06151090265926791,1.0,5,True
LUAD-Sorin2023,progression,1,CD4,0,-0.024397992706165144,0.11471408532842729,0.8,5,True
LUAD-Sorin2023,progression,1,CD4,1,-0.020570046070032093,0.04599602131289416,0.2,5,False
LUAD-Sorin2023,progression,1,CD4,2,-0.021845035666357936,0.06183435236006416,1.0,5,True
LUAD-Sorin2023,progression,1,CD68,0,-0.022588478923529984,0.03100577958617114,0.4,5,False
LUAD-Sorin2023,progression,1,CD68,1,-0.01671440477232363,0.04734638452555447,1.0,5,True
LUAD-Sorin2023,progression,1,CD68,2,-0.04112557204113849,0.07937316799573962,0.6,5,True
LUAD-Sorin2023,progression,1,CD8a,0,0.33849102022440386,0.10239643318651606,1.0,5,True
LUAD-Sorin2023,progression,1,CD8a,1,0.34481938838575243,0.02764419289430645,1.0,5,True
LUAD-Sorin2023,progression,1,CD8a,2,0.36972034538297505,0.1693564771534538,1.0,5,True
LUAD-Sorin2023,progression,1,CD94,0,-0.056460060946857925,0.04212547227797571,0.8,5,True
LUAD-Sorin2023,progression,1,CD94,1,-0.05562908738895417,0.05604037176338721,1.0,5,True
LUAD-Sorin2023,progression,1,CD94,2,-0.06096083324705818,0.04152278471473489,0.8,5,True
LUAD-Sorin2023,progression,1,DNA1,0,-0.36997976099243324,0.10937002268123162,1.0,5,True
LUAD-Sorin2023,progression,1,DNA1,1,-0.37484312835860445,0.14086041673676536,1.0,5,True
LUAD-Sorin2023,progression,1,DNA1,2,-0.37213561046398375,0.10605716319344806,1.0,5,True
LUAD-Sorin2023,progression,1,FoxP3,0,-0.13336968982866834,0.13250443390638741,1.0,5,True
LUAD-Sorin2023,progression,1,FoxP3,1,-0.1524259213758393,0.22968659362293237,1.0,5,True
LUAD-Sorin2023,progression,1,FoxP3,2,-0.13519743505601972,0.14577791695870262,0.8,5,True
LUAD-Sorin2023,progression,1,HLA-DR,0,0.07294767036296121,0.08683795352548519,1.0,5,True
LUAD-Sorin2023,progression,1,HLA-DR,1,0.0729489479714835,0.15589638856079369,1.0,5,True
LUAD-Sorin2023,progression,1,HLA-DR,2,0.08128167870617045,0.06520079214272266,0.8,5,True
LUAD-Sorin2023,progression,1,MPO,0,-0.24729834590253938,0.0822511820117896,1.0,5,True
LUAD-Sorin2023,progression,1,MPO,1,-0.24709897763627672,0.088256452214558,1.0,5,True
LUAD-Sorin2023,progression,1,MPO,2,-0.24079891972577622,0.08708749948575177,1.0,5,True
LUAD-Sorin2023,progression,1,Pancytokeratin,0,0.47502856398243676,0.0904793572846783,1.0,5,True
LUAD-Sorin2023,progression,1,Pancytokeratin,1,0.486025307847064,0.04768369932701698,1.0,5,True
LUAD-Sorin2023,progression,1,Pancytokeratin,2,0.4995690035925834,0.13778461272328216,1.0,5,True
LUAD-Sorin2023,progression,1,TTF1,0,-0.35695381328760306,0.1393070168537731,1.0,5,True
LUAD-Sorin2023,progression,1,TTF1,1,-0.3588470202907258,0.1744318973601924,1.0,5,True
LUAD-Sorin2023,progression,1,TTF1,2,-0.3721088643533971,0.03636673569353349,1.0,5,True
NSCLC-Aung2025,immunotherapy_response,1,ASCT2,0,-0.12020649798750238,0.16650529136568942,0.4,5,False
NSCLC-Aung2025,immunotherapy_response,1,ASCT2,1,-0.08924768910265575,0.19956389966830546,0.2,5,False
NSCLC-Aung2025,immunotherapy_response,1,ASCT2,2,0.0,0.0,0.0,5,False
NSCLC-Aung2025,immunotherapy_response,1,ATPA5,0,1.5056912409697132,0.612639011200117,1.0,5,True
NSCLC-Aung2025,immunotherapy_response,1,ATPA5,1,1.2488558921611517,0.40392305608478557,1.0,5,True
NSCLC-Aung2025,immunotherapy_response,1,ATPA5,2,1.3273626438342003,0.468760353551796,1.0,5,True
NSCLC-Aung2025,immunotherapy_response,1,CD11b,0,-0.3901695068377431,0.14778819753265418,1.0,5,True
NSCLC-Aung2025,immunotherapy_response,1,CD11b,1,-0.28312181657619134,0.32565196913723965,0.6,5,True
NSCLC-Aung2025,immunotherapy_response,1,CD11b,2,-0.3565201704117366,0.2398992862603121,1.0,5,True
NSCLC-Aung2025,immunotherapy_response,1,CD11c,0,0.012579367400572116,0.02812832062162408,0.2,5,False
NSCLC-Aung2025,immunotherapy_response,1,CD11c,1,0.0,0.0,0.0,5,False
NSCLC-Aung2025,immunotherapy_response,1,CD11c,2,0.0,0.0,0.0,5,False
NSCLC-Aung2025,immunotherapy_response,1,CD14,0,0.0,0.0,0.0,5,False
NSCLC-Aung2025,immunotherapy_response,1,CD14,1,0.0,0.0,0.0,5,False
NSCLC-Aung2025,immunotherapy_response,1,CD14,2,0.0,0.0,0.0,5,False
NSCLC-Aung2025,immunotherapy_response,1,CD163,0,0.0,0.0,0.0,5,False
NSCLC-Aung2025,immunotherapy_response,1,CD163,1,0.0,0.0,0.0,5,False
NSCLC-Aung2025,immunotherapy_response,1,CD163,2,0.0,0.0,0.0,5,False
NSCLC-Aung2025,immunotherapy_response,1,CD19,0,0.0,0.0,0.0,5,False
NSCLC-Aung2025,immunotherapy_response,1,CD19,1,0.0,0.0,0.0,5,False
NSCLC-Aung2025,immunotherapy_response,1,CD19,2,0.0,0.0,0.0,5,False
NSCLC-Aung2025,immunotherapy_response,1,CD20,0,-0.22174234780336705,0.49583096317872993,0.2,5,False
NSCLC-Aung2025,immunotherapy_response,1,CD20,1,-0.09331120838817616,0.20865020501861048,0.2,5,False
NSCLC-Aung2025,immunotherapy_response,1,CD20,2,-0.1237732507351623,0.27676540243994874,0.2,5,False
NSCLC-Aung2025,immunotherapy_response,1,CD21,0,-0.8855895130351188,0.42906672471407575,1.0,5,True
NSCLC-Aung2025,immunotherapy_response,1,CD21,1,-0.9577606387769165,0.779960691700738,0.8,5,True
NSCLC-Aung2025,immunotherapy_response,1,CD21,2,-0.7308262252713639,0.7035494806667554,0.8,5,True
NSCLC-Aung2025,immunotherapy_response,1,CD31,0,0.1248522709982219,0.20723115804719333,0.4,5,False
NSCLC-Aung2025,immunotherapy_response,1,CD31,1,0.0,0.0,0.0,5,False
NSCLC-Aung2025,immunotherapy_response,1,CD31,2,0.038207454790192184,0.07766238595166233,0.4,5,False
NSCLC-Aung2025,immunotherapy_response,1,CD34,0,0.11320953327306753,0.1644006166792071,0.4,5,False
NSCLC-Aung2025,immunotherapy_response,1,CD34,1,0.18224336789240353,0.21986507056354915,0.6,5,True
NSCLC-Aung2025,immunotherapy_response,1,CD34,2,0.0807923523744203,0.18065719197132032,0.2,5,False
NSCLC-Aung2025,immunotherapy_response,1,CD3e,0,0.0,0.0,0.0,5,False
NSCLC-Aung2025,immunotherapy_response,1,CD3e,1,0.0,0.0,0.0,5,False
NSCLC-Aung2025,immunotherapy_response,1,CD3e,2,0.0,0.0,0.0,5,False
NSCLC-Aung2025,immunotherapy_response,1,CD4,0,0.11866056890371686,0.26533309831750856,0.2,5,False
NSCLC-Aung2025,immunotherapy_response,1,CD4,1,0.06304701274647943,0.14097740627942373,0.2,5,False
NSCLC-Aung2025,immunotherapy_response,1,CD4,2,0.1037261539177933,0.18054096132324618,0.4,5,False
NSCLC-Aung2025,immunotherapy_response,1,CD44,0,0.4791688733559991,0.5254262686868666,0.6,5,True
NSCLC-Aung2025,immunotherapy_response,1,CD44,1,0.41604840436037344,0.38323949045855393,0.8,5,True
NSCLC-Aung2025,immunotherapy_response,1,CD44,2,0.28717681944677664,0.32871797710602235,0.6,5,True
NSCLC-Aung2025,immunotherapy_response,1,CD45,0,0.0,0.0,0.0,5,False
NSCLC-Aung2025,immunotherapy_response,1,CD45,1,0.0,0.0,0.0,5,False
NSCLC-Aung2025,immunotherapy_response,1,CD45,2,0.0,0.0,0.0,5,False
NSCLC-Aung2025,immunotherapy_response,1,CD45RO,0,0.0,0.0,0.0,5,False
NSCLC-Aung2025,immunotherapy_response,1,CD45RO,1,0.0,0.0,0.0,5,False
NSCLC-Aung2025,immunotherapy_response,1,CD45RO,2,0.0,0.0,0.0,5,False
NSCLC-Aung2025,immunotherapy_response,1,CD57,0,0.0,0.0,0.0,5,False
NSCLC-Aung2025,immunotherapy_response,1,CD57,1,-0.09720772442600409,0.21736307975461186,0.2,5,False
NSCLC-Aung2025,immunotherapy_response,1,CD57,2,-0.016666802689106,0.03726810378041731,0.2,5,False
NSCLC-Aung2025,immunotherapy_response,1,CD68,0,0.0,0.0,0.0,5,False
NSCLC-Aung2025,immunotherapy_response,1,CD68,1,0.0,0.0,0.0,5,False
NSCLC-Aung2025,immunotherapy_response,1,CD68,2,0.0,0.0,0.0,5,False
NSCLC-Aung2025,immunotherapy_response,1,CD8,0,0.0,0.0,0.0,5,False
NSCLC-Aung2025,immunotherapy_response,1,CD8,1,0.0,0.0,0.0,5,False
NSCLC-Aung2025,immunotherapy_response,1,CD8,2,0.0,0.0,0.0,5,False
NSCLC-Aung2025,immunotherapy_response,1,CPT1A,0,0.04711440289571152,0.07567925921712414,0.4,5,False
NSCLC-Aung2025,immunotherapy_response,1,CPT1A,1,0.03989598160621784,0.0617011917702638,0.4,5,False
NSCLC-Aung2025,immunotherapy_response,1,CPT1A,2,0.11136105270319971,0.24901088389029127,0.2,5,False
NSCLC-Aung2025,immunotherapy_response,1,Citrate Synthase,0,0.0,0.0,0.0,5,False
NSCLC-Aung2025,immunotherapy_response,1,Citrate Synthase,1,0.0,0.0,0.0,5,False
NSCLC-Aung2025,immunotherapy_response,1,Citrate Synthase,2,0.0,0.0,0.0,5,False
NSCLC-Aung2025,immunotherapy_response,1,Collagen IV,0,-0.0915649688093141,0.20474549461527428,0.2,5,False
NSCLC-Aung2025,immunotherapy_response,1,Collagen IV,1,-0.11970355092042625,0.18580220794915345,0.6,5,True
NSCLC-Aung2025,immunotherapy_response,1,Collagen IV,2,-0.05252420916905023,0.36029787528405216,1.0,5,True
NSCLC-Aung2025,immunotherapy_response,1,DAPI,0,0.03719375133873268,0.08316775633163007,0.2,5,False
NSCLC-Aung2025,immunotherapy_response,1,DAPI,1,0.0,0.0,0.0,5,False
NSCLC-Aung2025,immunotherapy_response,1,DAPI,2,0.02059264895421816,0.04604656289842176,0.2,5,False
NSCLC-Aung2025,immunotherapy_response,1,E-cadherin,0,0.0,0.0,0.0,5,False
NSCLC-Aung2025,immunotherapy_response,1,E-cadherin,1,0.0,0.0,0.0,5,False
NSCLC-Aung2025,immunotherapy_response,1,E-cadherin,2,0.0,0.0,0.0,5,False
NSCLC-Aung2025,immunotherapy_response,1,FOXP3,0,0.0,0.0,0.0,5,False
NSCLC-Aung2025,immunotherapy_response,1,FOXP3,1,0.0,0.0,0.0,5,False
NSCLC-Aung2025,immunotherapy_response,1,FOXP3,2,0.0,0.0,0.0,5,False
NSCLC-Aung2025,immunotherapy_response,1,G6PD,0,-0.15016868148850576,0.144349129512961,0.6,5,True
NSCLC-Aung2025,immunotherapy_response,1,G6PD,1,-0.10199432841393825,0.22806625165300423,0.2,5,False
NSCLC-Aung2025,immunotherapy_response,1,G6PD,2,-0.26779794541006485,0.4143086472951682,0.4,5,False
NSCLC-Aung2025,immunotherapy_response,1,GLUT1,0,0.22945811723980375,0.3229673638947146,0.4,5,False
NSCLC-Aung2025,immunotherapy_response,1,GLUT1,1,0.38341470912972064,0.4148058508694501,0.8,5,True
NSCLC-Aung2025,immunotherapy_response,1,GLUT1,2,0.3007013367776025,0.48868114081371,0.6,5,True
NSCLC-Aung2025,immunotherapy_response,1,Granzyme B,0,-0.08279500529261126,0.10165505640909608,0.6,5,True
NSCLC-Aung2025,immunotherapy_response,1,Granzyme B,1,-0.050833341415160625,0.3520350324471346,0.6,5,True
NSCLC-Aung2025,immunotherapy_response,1,Granzyme B,2,0.011945840353940685,0.5536403070894699,0.8,5,True
NSCLC-Aung2025,immunotherapy_response,1,HK1,0,-0.01080977415704095,0.024171389836564052,0.2,5,False
NSCLC-Aung2025,immunotherapy_response,1,HK1,1,-0.11320843257813414,0.2531417508709097,0.2,5,False
NSCLC-Aung2025,immunotherapy_response,1,HK1,2,-0.11681601375854445,0.26120854762465606,0.2,5,False
NSCLC-Aung2025,immunotherapy_response,1,HLA-A,0,0.0,0.0,0.0,5,False
NSCLC-Aung2025,immunotherapy_response,1,HLA-A,1,-0.046458759286937,0.10388494391589077,0.2,5,False
NSCLC-Aung2025,immunotherapy_response,1,HLA-A,2,-0.22940567369903858,0.5129666808151859,0.2,5,False
NSCLC-Aung2025,immunotherapy_response,1,ICOS,0,0.0,0.0,0.0,5,False
NSCLC-Aung2025,immunotherapy_response,1,ICOS,1,0.0,0.0,0.0,5,False
NSCLC-Aung2025,immunotherapy_response,1,ICOS,2,0.0,0.0,0.0,5,False
NSCLC-Aung2025,immunotherapy_response,1,IDH2,0,0.007833703497573648,0.017516693536152535,0.2,5,False
NSCLC-Aung2025,immunotherapy_response,1,IDH2,1,0.01890199598679054,0.04226614793689186,0.2,5,False
NSCLC-Aung2025,immunotherapy_response,1,IDH2,2,0.031372831834904254,0.07015178462951537,0.2,5,False
NSCLC-Aung2025,immunotherapy_response,1,Ki67,0,0.015391807453524881,0.034417127762669565,0.2,5,False
NSCLC-Aung2025,immunotherapy_response,1,Ki67,1,0.0,0.0,0.0,5,False
NSCLC-Aung2025,immunotherapy_response,1,Ki67,2,0.0,0.0,0.0,5,False
NSCLC-Aung2025,immunotherapy_response,1,LAG3,0,0.0,0.0,0.0,5,False
NSCLC-Aung2025,immunotherapy_response,1,LAG3,1,0.009935031746782175,0.02221540634442342,0.2,5,False
NSCLC-Aung2025,immunotherapy_response,1,LAG3,2,0.0,0.0,0.0,5,False
NSCLC-Aung2025,immunotherapy_response,1,LDHA,0,0.0,0.0,0.0,5,False
NSCLC-Aung2025,immunotherapy_response,1,LDHA,1,0.08121831192709869,0.1816096664867746,0.2,5,False
NSCLC-Aung2025,immunotherapy_response,1,LDHA,2,0.0,0.0,0.0,5,False
NSCLC-Aung2025,immunotherapy_response,1,NakATPase,0,0.10511927133121457,0.23505383644184058,0.2,5,False
NSCLC-Aung2025,immunotherapy_response,1,NakATPase,1,0.05435255555226297,0.12153600896569362,0.2,5,False
NSCLC-Aung2025,immunotherapy_response,1,NakATPase,2,0.19437495946807287,0.4346356224943773,0.2,5,False
NSCLC-Aung2025,immunotherapy_response,1,PAX5,0,-0.022707581325179,0.050775695447705,0.2,5,False
NSCLC-Aung2025,immunotherapy_response,1,PAX5,1,0.0,0.0,0.0,5,False
NSCLC-Aung2025,immunotherapy_response,1,PAX5,2,-0.03193528876208794,0.07140947655311373,0.2,5,False
NSCLC-Aung2025,immunotherapy_response,1,PD-1,0,0.0,0.0,0.0,5,False
NSCLC-Aung2025,immunotherapy_response,1,PD-1,1,0.0,0.0,0.0,5,False
NSCLC-Aung2025,immunotherapy_response,1,PD-1,2,0.0,0.0,0.0,5,False
NSCLC-Aung2025,immunotherapy_response,1,PD-L1,0,0.0,0.0,0.0,5,False
NSCLC-Aung2025,immunotherapy_response,1,PD-L1,1,0.0,0.0,0.0,5,False
NSCLC-Aung2025,immunotherapy_response,1,PD-L1,2,0.1252924118692516,0.1764856923877041,0.4,5,False
NSCLC-Aung2025,immunotherapy_response,1,Pan-Cytokeratin,0,0.07384159829184861,0.16511483334780586,0.2,5,False
NSCLC-Aung2025,immunotherapy_response,1,Pan-Cytokeratin,1,0.0,0.0,0.0,5,False
NSCLC-Aung2025,immunotherapy_response,1,Pan-Cytokeratin,2,0.0,0.0,0.0,5,False
NSCLC-Aung2025,immunotherapy_response,1,SDHA,0,0.0,0.0,0.0,5,False
NSCLC-Aung2025,immunotherapy_response,1,SDHA,1,0.3143354230928709,0.7028753737718164,0.2,5,False
NSCLC-Aung2025,immunotherapy_response,1,SDHA,2,0.030323548643098674,0.06780551608499015,0.2,5,False
NSCLC-Aung2025,immunotherapy_response,1,SMA,0,-0.15505266940247034,0.2438147707639789,0.6,5,True
NSCLC-Aung2025,immunotherapy_response,1,SMA,1,-0.0667792291678076,0.14932289590425452,0.2,5,False
NSCLC-Aung2025,immunotherapy_response,1,SMA,2,-0.024026451696944052,0.05372477925248208,0.2,5,False
NSCLC-Aung2025,immunotherapy_response,1,Vimentin,0,0.08067984269672464,0.1110661060155233,0.4,5,False
NSCLC-Aung2025,immunotherapy_response,1,Vimentin,1,0.08050008009326642,0.11849499114943628,0.6,5,True
NSCLC-Aung2025,immunotherapy_response,1,Vimentin,2,0.14215124338941626,0.19888586868119176,0.6,5,True
NSCLC-Aung2025,immunotherapy_response,1,pNRFR2,0,-0.1780339362798555,0.332914632228629,0.4,5,False
NSCLC-Aung2025,immunotherapy_response,1,pNRFR2,1,-0.1713218986542128,0.19875975210245592,0.6,5,True
NSCLC-Aung2025,immunotherapy_response,1,pNRFR2,2,-0.20243490756240695,0.23016280976244435,0.6,5,True
NSCLC-GNN-Hoebel2026,stage_binary,1,CD8,0,-0.3259114316074813,0.07351198454997325,1.0,5,True
NSCLC-GNN-Hoebel2026,stage_binary,1,CD8,1,-0.32608245943545233,0.10841136906831736,1.0,5,True
NSCLC-GNN-Hoebel2026,stage_binary,1,CD8,2,-0.325114847453672,0.062059152643569857,1.0,5,True
NSCLC-GNN-Hoebel2026,stage_binary,1,CK,0,0.41455685269262077,0.050112492762885805,1.0,5,True
NSCLC-GNN-Hoebel2026,stage_binary,1,CK,1,0.41659344846559127,0.062295766693340845,1.0,5,True
NSCLC-GNN-Hoebel2026,stage_binary,1,CK,2,0.41389571436860706,0.05528545371145113,1.0,5,True
NSCLC-GNN-Hoebel2026,stage_binary,1,FOXP3,0,0.48462105306916436,0.047478363668389575,1.0,5,True
NSCLC-GNN-Hoebel2026,stage_binary,1,FOXP3,1,0.48364371791780014,0.06540186487377228,1.0,5,True
NSCLC-GNN-Hoebel2026,stage_binary,1,FOXP3,2,0.48329882645432987,0.05316085315694864,1.0,5,True
NSCLC-GNN-Hoebel2026,stage_binary,1,PD-1,0,-0.17908602248768263,0.05517397672561223,1.0,5,True
NSCLC-GNN-Hoebel2026,stage_binary,1,PD-1,1,-0.17796331490408776,0.02458912112999945,1.0,5,True
NSCLC-GNN-Hoebel2026,stage_binary,1,PD-1,2,-0.17619337768595986,0.02595375828621802,1.0,5,True
NSCLC-GNN-Hoebel2026,stage_binary,1,PD-L1,0,0.43919496082592124,0.03471366726305442,1.0,5,True
NSCLC-GNN-Hoebel2026,stage_binary,1,PD-L1,1,0.4388222473583305,0.06754044261072316,1.0,5,True
NSCLC-GNN-Hoebel2026,stage_binary,1,PD-L1,2,0.43942621286308814,0.056401551170150915,1.0,5,True
NSCLC-ICI-Monkman2024,immunotherapy_response,1,CD107a,0,-0.49671410023070495,0.28640176662712197,1.0,5,True
NSCLC-ICI-Monkman2024,immunotherapy_response,1,CD107a,1,-0.48926439365218954,0.2270726224255557,1.0,5,True
NSCLC-ICI-Monkman2024,immunotherapy_response,1,CD107a,2,-0.5079714353273997,0.46612326752602035,1.0,5,True
NSCLC-ICI-Monkman2024,immunotherapy_response,1,CD117,0,0.003855543414648567,0.008621257165355854,0.2,5,False
NSCLC-ICI-Monkman2024,immunotherapy_response,1,CD117,1,0.0,0.0,0.0,5,False
NSCLC-ICI-Monkman2024,immunotherapy_response,1,CD117,2,0.0,0.0,0.0,5,False
NSCLC-ICI-Monkman2024,immunotherapy_response,1,CD11b,0,0.7476869941967597,0.17621398595515353,1.0,5,True
NSCLC-ICI-Monkman2024,immunotherapy_response,1,CD11b,1,0.8218962778525256,0.13819730352247545,1.0,5,True
NSCLC-ICI-Monkman2024,immunotherapy_response,1,CD11b,2,0.832117251370408,0.2073397622867009,1.0,5,True
NSCLC-ICI-Monkman2024,immunotherapy_response,1,CD14,0,0.0,0.0,0.0,5,False
NSCLC-ICI-Monkman2024,immunotherapy_response,1,CD14,1,-0.08756469926959883,0.19580061999614914,0.2,5,False
NSCLC-ICI-Monkman2024,immunotherapy_response,1,CD14,2,-0.0220760756829178,0.0493636059034343,0.2,5,False
NSCLC-ICI-Monkman2024,immunotherapy_response,1,CD141,0,0.00725814904381365,0.01622971465279242,0.2,5,False
NSCLC-ICI-Monkman2024,immunotherapy_response,1,CD141,1,0.003255009935417026,0.00727842348302967,0.2,5,False
NSCLC-ICI-Monkman2024,immunotherapy_response,1,CD141,2,0.08631198674533033,0.19299946963561945,0.2,5,False
NSCLC-ICI-Monkman2024,immunotherapy_response,1,CD15,0,-0.30167335328313244,0.2771974588027269,0.8,5,True
NSCLC-ICI-Monkman2024,immunotherapy_response,1,CD15,1,-0.34325828703620936,0.4071587556014881,0.6,5,True
NSCLC-ICI-Monkman2024,immunotherapy_response,1,CD15,2,-0.34717878665312796,0.2954691830924926,1.0,5,True
NSCLC-ICI-Monkman2024,immunotherapy_response,1,CD163,0,0.2457430575327159,0.16469413384748258,0.8,5,True
NSCLC-ICI-Monkman2024,immunotherapy_response,1,CD163,1,0.23912590149673232,0.2803062015112692,0.6,5,True
NSCLC-ICI-Monkman2024,immunotherapy_response,1,CD163,2,0.2757395049729302,0.35783546613403516,0.6,5,True
NSCLC-ICI-Monkman2024,immunotherapy_response,1,CD197,0,0.0,0.0,0.0,5,False
NSCLC-ICI-Monkman2024,immunotherapy_response,1,CD197,1,0.0,0.0,0.0,5,False
NSCLC-ICI-Monkman2024,immunotherapy_response,1,CD197,2,0.0,0.0,0.0,5,False
NSCLC-ICI-Monkman2024,immunotherapy_response,1,CD20,0,-0.35077300738238437,0.20364606715640102,1.0,5,True
NSCLC-ICI-Monkman2024,immunotherapy_response,1,CD20,1,-0.17971192838754768,0.2345021055618867,0.6,5,True
NSCLC-ICI-Monkman2024,immunotherapy_response,1,CD20,2,-0.2941067461056308,0.2882205946013456,0.6,5,True
NSCLC-ICI-Monkman2024,immunotherapy_response,1,CD25,0,-0.048715645245411596,0.06384772753736424,0.6,5,True
NSCLC-ICI-Monkman2024,immunotherapy_response,1,CD25,1,-0.10134707509095058,0.20655625262286922,0.4,5,False
NSCLC-ICI-Monkman2024,immunotherapy_response,1,CD25,2,-0.11712472109805419,0.261898838220953,0.2,5,False
NSCLC-ICI-Monkman2024,immunotherapy_response,1,CD31,0,-0.02296152343293792,0.04616189362788641,0.6,5,True
NSCLC-ICI-Monkman2024,immunotherapy_response,1,CD31,1,0.0,0.0,0.0,5,False
NSCLC-ICI-Monkman2024,immunotherapy_response,1,CD31,2,-0.05697247606466101,0.1273943293270617,0.2,5,False
NSCLC-ICI-Monkman2024,immunotherapy_response,1,CD34,0,-0.13363685432425712,0.1678157039693945,0.6,5,True
NSCLC-ICI-Monkman2024,immunotherapy_response,1,CD34,1,-0.1444043688731517,0.18584256324344925,0.6,5,True
NSCLC-ICI-Monkman2024,immunotherapy_response,1,CD34,2,-0.14738312345452534,0.28132492665986264,0.4,5,False
NSCLC-ICI-Monkman2024,immunotherapy_response,1,CD3e,0,0.10314902096807518,0.23064822269716728,0.2,5,False
NSCLC-ICI-Monkman2024,immunotherapy_response,1,CD3e,1,0.0,0.0,0.0,5,False
NSCLC-ICI-Monkman2024,immunotherapy_response,1,CD3e,2,0.0,0.0,0.0,5,False
NSCLC-ICI-Monkman2024,immunotherapy_response,1,CD4,0,-0.6181614587798923,0.5534486434642475,0.8,5,True
NSCLC-ICI-Monkman2024,immunotherapy_response,1,CD4,1,-0.7046213524361348,0.4470796255055524,1.0,5,True
NSCLC-ICI-Monkman2024,immunotherapy_response,1,CD4,2,-0.5297701657026339,0.5097839422533371,0.8,5,True
NSCLC-ICI-Monkman2024,immunotherapy_response,1,CD44,0,0.0,0.0,0.0,5,False
NSCLC-ICI-Monkman2024,immunotherapy_response,1,CD44,1,0.0,0.0,0.0,5,False
NSCLC-ICI-Monkman2024,immunotherapy_response,1,CD44,2,0.0,0.0,0.0,5,False
NSCLC-ICI-Monkman2024,immunotherapy_response,1,CD45,0,-0.3849392996971995,0.40236204797397135,0.6,5,True
NSCLC-ICI-Monkman2024,immunotherapy_response,1,CD45,1,-0.2527585959346514,0.24477338737176407,0.6,5,True
NSCLC-ICI-Monkman2024,immunotherapy_response,1,CD45,2,-0.23400854561390488,0.47843029187681096,0.4,5,False
NSCLC-ICI-Monkman2024,immunotherapy_response,1,CD45RA,0,-0.048492105835219894,0.1084316450196659,0.2,5,False
NSCLC-ICI-Monkman2024,immunotherapy_response,1,CD45RA,1,-0.07771342330858468,0.17377249728221195,0.2,5,False
NSCLC-ICI-Monkman2024,immunotherapy_response,1,CD45RA,2,-0.059945552048445684,0.1340423293290763,0.2,5,False
NSCLC-ICI-Monkman2024,immunotherapy_response,1,CD45RO,0,0.049156248785232184,0.10991671380267062,0.2,5,False
NSCLC-ICI-Monkman2024,immunotherapy_response,1,CD45RO,1,0.0,0.0,0.0,5,False
NSCLC-ICI-Monkman2024,immunotherapy_response,1,CD45RO,2,0.0,0.0,0.0,5,False
NSCLC-ICI-Monkman2024,immunotherapy_response,1,CD68,0,-0.28254091376216806,0.3358102726090311,0.8,5,True
NSCLC-ICI-Monkman2024,immunotherapy_response,1,CD68,1,-0.2934187025520611,0.11031830848285709,1.0,5,True
NSCLC-ICI-Monkman2024,immunotherapy_response,1,CD68,2,-0.24630226557496995,0.238227211545198,0.6,5,True
NSCLC-ICI-Monkman2024,immunotherapy_response,1,CD8,0,0.06759922366877977,0.15115645934960428,0.2,5,False
NSCLC-ICI-Monkman2024,immunotherapy_response,1,CD8,1,0.13637387604211118,0.1989264573674446,0.4,5,False
NSCLC-ICI-Monkman2024,immunotherapy_response,1,CD8,2,0.027153666832758504,0.06071744487642943,0.2,5,False
NSCLC-ICI-Monkman2024,immunotherapy_response,1,FoxP3,0,0.20181307374212798,0.3208231881259331,0.4,5,False
NSCLC-ICI-Monkman2024,immunotherapy_response,1,FoxP3,1,0.30254232440078277,0.42608744353413036,0.4,5,False
NSCLC-ICI-Monkman2024,immunotherapy_response,1,FoxP3,2,0.11459385339169206,0.14077649927293642,0.6,5,True
NSCLC-ICI-Monkman2024,immunotherapy_response,1,HLA-DR,0,0.3011270246527114,0.28071905230436806,0.8,5,True
NSCLC-ICI-Monkman2024,immunotherapy_response,1,HLA-DR,1,0.3260714647227454,0.335798223897727,0.8,5,True
NSCLC-ICI-Monkman2024,immunotherapy_response,1,HLA-DR,2,0.26041100671223844,0.33139658485716084,0.6,5,True
NSCLC-ICI-Monkman2024,immunotherapy_response,1,Ki67,0,0.17434467125042893,0.17737677744179917,0.6,5,True
NSCLC-ICI-Monkman2024,immunotherapy_response,1,Ki67,1,0.19040576447914076,0.2940328484410752,0.4,5,False
NSCLC-ICI-Monkman2024,immunotherapy_response,1,Ki67,2,0.27155836079278806,0.24849238195987797,0.6,5,True
NSCLC-ICI-Monkman2024,immunotherapy_response,1,PanCK,0,-0.22189501098477699,0.12547000568084055,0.8,5,True
NSCLC-ICI-Monkman2024,immunotherapy_response,1,PanCK,1,-0.23112031980988376,0.3966908240783391,0.4,5,False
NSCLC-ICI-Monkman2024,immunotherapy_response,1,PanCK,2,-0.20116054961959984,0.1986294289282912,0.8,5,True
NSCLC-ICI-Monkman2024,immunotherapy_response,1,Podoplanin,0,-0.9443190077647532,0.5029010556353385,1.0,5,True
NSCLC-ICI-Monkman2024,immunotherapy_response,1,Podoplanin,1,-0.990306955130564,0.14473226351132557,1.0,5,True
NSCLC-ICI-Monkman2024,immunotherapy_response,1,Podoplanin,2,-1.0804070188036017,0.3331245762155781,1.0,5,True
NSCLC-ICI-Monkman2024,immunotherapy_response,1,Vimentin,0,0.07560636124103781,0.1690609632663659,0.2,5,False
NSCLC-ICI-Monkman2024,immunotherapy_response,1,Vimentin,1,0.0,0.0,0.0,5,False
NSCLC-ICI-Monkman2024,immunotherapy_response,1,Vimentin,2,0.10117504036873952,0.22623426789078696,0.2,5,False
TNBC-Wang2023,pCR_arm_C,1,AR,0,-0.4993144665285631,0.27714289299745587,1.0,5,True
TNBC-Wang2023,pCR_arm_C,1,AR,1,-0.4768777352494533,0.26366234011132367,1.0,5,True
TNBC-Wang2023,pCR_arm_C,1,AR,2,-0.510539050774256,0.19788243486898924,1.0,5,True
TNBC-Wang2023,pCR_arm_C,1,CA9,0,-0.026896304445343043,0.17515784097822001,0.8,5,True
TNBC-Wang2023,pCR_arm_C,1,CA9,1,-0.04219248736174242,0.20993566581148596,1.0,5,True
TNBC-Wang2023,pCR_arm_C,1,CA9,2,-0.027062505381416174,0.1582786941478185,0.8,5,True
TNBC-Wang2023,pCR_arm_C,1,CD11c,0,-0.27089699955764,0.22410737012937437,0.8,5,True
TNBC-Wang2023,pCR_arm_C,1,CD11c,1,-0.16200584649573896,0.13145268980277222,0.8,5,True
TNBC-Wang2023,pCR_arm_C,1,CD11c,2,-0.2147750090115629,0.3438774996087782,0.6,5,True
TNBC-Wang2023,pCR_arm_C,1,CD15,0,-0.05931184841416687,0.10520890538405392,0.8,5,True
TNBC-Wang2023,pCR_arm_C,1,CD15,1,-0.0908925664893496,0.2476350107904989,1.0,5,True
TNBC-Wang2023,pCR_arm_C,1,CD15,2,-0.056598296944080015,0.08160800737389938,1.0,5,True
TNBC-Wang2023,pCR_arm_C,1,CD163,0,0.07772816998115743,0.11715617919750954,0.8,5,True
TNBC-Wang2023,pCR_arm_C,1,CD163,1,0.07413509796815451,0.06971129388443743,0.8,5,True
TNBC-Wang2023,pCR_arm_C,1,CD163,2,0.09968081822834474,0.12190863843495482,1.0,5,True
TNBC-Wang2023,pCR_arm_C,1,CD20,0,-0.5101784900599451,0.0696174446883868,1.0,5,True
TNBC-Wang2023,pCR_arm_C,1,CD20,1,-0.5352375692157384,0.18776550102518705,1.0,5,True
TNBC-Wang2023,pCR_arm_C,1,CD20,2,-0.4840752734210977,0.13048142241732905,1.0,5,True
TNBC-Wang2023,pCR_arm_C,1,CD3,0,0.39873377782837627,0.2555194258433346,0.8,5,True
TNBC-Wang2023,pCR_arm_C,1,CD3,1,0.3888594633315336,0.17281639318289607,1.0,5,True
TNBC-Wang2023,pCR_arm_C,1,CD3,2,0.29910818014834817,0.23888282174987616,0.8,5,True
TNBC-Wang2023,pCR_arm_C,1,CD31,0,-0.0984266294877449,0.19174684274031414,0.8,5,True
TNBC-Wang2023,pCR_arm_C,1,CD31,1,-0.09919160247044378,0.10820192165662637,0.8,5,True
TNBC-Wang2023,pCR_arm_C,1,CD31,2,-0.10453876053000104,0.1661288222154371,0.4,5,False
TNBC-Wang2023,pCR_arm_C,1,CD4,0,0.03612017703575666,0.2825888286094899,1.0,5,True
TNBC-Wang2023,pCR_arm_C,1,CD4,1,0.10470350831375794,0.14313867039160785,0.6,5,True
TNBC-Wang2023,pCR_arm_C,1,CD4,2,0.1351637429020814,0.3542788449604234,0.6,5,True
TNBC-Wang2023,pCR_arm_C,1,CD45,0,-0.006768017888968504,0.25697164557674523,1.0,5,True
TNBC-Wang2023,pCR_arm_C,1,CD45,1,-0.05562392683165701,0.1250435543514942,0.4,5,False
TNBC-Wang2023,pCR_arm_C,1,CD45,2,-0.044519704741096795,0.1297094594295543,0.8,5,True
TNBC-Wang2023,pCR_arm_C,1,CD56,0,0.060468238138909225,0.0995311789014212,0.4,5,False
TNBC-Wang2023,pCR_arm_C,1,CD56,1,0.09961773235086767,0.21220313738874694,1.0,5,True
TNBC-Wang2023,pCR_arm_C,1,CD56,2,0.06024190121133447,0.09201969697973143,0.8,5,True
TNBC-Wang2023,pCR_arm_C,1,CD68,0,0.29449266915719435,0.17459673351522567,0.8,5,True
TNBC-Wang2023,pCR_arm_C,1,CD68,1,0.2533170042538909,0.20909475767742872,1.0,5,True
TNBC-Wang2023,pCR_arm_C,1,CD68,2,0.28919563026904527,0.08056109534899772,1.0,5,True
TNBC-Wang2023,pCR_arm_C,1,CD79a,0,0.33459779155391456,0.08916088911878718,1.0,5,True
TNBC-Wang2023,pCR_arm_C,1,CD79a,1,0.31025991853152385,0.14683136617155618,1.0,5,True
TNBC-Wang2023,pCR_arm_C,1,CD79a,2,0.32433875346582475,0.15073653341252746,1.0,5,True
TNBC-Wang2023,pCR_arm_C,1,CD8,0,-0.033497282932091955,0.16174026998310112,0.8,5,True
TNBC-Wang2023,pCR_arm_C,1,CD8,1,0.0,0.0,0.0,5,False
TNBC-Wang2023,pCR_arm_C,1,CD8,2,0.04392649421813909,0.13354827036541833,0.6,5,True
TNBC-Wang2023,pCR_arm_C,1,CK5/14,0,0.2651999470607942,0.10473498288787857,1.0,5,True
TNBC-Wang2023,pCR_arm_C,1,CK5/14,1,0.2881864764181256,0.06320292158061255,1.0,5,True
TNBC-Wang2023,pCR_arm_C,1,CK5/14,2,0.2678396338171996,0.18973620008900416,0.8,5,True
TNBC-Wang2023,pCR_arm_C,1,CK8/18,0,-0.21139083702154055,0.15002875753045186,0.8,5,True
TNBC-Wang2023,pCR_arm_C,1,CK8/18,1,-0.24751811319990508,0.24669354964636925,1.0,5,True
TNBC-Wang2023,pCR_arm_C,1,CK8/18,2,-0.21422957613162952,0.1404740256690764,0.8,5,True
TNBC-Wang2023,pCR_arm_C,1,Calponin,0,-0.4252689260758098,0.2724932454641169,1.0,5,True
TNBC-Wang2023,pCR_arm_C,1,Calponin,1,-0.44112865575274096,0.21279990162846937,1.0,5,True
TNBC-Wang2023,pCR_arm_C,1,Calponin,2,-0.4293314968395022,0.3353409358077519,1.0,5,True
TNBC-Wang2023,pCR_arm_C,1,Carboplatin,0,0.12110342013041939,0.27256447425286395,0.8,5,True
TNBC-Wang2023,pCR_arm_C,1,Carboplatin,1,0.10016983675351858,0.1592383801788809,0.8,5,True
TNBC-Wang2023,pCR_arm_C,1,Carboplatin,2,0.07805774623522507,0.06293092236401918,0.8,5,True
TNBC-Wang2023,pCR_arm_C,1,Caveolin-1,0,0.07373198572350463,0.16134231983382422,0.8,5,True
TNBC-Wang2023,pCR_arm_C,1,Caveolin-1,1,0.14609114608978196,0.1756895813649,1.0,5,True
TNBC-Wang2023,pCR_arm_C,1,Caveolin-1,2,0.1418074647068937,0.13217623736062947,0.8,5,True
TNBC-Wang2023,pCR_arm_C,1,DNA1,0,0.40781755031495165,0.25304335188843113,1.0,5,True
TNBC-Wang2023,pCR_arm_C,1,DNA1,1,0.42089928497805396,0.11463403094196638,1.0,5,True
TNBC-Wang2023,pCR_arm_C,1,DNA1,2,0.38942052118695863,0.13030723031131686,1.0,5,True
TNBC-Wang2023,pCR_arm_C,1,DNA2,0,-0.1367264589039432,0.08941176772307381,1.0,5,True
TNBC-Wang2023,pCR_arm_C,1,DNA2,1,-0.12681366385223292,0.11993036514860693,0.6,5,True
TNBC-Wang2023,pCR_arm_C,1,DNA2,2,-0.07467615669426679,0.2845244209595499,1.0,5,True
TNBC-Wang2023,pCR_arm_C,1,FOXP3,0,-0.17385546603276303,0.21038145586418538,0.6,5,True
TNBC-Wang2023,pCR_arm_C,1,FOXP3,1,-0.21756408644858416,0.18275696492517066,0.8,5,True
TNBC-Wang2023,pCR_arm_C,1,FOXP3,2,-0.13346772414174415,0.1299664967144775,0.6,5,True
TNBC-Wang2023,pCR_arm_C,1,GATA3,0,0.31352030588328617,0.274255342072838,0.8,5,True
TNBC-Wang2023,pCR_arm_C,1,GATA3,1,0.31243385770805954,0.19495666903844047,0.8,5,True
TNBC-Wang2023,pCR_arm_C,1,GATA3,2,0.3053654238904938,0.2140232886117523,1.0,5,True
TNBC-Wang2023,pCR_arm_C,1,GZMB,0,0.2994230812419795,0.17175569631127666,0.8,5,True
TNBC-Wang2023,pCR_arm_C,1,GZMB,1,0.20720591080356807,0.11817355651544331,1.0,5,True
TNBC-Wang2023,pCR_arm_C,1,GZMB,2,0.2716657571625366,0.2592012437865301,1.0,5,True
TNBC-Wang2023,pCR_arm_C,1,H3,0,-0.03435603624891881,0.08899314874853512,0.8,5,True
TNBC-Wang2023,pCR_arm_C,1,H3,1,-0.018338713285434932,0.15970421393407952,0.8,5,True
TNBC-Wang2023,pCR_arm_C,1,H3,2,-0.06780492663465694,0.09478034638944176,1.0,5,True
TNBC-Wang2023,pCR_arm_C,1,HLA-ABC,0,-0.07980532008278493,0.11224183149034626,0.6,5,True
TNBC-Wang2023,pCR_arm_C,1,HLA-ABC,1,-0.040798238176845206,0.1975053800407366,0.8,5,True
TNBC-Wang2023,pCR_arm_C,1,HLA-ABC,2,-0.06473345896104568,0.19368927833257651,0.6,5,True
TNBC-Wang2023,pCR_arm_C,1,HLA-DR,0,0.28622559681207915,0.30241532179154484,1.0,5,True
TNBC-Wang2023,pCR_arm_C,1,HLA-DR,1,0.23281782833012196,0.22139668087872916,0.8,5,True
TNBC-Wang2023,pCR_arm_C,1,HLA-DR,2,0.24314283644039797,0.25941092939264493,0.8,5,True
TNBC-Wang2023,pCR_arm_C,1,Helios,0,-0.26062205778117054,0.29140547161750774,0.8,5,True
TNBC-Wang2023,pCR_arm_C,1,Helios,1,-0.22967634767970227,0.19018415455394508,1.0,5,True
TNBC-Wang2023,pCR_arm_C,1,Helios,2,-0.24079024178604208,0.21647204146102678,1.0,5,True
TNBC-Wang2023,pCR_arm_C,1,ICOS,0,-0.27935564116660905,0.2424907495504664,0.8,5,True
TNBC-Wang2023,pCR_arm_C,1,ICOS,1,-0.19066532074794681,0.21441985332929578,0.8,5,True
TNBC-Wang2023,pCR_arm_C,1,ICOS,2,-0.38681071158735814,0.3644782181806512,0.6,5,True
TNBC-Wang2023,pCR_arm_C,1,IDO,0,0.02408049259242309,0.06558162726667556,1.0,5,True
TNBC-Wang2023,pCR_arm_C,1,IDO,1,0.06458146210840382,0.25863117983804046,0.8,5,True
TNBC-Wang2023,pCR_arm_C,1,IDO,2,0.03474013290930505,0.16847687007495182,1.0,5,True
TNBC-Wang2023,pCR_arm_C,1,Ki67,0,0.04300887278154756,0.07476139851574184,0.8,5,True
TNBC-Wang2023,pCR_arm_C,1,Ki67,1,0.04422644263035771,0.1999063540827907,1.0,5,True
TNBC-Wang2023,pCR_arm_C,1,Ki67,2,0.028996028090574066,0.1917691237099861,1.0,5,True
TNBC-Wang2023,pCR_arm_C,1,MPO,0,0.16363939350241488,0.12248600341605903,0.8,5,True
TNBC-Wang2023,pCR_arm_C,1,MPO,1,0.18771231242573339,0.20711047087535664,0.8,5,True
TNBC-Wang2023,pCR_arm_C,1,MPO,2,0.1270273003978104,0.07957446059690697,1.0,5,True
TNBC-Wang2023,pCR_arm_C,1,OX40,0,0.1387171041402985,0.1902512929400603,1.0,5,True
TNBC-Wang2023,pCR_arm_C,1,OX40,1,0.15562849505003146,0.10633424358063895,0.8,5,True
TNBC-Wang2023,pCR_arm_C,1,OX40,2,0.19863521018305336,0.10099551760189948,1.0,5,True
TNBC-Wang2023,pCR_arm_C,1,PD-1,0,0.011814785147411778,0.02641866272916761,0.2,5,False
TNBC-Wang2023,pCR_arm_C,1,PD-1,1,-0.009739711421731278,0.021778656820222262,0.2,5,False
TNBC-Wang2023,pCR_arm_C,1,PD-1,2,-0.030078942732705654,0.042813269020472146,0.4,5,False
TNBC-Wang2023,pCR_arm_C,1,PD-L1 (73-10),0,-0.008226189431756282,0.11260756709681337,0.6,5,True
TNBC-Wang2023,pCR_arm_C,1,PD-L1 (73-10),1,-0.027844725427195016,0.2757396531933955,1.0,5,True
TNBC-Wang2023,pCR_arm_C,1,PD-L1 (73-10),2,-0.0352859026417146,0.07890167695431324,0.2,5,False
TNBC-Wang2023,pCR_arm_C,1,PD-L1 (SP142),0,-0.17018872006271452,0.1701583665918231,0.6,5,True
TNBC-Wang2023,pCR_arm_C,1,PD-L1 (SP142),1,-0.16192164656635594,0.24066893213370735,0.6,5,True
TNBC-Wang2023,pCR_arm_C,1,PD-L1 (SP142),2,-0.11650533525027754,0.24221529793830263,0.4,5,False
TNBC-Wang2023,pCR_arm_C,1,PDGFRB,0,-0.2481111783247089,0.17088653312368834,1.0,5,True
TNBC-Wang2023,pCR_arm_C,1,PDGFRB,1,-0.24133752620335155,0.06711527203214587,1.0,5,True
TNBC-Wang2023,pCR_arm_C,1,PDGFRB,2,-0.267918593099701,0.2371417641701351,1.0,5,True
TNBC-Wang2023,pCR_arm_C,1,PDPN,0,0.2552157629963089,0.25931038255351113,1.0,5,True
TNBC-Wang2023,pCR_arm_C,1,PDPN,1,0.3010872706581852,0.08901374138146899,1.0,5,True
TNBC-Wang2023,pCR_arm_C,1,PDPN,2,0.29950832715813197,0.17221966371236797,1.0,5,True
TNBC-Wang2023,pCR_arm_C,1,SMA,0,-0.3915846723639674,0.1829399516288724,1.0,5,True
TNBC-Wang2023,pCR_arm_C,1,SMA,1,-0.3937533131703509,0.17746417470689202,1.0,5,True
TNBC-Wang2023,pCR_arm_C,1,SMA,2,-0.42404948157733297,0.21541473351504742,1.0,5,True
TNBC-Wang2023,pCR_arm_C,1,T-bet,0,0.13410492423817733,0.2519839449901141,0.6,5,True
TNBC-Wang2023,pCR_arm_C,1,T-bet,1,0.1948116941384521,0.2132128829106112,1.0,5,True
TNBC-Wang2023,pCR_arm_C,1,T-bet,2,0.16112850795855266,0.2595615106849424,0.6,5,True
TNBC-Wang2023,pCR_arm_C,1,TCF1,0,-0.04724045843834136,0.07725388077943145,1.0,5,True
TNBC-Wang2023,pCR_arm_C,1,TCF1,1,-0.12496561598146208,0.11546937261100931,0.6,5,True
TNBC-Wang2023,pCR_arm_C,1,TCF1,2,-0.09186233991048212,0.1376226798695065,0.8,5,True
TNBC-Wang2023,pCR_arm_C,1,TOX,0,0.1212533860417226,0.04729406198748625,1.0,5,True
TNBC-Wang2023,pCR_arm_C,1,TOX,1,0.12730102602824242,0.2403197752545546,1.0,5,True
TNBC-Wang2023,pCR_arm_C,1,TOX,2,0.12832130830226582,0.21644930700392492,0.6,5,True
TNBC-Wang2023,pCR_arm_C,1,Vimentin,0,-0.06290064821460764,0.2627424570578944,1.0,5,True
TNBC-Wang2023,pCR_arm_C,1,Vimentin,1,-0.04324215820864648,0.14227358135037432,0.8,5,True
TNBC-Wang2023,pCR_arm_C,1,Vimentin,2,-0.02712994047274738,0.32753306247195585,1.0,5,True
TNBC-Wang2023,pCR_arm_C,1,c-PARP,0,0.45225984941952113,0.1428706077888107,1.0,5,True
TNBC-Wang2023,pCR_arm_C,1,c-PARP,1,0.40707536851699366,0.2918967795068903,0.8,5,True
TNBC-Wang2023,pCR_arm_C,1,c-PARP,2,0.3850552873514267,0.29688650971030794,0.8,5,True
TNBC-Wang2023,pCR_arm_C,1,pH2AX,0,0.028681563719129676,0.10830871629514179,0.8,5,True
TNBC-Wang2023,pCR_arm_C,1,pH2AX,1,0.030530878152019082,0.11512873933912847,1.0,5,True
TNBC-Wang2023,pCR_arm_C,1,pH2AX,2,0.030440580008889863,0.04088859474630599,0.8,5,True
TNBC-Wang2023,pCR_arm_C,1,panCK,0,0.08653864515195527,0.11872671752026286,0.8,5,True
TNBC-Wang2023,pCR_arm_C,1,panCK,1,0.04774177785263276,0.07910353939029492,0.8,5,True
TNBC-Wang2023,pCR_arm_C,1,panCK,2,0.09662009073812936,0.18083344748848734,1.0,5,True
TNBC-Wang2023,pCR_arm_CI,1,AR,0,-0.2577554196496695,0.11375439725794785,1.0,5,True
TNBC-Wang2023,pCR_arm_CI,1,AR,1,-0.28705610857473685,0.2316339637687357,1.0,5,True
TNBC-Wang2023,pCR_arm_CI,1,AR,2,-0.3122416151355346,0.13152922475480727,1.0,5,True
TNBC-Wang2023,pCR_arm_CI,1,CA9,0,0.11955403247551355,0.08499084432210523,0.8,5,True
TNBC-Wang2023,pCR_arm_CI,1,CA9,1,0.07948064688356044,0.06838883337969727,1.0,5,True
TNBC-Wang2023,pCR_arm_CI,1,CA9,2,0.08501409530272304,0.05245108536157931,1.0,5,True
TNBC-Wang2023,pCR_arm_CI,1,CD11c,0,-0.8102413510650489,0.3661238361059073,1.0,5,True
TNBC-Wang2023,pCR_arm_CI,1,CD11c,1,-0.7722476254391559,0.0780037760189904,1.0,5,True
TNBC-Wang2023,pCR_arm_CI,1,CD11c,2,-0.8179449310007023,0.15463460360960024,1.0,5,True
TNBC-Wang2023,pCR_arm_CI,1,CD15,0,0.30103966575114993,0.10942177976509562,1.0,5,True
TNBC-Wang2023,pCR_arm_CI,1,CD15,1,0.33631199873050055,0.13661958333227206,1.0,5,True
TNBC-Wang2023,pCR_arm_CI,1,CD15,2,0.3028621823134177,0.11773478502283152,1.0,5,True
TNBC-Wang2023,pCR_arm_CI,1,CD163,0,0.006100807768570549,0.20935161617125958,0.8,5,True
TNBC-Wang2023,pCR_arm_CI,1,CD163,1,0.028022342374313742,0.13725426503973062,0.6,5,True
TNBC-Wang2023,pCR_arm_CI,1,CD163,2,0.021577840694080207,0.08174731588010668,0.8,5,True
TNBC-Wang2023,pCR_arm_CI,1,CD20,0,-0.45826007886896203,0.21223634013023387,1.0,5,True
TNBC-Wang2023,pCR_arm_CI,1,CD20,1,-0.47324508088132566,0.2052365309650685,1.0,5,True
TNBC-Wang2023,pCR_arm_CI,1,CD20,2,-0.5323868358858427,0.21297761926629385,1.0,5,True
TNBC-Wang2023,pCR_arm_CI,1,CD3,0,-0.6605585289307421,0.5021664241110481,0.8,5,True
TNBC-Wang2023,pCR_arm_CI,1,CD3,1,-0.49932571104406015,0.29581762785243837,0.8,5,True
TNBC-Wang2023,pCR_arm_CI,1,CD3,2,-0.417529387333411,0.4542844828609517,0.8,5,True
TNBC-Wang2023,pCR_arm_CI,1,CD31,0,-0.6651507965910994,0.3950760996184708,1.0,5,True
TNBC-Wang2023,pCR_arm_CI,1,CD31,1,-0.6837106116322526,0.43050194386476254,1.0,5,True
TNBC-Wang2023,pCR_arm_CI,1,CD31,2,-0.7113651722190057,0.23052797116826268,1.0,5,True
TNBC-Wang2023,pCR_arm_CI,1,CD4,0,0.46239142752852624,0.4076256172561538,1.0,5,True
TNBC-Wang2023,pCR_arm_CI,1,CD4,1,0.3575985460824941,0.4172879953980932,1.0,5,True
TNBC-Wang2023,pCR_arm_CI,1,CD4,2,0.29539126481088085,0.2831325528038929,0.8,5,True
TNBC-Wang2023,pCR_arm_CI,1,CD45,0,-0.5418416376578082,0.36355329534273273,1.0,5,True
TNBC-Wang2023,pCR_arm_CI,1,CD45,1,-0.5408444227819735,0.16512139888829472,1.0,5,True
TNBC-Wang2023,pCR_arm_CI,1,CD45,2,-0.5208288186431228,0.3978114137650801,1.0,5,True
TNBC-Wang2023,pCR_arm_CI,1,CD56,0,0.25904755363727205,0.17603207702947316,1.0,5,True
TNBC-Wang2023,pCR_arm_CI,1,CD56,1,0.2583737017465347,0.2339773053504066,1.0,5,True
TNBC-Wang2023,pCR_arm_CI,1,CD56,2,0.24938849658257162,0.15557031178282046,1.0,5,True
TNBC-Wang2023,pCR_arm_CI,1,CD68,0,-0.07146516400530686,0.19319559240024262,0.6,5,True
TNBC-Wang2023,pCR_arm_CI,1,CD68,1,-0.12198136926092988,0.15510165759666947,1.0,5,True
TNBC-Wang2023,pCR_arm_CI,1,CD68,2,-0.08491400029304978,0.21617047108381413,0.8,5,True
TNBC-Wang2023,pCR_arm_CI,1,CD79a,0,0.454962453141235,0.2608358990246589,1.0,5,True
TNBC-Wang2023,pCR_arm_CI,1,CD79a,1,0.460699733254544,0.2297067984106103,1.0,5,True
TNBC-Wang2023,pCR_arm_CI,1,CD79a,2,0.47915858832329417,0.16380120402106862,1.0,5,True
TNBC-Wang2023,pCR_arm_CI,1,CD8,0,-0.2133088384647155,0.22072032984259102,0.8,5,True
TNBC-Wang2023,pCR_arm_CI,1,CD8,1,-0.380561774887527,0.5129071396875883,0.8,5,True
TNBC-Wang2023,pCR_arm_CI,1,CD8,2,-0.39905764286155276,0.8375215191770301,1.0,5,True
TNBC-Wang2023,pCR_arm_CI,1,CK5/14,0,0.24057826979923175,0.197935967349626,0.8,5,True
TNBC-Wang2023,pCR_arm_CI,1,CK5/14,1,0.20633318547816915,0.147768420803936,0.8,5,True
TNBC-Wang2023,pCR_arm_CI,1,CK5/14,2,0.22290893704352954,0.15981273245009134,0.8,5,True
TNBC-Wang2023,pCR_arm_CI,1,CK8/18,0,0.17229925404242788,0.19306928043451219,0.8,5,True
TNBC-Wang2023,pCR_arm_CI,1,CK8/18,1,0.1342474762056328,0.07195314894341762,1.0,5,True
TNBC-Wang2023,pCR_arm_CI,1,CK8/18,2,0.14110165894632104,0.3057612324674224,0.6,5,True
TNBC-Wang2023,pCR_arm_CI,1,Calponin,0,0.30823216465872416,0.16563553206666715,1.0,5,True
TNBC-Wang2023,pCR_arm_CI,1,Calponin,1,0.322516429133169,0.11571798009277695,1.0,5,True
TNBC-Wang2023,pCR_arm_CI,1,Calponin,2,0.3449706847325526,0.08305930207012503,1.0,5,True
TNBC-Wang2023,pCR_arm_CI,1,Carboplatin,0,-0.13824402242265604,0.20818774520703465,0.8,5,True
TNBC-Wang2023,pCR_arm_CI,1,Carboplatin,1,-0.17286647249590095,0.2420137999234987,0.6,5,True
TNBC-Wang2023,pCR_arm_CI,1,Carboplatin,2,-0.11107318608720962,0.12965515266063685,1.0,5,True
TNBC-Wang2023,pCR_arm_CI,1,Caveolin-1,0,-0.09267081912444292,0.25765200264838334,0.6,5,True
TNBC-Wang2023,pCR_arm_CI,1,Caveolin-1,1,-0.1179379975148169,0.29856057701153127,0.6,5,True
TNBC-Wang2023,pCR_arm_CI,1,Caveolin-1,2,-0.07597640515567541,0.1521913498402311,0.8,5,True
TNBC-Wang2023,pCR_arm_CI,1,DNA1,0,0.09168767641723727,0.1651922862026717,0.6,5,True
TNBC-Wang2023,pCR_arm_CI,1,DNA1,1,0.062193390071011746,0.13005196747710082,1.0,5,True
TNBC-Wang2023,pCR_arm_CI,1,DNA1,2,0.08279229491481403,0.15696631175371772,0.6,5,True
TNBC-Wang2023,pCR_arm_CI,1,DNA2,0,-0.5439879665669356,0.21310924244316465,1.0,5,True
TNBC-Wang2023,pCR_arm_CI,1,DNA2,1,-0.5543431739957008,0.2761061817828207,1.0,5,True
TNBC-Wang2023,pCR_arm_CI,1,DNA2,2,-0.5324216481549731,0.22877722018595673,1.0,5,True
TNBC-Wang2023,pCR_arm_CI,1,FOXP3,0,-0.1943475602560077,0.3216005170158429,0.4,5,False
TNBC-Wang2023,pCR_arm_CI,1,FOXP3,1,-0.21656611024605305,0.22642019681350883,0.8,5,True
TNBC-Wang2023,pCR_arm_CI,1,FOXP3,2,-0.1491922344466582,0.1350559515005205,0.8,5,True
TNBC-Wang2023,pCR_arm_CI,1,GATA3,0,0.004126361582832723,0.042983786120464766,0.6,5,True
TNBC-Wang2023,pCR_arm_CI,1,GATA3,1,-0.02437630708708146,0.14799973914608688,0.6,5,True
TNBC-Wang2023,pCR_arm_CI,1,GATA3,2,-0.026802818190241905,0.09250283535503422,0.6,5,True
TNBC-Wang2023,pCR_arm_CI,1,GZMB,0,0.02186106453762628,0.10853020170178108,0.8,5,True
TNBC-Wang2023,pCR_arm_CI,1,GZMB,1,0.11776556349876835,0.2537201851647223,1.0,5,True
TNBC-Wang2023,pCR_arm_CI,1,GZMB,2,0.015836010081218016,0.17084170144727406,0.8,5,True
TNBC-Wang2023,pCR_arm_CI,1,H3,0,-0.2619246636831972,0.08498592836067344,1.0,5,True
TNBC-Wang2023,pCR_arm_CI,1,H3,1,-0.24290380638411974,0.12006634770061726,1.0,5,True
TNBC-Wang2023,pCR_arm_CI,1,H3,2,-0.26182548788771287,0.22883490823451594,1.0,5,True
TNBC-Wang2023,pCR_arm_CI,1,HLA-ABC,0,-0.20551079831031127,0.10211945144822554,1.0,5,True
TNBC-Wang2023,pCR_arm_CI,1,HLA-ABC,1,-0.2214023813694359,0.1601240667320963,1.0,5,True
TNBC-Wang2023,pCR_arm_CI,1,HLA-ABC,2,-0.22234890572845126,0.18824060836546305,0.8,5,True
TNBC-Wang2023,pCR_arm_CI,1,HLA-DR,0,0.9936339311886471,0.28895150635390204,1.0,5,True
TNBC-Wang2023,pCR_arm_CI,1,HLA-DR,1,0.9960501711629147,0.27225365828039855,1.0,5,True
TNBC-Wang2023,pCR_arm_CI,1,HLA-DR,2,0.9890067607020079,0.3227779931532898,1.0,5,True
TNBC-Wang2023,pCR_arm_CI,1,Helios,0,0.3745307670956456,0.16552691757952706,1.0,5,True
TNBC-Wang2023,pCR_arm_CI,1,Helios,1,0.38742670939621293,0.16173890759434975,1.0,5,True
TNBC-Wang2023,pCR_arm_CI,1,Helios,2,0.29700119045801854,0.08483159944508431,1.0,5,True
TNBC-Wang2023,pCR_arm_CI,1,ICOS,0,0.4328141329370198,0.4435699945054298,0.8,5,True
TNBC-Wang2023,pCR_arm_CI,1,ICOS,1,0.4462215398458979,0.289475153152029,0.8,5,True
TNBC-Wang2023,pCR_arm_CI,1,ICOS,2,0.41585212810901995,0.473902862316615,0.8,5,True
TNBC-Wang2023,pCR_arm_CI,1,IDO,0,-0.19937767594398306,0.2372482363475546,0.8,5,True
TNBC-Wang2023,pCR_arm_CI,1,IDO,1,-0.2163220721215026,0.15335269020809708,1.0,5,True
TNBC-Wang2023,pCR_arm_CI,1,IDO,2,-0.23693029532498308,0.23750325898661231,1.0,5,True
TNBC-Wang2023,pCR_arm_CI,1,Ki67,0,0.529498803588729,0.19695626598837565,1.0,5,True
TNBC-Wang2023,pCR_arm_CI,1,Ki67,1,0.5115811303551964,0.1783219675239696,1.0,5,True
TNBC-Wang2023,pCR_arm_CI,1,Ki67,2,0.5897928977962807,0.2649368021172408,1.0,5,True
TNBC-Wang2023,pCR_arm_CI,1,MPO,0,0.02691106459820384,0.07540884126443084,0.6,5,True
TNBC-Wang2023,pCR_arm_CI,1,MPO,1,0.03507625159892908,0.1575197087984015,1.0,5,True
TNBC-Wang2023,pCR_arm_CI,1,MPO,2,0.036559167832678055,0.1205110707041352,1.0,5,True
TNBC-Wang2023,pCR_arm_CI,1,OX40,0,-0.37100181013654865,0.24435402889054544,1.0,5,True
TNBC-Wang2023,pCR_arm_CI,1,OX40,1,-0.39338970102678206,0.3177099481415192,1.0,5,True
TNBC-Wang2023,pCR_arm_CI,1,OX40,2,-0.356361524851017,0.2560599736535346,1.0,5,True
TNBC-Wang2023,pCR_arm_CI,1,PD-1,0,1.24033478315269,0.4522399866194921,1.0,5,True
TNBC-Wang2023,pCR_arm_CI,1,PD-1,1,1.2746747648918864,0.3413604165133972,1.0,5,True
TNBC-Wang2023,pCR_arm_CI,1,PD-1,2,1.4155899794949778,0.5471806316021306,1.0,5,True
TNBC-Wang2023,pCR_arm_CI,1,PD-L1 (73-10),0,-0.03314439971779144,0.07904658245820685,0.6,5,True
TNBC-Wang2023,pCR_arm_CI,1,PD-L1 (73-10),1,-0.049771677761639786,0.16598506917482814,0.6,5,True
TNBC-Wang2023,pCR_arm_CI,1,PD-L1 (73-10),2,-0.051021163463731777,0.1900473396428336,0.8,5,True
TNBC-Wang2023,pCR_arm_CI,1,PD-L1 (SP142),0,0.5680714035789337,0.15611687394084534,1.0,5,True
TNBC-Wang2023,pCR_arm_CI,1,PD-L1 (SP142),1,0.5500950967113774,0.5543763043230721,1.0,5,True
TNBC-Wang2023,pCR_arm_CI,1,PD-L1 (SP142),2,0.5590140283122838,0.09867365725364952,1.0,5,True
TNBC-Wang2023,pCR_arm_CI,1,PDGFRB,0,-0.5141203653719403,0.1650832586571552,1.0,5,True
TNBC-Wang2023,pCR_arm_CI,1,PDGFRB,1,-0.489318619561263,0.28719883881965763,1.0,5,True
TNBC-Wang2023,pCR_arm_CI,1,PDGFRB,2,-0.506228490005513,0.25071734477133073,1.0,5,True
TNBC-Wang2023,pCR_arm_CI,1,PDPN,0,-0.031075086431981043,0.10296190879594452,0.8,5,True
TNBC-Wang2023,pCR_arm_CI,1,PDPN,1,-0.027830221201218606,0.09417489026946603,0.8,5,True
TNBC-Wang2023,pCR_arm_CI,1,PDPN,2,-0.06720572827939467,0.208839025379539,1.0,5,True
TNBC-Wang2023,pCR_arm_CI,1,SMA,0,-0.22801538541665356,0.26422391799255524,0.8,5,True
TNBC-Wang2023,pCR_arm_CI,1,SMA,1,-0.2302646689898442,0.2146308077504513,0.8,5,True
TNBC-Wang2023,pCR_arm_CI,1,SMA,2,-0.25528287441103165,0.14725294728055172,0.8,5,True
TNBC-Wang2023,pCR_arm_CI,1,T-bet,0,0.41076656462623695,0.459249251501063,1.0,5,True
TNBC-Wang2023,pCR_arm_CI,1,T-bet,1,0.43195763972716933,0.32607257457729655,0.8,5,True
TNBC-Wang2023,pCR_arm_CI,1,T-bet,2,0.35781513864239234,0.3605471188756937,0.8,5,True
TNBC-Wang2023,pCR_arm_CI,1,TCF1,0,0.0312926893199225,0.06317468004074807,0.4,5,False
TNBC-Wang2023,pCR_arm_CI,1,TCF1,1,0.04895020896538478,0.1448462773138355,0.6,5,True
TNBC-Wang2023,pCR_arm_CI,1,TCF1,2,0.14256054279207447,0.2341028951760359,1.0,5,True
TNBC-Wang2023,pCR_arm_CI,1,TOX,0,-0.37765516772304264,0.2668551507724466,1.0,5,True
TNBC-Wang2023,pCR_arm_CI,1,TOX,1,-0.35222907238581463,0.21045032460360658,1.0,5,True
TNBC-Wang2023,pCR_arm_CI,1,TOX,2,-0.3291591087360035,0.12030527321626794,1.0,5,True
TNBC-Wang2023,pCR_arm_CI,1,Vimentin,0,-0.1533275220618672,0.12327531674767343,1.0,5,True
TNBC-Wang2023,pCR_arm_CI,1,Vimentin,1,-0.13793012812804334,0.1643433747708616,1.0,5,True
TNBC-Wang2023,pCR_arm_CI,1,Vimentin,2,-0.17823101427141547,0.27557321367627124,1.0,5,True
TNBC-Wang2023,pCR_arm_CI,1,c-PARP,0,0.12402043246873307,0.15081164394293103,0.6,5,True
TNBC-Wang2023,pCR_arm_CI,1,c-PARP,1,0.12119626693926269,0.1482604004865181,0.8,5,True
TNBC-Wang2023,pCR_arm_CI,1,c-PARP,2,0.1334228493924256,0.19490599825261953,0.8,5,True
TNBC-Wang2023,pCR_arm_CI,1,pH2AX,0,0.13665364293948343,0.06927921907746253,1.0,5,True
TNBC-Wang2023,pCR_arm_CI,1,pH2AX,1,0.13431112317166866,0.1457892245173286,0.8,5,True
TNBC-Wang2023,pCR_arm_CI,1,pH2AX,2,0.12862081716515703,0.0890563635952099,1.0,5,True
TNBC-Wang2023,pCR_arm_CI,1,panCK,0,0.026425719802004245,0.033078472405362325,0.8,5,True
TNBC-Wang2023,pCR_arm_CI,1,panCK,1,0.06271465867281376,0.07242617829727278,0.8,5,True
TNBC-Wang2023,pCR_arm_CI,1,panCK,2,0.05432124862339457,0.11843958138507722,0.6,5,True
TNBC-Wang2023,pCR_all,1,AR,0,-0.265376987210848,0.07414182012399383,1.0,5,True
TNBC-Wang2023,pCR_all,1,AR,1,-0.28870971993608907,0.09738822386890665,1.0,5,True
TNBC-Wang2023,pCR_all,1,AR,2,-0.261278522197564,0.13993355238837263,1.0,5,True
TNBC-Wang2023,pCR_all,1,CA9,0,0.07574651467193708,0.041886771317249494,1.0,5,True
TNBC-Wang2023,pCR_all,1,CA9,1,0.07757502386482709,0.07593617550323563,1.0,5,True
TNBC-Wang2023,pCR_all,1,CA9,2,0.07479998081106332,0.06591934122257964,0.8,5,True
TNBC-Wang2023,pCR_all,1,CD11c,0,-0.46700574024135977,0.17687977128735474,1.0,5,True
TNBC-Wang2023,pCR_all,1,CD11c,1,-0.4606993610897899,0.1756647499363683,1.0,5,True
TNBC-Wang2023,pCR_all,1,CD11c,2,-0.4726303368569478,0.11808555474776415,1.0,5,True
TNBC-Wang2023,pCR_all,1,CD15,0,0.14369317553845948,0.03830045499045011,1.0,5,True
TNBC-Wang2023,pCR_all,1,CD15,1,0.14640006495054847,0.12972351855808067,1.0,5,True
TNBC-Wang2023,pCR_all,1,CD15,2,0.12975885792567995,0.09384692950093519,0.8,5,True
TNBC-Wang2023,pCR_all,1,CD163,0,0.01424110444778475,0.1060052942807419,0.6,5,True
TNBC-Wang2023,pCR_all,1,CD163,1,0.03486550809217575,0.08889001926519734,0.8,5,True
TNBC-Wang2023,pCR_all,1,CD163,2,0.026933018858062752,0.10631734659031272,1.0,5,True
TNBC-Wang2023,pCR_all,1,CD20,0,-0.46192436229895034,0.11522704883365674,1.0,5,True
TNBC-Wang2023,pCR_all,1,CD20,1,-0.5030249247455234,0.06481509702255275,1.0,5,True
TNBC-Wang2023,pCR_all,1,CD20,2,-0.48761314376701953,0.129860705650314,1.0,5,True
TNBC-Wang2023,pCR_all,1,CD3,0,-0.07240124384727824,0.20065999907771595,0.6,5,True
TNBC-Wang2023,pCR_all,1,CD3,1,-0.05618624832776657,0.2178417548938718,1.0,5,True
TNBC-Wang2023,pCR_all,1,CD3,2,-0.06233107210483797,0.1393765143368586,0.2,5,False
TNBC-Wang2023,pCR_all,1,CD31,0,-0.28365272343200254,0.19796014181528993,1.0,5,True
TNBC-Wang2023,pCR_all,1,CD31,1,-0.29431674914876693,0.10592391334969987,1.0,5,True
TNBC-Wang2023,pCR_all,1,CD31,2,-0.3179888774058067,0.19109167048490625,1.0,5,True
TNBC-Wang2023,pCR_all,1,CD4,0,0.5226838441510955,0.2739517129741982,1.0,5,True
TNBC-Wang2023,pCR_all,1,CD4,1,0.4852295981004885,0.3089797940857617,1.0,5,True
TNBC-Wang2023,pCR_all,1,CD4,2,0.4967098405195216,0.17889265701172627,1.0,5,True
TNBC-Wang2023,pCR_all,1,CD45,0,-0.31988967970452237,0.2897683191110901,1.0,5,True
TNBC-Wang2023,pCR_all,1,CD45,1,-0.3224349538986687,0.21294468969423871,1.0,5,True
TNBC-Wang2023,pCR_all,1,CD45,2,-0.30043959398006653,0.1537799738946627,1.0,5,True
TNBC-Wang2023,pCR_all,1,CD56,0,0.09581412881212324,0.05273434972084958,1.0,5,True
TNBC-Wang2023,pCR_all,1,CD56,1,0.10121270360109538,0.10074528220923315,1.0,5,True
TNBC-Wang2023,pCR_all,1,CD56,2,0.11097466779722184,0.12864857674997696,1.0,5,True
TNBC-Wang2023,pCR_all,1,CD68,0,-0.025969759552507733,0.07470816957007265,0.8,5,True
TNBC-Wang2023,pCR_all,1,CD68,1,-0.017914553383580507,0.12559112915701345,1.0,5,True
TNBC-Wang2023,pCR_all,1,CD68,2,-0.002355422212682259,0.0806301174695778,0.6,5,True
TNBC-Wang2023,pCR_all,1,CD79a,0,0.44133177068469254,0.21099328806228318,1.0,5,True
TNBC-Wang2023,pCR_all,1,CD79a,1,0.4224789183145381,0.15684171854662285,1.0,5,True
TNBC-Wang2023,pCR_all,1,CD79a,2,0.45625717485731376,0.22821370899515853,1.0,5,True
TNBC-Wang2023,pCR_all,1,CD8,0,-0.24273149446617964,0.10529987972280555,1.0,5,True
TNBC-Wang2023,pCR_all,1,CD8,1,-0.29016322003114337,0.22880517166998554,0.8,5,True
TNBC-Wang2023,pCR_all,1,CD8,2,-0.2759734219338724,0.26563097529246366,0.8,5,True
TNBC-Wang2023,pCR_all,1,CK5/14,0,0.2845656331012557,0.11863135817517016,1.0,5,True
TNBC-Wang2023,pCR_all,1,CK5/14,1,0.2652337233056696,0.03850835903367746,1.0,5,True
TNBC-Wang2023,pCR_all,1,CK5/14,2,0.2815290458512769,0.12441875535805373,1.0,5,True
TNBC-Wang2023,pCR_all,1,CK8/18,0,-0.030735141494199904,0.07051270911109808,1.0,5,True
TNBC-Wang2023,pCR_all,1,CK8/18,1,-0.0637533147555224,0.12344850556184143,1.0,5,True
TNBC-Wang2023,pCR_all,1,CK8/18,2,-0.04238435645209822,0.12972540905951888,0.8,5,True
TNBC-Wang2023,pCR_all,1,Calponin,0,0.005784275527120464,0.09427736674687957,1.0,5,True
TNBC-Wang2023,pCR_all,1,Calponin,1,0.014026769427426871,0.03520412112666967,0.8,5,True
TNBC-Wang2023,pCR_all,1,Calponin,2,0.007657621248535906,0.13097178805949913,1.0,5,True
TNBC-Wang2023,pCR_all,1,Carboplatin,0,0.05422324336179061,0.10880303411345499,1.0,5,True
TNBC-Wang2023,pCR_all,1,Carboplatin,1,0.07245312865983364,0.13385559556630114,1.0,5,True
TNBC-Wang2023,pCR_all,1,Carboplatin,2,0.03545415090532737,0.1489866400652193,1.0,5,True
TNBC-Wang2023,pCR_all,1,Caveolin-1,0,0.0265517793708841,0.16641734454768656,0.8,5,True
TNBC-Wang2023,pCR_all,1,Caveolin-1,1,0.015583829245299413,0.07931449701530874,1.0,5,True
TNBC-Wang2023,pCR_all,1,Caveolin-1,2,0.026547594585885476,0.11379493134451937,0.6,5,True
TNBC-Wang2023,pCR_all,1,DNA1,0,0.19859826545128878,0.06998329238615784,1.0,5,True
TNBC-Wang2023,pCR_all,1,DNA1,1,0.19974161864000914,0.15231034203992763,1.0,5,True
TNBC-Wang2023,pCR_all,1,DNA1,2,0.17385453523354424,0.08192413472736672,1.0,5,True
TNBC-Wang2023,pCR_all,1,DNA2,0,-0.17367688229865041,0.07992153124851528,1.0,5,True
TNBC-Wang2023,pCR_all,1,DNA2,1,-0.20050009125452828,0.17251022637369884,1.0,5,True
TNBC-Wang2023,pCR_all,1,DNA2,2,-0.15597117234399532,0.03377892565287545,1.0,5,True
TNBC-Wang2023,pCR_all,1,FOXP3,0,-0.3670123507107478,0.29690845414338557,0.8,5,True
TNBC-Wang2023,pCR_all,1,FOXP3,1,-0.37886599352870964,0.20405645926989313,1.0,5,True
TNBC-Wang2023,pCR_all,1,FOXP3,2,-0.3575745690437455,0.1931686442051025,1.0,5,True
TNBC-Wang2023,pCR_all,1,GATA3,0,0.07080529372868595,0.08208181683498073,1.0,5,True
TNBC-Wang2023,pCR_all,1,GATA3,1,0.07687134689635046,0.14316732603257665,1.0,5,True
TNBC-Wang2023,pCR_all,1,GATA3,2,0.09354033035661947,0.14290093167568832,1.0,5,True
TNBC-Wang2023,pCR_all,1,GZMB,0,0.1944573705481063,0.15876706481580444,0.8,5,True
TNBC-Wang2023,pCR_all,1,GZMB,1,0.1979789526114148,0.16011152674442403,1.0,5,True
TNBC-Wang2023,pCR_all,1,GZMB,2,0.23086905295872703,0.24924353383941233,1.0,5,True
TNBC-Wang2023,pCR_all,1,H3,0,-0.21724496793504064,0.11676934733147769,1.0,5,True
TNBC-Wang2023,pCR_all,1,H3,1,-0.22470580416751731,0.061622681510083245,1.0,5,True
TNBC-Wang2023,pCR_all,1,H3,2,-0.22888191687897388,0.17903506942858038,1.0,5,True
TNBC-Wang2023,pCR_all,1,HLA-ABC,0,-0.07380777672234659,0.05606479952708601,0.8,5,True
TNBC-Wang2023,pCR_all,1,HLA-ABC,1,-0.07885035055473474,0.08469592645712314,0.8,5,True
TNBC-Wang2023,pCR_all,1,HLA-ABC,2,-0.06495651473915243,0.060293874025987446,1.0,5,True
TNBC-Wang2023,pCR_all,1,HLA-DR,0,0.5701615098696309,0.20061335661553673,1.0,5,True
TNBC-Wang2023,pCR_all,1,HLA-DR,1,0.5773786607411242,0.047059982517172194,1.0,5,True
TNBC-Wang2023,pCR_all,1,HLA-DR,2,0.5515942075191328,0.10540257516580147,1.0,5,True
TNBC-Wang2023,pCR_all,1,Helios,0,0.15439639768623964,0.12669971461627744,1.0,5,True
TNBC-Wang2023,pCR_all,1,Helios,1,0.16890834333152713,0.14456752180515717,0.8,5,True
TNBC-Wang2023,pCR_all,1,Helios,2,0.15297207791295783,0.10100367402993617,1.0,5,True
TNBC-Wang2023,pCR_all,1,ICOS,0,0.03622397537677938,0.17223187509374027,0.6,5,True
TNBC-Wang2023,pCR_all,1,ICOS,1,0.052525877839716004,0.21750022755690154,0.8,5,True
TNBC-Wang2023,pCR_all,1,ICOS,2,0.06938400093327086,0.25842417464250267,0.8,5,True
TNBC-Wang2023,pCR_all,1,IDO,0,-0.05851384619980404,0.10195002984295186,1.0,5,True
TNBC-Wang2023,pCR_all,1,IDO,1,-0.042112823219934314,0.07559298642083365,0.8,5,True
TNBC-Wang2023,pCR_all,1,IDO,2,-0.02995134538202603,0.08737413415681633,0.8,5,True
TNBC-Wang2023,pCR_all,1,Ki67,0,0.25242972272846786,0.10647204308560859,1.0,5,True
TNBC-Wang2023,pCR_all,1,Ki67,1,0.23999740441816347,0.06468033978693559,1.0,5,True
TNBC-Wang2023,pCR_all,1,Ki67,2,0.23799018168650904,0.08676224861709916,1.0,5,True
TNBC-Wang2023,pCR_all,1,MPO,0,0.09872353160966454,0.08812799568239627,1.0,5,True
TNBC-Wang2023,pCR_all,1,MPO,1,0.1302072878462029,0.11135682846042289,0.8,5,True
TNBC-Wang2023,pCR_all,1,MPO,2,0.11684693304681704,0.11491490051748329,1.0,5,True
TNBC-Wang2023,pCR_all,1,OX40,0,-0.035443491872404954,0.14097635647106396,1.0,5,True
TNBC-Wang2023,pCR_all,1,OX40,1,-0.04574895858759375,0.08768847593168912,0.8,5,True
TNBC-Wang2023,pCR_all,1,OX40,2,-0.05596832515893892,0.10448973684467683,0.4,5,False
TNBC-Wang2023,pCR_all,1,PD-1,0,0.4437526515294682,0.3013117964621229,0.8,5,True
TNBC-Wang2023,pCR_all,1,PD-1,1,0.47358393771007645,0.10675393119266696,1.0,5,True
TNBC-Wang2023,pCR_all,1,PD-1,2,0.4323027482703363,0.13649500486230529,1.0,5,True
TNBC-Wang2023,pCR_all,1,PD-L1 (73-10),0,0.02668070019725106,0.05965985932834542,0.2,5,False
TNBC-Wang2023,pCR_all,1,PD-L1 (73-10),1,0.016271998233717378,0.019040984603762603,0.6,5,True
TNBC-Wang2023,pCR_all,1,PD-L1 (73-10),2,0.025065820783582216,0.13846066675908333,1.0,5,True
TNBC-Wang2023,pCR_all,1,PD-L1 (SP142),0,0.06718131305899533,0.14102173674019003,1.0,5,True
TNBC-Wang2023,pCR_all,1,PD-L1 (SP142),1,0.035907659946585645,0.05849386169441149,0.6,5,True
TNBC-Wang2023,pCR_all,1,PD-L1 (SP142),2,0.06038810064653292,0.13886878876041386,0.4,5,False
TNBC-Wang2023,pCR_all,1,PDGFRB,0,-0.3391738438191586,0.15211630903424597,1.0,5,True
TNBC-Wang2023,pCR_all,1,PDGFRB,1,-0.3332793782555926,0.09266084997429574,1.0,5,True
TNBC-Wang2023,pCR_all,1,PDGFRB,2,-0.35745066937095815,0.11319251989268586,1.0,5,True
TNBC-Wang2023,pCR_all,1,PDPN,0,0.10110576627202539,0.1092467321573298,0.6,5,True
TNBC-Wang2023,pCR_all,1,PDPN,1,0.10948307642459483,0.1278835594870666,1.0,5,True
TNBC-Wang2023,pCR_all,1,PDPN,2,0.12332947236465533,0.12725234305086586,1.0,5,True
TNBC-Wang2023,pCR_all,1,SMA,0,-0.4106826411276783,0.328114122493343,1.0,5,True
TNBC-Wang2023,pCR_all,1,SMA,1,-0.4349957315944367,0.0905893315116353,1.0,5,True
TNBC-Wang2023,pCR_all,1,SMA,2,-0.40314580708614506,0.20987916358226882,1.0,5,True
TNBC-Wang2023,pCR_all,1,T-bet,0,0.3341508975260498,0.2055491445343318,1.0,5,True
TNBC-Wang2023,pCR_all,1,T-bet,1,0.3400260665853252,0.28674160624342954,0.8,5,True
TNBC-Wang2023,pCR_all,1,T-bet,2,0.2587582759504178,0.19468668115772875,1.0,5,True
TNBC-Wang2023,pCR_all,1,TCF1,0,-0.1760259875899634,0.19441736424824654,1.0,5,True
TNBC-Wang2023,pCR_all,1,TCF1,1,-0.1241896230441567,0.1722997525152057,0.6,5,True
TNBC-Wang2023,pCR_all,1,TCF1,2,-0.11626055012022843,0.07528965372786138,1.0,5,True
TNBC-Wang2023,pCR_all,1,TOX,0,-0.01901044865189179,0.10725367646421388,1.0,5,True
TNBC-Wang2023,pCR_all,1,TOX,1,-0.03670680617948999,0.11202835657044148,0.8,5,True
TNBC-Wang2023,pCR_all,1,TOX,2,-0.015315533647017054,0.06699342503805723,0.8,5,True
TNBC-Wang2023,pCR_all,1,Vimentin,0,-0.1442555760698801,0.08870369094766559,1.0,5,True
TNBC-Wang2023,pCR_all,1,Vimentin,1,-0.16224815463280845,0.11363219029326171,1.0,5,True
TNBC-Wang2023,pCR_all,1,Vimentin,2,-0.16441247533874695,0.0886826708062012,1.0,5,True
TNBC-Wang2023,pCR_all,1,c-PARP,0,0.2948796535868059,0.13446049996054205,1.0,5,True
TNBC-Wang2023,pCR_all,1,c-PARP,1,0.32442338142309435,0.16445898992399505,1.0,5,True
TNBC-Wang2023,pCR_all,1,c-PARP,2,0.31278266809312755,0.08874938079558223,1.0,5,True
TNBC-Wang2023,pCR_all,1,pH2AX,0,0.03331212332765489,0.07687732955336923,1.0,5,True
TNBC-Wang2023,pCR_all,1,pH2AX,1,0.03724473362061258,0.0589721698783129,0.8,5,True
TNBC-Wang2023,pCR_all,1,pH2AX,2,0.03391419838662392,0.10789051966812274,0.8,5,True
TNBC-Wang2023,pCR_all,1,panCK,0,0.012249163154908342,0.07146991190328354,1.0,5,True
TNBC-Wang2023,pCR_all,1,panCK,1,0.03675890149391532,0.07051286412305635,0.8,5,True
TNBC-Wang2023,pCR_all,1,panCK,2,0.026030745017692813,0.13167760360180972,1.0,5,True
