dataset,task,seed,fold,lambda,n_train,n_val,class,feature,coefficient,selected
BC-Jackson2020,response,0,0,1.0,179,40,1,CD20,-0.38612440615733534,True
BC-Jackson2020,response,0,0,1.0,179,40,1,CD3,0.010878712795327811,True
BC-Jackson2020,response,0,0,1.0,179,40,1,CD44,0.12664359098821734,True
BC-Jackson2020,response,0,0,1.0,179,40,1,CD45,0.2536700980701968,True
BC-Jackson2020,response,0,0,1.0,179,40,1,CD68,0.0035192595700540303,True
BC-Jackson2020,response,0,0,1.0,179,40,1,Carbonic Anhydrase IX,-0.6616929804975035,True
BC-Jackson2020,response,0,0,1.0,179,40,1,Cytokeratin 19,0.0,False
BC-Jackson2020,response,0,0,1.0,179,40,1,Cytokeratin 5,0.15531385549524931,True
BC-Jackson2020,response,0,0,1.0,179,40,1,Cytokeratin 7,0.15254890308680583,True
BC-Jackson2020,response,0,0,1.0,179,40,1,Cytokeratin 8/18,-0.13929348059980212,True
BC-Jackson2020,response,0,0,1.0,179,40,1,DNA1,-0.308865827584312,True
BC-Jackson2020,response,0,0,1.0,179,40,1,EGFR,0.006825235456502295,True
BC-Jackson2020,response,0,0,1.0,179,40,1,Ecadherin,1.0493167509907684,True
BC-Jackson2020,response,0,0,1.0,179,40,1,Estrogen,0.10816188104491459,True
BC-Jackson2020,response,0,0,1.0,179,40,1,Fibronectin,-0.3396437373353965,True
BC-Jackson2020,response,0,0,1.0,179,40,1,GATA3,0.19212606873410099,True
BC-Jackson2020,response,0,0,1.0,179,40,1,Histone H3,-0.08434713045323734,True
BC-Jackson2020,response,0,0,1.0,179,40,1,Keratin 14 (KRT14),-0.34534030817286526,True
BC-Jackson2020,response,0,0,1.0,179,40,1,Ki-67,-0.23443408179657468,True
BC-Jackson2020,response,0,0,1.0,179,40,1,Progesterone Receptor A/B,0.06950438917338526,True
BC-Jackson2020,response,0,0,1.0,179,40,1,SMA,0.34302136788557025,True
BC-Jackson2020,response,0,0,1.0,179,40,1,Slug,0.4729347061204609,True
BC-Jackson2020,response,0,0,1.0,179,40,1,Twist,0.12327973103788543,True
BC-Jackson2020,response,0,0,1.0,179,40,1,Vimentin,-0.09106841836725482,True
BC-Jackson2020,response,0,0,1.0,179,40,1,c-Myc,-0.012755424065696047,True
BC-Jackson2020,response,0,0,1.0,179,40,1,c-erbB-2 - Her2,-0.7120006032871734,True
BC-Jackson2020,response,0,0,1.0,179,40,1,cleaved PARP,0.0,False
BC-Jackson2020,response,0,0,1.0,179,40,1,p53,0.0,False
BC-Jackson2020,response,0,0,1.0,179,40,1,pan Cytokeratin,-0.35480747968072346,True
BC-Jackson2020,response,0,0,1.0,179,40,1,phospho-Histone,0.07239775793249033,True
BC-Jackson2020,response,0,0,1.0,179,40,1,phospho-S6,0.0,False
BC-Jackson2020,response,0,0,1.0,179,40,1,phospho-mTOR,-0.2554019944879439,True
BC-Jackson2020,response,0,0,1.0,179,40,1,vWF,0.0,False
BC-Jackson2020,response,0,1,1.0,177,42,1,CD20,-0.2960847543630311,True
BC-Jackson2020,response,0,1,1.0,177,42,1,CD3,0.3376401402592815,True
BC-Jackson2020,response,0,1,1.0,177,42,1,CD44,0.3082730407311781,True
BC-Jackson2020,response,0,1,1.0,177,42,1,CD45,0.0,False
BC-Jackson2020,response,0,1,1.0,177,42,1,CD68,0.2631420156044819,True
BC-Jackson2020,response,0,1,1.0,177,42,1,Carbonic Anhydrase IX,-1.1607983450386337,True
BC-Jackson2020,response,0,1,1.0,177,42,1,Cytokeratin 19,0.0,False
BC-Jackson2020,response,0,1,1.0,177,42,1,Cytokeratin 5,0.3247318347604162,True
BC-Jackson2020,response,0,1,1.0,177,42,1,Cytokeratin 7,0.48485287111913705,True
BC-Jackson2020,response,0,1,1.0,177,42,1,Cytokeratin 8/18,-0.13684971198731655,True
BC-Jackson2020,response,0,1,1.0,177,42,1,DNA1,-0.4492551095604232,True
BC-Jackson2020,response,0,1,1.0,177,42,1,EGFR,0.0,False
BC-Jackson2020,response,0,1,1.0,177,42,1,Ecadherin,0.989849227157989,True
BC-Jackson2020,response,0,1,1.0,177,42,1,Estrogen,0.0,False
BC-Jackson2020,response,0,1,1.0,177,42,1,Fibronectin,-0.1946993550605342,True
BC-Jackson2020,response,0,1,1.0,177,42,1,GATA3,0.7239534074708378,True
BC-Jackson2020,response,0,1,1.0,177,42,1,Histone H3,0.0,False
BC-Jackson2020,response,0,1,1.0,177,42,1,Keratin 14 (KRT14),-0.3249576246238695,True
BC-Jackson2020,response,0,1,1.0,177,42,1,Ki-67,-0.14167839839187138,True
BC-Jackson2020,response,0,1,1.0,177,42,1,Progesterone Receptor A/B,0.39749347908846133,True
BC-Jackson2020,response,0,1,1.0,177,42,1,SMA,0.14981846468704565,True
BC-Jackson2020,response,0,1,1.0,177,42,1,Slug,0.7289500405581021,True
BC-Jackson2020,response,0,1,1.0,177,42,1,Twist,0.06738417660046654,True
BC-Jackson2020,response,0,1,1.0,177,42,1,Vimentin,-0.042251362230791234,True
BC-Jackson2020,response,0,1,1.0,177,42,1,c-Myc,-0.37822032734187666,True
BC-Jackson2020,response,0,1,1.0,177,42,1,c-erbB-2 - Her2,-0.4327281789717857,True
BC-Jackson2020,response,0,1,1.0,177,42,1,cleaved PARP,0.0,False
BC-Jackson2020,response,0,1,1.0,177,42,1,p53,-0.3372859462577566,True
BC-Jackson2020,response,0,1,1.0,177,42,1,pan Cytokeratin,-0.7421452185898336,True
BC-Jackson2020,response,0,1,1.0,177,42,1,phospho-Histone,0.05525651647216647,True
BC-Jackson2020,response,0,1,1.0,177,42,1,phospho-S6,0.1529270847561201,True
BC-Jackson2020,response,0,1,1.0,177,42,1,phospho-mTOR,-0.30122944035838073,True
BC-Jackson2020,response,0,1,1.0,177,42,1,vWF,0.0,False
BC-Jackson2020,response,0,2,1.0,175,44,1,CD20,-0.3223355000844317,True
BC-Jackson2020,response,0,2,1.0,175,44,1,CD3,0.160626058709408,True
BC-Jackson2020,response,0,2,1.0,175,44,1,CD44,0.24477542481810943,True
BC-Jackson2020,response,0,2,1.0,175,44,1,CD45,0.0,False
BC-Jackson2020,response,0,2,1.0,175,44,1,CD68,0.054127285926943505,True
BC-Jackson2020,response,0,2,1.0,175,44,1,Carbonic Anhydrase IX,-0.42657087339407046,True
BC-Jackson2020,response,0,2,1.0,175,44,1,Cytokeratin 19,0.027619072861183147,True
BC-Jackson2020,response,0,2,1.0,175,44,1,Cytokeratin 5,0.0,False
BC-Jackson2020,response,0,2,1.0,175,44,1,Cytokeratin 7,0.2793422515930266,True
BC-Jackson2020,response,0,2,1.0,175,44,1,Cytokeratin 8/18,-0.0664195818741159,True
BC-Jackson2020,response,0,2,1.0,175,44,1,DNA1,-0.30072868267641634,True
BC-Jackson2020,response,0,2,1.0,175,44,1,EGFR,0.0,False
BC-Jackson2020,response,0,2,1.0,175,44,1,Ecadherin,0.6948670266815417,True
BC-Jackson2020,response,0,2,1.0,175,44,1,Estrogen,0.0850055597762032,True
BC-Jackson2020,response,0,2,1.0,175,44,1,Fibronectin,-0.30441536015289977,True
BC-Jackson2020,response,0,2,1.0,175,44,1,GATA3,0.42649550051718665,True
BC-Jackson2020,response,0,2,1.0,175,44,1,Histone H3,0.0,False
BC-Jackson2020,response,0,2,1.0,175,44,1,Keratin 14 (KRT14),-0.23900279439840794,True
BC-Jackson2020,response,0,2,1.0,175,44,1,Ki-67,-0.16996369551129606,True
BC-Jackson2020,response,0,2,1.0,175,44,1,Progesterone Receptor A/B,0.1737738047202038,True
BC-Jackson2020,response,0,2,1.0,175,44,1,SMA,0.5432262758149998,True
BC-Jackson2020,response,0,2,1.0,175,44,1,Slug,0.4768804414691679,True
BC-Jackson2020,response,0,2,1.0,175,44,1,Twist,0.0,False
BC-Jackson2020,response,0,2,1.0,175,44,1,Vimentin,-0.2921751807190717,True
BC-Jackson2020,response,0,2,1.0,175,44,1,c-Myc,-0.48415287799687445,True
BC-Jackson2020,response,0,2,1.0,175,44,1,c-erbB-2 - Her2,-0.7094479071279767,True
BC-Jackson2020,response,0,2,1.0,175,44,1,cleaved PARP,-0.015671217016611318,True
BC-Jackson2020,response,0,2,1.0,175,44,1,p53,0.0,False
BC-Jackson2020,response,0,2,1.0,175,44,1,pan Cytokeratin,-0.4922415388169887,True
BC-Jackson2020,response,0,2,1.0,175,44,1,phospho-Histone,0.2264981803799095,True
BC-Jackson2020,response,0,2,1.0,175,44,1,phospho-S6,0.04841949765511377,True
BC-Jackson2020,response,0,2,1.0,175,44,1,phospho-mTOR,-0.488942311023785,True
BC-Jackson2020,response,0,2,1.0,175,44,1,vWF,0.0,False
BC-Jackson2020,response,0,3,1.0,174,45,1,CD20,-0.2703269073621389,True
BC-Jackson2020,response,0,3,1.0,174,45,1,CD3,0.0,False
BC-Jackson2020,response,0,3,1.0,174,45,1,CD44,-0.010912008351127349,True
BC-Jackson2020,response,0,3,1.0,174,45,1,CD45,0.0,False
BC-Jackson2020,response,0,3,1.0,174,45,1,CD68,0.0,False
BC-Jackson2020,response,0,3,1.0,174,45,1,Carbonic Anhydrase IX,-0.8065959495537856,True
BC-Jackson2020,response,0,3,1.0,174,45,1,Cytokeratin 19,0.05187703017995267,True
BC-Jackson2020,response,0,3,1.0,174,45,1,Cytokeratin 5,0.11948215550059434,True
BC-Jackson2020,response,0,3,1.0,174,45,1,Cytokeratin 7,0.5261258979187152,True
BC-Jackson2020,response,0,3,1.0,174,45,1,Cytokeratin 8/18,-0.020267693150972967,True
BC-Jackson2020,response,0,3,1.0,174,45,1,DNA1,-0.06437818471136737,True
BC-Jackson2020,response,0,3,1.0,174,45,1,EGFR,0.4393673264812188,True
BC-Jackson2020,response,0,3,1.0,174,45,1,Ecadherin,0.7747277760958337,True
BC-Jackson2020,response,0,3,1.0,174,45,1,Estrogen,0.002660751067347457,True
BC-Jackson2020,response,0,3,1.0,174,45,1,Fibronectin,-0.3917753880794227,True
BC-Jackson2020,response,0,3,1.0,174,45,1,GATA3,0.45531670193261564,True
BC-Jackson2020,response,0,3,1.0,174,45,1,Histone H3,0.0,False
BC-Jackson2020,response,0,3,1.0,174,45,1,Keratin 14 (KRT14),-0.5131235817715801,True
BC-Jackson2020,response,0,3,1.0,174,45,1,Ki-67,0.0,False
BC-Jackson2020,response,0,3,1.0,174,45,1,Progesterone Receptor A/B,0.1412876735232173,True
BC-Jackson2020,response,0,3,1.0,174,45,1,SMA,0.43874622789850626,True
BC-Jackson2020,response,0,3,1.0,174,45,1,Slug,0.6395117887399474,True
BC-Jackson2020,response,0,3,1.0,174,45,1,Twist,0.0,False
BC-Jackson2020,response,0,3,1.0,174,45,1,Vimentin,-0.2945933482530563,True
BC-Jackson2020,response,0,3,1.0,174,45,1,c-Myc,-0.7847179490151542,True
BC-Jackson2020,response,0,3,1.0,174,45,1,c-erbB-2 - Her2,-0.7513739524940072,True
BC-Jackson2020,response,0,3,1.0,174,45,1,cleaved PARP,-0.3543996139479096,True
BC-Jackson2020,response,0,3,1.0,174,45,1,p53,0.0,False
BC-Jackson2020,response,0,3,1.0,174,45,1,pan Cytokeratin,-0.8160209422787228,True
BC-Jackson2020,response,0,3,1.0,174,45,1,phospho-Histone,0.2347524291751818,True
BC-Jackson2020,response,0,3,1.0,174,45,1,phospho-S6,-0.09396717000438982,True
BC-Jackson2020,response,0,3,1.0,174,45,1,phospho-mTOR,0.0,False
BC-Jackson2020,response,0,3,1.0,174,45,1,vWF,0.12636439148010803,True
BC-Jackson2020,response,0,4,1.0,171,48,1,CD20,0.0,False
BC-Jackson2020,response,0,4,1.0,171,48,1,CD3,0.04027132320109403,True
BC-Jackson2020,response,0,4,1.0,171,48,1,CD44,0.0,False
BC-Jackson2020,response,0,4,1.0,171,48,1,CD45,0.029579885456635438,True
BC-Jackson2020,response,0,4,1.0,171,48,1,CD68,0.4454509503327789,True
BC-Jackson2020,response,0,4,1.0,171,48,1,Carbonic Anhydrase IX,-0.5441876205804286,True
BC-Jackson2020,response,0,4,1.0,171,48,1,Cytokeratin 19,0.033554229133477394,True
BC-Jackson2020,response,0,4,1.0,171,48,1,Cytokeratin 5,0.0,False
BC-Jackson2020,response,0,4,1.0,171,48,1,Cytokeratin 7,0.5617118190332732,True
BC-Jackson2020,response,0,4,1.0,171,48,1,Cytokeratin 8/18,-0.01631599103878805,True
BC-Jackson2020,response,0,4,1.0,171,48,1,DNA1,-0.3615744613016954,True
BC-Jackson2020,response,0,4,1.0,171,48,1,EGFR,0.0,False
BC-Jackson2020,response,0,4,1.0,171,48,1,Ecadherin,0.8105495084791289,True
BC-Jackson2020,response,0,4,1.0,171,48,1,Estrogen,0.6074189890184011,True
BC-Jackson2020,response,0,4,1.0,171,48,1,Fibronectin,-0.3058082982357693,True
BC-Jackson2020,response,0,4,1.0,171,48,1,GATA3,0.528393069317097,True
BC-Jackson2020,response,0,4,1.0,171,48,1,Histone H3,-0.10000744109055003,True
BC-Jackson2020,response,0,4,1.0,171,48,1,Keratin 14 (KRT14),-0.2904795259302172,True
BC-Jackson2020,response,0,4,1.0,171,48,1,Ki-67,-0.10274539116622934,True
BC-Jackson2020,response,0,4,1.0,171,48,1,Progesterone Receptor A/B,0.0668025432164458,True
BC-Jackson2020,response,0,4,1.0,171,48,1,SMA,0.47900770047145597,True
BC-Jackson2020,response,0,4,1.0,171,48,1,Slug,0.22915916302241693,True
BC-Jackson2020,response,0,4,1.0,171,48,1,Twist,0.0,False
BC-Jackson2020,response,0,4,1.0,171,48,1,Vimentin,-0.09739212222935908,True
BC-Jackson2020,response,0,4,1.0,171,48,1,c-Myc,-0.30274039074601805,True
BC-Jackson2020,response,0,4,1.0,171,48,1,c-erbB-2 - Her2,-0.7970320119329495,True
BC-Jackson2020,response,0,4,1.0,171,48,1,cleaved PARP,-0.15224414404620665,True
BC-Jackson2020,response,0,4,1.0,171,48,1,p53,-0.4995039800518313,True
BC-Jackson2020,response,0,4,1.0,171,48,1,pan Cytokeratin,-0.6131763402417836,True
BC-Jackson2020,response,0,4,1.0,171,48,1,phospho-Histone,0.0,False
BC-Jackson2020,response,0,4,1.0,171,48,1,phospho-S6,0.24441760191453593,True
BC-Jackson2020,response,0,4,1.0,171,48,1,phospho-mTOR,-0.43280996348926765,True
BC-Jackson2020,response,0,4,1.0,171,48,1,vWF,0.45277078455505493,True
BC-Jackson2020,response,1,0,1.0,176,43,1,CD20,-0.3442155359989218,True
BC-Jackson2020,response,1,0,1.0,176,43,1,CD3,0.12038194732323429,True
BC-Jackson2020,response,1,0,1.0,176,43,1,CD44,0.0,False
BC-Jackson2020,response,1,0,1.0,176,43,1,CD45,0.1948296930647465,True
BC-Jackson2020,response,1,0,1.0,176,43,1,CD68,0.10094431653226985,True
BC-Jackson2020,response,1,0,1.0,176,43,1,Carbonic Anhydrase IX,-0.4911571629281822,True
BC-Jackson2020,response,1,0,1.0,176,43,1,Cytokeratin 19,0.0,False
BC-Jackson2020,response,1,0,1.0,176,43,1,Cytokeratin 5,0.0,False
BC-Jackson2020,response,1,0,1.0,176,43,1,Cytokeratin 7,0.3020333440524239,True
BC-Jackson2020,response,1,0,1.0,176,43,1,Cytokeratin 8/18,-0.15894656051826273,True
BC-Jackson2020,response,1,0,1.0,176,43,1,DNA1,-0.301279664026954,True
BC-Jackson2020,response,1,0,1.0,176,43,1,EGFR,0.1010983409017236,True
BC-Jackson2020,response,1,0,1.0,176,43,1,Ecadherin,0.8351508445543794,True
BC-Jackson2020,response,1,0,1.0,176,43,1,Estrogen,0.08163508402044467,True
BC-Jackson2020,response,1,0,1.0,176,43,1,Fibronectin,-0.24169466036449674,True
BC-Jackson2020,response,1,0,1.0,176,43,1,GATA3,0.6822360080564438,True
BC-Jackson2020,response,1,0,1.0,176,43,1,Histone H3,0.0,False
BC-Jackson2020,response,1,0,1.0,176,43,1,Keratin 14 (KRT14),-0.20857657373694363,True
BC-Jackson2020,response,1,0,1.0,176,43,1,Ki-67,-0.2591720007212092,True
BC-Jackson2020,response,1,0,1.0,176,43,1,Progesterone Receptor A/B,0.1952567738300542,True
BC-Jackson2020,response,1,0,1.0,176,43,1,SMA,0.3090904145540698,True
BC-Jackson2020,response,1,0,1.0,176,43,1,Slug,0.47330382418901396,True
BC-Jackson2020,response,1,0,1.0,176,43,1,Twist,0.0,False
BC-Jackson2020,response,1,0,1.0,176,43,1,Vimentin,-0.11309933567914596,True
BC-Jackson2020,response,1,0,1.0,176,43,1,c-Myc,-0.5245020965760717,True
BC-Jackson2020,response,1,0,1.0,176,43,1,c-erbB-2 - Her2,-0.6474934020236788,True
BC-Jackson2020,response,1,0,1.0,176,43,1,cleaved PARP,0.02353580748886013,True
BC-Jackson2020,response,1,0,1.0,176,43,1,p53,0.0,False
BC-Jackson2020,response,1,0,1.0,176,43,1,pan Cytokeratin,-0.5085068428812821,True
BC-Jackson2020,response,1,0,1.0,176,43,1,phospho-Histone,0.1545087906693195,True
BC-Jackson2020,response,1,0,1.0,176,43,1,phospho-S6,0.019037877586701207,True
BC-Jackson2020,response,1,0,1.0,176,43,1,phospho-mTOR,-0.4624483253223323,True
BC-Jackson2020,response,1,0,1.0,176,43,1,vWF,0.0,False
BC-Jackson2020,response,1,1,1.0,176,43,1,CD20,-0.36959469761429464,True
BC-Jackson2020,response,1,1,1.0,176,43,1,CD3,0.0,False
BC-Jackson2020,response,1,1,1.0,176,43,1,CD44,0.0,False
BC-Jackson2020,response,1,1,1.0,176,43,1,CD45,0.0,False
BC-Jackson2020,response,1,1,1.0,176,43,1,CD68,0.2063493309266903,True
BC-Jackson2020,response,1,1,1.0,176,43,1,Carbonic Anhydrase IX,-0.4678192708273632,True
BC-Jackson2020,response,1,1,1.0,176,43,1,Cytokeratin 19,0.2560867940452749,True
BC-Jackson2020,response,1,1,1.0,176,43,1,Cytokeratin 5,0.33132113329738955,True
BC-Jackson2020,response,1,1,1.0,176,43,1,Cytokeratin 7,0.4432640847955877,True
BC-Jackson2020,response,1,1,1.0,176,43,1,Cytokeratin 8/18,0.0,False
BC-Jackson2020,response,1,1,1.0,176,43,1,DNA1,-0.48013710338541005,True
BC-Jackson2020,response,1,1,1.0,176,43,1,EGFR,0.0,False
BC-Jackson2020,response,1,1,1.0,176,43,1,Ecadherin,1.3823446755092585,True
BC-Jackson2020,response,1,1,1.0,176,43,1,Estrogen,0.06299503538114512,True
BC-Jackson2020,response,1,1,1.0,176,43,1,Fibronectin,-0.4666649694962222,True
BC-Jackson2020,response,1,1,1.0,176,43,1,GATA3,0.5594047998020252,True
BC-Jackson2020,response,1,1,1.0,176,43,1,Histone H3,0.0,False
BC-Jackson2020,response,1,1,1.0,176,43,1,Keratin 14 (KRT14),-0.5414605175180058,True
BC-Jackson2020,response,1,1,1.0,176,43,1,Ki-67,-0.16513528864090707,True
BC-Jackson2020,response,1,1,1.0,176,43,1,Progesterone Receptor A/B,0.11070982682225373,True
BC-Jackson2020,response,1,1,1.0,176,43,1,SMA,0.1145266833744427,True
BC-Jackson2020,response,1,1,1.0,176,43,1,Slug,0.10779277000942976,True
BC-Jackson2020,response,1,1,1.0,176,43,1,Twist,0.0,False
BC-Jackson2020,response,1,1,1.0,176,43,1,Vimentin,-0.018559792829028754,True
BC-Jackson2020,response,1,1,1.0,176,43,1,c-Myc,-0.21888092890399136,True
BC-Jackson2020,response,1,1,1.0,176,43,1,c-erbB-2 - Her2,-0.828159430316328,True
BC-Jackson2020,response,1,1,1.0,176,43,1,cleaved PARP,0.0,False
BC-Jackson2020,response,1,1,1.0,176,43,1,p53,0.0,False
BC-Jackson2020,response,1,1,1.0,176,43,1,pan Cytokeratin,-1.2187944364499292,True
BC-Jackson2020,response,1,1,1.0,176,43,1,phospho-Histone,0.11117118314982358,True
BC-Jackson2020,response,1,1,1.0,176,43,1,phospho-S6,0.03254481458365823,True
BC-Jackson2020,response,1,1,1.0,176,43,1,phospho-mTOR,-0.2606492250535029,True
BC-Jackson2020,response,1,1,1.0,176,43,1,vWF,0.10683360608414308,True
BC-Jackson2020,response,1,2,1.0,177,42,1,CD20,-0.17869731465481384,True
BC-Jackson2020,response,1,2,1.0,177,42,1,CD3,0.17392588970442605,True
BC-Jackson2020,response,1,2,1.0,177,42,1,CD44,0.0,False
BC-Jackson2020,response,1,2,1.0,177,42,1,CD45,0.0,False
BC-Jackson2020,response,1,2,1.0,177,42,1,CD68,0.16888976772224654,True
BC-Jackson2020,response,1,2,1.0,177,42,1,Carbonic Anhydrase IX,-1.3574019729072524,True
BC-Jackson2020,response,1,2,1.0,177,42,1,Cytokeratin 19,0.0,False
BC-Jackson2020,response,1,2,1.0,177,42,1,Cytokeratin 5,0.0,False
BC-Jackson2020,response,1,2,1.0,177,42,1,Cytokeratin 7,0.48182218054542386,True
BC-Jackson2020,response,1,2,1.0,177,42,1,Cytokeratin 8/18,-0.17137878639287152,True
BC-Jackson2020,response,1,2,1.0,177,42,1,DNA1,-0.4019333429057265,True
BC-Jackson2020,response,1,2,1.0,177,42,1,EGFR,0.11458147274920599,True
BC-Jackson2020,response,1,2,1.0,177,42,1,Ecadherin,0.688952704126155,True
BC-Jackson2020,response,1,2,1.0,177,42,1,Estrogen,0.055166968423078694,True
BC-Jackson2020,response,1,2,1.0,177,42,1,Fibronectin,-0.26723902335906624,True
BC-Jackson2020,response,1,2,1.0,177,42,1,GATA3,0.8051950771936914,True
BC-Jackson2020,response,1,2,1.0,177,42,1,Histone H3,-0.11048370851643682,True
BC-Jackson2020,response,1,2,1.0,177,42,1,Keratin 14 (KRT14),-0.4169667656880988,True
BC-Jackson2020,response,1,2,1.0,177,42,1,Ki-67,-0.2498852469231403,True
BC-Jackson2020,response,1,2,1.0,177,42,1,Progesterone Receptor A/B,0.12268958837061107,True
BC-Jackson2020,response,1,2,1.0,177,42,1,SMA,0.5627699969430223,True
BC-Jackson2020,response,1,2,1.0,177,42,1,Slug,0.4594429828283765,True
BC-Jackson2020,response,1,2,1.0,177,42,1,Twist,0.0,False
BC-Jackson2020,response,1,2,1.0,177,42,1,Vimentin,-0.08357270473993661,True
BC-Jackson2020,response,1,2,1.0,177,42,1,c-Myc,-0.10194156875153568,True
BC-Jackson2020,response,1,2,1.0,177,42,1,c-erbB-2 - Her2,-0.4330107337049515,True
BC-Jackson2020,response,1,2,1.0,177,42,1,cleaved PARP,0.0,False
BC-Jackson2020,response,1,2,1.0,177,42,1,p53,0.0,False
BC-Jackson2020,response,1,2,1.0,177,42,1,pan Cytokeratin,-0.49276251264740756,True
BC-Jackson2020,response,1,2,1.0,177,42,1,phospho-Histone,0.07993221118168418,True
BC-Jackson2020,response,1,2,1.0,177,42,1,phospho-S6,0.07778828386517092,True
BC-Jackson2020,response,1,2,1.0,177,42,1,phospho-mTOR,-0.41125156713950256,True
BC-Jackson2020,response,1,2,1.0,177,42,1,vWF,0.5655816813391853,True
BC-Jackson2020,response,1,3,1.0,168,51,1,CD20,-0.3052562938224233,True
BC-Jackson2020,response,1,3,1.0,168,51,1,CD3,0.0,False
BC-Jackson2020,response,1,3,1.0,168,51,1,CD44,0.2632447318826924,True
BC-Jackson2020,response,1,3,1.0,168,51,1,CD45,0.19099124937100306,True
BC-Jackson2020,response,1,3,1.0,168,51,1,CD68,0.0756735215225941,True
BC-Jackson2020,response,1,3,1.0,168,51,1,Carbonic Anhydrase IX,-0.9853153031485746,True
BC-Jackson2020,response,1,3,1.0,168,51,1,Cytokeratin 19,0.0,False
BC-Jackson2020,response,1,3,1.0,168,51,1,Cytokeratin 5,0.44254361682530896,True
BC-Jackson2020,response,1,3,1.0,168,51,1,Cytokeratin 7,0.37457088992880627,True
BC-Jackson2020,response,1,3,1.0,168,51,1,Cytokeratin 8/18,-0.06053972675485328,True
BC-Jackson2020,response,1,3,1.0,168,51,1,DNA1,-0.25894959126931055,True
BC-Jackson2020,response,1,3,1.0,168,51,1,EGFR,0.0,False
BC-Jackson2020,response,1,3,1.0,168,51,1,Ecadherin,0.7078902871487738,True
BC-Jackson2020,response,1,3,1.0,168,51,1,Estrogen,0.21662883560688928,True
BC-Jackson2020,response,1,3,1.0,168,51,1,Fibronectin,-0.2541175981642963,True
BC-Jackson2020,response,1,3,1.0,168,51,1,GATA3,0.3498458646908531,True
BC-Jackson2020,response,1,3,1.0,168,51,1,Histone H3,0.0,False
BC-Jackson2020,response,1,3,1.0,168,51,1,Keratin 14 (KRT14),-0.6089013434077418,True
BC-Jackson2020,response,1,3,1.0,168,51,1,Ki-67,0.0,False
BC-Jackson2020,response,1,3,1.0,168,51,1,Progesterone Receptor A/B,0.14878735999134013,True
BC-Jackson2020,response,1,3,1.0,168,51,1,SMA,0.5966151575514483,True
BC-Jackson2020,response,1,3,1.0,168,51,1,Slug,0.824064007802981,True
BC-Jackson2020,response,1,3,1.0,168,51,1,Twist,0.0,False
BC-Jackson2020,response,1,3,1.0,168,51,1,Vimentin,-0.27207875698722356,True
BC-Jackson2020,response,1,3,1.0,168,51,1,c-Myc,-0.40085810431818547,True
BC-Jackson2020,response,1,3,1.0,168,51,1,c-erbB-2 - Her2,-0.2608045135417981,True
BC-Jackson2020,response,1,3,1.0,168,51,1,cleaved PARP,-0.28879998422096353,True
BC-Jackson2020,response,1,3,1.0,168,51,1,p53,-0.308581798269147,True
BC-Jackson2020,response,1,3,1.0,168,51,1,pan Cytokeratin,-0.7828011482396704,True
BC-Jackson2020,response,1,3,1.0,168,51,1,phospho-Histone,0.0,False
BC-Jackson2020,response,1,3,1.0,168,51,1,phospho-S6,0.07333154973191022,True
BC-Jackson2020,response,1,3,1.0,168,51,1,phospho-mTOR,-0.01325842442394054,True
BC-Jackson2020,response,1,3,1.0,168,51,1,vWF,-0.07109981163821069,True
BC-Jackson2020,response,1,4,1.0,179,40,1,CD20,-0.35665625162430825,True
BC-Jackson2020,response,1,4,1.0,179,40,1,CD3,0.2053469179574718,True
BC-Jackson2020,response,1,4,1.0,179,40,1,CD44,0.3273659046850626,True
BC-Jackson2020,response,1,4,1.0,179,40,1,CD45,0.0,False
BC-Jackson2020,response,1,4,1.0,179,40,1,CD68,0.349294778155563,True
BC-Jackson2020,response,1,4,1.0,179,40,1,Carbonic Anhydrase IX,-0.3773238071587984,True
BC-Jackson2020,response,1,4,1.0,179,40,1,Cytokeratin 19,0.0,False
BC-Jackson2020,response,1,4,1.0,179,40,1,Cytokeratin 5,0.0,False
BC-Jackson2020,response,1,4,1.0,179,40,1,Cytokeratin 7,0.35883261048766957,True
BC-Jackson2020,response,1,4,1.0,179,40,1,Cytokeratin 8/18,-0.2816556443836579,True
BC-Jackson2020,response,1,4,1.0,179,40,1,DNA1,-0.24645951527669116,True
BC-Jackson2020,response,1,4,1.0,179,40,1,EGFR,0.04057626513131611,True
BC-Jackson2020,response,1,4,1.0,179,40,1,Ecadherin,0.6534038763076369,True
BC-Jackson2020,response,1,4,1.0,179,40,1,Estrogen,0.15570594952895478,True
BC-Jackson2020,response,1,4,1.0,179,40,1,Fibronectin,-0.16267741727496518,True
BC-Jackson2020,response,1,4,1.0,179,40,1,GATA3,0.11034712525851927,True
BC-Jackson2020,response,1,4,1.0,179,40,1,Histone H3,0.0,False
BC-Jackson2020,response,1,4,1.0,179,40,1,Keratin 14 (KRT14),0.0,False
BC-Jackson2020,response,1,4,1.0,179,40,1,Ki-67,-0.012960112525851875,True
BC-Jackson2020,response,1,4,1.0,179,40,1,Progesterone Receptor A/B,0.39321645133414856,True
BC-Jackson2020,response,1,4,1.0,179,40,1,SMA,0.3158202166694067,True
BC-Jackson2020,response,1,4,1.0,179,40,1,Slug,0.9794315829562661,True
BC-Jackson2020,response,1,4,1.0,179,40,1,Twist,0.0,False
BC-Jackson2020,response,1,4,1.0,179,40,1,Vimentin,-0.29484988942569096,True
BC-Jackson2020,response,1,4,1.0,179,40,1,c-Myc,-0.5593283997442383,True
BC-Jackson2020,response,1,4,1.0,179,40,1,c-erbB-2 - Her2,-0.849101686118918,True
BC-Jackson2020,response,1,4,1.0,179,40,1,cleaved PARP,-0.4675201707877649,True
BC-Jackson2020,response,1,4,1.0,179,40,1,p53,-0.3792684994456807,True
BC-Jackson2020,response,1,4,1.0,179,40,1,pan Cytokeratin,-0.16234377987123333,True
BC-Jackson2020,response,1,4,1.0,179,40,1,phospho-Histone,0.34145223946916503,True
BC-Jackson2020,response,1,4,1.0,179,40,1,phospho-S6,0.0,False
BC-Jackson2020,response,1,4,1.0,179,40,1,phospho-mTOR,-0.19329045967731004,True
BC-Jackson2020,response,1,4,1.0,179,40,1,vWF,0.0,False
BC-Jackson2020,response,2,0,1.0,172,47,1,CD20,-0.3180861129523009,True
BC-Jackson2020,response,2,0,1.0,172,47,1,CD3,0.14092800031641686,True
BC-Jackson2020,response,2,0,1.0,172,47,1,CD44,0.019246567779760866,True
BC-Jackson2020,response,2,0,1.0,172,47,1,CD45,0.0778848174766217,True
BC-Jackson2020,response,2,0,1.0,172,47,1,CD68,0.08950707341852047,True
BC-Jackson2020,response,2,0,1.0,172,47,1,Carbonic Anhydrase IX,-0.9557845887538804,True
BC-Jackson2020,response,2,0,1.0,172,47,1,Cytokeratin 19,0.018499762177067024,True
BC-Jackson2020,response,2,0,1.0,172,47,1,Cytokeratin 5,0.4191811488339128,True
BC-Jackson2020,response,2,0,1.0,172,47,1,Cytokeratin 7,0.6660392084785889,True
BC-Jackson2020,response,2,0,1.0,172,47,1,Cytokeratin 8/18,-0.7043551991840784,True
BC-Jackson2020,response,2,0,1.0,172,47,1,DNA1,-0.5122831593740269,True
BC-Jackson2020,response,2,0,1.0,172,47,1,EGFR,0.0,False
BC-Jackson2020,response,2,0,1.0,172,47,1,Ecadherin,1.6376130553162573,True
BC-Jackson2020,response,2,0,1.0,172,47,1,Estrogen,0.41566224558130815,True
BC-Jackson2020,response,2,0,1.0,172,47,1,Fibronectin,-0.24597030799471625,True
BC-Jackson2020,response,2,0,1.0,172,47,1,GATA3,0.18012205720858954,True
BC-Jackson2020,response,2,0,1.0,172,47,1,Histone H3,-0.21947661492209736,True
BC-Jackson2020,response,2,0,1.0,172,47,1,Keratin 14 (KRT14),-0.8010309839174132,True
BC-Jackson2020,response,2,0,1.0,172,47,1,Ki-67,-0.17588035415692904,True
BC-Jackson2020,response,2,0,1.0,172,47,1,Progesterone Receptor A/B,0.35563218126389984,True
BC-Jackson2020,response,2,0,1.0,172,47,1,SMA,0.46343723722528246,True
BC-Jackson2020,response,2,0,1.0,172,47,1,Slug,0.43423933999481423,True
BC-Jackson2020,response,2,0,1.0,172,47,1,Twist,0.0,False
BC-Jackson2020,response,2,0,1.0,172,47,1,Vimentin,-0.24107945068249692,True
BC-Jackson2020,response,2,0,1.0,172,47,1,c-Myc,-0.2216139357166163,True
BC-Jackson2020,response,2,0,1.0,172,47,1,c-erbB-2 - Her2,-0.6571008492689911,True
BC-Jackson2020,response,2,0,1.0,172,47,1,cleaved PARP,-0.08164322393009156,True
BC-Jackson2020,response,2,0,1.0,172,47,1,p53,-0.1971874332752882,True
BC-Jackson2020,response,2,0,1.0,172,47,1,pan Cytokeratin,-0.8322277145679962,True
BC-Jackson2020,response,2,0,1.0,172,47,1,phospho-Histone,0.10641379344494627,True
BC-Jackson2020,response,2,0,1.0,172,47,1,phospho-S6,0.24332856175308104,True
BC-Jackson2020,response,2,0,1.0,172,47,1,phospho-mTOR,0.0,False
BC-Jackson2020,response,2,0,1.0,172,47,1,vWF,-0.024673866410520717,True
BC-Jackson2020,response,2,1,1.0,181,38,1,CD20,-0.21262520261551401,True
BC-Jackson2020,response,2,1,1.0,181,38,1,CD3,0.14924034280975498,True
BC-Jackson2020,response,2,1,1.0,181,38,1,CD44,0.22796568068081022,True
BC-Jackson2020,response,2,1,1.0,181,38,1,CD45,0.0,False
BC-Jackson2020,response,2,1,1.0,181,38,1,CD68,0.1955522427631406,True
BC-Jackson2020,response,2,1,1.0,181,38,1,Carbonic Anhydrase IX,-1.2101529121573051,True
BC-Jackson2020,response,2,1,1.0,181,38,1,Cytokeratin 19,0.11175278436915678,True
BC-Jackson2020,response,2,1,1.0,181,38,1,Cytokeratin 5,0.0,False
BC-Jackson2020,response,2,1,1.0,181,38,1,Cytokeratin 7,0.33157117181672946,True
BC-Jackson2020,response,2,1,1.0,181,38,1,Cytokeratin 8/18,-0.10673516376546072,True
BC-Jackson2020,response,2,1,1.0,181,38,1,DNA1,-0.37071464360381773,True
BC-Jackson2020,response,2,1,1.0,181,38,1,EGFR,0.08111505168716998,True
BC-Jackson2020,response,2,1,1.0,181,38,1,Ecadherin,0.5428327177547629,True
BC-Jackson2020,response,2,1,1.0,181,38,1,Estrogen,0.0,False
BC-Jackson2020,response,2,1,1.0,181,38,1,Fibronectin,-0.30719204348945295,True
BC-Jackson2020,response,2,1,1.0,181,38,1,GATA3,1.525122965723735,True
BC-Jackson2020,response,2,1,1.0,181,38,1,Histone H3,-0.00023191962203972184,True
BC-Jackson2020,response,2,1,1.0,181,38,1,Keratin 14 (KRT14),-0.09962229294896147,True
BC-Jackson2020,response,2,1,1.0,181,38,1,Ki-67,0.041746180122149895,True
BC-Jackson2020,response,2,1,1.0,181,38,1,Progesterone Receptor A/B,0.059973872945068944,True
BC-Jackson2020,response,2,1,1.0,181,38,1,SMA,0.5397260283740867,True
BC-Jackson2020,response,2,1,1.0,181,38,1,Slug,0.49431592086811776,True
BC-Jackson2020,response,2,1,1.0,181,38,1,Twist,0.0,False
BC-Jackson2020,response,2,1,1.0,181,38,1,Vimentin,-0.19811627125910852,True
BC-Jackson2020,response,2,1,1.0,181,38,1,c-Myc,-0.1782440920076814,True
BC-Jackson2020,response,2,1,1.0,181,38,1,c-erbB-2 - Her2,-0.844459452965903,True
BC-Jackson2020,response,2,1,1.0,181,38,1,cleaved PARP,-0.13554786821814355,True
BC-Jackson2020,response,2,1,1.0,181,38,1,p53,0.0,False
BC-Jackson2020,response,2,1,1.0,181,38,1,pan Cytokeratin,-0.7000240546566852,True
BC-Jackson2020,response,2,1,1.0,181,38,1,phospho-Histone,0.3993751521736317,True
BC-Jackson2020,response,2,1,1.0,181,38,1,phospho-S6,0.018663864726825175,True
BC-Jackson2020,response,2,1,1.0,181,38,1,phospho-mTOR,-0.4947102012767953,True
BC-Jackson2020,response,2,1,1.0,181,38,1,vWF,0.0,False
BC-Jackson2020,response,2,2,1.0,175,44,1,CD20,-0.25363898714913513,True
BC-Jackson2020,response,2,2,1.0,175,44,1,CD3,0.038025648444038246,True
BC-Jackson2020,response,2,2,1.0,175,44,1,CD44,0.0,False
BC-Jackson2020,response,2,2,1.0,175,44,1,CD45,0.0,False
BC-Jackson2020,response,2,2,1.0,175,44,1,CD68,0.22203088817643735,True
BC-Jackson2020,response,2,2,1.0,175,44,1,Carbonic Anhydrase IX,-0.3077024471219543,True
BC-Jackson2020,response,2,2,1.0,175,44,1,Cytokeratin 19,0.0,False
BC-Jackson2020,response,2,2,1.0,175,44,1,Cytokeratin 5,0.0652972918873742,True
BC-Jackson2020,response,2,2,1.0,175,44,1,Cytokeratin 7,0.4982311091558573,True
BC-Jackson2020,response,2,2,1.0,175,44,1,Cytokeratin 8/18,0.0568601753024827,True
BC-Jackson2020,response,2,2,1.0,175,44,1,DNA1,-0.22140277902733438,True
BC-Jackson2020,response,2,2,1.0,175,44,1,EGFR,0.0,False
BC-Jackson2020,response,2,2,1.0,175,44,1,Ecadherin,0.6879721597325211,True
BC-Jackson2020,response,2,2,1.0,175,44,1,Estrogen,0.10981586778553551,True
BC-Jackson2020,response,2,2,1.0,175,44,1,Fibronectin,-0.4340037545745872,True
BC-Jackson2020,response,2,2,1.0,175,44,1,GATA3,0.24853325345786836,True
BC-Jackson2020,response,2,2,1.0,175,44,1,Histone H3,0.0,False
BC-Jackson2020,response,2,2,1.0,175,44,1,Keratin 14 (KRT14),-0.38505875263867967,True
BC-Jackson2020,response,2,2,1.0,175,44,1,Ki-67,-0.27247536316308596,True
BC-Jackson2020,response,2,2,1.0,175,44,1,Progesterone Receptor A/B,0.27171498415339607,True
BC-Jackson2020,response,2,2,1.0,175,44,1,SMA,0.3339363307021561,True
BC-Jackson2020,response,2,2,1.0,175,44,1,Slug,0.4366704492662615,True
BC-Jackson2020,response,2,2,1.0,175,44,1,Twist,0.05191979484613234,True
BC-Jackson2020,response,2,2,1.0,175,44,1,Vimentin,-0.17890320841109889,True
BC-Jackson2020,response,2,2,1.0,175,44,1,c-Myc,-0.48120900859728,True
BC-Jackson2020,response,2,2,1.0,175,44,1,c-erbB-2 - Her2,-0.7413912925327356,True
BC-Jackson2020,response,2,2,1.0,175,44,1,cleaved PARP,0.0,False
BC-Jackson2020,response,2,2,1.0,175,44,1,p53,0.0,False
BC-Jackson2020,response,2,2,1.0,175,44,1,pan Cytokeratin,-0.5244263588456217,True
BC-Jackson2020,response,2,2,1.0,175,44,1,phospho-Histone,0.16641359347900841,True
BC-Jackson2020,response,2,2,1.0,175,44,1,phospho-S6,0.0,False
BC-Jackson2020,response,2,2,1.0,175,44,1,phospho-mTOR,-0.6952158063331454,True
BC-Jackson2020,response,2,2,1.0,175,44,1,vWF,0.6640673391225871,True
BC-Jackson2020,response,2,3,1.0,172,47,1,CD20,-0.35706156125396665,True
BC-Jackson2020,response,2,3,1.0,172,47,1,CD3,0.2900969567012161,True
BC-Jackson2020,response,2,3,1.0,172,47,1,CD44,0.0,False
BC-Jackson2020,response,2,3,1.0,172,47,1,CD45,0.17619178128198526,True
BC-Jackson2020,response,2,3,1.0,172,47,1,CD68,0.2281533522420771,True
BC-Jackson2020,response,2,3,1.0,172,47,1,Carbonic Anhydrase IX,-0.4908239751504654,True
BC-Jackson2020,response,2,3,1.0,172,47,1,Cytokeratin 19,0.0,False
BC-Jackson2020,response,2,3,1.0,172,47,1,Cytokeratin 5,0.0,False
BC-Jackson2020,response,2,3,1.0,172,47,1,Cytokeratin 7,0.14441382866932537,True
BC-Jackson2020,response,2,3,1.0,172,47,1,Cytokeratin 8/18,-0.28624660643426236,True
BC-Jackson2020,response,2,3,1.0,172,47,1,DNA1,-0.4099218383178056,True
BC-Jackson2020,response,2,3,1.0,172,47,1,EGFR,0.41553251772986066,True
BC-Jackson2020,response,2,3,1.0,172,47,1,Ecadherin,0.7322877294240199,True
BC-Jackson2020,response,2,3,1.0,172,47,1,Estrogen,0.0,False
BC-Jackson2020,response,2,3,1.0,172,47,1,Fibronectin,-0.3398972598779646,True
BC-Jackson2020,response,2,3,1.0,172,47,1,GATA3,0.5024675263630533,True
BC-Jackson2020,response,2,3,1.0,172,47,1,Histone H3,0.0,False
BC-Jackson2020,response,2,3,1.0,172,47,1,Keratin 14 (KRT14),-0.2707647457037897,True
BC-Jackson2020,response,2,3,1.0,172,47,1,Ki-67,-0.27113875824282185,True
BC-Jackson2020,response,2,3,1.0,172,47,1,Progesterone Receptor A/B,0.11459990592423895,True
BC-Jackson2020,response,2,3,1.0,172,47,1,SMA,0.414033295342281,True
BC-Jackson2020,response,2,3,1.0,172,47,1,Slug,0.43643829074589097,True
BC-Jackson2020,response,2,3,1.0,172,47,1,Twist,0.0,False
BC-Jackson2020,response,2,3,1.0,172,47,1,Vimentin,-0.20688786153019026,True
BC-Jackson2020,response,2,3,1.0,172,47,1,c-Myc,-0.4099863747750843,True
BC-Jackson2020,response,2,3,1.0,172,47,1,c-erbB-2 - Her2,-0.6561936466610885,True
BC-Jackson2020,response,2,3,1.0,172,47,1,cleaved PARP,-0.23767117981879143,True
BC-Jackson2020,response,2,3,1.0,172,47,1,p53,-0.20645150257180644,True
BC-Jackson2020,response,2,3,1.0,172,47,1,pan Cytokeratin,-0.15828241204761,True
BC-Jackson2020,response,2,3,1.0,172,47,1,phospho-Histone,0.0,False
BC-Jackson2020,response,2,3,1.0,172,47,1,phospho-S6,0.03377236567332279,True
BC-Jackson2020,response,2,3,1.0,172,47,1,phospho-mTOR,-0.16389172928423126,True
BC-Jackson2020,response,2,3,1.0,172,47,1,vWF,0.0,False
BC-Jackson2020,response,2,4,1.0,176,43,1,CD20,-0.20582410558195172,True
BC-Jackson2020,response,2,4,1.0,176,43,1,CD3,0.061114913328569644,True
BC-Jackson2020,response,2,4,1.0,176,43,1,CD44,0.24821071361983812,True
BC-Jackson2020,response,2,4,1.0,176,43,1,CD45,0.0,False
BC-Jackson2020,response,2,4,1.0,176,43,1,CD68,0.08586945369530039,True
BC-Jackson2020,response,2,4,1.0,176,43,1,Carbonic Anhydrase IX,-0.6338229029035569,True
BC-Jackson2020,response,2,4,1.0,176,43,1,Cytokeratin 19,-0.008473781772536599,True
BC-Jackson2020,response,2,4,1.0,176,43,1,Cytokeratin 5,0.42937073461188324,True
BC-Jackson2020,response,2,4,1.0,176,43,1,Cytokeratin 7,0.30650160424498585,True
BC-Jackson2020,response,2,4,1.0,176,43,1,Cytokeratin 8/18,0.0,False
BC-Jackson2020,response,2,4,1.0,176,43,1,DNA1,-0.08149089217970613,True
BC-Jackson2020,response,2,4,1.0,176,43,1,EGFR,0.19101318843213816,True
BC-Jackson2020,response,2,4,1.0,176,43,1,Ecadherin,0.5915861443847887,True
BC-Jackson2020,response,2,4,1.0,176,43,1,Estrogen,0.28313815942191545,True
BC-Jackson2020,response,2,4,1.0,176,43,1,Fibronectin,-0.19254678632694291,True
BC-Jackson2020,response,2,4,1.0,176,43,1,GATA3,0.3440932734441363,True
BC-Jackson2020,response,2,4,1.0,176,43,1,Histone H3,0.0,False
BC-Jackson2020,response,2,4,1.0,176,43,1,Keratin 14 (KRT14),-0.5576951458695855,True
BC-Jackson2020,response,2,4,1.0,176,43,1,Ki-67,-0.10896175519410296,True
BC-Jackson2020,response,2,4,1.0,176,43,1,Progesterone Receptor A/B,0.038235460450303876,True
BC-Jackson2020,response,2,4,1.0,176,43,1,SMA,0.42296709553610523,True
BC-Jackson2020,response,2,4,1.0,176,43,1,Slug,0.9181351043097574,True
BC-Jackson2020,response,2,4,1.0,176,43,1,Twist,0.0,False
BC-Jackson2020,response,2,4,1.0,176,43,1,Vimentin,-0.1010999729460809,True
BC-Jackson2020,response,2,4,1.0,176,43,1,c-Myc,-0.5353520381986536,True
BC-Jackson2020,response,2,4,1.0,176,43,1,c-erbB-2 - Her2,-0.5015122005996718,True
BC-Jackson2020,response,2,4,1.0,176,43,1,cleaved PARP,0.0,False
BC-Jackson2020,response,2,4,1.0,176,43,1,p53,-0.661548030464612,True
BC-Jackson2020,response,2,4,1.0,176,43,1,pan Cytokeratin,-0.5643580910937953,True
BC-Jackson2020,response,2,4,1.0,176,43,1,phospho-Histone,0.0,False
BC-Jackson2020,response,2,4,1.0,176,43,1,phospho-S6,0.0,False
BC-Jackson2020,response,2,4,1.0,176,43,1,phospho-mTOR,0.0,False
BC-Jackson2020,response,2,4,1.0,176,43,1,vWF,0.03551586898396716,True
BC-Jackson2020,clinical_type,0,0,1.0,304,66,HR+HER2+,CD20,0.8358563224640783,True
BC-Jackson2020,clinical_type,0,0,1.0,304,66,HR+HER2+,CD3,-0.027171074446699427,True
BC-Jackson2020,clinical_type,0,0,1.0,304,66,HR+HER2+,CD44,0.0,False
BC-Jackson2020,clinical_type,0,0,1.0,304,66,HR+HER2+,CD45,-0.9536833672998384,True
BC-Jackson2020,clinical_type,0,0,1.0,304,66,HR+HER2+,CD68,-0.03507057909954827,True
BC-Jackson2020,clinical_type,0,0,1.0,304,66,HR+HER2+,Carbonic Anhydrase IX,-0.2575052185437712,True
BC-Jackson2020,clinical_type,0,0,1.0,304,66,HR+HER2+,Cytokeratin 19,-0.6066514726551481,True
BC-Jackson2020,clinical_type,0,0,1.0,304,66,HR+HER2+,Cytokeratin 5,-0.16810759810509365,True
BC-Jackson2020,clinical_type,0,0,1.0,304,66,HR+HER2+,Cytokeratin 7,-0.5032198618831616,True
BC-Jackson2020,clinical_type,0,0,1.0,304,66,HR+HER2+,Cytokeratin 8/18,0.19528693958879753,True
BC-Jackson2020,clinical_type,0,0,1.0,304,66,HR+HER2+,DNA1,0.3215548696673053,True
BC-Jackson2020,clinical_type,0,0,1.0,304,66,HR+HER2+,EGFR,0.0,False
BC-Jackson2020,clinical_type,0,0,1.0,304,66,HR+HER2+,Ecadherin,-0.2776632597145896,True
BC-Jackson2020,clinical_type,0,0,1.0,304,66,HR+HER2+,Estrogen,-0.32564771167678186,True
BC-Jackson2020,clinical_type,0,0,1.0,304,66,HR+HER2+,Fibronectin,0.45510862185646694,True
BC-Jackson2020,clinical_type,0,0,1.0,304,66,HR+HER2+,GATA3,0.38178921300870783,True
BC-Jackson2020,clinical_type,0,0,1.0,304,66,HR+HER2+,Histone H3,0.1554686319531018,True
BC-Jackson2020,clinical_type,0,0,1.0,304,66,HR+HER2+,Keratin 14 (KRT14),0.0,False
BC-Jackson2020,clinical_type,0,0,1.0,304,66,HR+HER2+,Ki-67,-0.8153926961365895,True
BC-Jackson2020,clinical_type,0,0,1.0,304,66,HR+HER2+,Progesterone Receptor A/B,-0.273525409826863,True
BC-Jackson2020,clinical_type,0,0,1.0,304,66,HR+HER2+,SMA,0.0,False
BC-Jackson2020,clinical_type,0,0,1.0,304,66,HR+HER2+,Slug,0.0,False
BC-Jackson2020,clinical_type,0,0,1.0,304,66,HR+HER2+,Twist,0.0,False
BC-Jackson2020,clinical_type,0,0,1.0,304,66,HR+HER2+,Vimentin,-0.08863598853285479,True
BC-Jackson2020,clinical_type,0,0,1.0,304,66,HR+HER2+,c-Myc,0.0,False
BC-Jackson2020,clinical_type,0,0,1.0,304,66,HR+HER2+,c-erbB-2 - Her2,1.0473255812232416,True
BC-Jackson2020,clinical_type,0,0,1.0,304,66,HR+HER2+,cleaved PARP,-0.01256974276200256,True
BC-Jackson2020,clinical_type,0,0,1.0,304,66,HR+HER2+,p53,-0.2128438129309587,True
BC-Jackson2020,clinical_type,0,0,1.0,304,66,HR+HER2+,pan Cytokeratin,0.0,False
BC-Jackson2020,clinical_type,0,0,1.0,304,66,HR+HER2+,phospho-Histone,-0.09646363933538628,True
BC-Jackson2020,clinical_type,0,0,1.0,304,66,HR+HER2+,phospho-S6,-0.1122049752236666,True
BC-Jackson2020,clinical_type,0,0,1.0,304,66,HR+HER2+,phospho-mTOR,0.6414860565254686,True
BC-Jackson2020,clinical_type,0,0,1.0,304,66,HR+HER2+,vWF,-0.13981955366369742,True
BC-Jackson2020,clinical_type,0,0,1.0,304,66,HR+HER2-,CD20,-0.5664260722550278,True
BC-Jackson2020,clinical_type,0,0,1.0,304,66,HR+HER2-,CD3,0.0,False
BC-Jackson2020,clinical_type,0,0,1.0,304,66,HR+HER2-,CD44,0.0,False
BC-Jackson2020,clinical_type,0,0,1.0,304,66,HR+HER2-,CD45,0.21561547767414285,True
BC-Jackson2020,clinical_type,0,0,1.0,304,66,HR+HER2-,CD68,0.00017650146202926608,True
BC-Jackson2020,clinical_type,0,0,1.0,304,66,HR+HER2-,Carbonic Anhydrase IX,-0.23264384805467855,True
BC-Jackson2020,clinical_type,0,0,1.0,304,66,HR+HER2-,Cytokeratin 19,0.0,False
BC-Jackson2020,clinical_type,0,0,1.0,304,66,HR+HER2-,Cytokeratin 5,0.0,False
BC-Jackson2020,clinical_type,0,0,1.0,304,66,HR+HER2-,Cytokeratin 7,0.011672131854359065,True
BC-Jackson2020,clinical_type,0,0,1.0,304,66,HR+HER2-,Cytokeratin 8/18,-0.3639248964818885,True
BC-Jackson2020,clinical_type,0,0,1.0,304,66,HR+HER2-,DNA1,0.0,False
BC-Jackson2020,clinical_type,0,0,1.0,304,66,HR+HER2-,EGFR,0.0,False
BC-Jackson2020,clinical_type,0,0,1.0,304,66,HR+HER2-,Ecadherin,0.5333274863871588,True
BC-Jackson2020,clinical_type,0,0,1.0,304,66,HR+HER2-,Estrogen,0.4843802379801002,True
BC-Jackson2020,clinical_type,0,0,1.0,304,66,HR+HER2-,Fibronectin,0.2761761585027074,True
BC-Jackson2020,clinical_type,0,0,1.0,304,66,HR+HER2-,GATA3,0.8853574782384986,True
BC-Jackson2020,clinical_type,0,0,1.0,304,66,HR+HER2-,Histone H3,0.0,False
BC-Jackson2020,clinical_type,0,0,1.0,304,66,HR+HER2-,Keratin 14 (KRT14),0.0,False
BC-Jackson2020,clinical_type,0,0,1.0,304,66,HR+HER2-,Ki-67,-0.33839303300748413,True
BC-Jackson2020,clinical_type,0,0,1.0,304,66,HR+HER2-,Progesterone Receptor A/B,1.6096762504646565,True
BC-Jackson2020,clinical_type,0,0,1.0,304,66,HR+HER2-,SMA,-0.4419720396925284,True
BC-Jackson2020,clinical_type,0,0,1.0,304,66,HR+HER2-,Slug,0.22918874036031697,True
BC-Jackson2020,clinical_type,0,0,1.0,304,66,HR+HER2-,Twist,0.0,False
BC-Jackson2020,clinical_type,0,0,1.0,304,66,HR+HER2-,Vimentin,-0.1628099528082203,True
BC-Jackson2020,clinical_type,0,0,1.0,304,66,HR+HER2-,c-Myc,0.19129100274082084,True
BC-Jackson2020,clinical_type,0,0,1.0,304,66,HR+HER2-,c-erbB-2 - Her2,-1.0021337868114617,True
BC-Jackson2020,clinical_type,0,0,1.0,304,66,HR+HER2-,cleaved PARP,0.0,False
BC-Jackson2020,clinical_type,0,0,1.0,304,66,HR+HER2-,p53,-0.35778727975760183,True
BC-Jackson2020,clinical_type,0,0,1.0,304,66,HR+HER2-,pan Cytokeratin,0.0,False
BC-Jackson2020,clinical_type,0,0,1.0,304,66,HR+HER2-,phospho-Histone,0.07023115941054481,True
BC-Jackson2020,clinical_type,0,0,1.0,304,66,HR+HER2-,phospho-S6,0.17431130858161425,True
BC-Jackson2020,clinical_type,0,0,1.0,304,66,HR+HER2-,phospho-mTOR,-0.132933460428845,True
BC-Jackson2020,clinical_type,0,0,1.0,304,66,HR+HER2-,vWF,-0.10463625520774485,True
BC-Jackson2020,clinical_type,0,0,1.0,304,66,HR-HER2+,CD20,0.0,False
BC-Jackson2020,clinical_type,0,0,1.0,304,66,HR-HER2+,CD3,0.6077460617867625,True
BC-Jackson2020,clinical_type,0,0,1.0,304,66,HR-HER2+,CD44,0.2089244891413755,True
BC-Jackson2020,clinical_type,0,0,1.0,304,66,HR-HER2+,CD45,0.0,False
BC-Jackson2020,clinical_type,0,0,1.0,304,66,HR-HER2+,CD68,-0.026351052886688025,True
BC-Jackson2020,clinical_type,0,0,1.0,304,66,HR-HER2+,Carbonic Anhydrase IX,0.4821435253344952,True
BC-Jackson2020,clinical_type,0,0,1.0,304,66,HR-HER2+,Cytokeratin 19,0.46456642487783495,True
BC-Jackson2020,clinical_type,0,0,1.0,304,66,HR-HER2+,Cytokeratin 5,0.0,False
BC-Jackson2020,clinical_type,0,0,1.0,304,66,HR-HER2+,Cytokeratin 7,0.7030211598754372,True
BC-Jackson2020,clinical_type,0,0,1.0,304,66,HR-HER2+,Cytokeratin 8/18,0.23910399872339838,True
BC-Jackson2020,clinical_type,0,0,1.0,304,66,HR-HER2+,DNA1,-0.34213983708785656,True
BC-Jackson2020,clinical_type,0,0,1.0,304,66,HR-HER2+,EGFR,-0.47900364944096896,True
BC-Jackson2020,clinical_type,0,0,1.0,304,66,HR-HER2+,Ecadherin,-0.09135297153979553,True
BC-Jackson2020,clinical_type,0,0,1.0,304,66,HR-HER2+,Estrogen,-0.8551858595013019,True
BC-Jackson2020,clinical_type,0,0,1.0,304,66,HR-HER2+,Fibronectin,-0.619505676358761,True
BC-Jackson2020,clinical_type,0,0,1.0,304,66,HR-HER2+,GATA3,-1.0553341856417873,True
BC-Jackson2020,clinical_type,0,0,1.0,304,66,HR-HER2+,Histone H3,0.0,False
BC-Jackson2020,clinical_type,0,0,1.0,304,66,HR-HER2+,Keratin 14 (KRT14),0.2125479494920112,True
BC-Jackson2020,clinical_type,0,0,1.0,304,66,HR-HER2+,Ki-67,0.42284317245756564,True
BC-Jackson2020,clinical_type,0,0,1.0,304,66,HR-HER2+,Progesterone Receptor A/B,-1.8136710142741816,True
BC-Jackson2020,clinical_type,0,0,1.0,304,66,HR-HER2+,SMA,0.0,False
BC-Jackson2020,clinical_type,0,0,1.0,304,66,HR-HER2+,Slug,-0.8807957607254551,True
BC-Jackson2020,clinical_type,0,0,1.0,304,66,HR-HER2+,Twist,0.23574542566575948,True
BC-Jackson2020,clinical_type,0,0,1.0,304,66,HR-HER2+,Vimentin,0.12406471938764829,True
BC-Jackson2020,clinical_type,0,0,1.0,304,66,HR-HER2+,c-Myc,-0.3678518983533391,True
BC-Jackson2020,clinical_type,0,0,1.0,304,66,HR-HER2+,c-erbB-2 - Her2,0.9371105571319976,True
BC-Jackson2020,clinical_type,0,0,1.0,304,66,HR-HER2+,cleaved PARP,0.0,False
BC-Jackson2020,clinical_type,0,0,1.0,304,66,HR-HER2+,p53,0.3427550270523515,True
BC-Jackson2020,clinical_type,0,0,1.0,304,66,HR-HER2+,pan Cytokeratin,-0.21624513367864573,True
BC-Jackson2020,clinical_type,0,0,1.0,304,66,HR-HER2+,phospho-Histone,0.1752659713795773,True
BC-Jackson2020,clinical_type,0,0,1.0,304,66,HR-HER2+,phospho-S6,-0.12572698925699968,True
BC-Jackson2020,clinical_type,0,0,1.0,304,66,HR-HER2+,phospho-mTOR,0.1621305122412418,True
BC-Jackson2020,clinical_type,0,0,1.0,304,66,HR-HER2+,vWF,0.009454876610859609,True
BC-Jackson2020,clinical_type,0,0,1.0,304,66,TripleNeg,CD20,0.0,False
BC-Jackson2020,clinical_type,0,0,1.0,304,66,TripleNeg,CD3,0.0,False
BC-Jackson2020,clinical_type,0,0,1.0,304,66,TripleNeg,CD44,-0.36704490808749035,True
BC-Jackson2020,clinical_type,0,0,1.0,304,66,TripleNeg,CD45,0.0,False
BC-Jackson2020,clinical_type,0,0,1.0,304,66,TripleNeg,CD68,0.44824918064469255,True
BC-Jackson2020,clinical_type,0,0,1.0,304,66,TripleNeg,Carbonic Anhydrase IX,0.03642259030525028,True
BC-Jackson2020,clinical_type,0,0,1.0,304,66,TripleNeg,Cytokeratin 19,-0.027994445441165833,True
BC-Jackson2020,clinical_type,0,0,1.0,304,66,TripleNeg,Cytokeratin 5,0.16424097929818532,True
BC-Jackson2020,clinical_type,0,0,1.0,304,66,TripleNeg,Cytokeratin 7,0.0,False
BC-Jackson2020,clinical_type,0,0,1.0,304,66,TripleNeg,Cytokeratin 8/18,-0.11876079295629466,True
BC-Jackson2020,clinical_type,0,0,1.0,304,66,TripleNeg,DNA1,0.0,False
BC-Jackson2020,clinical_type,0,0,1.0,304,66,TripleNeg,EGFR,1.00682157217732,True
BC-Jackson2020,clinical_type,0,0,1.0,304,66,TripleNeg,Ecadherin,1.4220039628135513e-05,True
BC-Jackson2020,clinical_type,0,0,1.0,304,66,TripleNeg,Estrogen,0.7050264094609827,True
BC-Jackson2020,clinical_type,0,0,1.0,304,66,TripleNeg,Fibronectin,-0.11196886726619039,True
BC-Jackson2020,clinical_type,0,0,1.0,304,66,TripleNeg,GATA3,-0.21214459131838906,True
BC-Jackson2020,clinical_type,0,0,1.0,304,66,TripleNeg,Histone H3,-0.1868288040285219,True
BC-Jackson2020,clinical_type,0,0,1.0,304,66,TripleNeg,Keratin 14 (KRT14),-0.32454944629508187,True
BC-Jackson2020,clinical_type,0,0,1.0,304,66,TripleNeg,Ki-67,0.7479263689675464,True
BC-Jackson2020,clinical_type,0,0,1.0,304,66,TripleNeg,Progesterone Receptor A/B,0.5234298273754983,True
BC-Jackson2020,clinical_type,0,0,1.0,304,66,TripleNeg,SMA,0.0,False
BC-Jackson2020,clinical_type,0,0,1.0,304,66,TripleNeg,Slug,0.0,False
BC-Jackson2020,clinical_type,0,0,1.0,304,66,TripleNeg,Twist,-1.159709391019044,True
BC-Jackson2020,clinical_type,0,0,1.0,304,66,TripleNeg,Vimentin,0.19002712318931692,True
BC-Jackson2020,clinical_type,0,0,1.0,304,66,TripleNeg,c-Myc,0.0,False
BC-Jackson2020,clinical_type,0,0,1.0,304,66,TripleNeg,c-erbB-2 - Her2,-0.9810214495000106,True
BC-Jackson2020,clinical_type,0,0,1.0,304,66,TripleNeg,cleaved PARP,0.5455225650795503,True
BC-Jackson2020,clinical_type,0,0,1.0,304,66,TripleNeg,p53,0.28982405017201196,True
BC-Jackson2020,clinical_type,0,0,1.0,304,66,TripleNeg,pan Cytokeratin,0.6220907737236119,True
BC-Jackson2020,clinical_type,0,0,1.0,304,66,TripleNeg,phospho-Histone,-0.023260559462230542,True
BC-Jackson2020,clinical_type,0,0,1.0,304,66,TripleNeg,phospho-S6,0.06862949570416102,True
BC-Jackson2020,clinical_type,0,0,1.0,304,66,TripleNeg,phospho-mTOR,-0.6732720507378442,True
BC-Jackson2020,clinical_type,0,0,1.0,304,66,TripleNeg,vWF,0.3201551930270464,True
BC-Jackson2020,clinical_type,0,1,1.0,289,81,HR+HER2+,CD20,0.3996368651091942,True
BC-Jackson2020,clinical_type,0,1,1.0,289,81,HR+HER2+,CD3,0.0,False
BC-Jackson2020,clinical_type,0,1,1.0,289,81,HR+HER2+,CD44,0.0,False
BC-Jackson2020,clinical_type,0,1,1.0,289,81,HR+HER2+,CD45,-1.0170546844996349,True
BC-Jackson2020,clinical_type,0,1,1.0,289,81,HR+HER2+,CD68,-0.09175447864930766,True
BC-Jackson2020,clinical_type,0,1,1.0,289,81,HR+HER2+,Carbonic Anhydrase IX,-0.013122872134105146,True
BC-Jackson2020,clinical_type,0,1,1.0,289,81,HR+HER2+,Cytokeratin 19,-0.10693910229102668,True
BC-Jackson2020,clinical_type,0,1,1.0,289,81,HR+HER2+,Cytokeratin 5,0.0,False
BC-Jackson2020,clinical_type,0,1,1.0,289,81,HR+HER2+,Cytokeratin 7,-0.6093203493508349,True
BC-Jackson2020,clinical_type,0,1,1.0,289,81,HR+HER2+,Cytokeratin 8/18,0.0,False
BC-Jackson2020,clinical_type,0,1,1.0,289,81,HR+HER2+,DNA1,0.1388843742659229,True
BC-Jackson2020,clinical_type,0,1,1.0,289,81,HR+HER2+,EGFR,0.0,False
BC-Jackson2020,clinical_type,0,1,1.0,289,81,HR+HER2+,Ecadherin,-0.30802939326717377,True
BC-Jackson2020,clinical_type,0,1,1.0,289,81,HR+HER2+,Estrogen,-0.00030802257405735306,True
BC-Jackson2020,clinical_type,0,1,1.0,289,81,HR+HER2+,Fibronectin,0.24082623359501812,True
BC-Jackson2020,clinical_type,0,1,1.0,289,81,HR+HER2+,GATA3,0.158041496738353,True
BC-Jackson2020,clinical_type,0,1,1.0,289,81,HR+HER2+,Histone H3,0.2947464872875413,True
BC-Jackson2020,clinical_type,0,1,1.0,289,81,HR+HER2+,Keratin 14 (KRT14),0.0,False
BC-Jackson2020,clinical_type,0,1,1.0,289,81,HR+HER2+,Ki-67,-0.4885940991597426,True
BC-Jackson2020,clinical_type,0,1,1.0,289,81,HR+HER2+,Progesterone Receptor A/B,-0.08482841286446743,True
BC-Jackson2020,clinical_type,0,1,1.0,289,81,HR+HER2+,SMA,0.0,False
BC-Jackson2020,clinical_type,0,1,1.0,289,81,HR+HER2+,Slug,0.0,False
BC-Jackson2020,clinical_type,0,1,1.0,289,81,HR+HER2+,Twist,-0.026311588613593655,True
BC-Jackson2020,clinical_type,0,1,1.0,289,81,HR+HER2+,Vimentin,-0.013313177625068444,True
BC-Jackson2020,clinical_type,0,1,1.0,289,81,HR+HER2+,c-Myc,-0.4015089120245987,True
BC-Jackson2020,clinical_type,0,1,1.0,289,81,HR+HER2+,c-erbB-2 - Her2,0.6522699544857196,True
BC-Jackson2020,clinical_type,0,1,1.0,289,81,HR+HER2+,cleaved PARP,-0.6900177908148423,True
BC-Jackson2020,clinical_type,0,1,1.0,289,81,HR+HER2+,p53,0.0,False
BC-Jackson2020,clinical_type,0,1,1.0,289,81,HR+HER2+,pan Cytokeratin,-0.14937990493919767,True
BC-Jackson2020,clinical_type,0,1,1.0,289,81,HR+HER2+,phospho-Histone,0.0,False
BC-Jackson2020,clinical_type,0,1,1.0,289,81,HR+HER2+,phospho-S6,-0.18308524042072277,True
BC-Jackson2020,clinical_type,0,1,1.0,289,81,HR+HER2+,phospho-mTOR,0.9537264761825366,True
BC-Jackson2020,clinical_type,0,1,1.0,289,81,HR+HER2+,vWF,-0.23673113107481109,True
BC-Jackson2020,clinical_type,0,1,1.0,289,81,HR+HER2-,CD20,0.0,False
BC-Jackson2020,clinical_type,0,1,1.0,289,81,HR+HER2-,CD3,-0.4037648049134067,True
BC-Jackson2020,clinical_type,0,1,1.0,289,81,HR+HER2-,CD44,0.13793714927195402,True
BC-Jackson2020,clinical_type,0,1,1.0,289,81,HR+HER2-,CD45,0.0,False
BC-Jackson2020,clinical_type,0,1,1.0,289,81,HR+HER2-,CD68,0.0,False
BC-Jackson2020,clinical_type,0,1,1.0,289,81,HR+HER2-,Carbonic Anhydrase IX,-0.33176893495373766,True
BC-Jackson2020,clinical_type,0,1,1.0,289,81,HR+HER2-,Cytokeratin 19,0.6602760525558425,True
BC-Jackson2020,clinical_type,0,1,1.0,289,81,HR+HER2-,Cytokeratin 5,0.0,False
BC-Jackson2020,clinical_type,0,1,1.0,289,81,HR+HER2-,Cytokeratin 7,0.0,False
BC-Jackson2020,clinical_type,0,1,1.0,289,81,HR+HER2-,Cytokeratin 8/18,0.0,False
BC-Jackson2020,clinical_type,0,1,1.0,289,81,HR+HER2-,DNA1,0.0,False
BC-Jackson2020,clinical_type,0,1,1.0,289,81,HR+HER2-,EGFR,0.0,False
BC-Jackson2020,clinical_type,0,1,1.0,289,81,HR+HER2-,Ecadherin,0.0,False
BC-Jackson2020,clinical_type,0,1,1.0,289,81,HR+HER2-,Estrogen,0.5239202329063711,True
BC-Jackson2020,clinical_type,0,1,1.0,289,81,HR+HER2-,Fibronectin,0.0,False
BC-Jackson2020,clinical_type,0,1,1.0,289,81,HR+HER2-,GATA3,0.6909758100528084,True
BC-Jackson2020,clinical_type,0,1,1.0,289,81,HR+HER2-,Histone H3,0.0,False
BC-Jackson2020,clinical_type,0,1,1.0,289,81,HR+HER2-,Keratin 14 (KRT14),0.018630296569714613,True
BC-Jackson2020,clinical_type,0,1,1.0,289,81,HR+HER2-,Ki-67,-0.2576683745337089,True
BC-Jackson2020,clinical_type,0,1,1.0,289,81,HR+HER2-,Progesterone Receptor A/B,0.8246336693380554,True
BC-Jackson2020,clinical_type,0,1,1.0,289,81,HR+HER2-,SMA,0.0,False
BC-Jackson2020,clinical_type,0,1,1.0,289,81,HR+HER2-,Slug,0.05825478913564604,True
BC-Jackson2020,clinical_type,0,1,1.0,289,81,HR+HER2-,Twist,0.1791520123946151,True
BC-Jackson2020,clinical_type,0,1,1.0,289,81,HR+HER2-,Vimentin,-0.36097209366369004,True
BC-Jackson2020,clinical_type,0,1,1.0,289,81,HR+HER2-,c-Myc,0.0005828866448938874,True
BC-Jackson2020,clinical_type,0,1,1.0,289,81,HR+HER2-,c-erbB-2 - Her2,-1.0010463636981326,True
BC-Jackson2020,clinical_type,0,1,1.0,289,81,HR+HER2-,cleaved PARP,0.0,False
BC-Jackson2020,clinical_type,0,1,1.0,289,81,HR+HER2-,p53,-0.5147098026576538,True
BC-Jackson2020,clinical_type,0,1,1.0,289,81,HR+HER2-,pan Cytokeratin,-0.16741489887414535,True
BC-Jackson2020,clinical_type,0,1,1.0,289,81,HR+HER2-,phospho-Histone,0.2372416082122553,True
BC-Jackson2020,clinical_type,0,1,1.0,289,81,HR+HER2-,phospho-S6,0.2226072656590321,True
BC-Jackson2020,clinical_type,0,1,1.0,289,81,HR+HER2-,phospho-mTOR,-0.38066755391874724,True
BC-Jackson2020,clinical_type,0,1,1.0,289,81,HR+HER2-,vWF,-0.07184704391021007,True
BC-Jackson2020,clinical_type,0,1,1.0,289,81,HR-HER2+,CD20,0.0,False
BC-Jackson2020,clinical_type,0,1,1.0,289,81,HR-HER2+,CD3,0.49164112596205506,True
BC-Jackson2020,clinical_type,0,1,1.0,289,81,HR-HER2+,CD44,-0.5495845656965569,True
BC-Jackson2020,clinical_type,0,1,1.0,289,81,HR-HER2+,CD45,0.0,False
BC-Jackson2020,clinical_type,0,1,1.0,289,81,HR-HER2+,CD68,0.0,False
BC-Jackson2020,clinical_type,0,1,1.0,289,81,HR-HER2+,Carbonic Anhydrase IX,0.05957072789949897,True
BC-Jackson2020,clinical_type,0,1,1.0,289,81,HR-HER2+,Cytokeratin 19,-0.4149551204035147,True
BC-Jackson2020,clinical_type,0,1,1.0,289,81,HR-HER2+,Cytokeratin 5,0.0,False
BC-Jackson2020,clinical_type,0,1,1.0,289,81,HR-HER2+,Cytokeratin 7,0.9762078132135585,True
BC-Jackson2020,clinical_type,0,1,1.0,289,81,HR-HER2+,Cytokeratin 8/18,-0.6701638454893528,True
BC-Jackson2020,clinical_type,0,1,1.0,289,81,HR-HER2+,DNA1,-0.5565905926936751,True
BC-Jackson2020,clinical_type,0,1,1.0,289,81,HR-HER2+,EGFR,-1.2221793659427802,True
BC-Jackson2020,clinical_type,0,1,1.0,289,81,HR-HER2+,Ecadherin,1.0362973691617792,True
BC-Jackson2020,clinical_type,0,1,1.0,289,81,HR-HER2+,Estrogen,-0.9303874097350743,True
BC-Jackson2020,clinical_type,0,1,1.0,289,81,HR-HER2+,Fibronectin,0.0,False
BC-Jackson2020,clinical_type,0,1,1.0,289,81,HR-HER2+,GATA3,-0.2182793709654019,True
BC-Jackson2020,clinical_type,0,1,1.0,289,81,HR-HER2+,Histone H3,-0.33594431200298763,True
BC-Jackson2020,clinical_type,0,1,1.0,289,81,HR-HER2+,Keratin 14 (KRT14),0.15883177020279135,True
BC-Jackson2020,clinical_type,0,1,1.0,289,81,HR-HER2+,Ki-67,0.14800181301191487,True
BC-Jackson2020,clinical_type,0,1,1.0,289,81,HR-HER2+,Progesterone Receptor A/B,-1.0037964695997694,True
BC-Jackson2020,clinical_type,0,1,1.0,289,81,HR-HER2+,SMA,0.2900506602141592,True
BC-Jackson2020,clinical_type,0,1,1.0,289,81,HR-HER2+,Slug,-0.7125601470986834,True
BC-Jackson2020,clinical_type,0,1,1.0,289,81,HR-HER2+,Twist,0.3347525195016325,True
BC-Jackson2020,clinical_type,0,1,1.0,289,81,HR-HER2+,Vimentin,0.19168993205039503,True
BC-Jackson2020,clinical_type,0,1,1.0,289,81,HR-HER2+,c-Myc,0.0,False
BC-Jackson2020,clinical_type,0,1,1.0,289,81,HR-HER2+,c-erbB-2 - Her2,0.880493951847774,True
BC-Jackson2020,clinical_type,0,1,1.0,289,81,HR-HER2+,cleaved PARP,0.0,False
BC-Jackson2020,clinical_type,0,1,1.0,289,81,HR-HER2+,p53,0.0,False
BC-Jackson2020,clinical_type,0,1,1.0,289,81,HR-HER2+,pan Cytokeratin,0.05578155402534798,True
BC-Jackson2020,clinical_type,0,1,1.0,289,81,HR-HER2+,phospho-Histone,0.0,False
BC-Jackson2020,clinical_type,0,1,1.0,289,81,HR-HER2+,phospho-S6,0.006017412303066693,True
BC-Jackson2020,clinical_type,0,1,1.0,289,81,HR-HER2+,phospho-mTOR,0.2984638797495844,True
BC-Jackson2020,clinical_type,0,1,1.0,289,81,HR-HER2+,vWF,0.23912414629969053,True
BC-Jackson2020,clinical_type,0,1,1.0,289,81,TripleNeg,CD20,-0.3700026877083333,True
BC-Jackson2020,clinical_type,0,1,1.0,289,81,TripleNeg,CD3,0.0,False
BC-Jackson2020,clinical_type,0,1,1.0,289,81,TripleNeg,CD44,0.0,False
BC-Jackson2020,clinical_type,0,1,1.0,289,81,TripleNeg,CD45,0.0,False
BC-Jackson2020,clinical_type,0,1,1.0,289,81,TripleNeg,CD68,0.1967083661642367,True
BC-Jackson2020,clinical_type,0,1,1.0,289,81,TripleNeg,Carbonic Anhydrase IX,0.00997485143232158,True
BC-Jackson2020,clinical_type,0,1,1.0,289,81,TripleNeg,Cytokeratin 19,0.003755724655646626,True
BC-Jackson2020,clinical_type,0,1,1.0,289,81,TripleNeg,Cytokeratin 5,0.7660613822033651,True
BC-Jackson2020,clinical_type,0,1,1.0,289,81,TripleNeg,Cytokeratin 7,-0.11258742533069865,True
BC-Jackson2020,clinical_type,0,1,1.0,289,81,TripleNeg,Cytokeratin 8/18,0.0,False
BC-Jackson2020,clinical_type,0,1,1.0,289,81,TripleNeg,DNA1,0.03557286202063763,True
BC-Jackson2020,clinical_type,0,1,1.0,289,81,TripleNeg,EGFR,0.8364945718787727,True
BC-Jackson2020,clinical_type,0,1,1.0,289,81,TripleNeg,Ecadherin,-0.04658507933068871,True
BC-Jackson2020,clinical_type,0,1,1.0,289,81,TripleNeg,Estrogen,0.40523787734048927,True
BC-Jackson2020,clinical_type,0,1,1.0,289,81,TripleNeg,Fibronectin,-0.11424314397054314,True
BC-Jackson2020,clinical_type,0,1,1.0,289,81,TripleNeg,GATA3,-0.6305141358635942,True
BC-Jackson2020,clinical_type,0,1,1.0,289,81,TripleNeg,Histone H3,0.0,False
BC-Jackson2020,clinical_type,0,1,1.0,289,81,TripleNeg,Keratin 14 (KRT14),-1.1127521345645963,True
BC-Jackson2020,clinical_type,0,1,1.0,289,81,TripleNeg,Ki-67,0.6079959590670401,True
BC-Jackson2020,clinical_type,0,1,1.0,289,81,TripleNeg,Progesterone Receptor A/B,0.2820134762980498,True
BC-Jackson2020,clinical_type,0,1,1.0,289,81,TripleNeg,SMA,-0.09269160750286068,True
BC-Jackson2020,clinical_type,0,1,1.0,289,81,TripleNeg,Slug,0.0,False
BC-Jackson2020,clinical_type,0,1,1.0,289,81,TripleNeg,Twist,-0.7409449275343942,True
BC-Jackson2020,clinical_type,0,1,1.0,289,81,TripleNeg,Vimentin,0.03423627859497433,True
BC-Jackson2020,clinical_type,0,1,1.0,289,81,TripleNeg,c-Myc,0.16408590949548285,True
BC-Jackson2020,clinical_type,0,1,1.0,289,81,TripleNeg,c-erbB-2 - Her2,-0.5332841423809552,True
BC-Jackson2020,clinical_type,0,1,1.0,289,81,TripleNeg,cleaved PARP,0.17562258152179117,True
BC-Jackson2020,clinical_type,0,1,1.0,289,81,TripleNeg,p53,0.4425421693180538,True
BC-Jackson2020,clinical_type,0,1,1.0,289,81,TripleNeg,pan Cytokeratin,0.30504648547917607,True
BC-Jackson2020,clinical_type,0,1,1.0,289,81,TripleNeg,phospho-Histone,0.0,False
BC-Jackson2020,clinical_type,0,1,1.0,289,81,TripleNeg,phospho-S6,-0.08403303118112909,True
BC-Jackson2020,clinical_type,0,1,1.0,289,81,TripleNeg,phospho-mTOR,-0.8445114393033628,True
BC-Jackson2020,clinical_type,0,1,1.0,289,81,TripleNeg,vWF,0.013500032621002142,True
BC-Jackson2020,clinical_type,0,2,1.0,292,78,HR+HER2+,CD20,0.4070284770172198,True
BC-Jackson2020,clinical_type,0,2,1.0,292,78,HR+HER2+,CD3,0.3041315867969939,True
BC-Jackson2020,clinical_type,0,2,1.0,292,78,HR+HER2+,CD44,-0.10199976385976606,True
BC-Jackson2020,clinical_type,0,2,1.0,292,78,HR+HER2+,CD45,-1.1096805323680015,True
BC-Jackson2020,clinical_type,0,2,1.0,292,78,HR+HER2+,CD68,-0.14905972242965118,True
BC-Jackson2020,clinical_type,0,2,1.0,292,78,HR+HER2+,Carbonic Anhydrase IX,-0.016979588673225472,True
BC-Jackson2020,clinical_type,0,2,1.0,292,78,HR+HER2+,Cytokeratin 19,-0.7954385062466411,True
BC-Jackson2020,clinical_type,0,2,1.0,292,78,HR+HER2+,Cytokeratin 5,0.0,False
BC-Jackson2020,clinical_type,0,2,1.0,292,78,HR+HER2+,Cytokeratin 7,-0.8720517899936928,True
BC-Jackson2020,clinical_type,0,2,1.0,292,78,HR+HER2+,Cytokeratin 8/18,0.36643424258298374,True
BC-Jackson2020,clinical_type,0,2,1.0,292,78,HR+HER2+,DNA1,0.9531334204891139,True
BC-Jackson2020,clinical_type,0,2,1.0,292,78,HR+HER2+,EGFR,0.0,False
BC-Jackson2020,clinical_type,0,2,1.0,292,78,HR+HER2+,Ecadherin,-0.5982024975978933,True
BC-Jackson2020,clinical_type,0,2,1.0,292,78,HR+HER2+,Estrogen,-1.3381020992904866,True
BC-Jackson2020,clinical_type,0,2,1.0,292,78,HR+HER2+,Fibronectin,0.7021600281332788,True
BC-Jackson2020,clinical_type,0,2,1.0,292,78,HR+HER2+,GATA3,0.08380073935127136,True
BC-Jackson2020,clinical_type,0,2,1.0,292,78,HR+HER2+,Histone H3,0.9131930950288988,True
BC-Jackson2020,clinical_type,0,2,1.0,292,78,HR+HER2+,Keratin 14 (KRT14),0.0,False
BC-Jackson2020,clinical_type,0,2,1.0,292,78,HR+HER2+,Ki-67,-1.6087586804470755,True
BC-Jackson2020,clinical_type,0,2,1.0,292,78,HR+HER2+,Progesterone Receptor A/B,0.0,False
BC-Jackson2020,clinical_type,0,2,1.0,292,78,HR+HER2+,SMA,0.03334798011934191,True
BC-Jackson2020,clinical_type,0,2,1.0,292,78,HR+HER2+,Slug,0.26465943646570483,True
BC-Jackson2020,clinical_type,0,2,1.0,292,78,HR+HER2+,Twist,-0.6245252332935611,True
BC-Jackson2020,clinical_type,0,2,1.0,292,78,HR+HER2+,Vimentin,-0.04093554353876233,True
BC-Jackson2020,clinical_type,0,2,1.0,292,78,HR+HER2+,c-Myc,-0.23385634183593845,True
BC-Jackson2020,clinical_type,0,2,1.0,292,78,HR+HER2+,c-erbB-2 - Her2,1.4178120198167292,True
BC-Jackson2020,clinical_type,0,2,1.0,292,78,HR+HER2+,cleaved PARP,-1.2585574376877204,True
BC-Jackson2020,clinical_type,0,2,1.0,292,78,HR+HER2+,p53,0.8261141395583473,True
BC-Jackson2020,clinical_type,0,2,1.0,292,78,HR+HER2+,pan Cytokeratin,0.0,False
BC-Jackson2020,clinical_type,0,2,1.0,292,78,HR+HER2+,phospho-Histone,-0.388082660891012,True
BC-Jackson2020,clinical_type,0,2,1.0,292,78,HR+HER2+,phospho-S6,0.0,False
BC-Jackson2020,clinical_type,0,2,1.0,292,78,HR+HER2+,phospho-mTOR,0.9620208438900653,True
BC-Jackson2020,clinical_type,0,2,1.0,292,78,HR+HER2+,vWF,-0.032217891198374385,True
BC-Jackson2020,clinical_type,0,2,1.0,292,78,HR+HER2-,CD20,0.1462853637900432,True
BC-Jackson2020,clinical_type,0,2,1.0,292,78,HR+HER2-,CD3,-0.7023167260228121,True
BC-Jackson2020,clinical_type,0,2,1.0,292,78,HR+HER2-,CD44,0.45987907700605324,True
BC-Jackson2020,clinical_type,0,2,1.0,292,78,HR+HER2-,CD45,0.0,False
BC-Jackson2020,clinical_type,0,2,1.0,292,78,HR+HER2-,CD68,0.0,False
BC-Jackson2020,clinical_type,0,2,1.0,292,78,HR+HER2-,Carbonic Anhydrase IX,0.0,False
BC-Jackson2020,clinical_type,0,2,1.0,292,78,HR+HER2-,Cytokeratin 19,0.37187081121644694,True
BC-Jackson2020,clinical_type,0,2,1.0,292,78,HR+HER2-,Cytokeratin 5,-0.004335591754052316,True
BC-Jackson2020,clinical_type,0,2,1.0,292,78,HR+HER2-,Cytokeratin 7,0.20512577013572497,True
BC-Jackson2020,clinical_type,0,2,1.0,292,78,HR+HER2-,Cytokeratin 8/18,0.0,False
BC-Jackson2020,clinical_type,0,2,1.0,292,78,HR+HER2-,DNA1,0.0,False
BC-Jackson2020,clinical_type,0,2,1.0,292,78,HR+HER2-,EGFR,0.0,False
BC-Jackson2020,clinical_type,0,2,1.0,292,78,HR+HER2-,Ecadherin,0.015724040468332784,True
BC-Jackson2020,clinical_type,0,2,1.0,292,78,HR+HER2-,Estrogen,0.8147204636078553,True
BC-Jackson2020,clinical_type,0,2,1.0,292,78,HR+HER2-,Fibronectin,0.058106436689611685,True
BC-Jackson2020,clinical_type,0,2,1.0,292,78,HR+HER2-,GATA3,0.65817519560191,True
BC-Jackson2020,clinical_type,0,2,1.0,292,78,HR+HER2-,Histone H3,-0.10395412318755791,True
BC-Jackson2020,clinical_type,0,2,1.0,292,78,HR+HER2-,Keratin 14 (KRT14),0.0,False
BC-Jackson2020,clinical_type,0,2,1.0,292,78,HR+HER2-,Ki-67,0.0,False
BC-Jackson2020,clinical_type,0,2,1.0,292,78,HR+HER2-,Progesterone Receptor A/B,0.4365473339265038,True
BC-Jackson2020,clinical_type,0,2,1.0,292,78,HR+HER2-,SMA,0.0,False
BC-Jackson2020,clinical_type,0,2,1.0,292,78,HR+HER2-,Slug,0.10879072644197395,True
BC-Jackson2020,clinical_type,0,2,1.0,292,78,HR+HER2-,Twist,0.8700596092346535,True
BC-Jackson2020,clinical_type,0,2,1.0,292,78,HR+HER2-,Vimentin,-0.47480386943503217,True
BC-Jackson2020,clinical_type,0,2,1.0,292,78,HR+HER2-,c-Myc,0.2247695689790394,True
BC-Jackson2020,clinical_type,0,2,1.0,292,78,HR+HER2-,c-erbB-2 - Her2,-1.0289894168891978,True
BC-Jackson2020,clinical_type,0,2,1.0,292,78,HR+HER2-,cleaved PARP,-0.014068899072204112,True
BC-Jackson2020,clinical_type,0,2,1.0,292,78,HR+HER2-,p53,-1.3087887213256015,True
BC-Jackson2020,clinical_type,0,2,1.0,292,78,HR+HER2-,pan Cytokeratin,-0.6029226806266038,True
BC-Jackson2020,clinical_type,0,2,1.0,292,78,HR+HER2-,phospho-Histone,0.016744675054366,True
BC-Jackson2020,clinical_type,0,2,1.0,292,78,HR+HER2-,phospho-S6,0.04199552217657464,True
BC-Jackson2020,clinical_type,0,2,1.0,292,78,HR+HER2-,phospho-mTOR,0.0,False
BC-Jackson2020,clinical_type,0,2,1.0,292,78,HR+HER2-,vWF,-0.04851718347510925,True
BC-Jackson2020,clinical_type,0,2,1.0,292,78,HR-HER2+,CD20,-0.4578735192116993,True
BC-Jackson2020,clinical_type,0,2,1.0,292,78,HR-HER2+,CD3,0.6802752309257813,True
BC-Jackson2020,clinical_type,0,2,1.0,292,78,HR-HER2+,CD44,-0.4741832126993126,True
BC-Jackson2020,clinical_type,0,2,1.0,292,78,HR-HER2+,CD45,0.0,False
BC-Jackson2020,clinical_type,0,2,1.0,292,78,HR-HER2+,CD68,0.0,False
BC-Jackson2020,clinical_type,0,2,1.0,292,78,HR-HER2+,Carbonic Anhydrase IX,0.2856853883827558,True
BC-Jackson2020,clinical_type,0,2,1.0,292,78,HR-HER2+,Cytokeratin 19,-0.0077330224953391005,True
BC-Jackson2020,clinical_type,0,2,1.0,292,78,HR-HER2+,Cytokeratin 5,0.1379540847256345,True
BC-Jackson2020,clinical_type,0,2,1.0,292,78,HR-HER2+,Cytokeratin 7,0.7938351279005118,True
BC-Jackson2020,clinical_type,0,2,1.0,292,78,HR-HER2+,Cytokeratin 8/18,-0.45033070643901923,True
BC-Jackson2020,clinical_type,0,2,1.0,292,78,HR-HER2+,DNA1,-0.5375063672744756,True
BC-Jackson2020,clinical_type,0,2,1.0,292,78,HR-HER2+,EGFR,-0.595018492004599,True
BC-Jackson2020,clinical_type,0,2,1.0,292,78,HR-HER2+,Ecadherin,0.5210285073575568,True
BC-Jackson2020,clinical_type,0,2,1.0,292,78,HR-HER2+,Estrogen,0.0,False
BC-Jackson2020,clinical_type,0,2,1.0,292,78,HR-HER2+,Fibronectin,-0.1636388998724545,True
BC-Jackson2020,clinical_type,0,2,1.0,292,78,HR-HER2+,GATA3,-0.2833998139834225,True
BC-Jackson2020,clinical_type,0,2,1.0,292,78,HR-HER2+,Histone H3,0.0,False
BC-Jackson2020,clinical_type,0,2,1.0,292,78,HR-HER2+,Keratin 14 (KRT14),0.23731025565535713,True
BC-Jackson2020,clinical_type,0,2,1.0,292,78,HR-HER2+,Ki-67,0.47939250652996224,True
BC-Jackson2020,clinical_type,0,2,1.0,292,78,HR-HER2+,Progesterone Receptor A/B,-2.0474920876376963,True
BC-Jackson2020,clinical_type,0,2,1.0,292,78,HR-HER2+,SMA,-0.259434303721012,True
BC-Jackson2020,clinical_type,0,2,1.0,292,78,HR-HER2+,Slug,-0.8717649310178606,True
BC-Jackson2020,clinical_type,0,2,1.0,292,78,HR-HER2+,Twist,0.0,False
BC-Jackson2020,clinical_type,0,2,1.0,292,78,HR-HER2+,Vimentin,0.2685660426293203,True
BC-Jackson2020,clinical_type,0,2,1.0,292,78,HR-HER2+,c-Myc,-0.24247275044652708,True
BC-Jackson2020,clinical_type,0,2,1.0,292,78,HR-HER2+,c-erbB-2 - Her2,0.9542639162176423,True
BC-Jackson2020,clinical_type,0,2,1.0,292,78,HR-HER2+,cleaved PARP,0.6035919631383788,True
BC-Jackson2020,clinical_type,0,2,1.0,292,78,HR-HER2+,p53,0.0,False
BC-Jackson2020,clinical_type,0,2,1.0,292,78,HR-HER2+,pan Cytokeratin,0.0,False
BC-Jackson2020,clinical_type,0,2,1.0,292,78,HR-HER2+,phospho-Histone,0.21643104993619808,True
BC-Jackson2020,clinical_type,0,2,1.0,292,78,HR-HER2+,phospho-S6,-0.6553214823332401,True
BC-Jackson2020,clinical_type,0,2,1.0,292,78,HR-HER2+,phospho-mTOR,0.02526440623360831,True
BC-Jackson2020,clinical_type,0,2,1.0,292,78,HR-HER2+,vWF,0.5134929690086845,True
BC-Jackson2020,clinical_type,0,2,1.0,292,78,TripleNeg,CD20,-0.1010445259285905,True
BC-Jackson2020,clinical_type,0,2,1.0,292,78,TripleNeg,CD3,-0.13249510121418395,True
BC-Jackson2020,clinical_type,0,2,1.0,292,78,TripleNeg,CD44,0.05798873200197345,True
BC-Jackson2020,clinical_type,0,2,1.0,292,78,TripleNeg,CD45,0.0,False
BC-Jackson2020,clinical_type,0,2,1.0,292,78,TripleNeg,CD68,0.2557604183175015,True
BC-Jackson2020,clinical_type,0,2,1.0,292,78,TripleNeg,Carbonic Anhydrase IX,0.0,False
BC-Jackson2020,clinical_type,0,2,1.0,292,78,TripleNeg,Cytokeratin 19,0.3128805649645355,True
BC-Jackson2020,clinical_type,0,2,1.0,292,78,TripleNeg,Cytokeratin 5,0.0,False
BC-Jackson2020,clinical_type,0,2,1.0,292,78,TripleNeg,Cytokeratin 7,-0.04518711360549578,True
BC-Jackson2020,clinical_type,0,2,1.0,292,78,TripleNeg,Cytokeratin 8/18,0.0,False
BC-Jackson2020,clinical_type,0,2,1.0,292,78,TripleNeg,DNA1,0.0,False
BC-Jackson2020,clinical_type,0,2,1.0,292,78,TripleNeg,EGFR,1.339832782313973,True
BC-Jackson2020,clinical_type,0,2,1.0,292,78,TripleNeg,Ecadherin,-0.06776882905266693,True
BC-Jackson2020,clinical_type,0,2,1.0,292,78,TripleNeg,Estrogen,0.5061879508680688,True
BC-Jackson2020,clinical_type,0,2,1.0,292,78,TripleNeg,Fibronectin,-0.5577684872931905,True
BC-Jackson2020,clinical_type,0,2,1.0,292,78,TripleNeg,GATA3,-0.30142758114420465,True
BC-Jackson2020,clinical_type,0,2,1.0,292,78,TripleNeg,Histone H3,0.0,False
BC-Jackson2020,clinical_type,0,2,1.0,292,78,TripleNeg,Keratin 14 (KRT14),-0.167681818700809,True
BC-Jackson2020,clinical_type,0,2,1.0,292,78,TripleNeg,Ki-67,0.6082284433487093,True
BC-Jackson2020,clinical_type,0,2,1.0,292,78,TripleNeg,Progesterone Receptor A/B,0.0,False
BC-Jackson2020,clinical_type,0,2,1.0,292,78,TripleNeg,SMA,0.0,False
BC-Jackson2020,clinical_type,0,2,1.0,292,78,TripleNeg,Slug,0.0,False
BC-Jackson2020,clinical_type,0,2,1.0,292,78,TripleNeg,Twist,0.0,False
BC-Jackson2020,clinical_type,0,2,1.0,292,78,TripleNeg,Vimentin,0.32135803389572154,True
BC-Jackson2020,clinical_type,0,2,1.0,292,78,TripleNeg,c-Myc,0.2476535627089738,True
BC-Jackson2020,clinical_type,0,2,1.0,292,78,TripleNeg,c-erbB-2 - Her2,-1.340708977923264,True
BC-Jackson2020,clinical_type,0,2,1.0,292,78,TripleNeg,cleaved PARP,0.6707326173453934,True
BC-Jackson2020,clinical_type,0,2,1.0,292,78,TripleNeg,p53,0.03403415769190851,True
BC-Jackson2020,clinical_type,0,2,1.0,292,78,TripleNeg,pan Cytokeratin,0.3331744480708229,True
BC-Jackson2020,clinical_type,0,2,1.0,292,78,TripleNeg,phospho-Histone,-0.0006910144053359076,True
BC-Jackson2020,clinical_type,0,2,1.0,292,78,TripleNeg,phospho-S6,0.0,False
BC-Jackson2020,clinical_type,0,2,1.0,292,78,TripleNeg,phospho-mTOR,-1.3807661927647161,True
BC-Jackson2020,clinical_type,0,2,1.0,292,78,TripleNeg,vWF,0.0,False
BC-Jackson2020,clinical_type,0,3,1.0,293,77,HR+HER2+,CD20,0.4828488314145747,True
BC-Jackson2020,clinical_type,0,3,1.0,293,77,HR+HER2+,CD3,0.0,False
BC-Jackson2020,clinical_type,0,3,1.0,293,77,HR+HER2+,CD44,0.0,False
BC-Jackson2020,clinical_type,0,3,1.0,293,77,HR+HER2+,CD45,-0.9843021526372069,True
BC-Jackson2020,clinical_type,0,3,1.0,293,77,HR+HER2+,CD68,0.0,False
BC-Jackson2020,clinical_type,0,3,1.0,293,77,HR+HER2+,Carbonic Anhydrase IX,-0.17146647933684225,True
BC-Jackson2020,clinical_type,0,3,1.0,293,77,HR+HER2+,Cytokeratin 19,-0.7533764394178423,True
BC-Jackson2020,clinical_type,0,3,1.0,293,77,HR+HER2+,Cytokeratin 5,-0.6143816191326863,True
BC-Jackson2020,clinical_type,0,3,1.0,293,77,HR+HER2+,Cytokeratin 7,-1.628295801040674,True
BC-Jackson2020,clinical_type,0,3,1.0,293,77,HR+HER2+,Cytokeratin 8/18,0.32020005984902045,True
BC-Jackson2020,clinical_type,0,3,1.0,293,77,HR+HER2+,DNA1,0.27505643478439934,True
BC-Jackson2020,clinical_type,0,3,1.0,293,77,HR+HER2+,EGFR,0.0,False
BC-Jackson2020,clinical_type,0,3,1.0,293,77,HR+HER2+,Ecadherin,-0.7448598392826569,True
BC-Jackson2020,clinical_type,0,3,1.0,293,77,HR+HER2+,Estrogen,-0.02118188334654778,True
BC-Jackson2020,clinical_type,0,3,1.0,293,77,HR+HER2+,Fibronectin,0.06535665013986405,True
BC-Jackson2020,clinical_type,0,3,1.0,293,77,HR+HER2+,GATA3,0.0,False
BC-Jackson2020,clinical_type,0,3,1.0,293,77,HR+HER2+,Histone H3,0.3272515372349514,True
BC-Jackson2020,clinical_type,0,3,1.0,293,77,HR+HER2+,Keratin 14 (KRT14),-0.0002990360757453286,True
BC-Jackson2020,clinical_type,0,3,1.0,293,77,HR+HER2+,Ki-67,-0.42220647458081073,True
BC-Jackson2020,clinical_type,0,3,1.0,293,77,HR+HER2+,Progesterone Receptor A/B,0.0,False
BC-Jackson2020,clinical_type,0,3,1.0,293,77,HR+HER2+,SMA,-0.03002057556006731,True
BC-Jackson2020,clinical_type,0,3,1.0,293,77,HR+HER2+,Slug,0.0,False
BC-Jackson2020,clinical_type,0,3,1.0,293,77,HR+HER2+,Twist,0.0,False
BC-Jackson2020,clinical_type,0,3,1.0,293,77,HR+HER2+,Vimentin,-0.2271399420905506,True
BC-Jackson2020,clinical_type,0,3,1.0,293,77,HR+HER2+,c-Myc,-0.0070719763056398275,True
BC-Jackson2020,clinical_type,0,3,1.0,293,77,HR+HER2+,c-erbB-2 - Her2,1.275411454081653,True
BC-Jackson2020,clinical_type,0,3,1.0,293,77,HR+HER2+,cleaved PARP,-0.42526012851956374,True
BC-Jackson2020,clinical_type,0,3,1.0,293,77,HR+HER2+,p53,-0.07599227580125015,True
BC-Jackson2020,clinical_type,0,3,1.0,293,77,HR+HER2+,pan Cytokeratin,0.0,False
BC-Jackson2020,clinical_type,0,3,1.0,293,77,HR+HER2+,phospho-Histone,0.0,False
BC-Jackson2020,clinical_type,0,3,1.0,293,77,HR+HER2+,phospho-S6,-0.08430508976703215,True
BC-Jackson2020,clinical_type,0,3,1.0,293,77,HR+HER2+,phospho-mTOR,0.8286000837254585,True
BC-Jackson2020,clinical_type,0,3,1.0,293,77,HR+HER2+,vWF,-0.11002001369157595,True
BC-Jackson2020,clinical_type,0,3,1.0,293,77,HR+HER2-,CD20,0.034015038493976725,True
BC-Jackson2020,clinical_type,0,3,1.0,293,77,HR+HER2-,CD3,-0.3893610776986624,True
BC-Jackson2020,clinical_type,0,3,1.0,293,77,HR+HER2-,CD44,0.1829049184483084,True
BC-Jackson2020,clinical_type,0,3,1.0,293,77,HR+HER2-,CD45,0.022288006101928173,True
BC-Jackson2020,clinical_type,0,3,1.0,293,77,HR+HER2-,CD68,0.0,False
BC-Jackson2020,clinical_type,0,3,1.0,293,77,HR+HER2-,Carbonic Anhydrase IX,-0.04913910761152322,True
BC-Jackson2020,clinical_type,0,3,1.0,293,77,HR+HER2-,Cytokeratin 19,0.330735539365198,True
BC-Jackson2020,clinical_type,0,3,1.0,293,77,HR+HER2-,Cytokeratin 5,-0.036133106018197234,True
BC-Jackson2020,clinical_type,0,3,1.0,293,77,HR+HER2-,Cytokeratin 7,0.1674660662396533,True
BC-Jackson2020,clinical_type,0,3,1.0,293,77,HR+HER2-,Cytokeratin 8/18,0.3155691815892582,True
BC-Jackson2020,clinical_type,0,3,1.0,293,77,HR+HER2-,DNA1,0.0,False
BC-Jackson2020,clinical_type,0,3,1.0,293,77,HR+HER2-,EGFR,0.0,False
BC-Jackson2020,clinical_type,0,3,1.0,293,77,HR+HER2-,Ecadherin,0.2450489186277466,True
BC-Jackson2020,clinical_type,0,3,1.0,293,77,HR+HER2-,Estrogen,0.3684098292298571,True
BC-Jackson2020,clinical_type,0,3,1.0,293,77,HR+HER2-,Fibronectin,0.0,False
BC-Jackson2020,clinical_type,0,3,1.0,293,77,HR+HER2-,GATA3,1.1683717568810965,True
BC-Jackson2020,clinical_type,0,3,1.0,293,77,HR+HER2-,Histone H3,0.0,False
BC-Jackson2020,clinical_type,0,3,1.0,293,77,HR+HER2-,Keratin 14 (KRT14),0.13086242420352975,True
BC-Jackson2020,clinical_type,0,3,1.0,293,77,HR+HER2-,Ki-67,-0.2763504443592622,True
BC-Jackson2020,clinical_type,0,3,1.0,293,77,HR+HER2-,Progesterone Receptor A/B,1.0515718082995755,True
BC-Jackson2020,clinical_type,0,3,1.0,293,77,HR+HER2-,SMA,-0.10782848596105421,True
BC-Jackson2020,clinical_type,0,3,1.0,293,77,HR+HER2-,Slug,0.0,False
BC-Jackson2020,clinical_type,0,3,1.0,293,77,HR+HER2-,Twist,0.0,False
BC-Jackson2020,clinical_type,0,3,1.0,293,77,HR+HER2-,Vimentin,-0.20430486455492514,True
BC-Jackson2020,clinical_type,0,3,1.0,293,77,HR+HER2-,c-Myc,0.12767834328294106,True
BC-Jackson2020,clinical_type,0,3,1.0,293,77,HR+HER2-,c-erbB-2 - Her2,-1.1462459901111717,True
BC-Jackson2020,clinical_type,0,3,1.0,293,77,HR+HER2-,cleaved PARP,-0.09698994596613461,True
BC-Jackson2020,clinical_type,0,3,1.0,293,77,HR+HER2-,p53,-0.3438820561674977,True
BC-Jackson2020,clinical_type,0,3,1.0,293,77,HR+HER2-,pan Cytokeratin,-0.771749928383604,True
BC-Jackson2020,clinical_type,0,3,1.0,293,77,HR+HER2-,phospho-Histone,0.0,False
BC-Jackson2020,clinical_type,0,3,1.0,293,77,HR+HER2-,phospho-S6,0.43896469619404926,True
BC-Jackson2020,clinical_type,0,3,1.0,293,77,HR+HER2-,phospho-mTOR,-0.14612708448669148,True
BC-Jackson2020,clinical_type,0,3,1.0,293,77,HR+HER2-,vWF,0.0,False
BC-Jackson2020,clinical_type,0,3,1.0,293,77,HR-HER2+,CD20,0.0,False
BC-Jackson2020,clinical_type,0,3,1.0,293,77,HR-HER2+,CD3,0.529134381271736,True
BC-Jackson2020,clinical_type,0,3,1.0,293,77,HR-HER2+,CD44,-1.0582854339887502,True
BC-Jackson2020,clinical_type,0,3,1.0,293,77,HR-HER2+,CD45,0.0,False
BC-Jackson2020,clinical_type,0,3,1.0,293,77,HR-HER2+,CD68,0.0,False
BC-Jackson2020,clinical_type,0,3,1.0,293,77,HR-HER2+,Carbonic Anhydrase IX,0.629274491757655,True
BC-Jackson2020,clinical_type,0,3,1.0,293,77,HR-HER2+,Cytokeratin 19,0.0,False
BC-Jackson2020,clinical_type,0,3,1.0,293,77,HR-HER2+,Cytokeratin 5,0.42482336655507125,True
BC-Jackson2020,clinical_type,0,3,1.0,293,77,HR-HER2+,Cytokeratin 7,0.467499880149722,True
BC-Jackson2020,clinical_type,0,3,1.0,293,77,HR-HER2+,Cytokeratin 8/18,-0.304460162564636,True
BC-Jackson2020,clinical_type,0,3,1.0,293,77,HR-HER2+,DNA1,-0.2808795130457377,True
BC-Jackson2020,clinical_type,0,3,1.0,293,77,HR-HER2+,EGFR,-1.0097545773623442,True
BC-Jackson2020,clinical_type,0,3,1.0,293,77,HR-HER2+,Ecadherin,0.0,False
BC-Jackson2020,clinical_type,0,3,1.0,293,77,HR-HER2+,Estrogen,-0.5715054128956399,True
BC-Jackson2020,clinical_type,0,3,1.0,293,77,HR-HER2+,Fibronectin,0.0,False
BC-Jackson2020,clinical_type,0,3,1.0,293,77,HR-HER2+,GATA3,-0.04547837440908866,True
BC-Jackson2020,clinical_type,0,3,1.0,293,77,HR-HER2+,Histone H3,0.0,False
BC-Jackson2020,clinical_type,0,3,1.0,293,77,HR-HER2+,Keratin 14 (KRT14),0.03357342592304554,True
BC-Jackson2020,clinical_type,0,3,1.0,293,77,HR-HER2+,Ki-67,0.23134776382716582,True
BC-Jackson2020,clinical_type,0,3,1.0,293,77,HR-HER2+,Progesterone Receptor A/B,-0.9509206790764837,True
BC-Jackson2020,clinical_type,0,3,1.0,293,77,HR-HER2+,SMA,0.03568418599148747,True
BC-Jackson2020,clinical_type,0,3,1.0,293,77,HR-HER2+,Slug,-0.3563518536508433,True
BC-Jackson2020,clinical_type,0,3,1.0,293,77,HR-HER2+,Twist,0.0,False
BC-Jackson2020,clinical_type,0,3,1.0,293,77,HR-HER2+,Vimentin,0.660288868028543,True
BC-Jackson2020,clinical_type,0,3,1.0,293,77,HR-HER2+,c-Myc,-0.12749754045536257,True
BC-Jackson2020,clinical_type,0,3,1.0,293,77,HR-HER2+,c-erbB-2 - Her2,1.0352979572710497,True
BC-Jackson2020,clinical_type,0,3,1.0,293,77,HR-HER2+,cleaved PARP,0.04753873353235593,True
BC-Jackson2020,clinical_type,0,3,1.0,293,77,HR-HER2+,p53,0.11772715391528729,True
BC-Jackson2020,clinical_type,0,3,1.0,293,77,HR-HER2+,pan Cytokeratin,0.0,False
BC-Jackson2020,clinical_type,0,3,1.0,293,77,HR-HER2+,phospho-Histone,0.0,False
BC-Jackson2020,clinical_type,0,3,1.0,293,77,HR-HER2+,phospho-S6,-0.06273926748172784,True
BC-Jackson2020,clinical_type,0,3,1.0,293,77,HR-HER2+,phospho-mTOR,0.0034327084323800875,True
BC-Jackson2020,clinical_type,0,3,1.0,293,77,HR-HER2+,vWF,0.0,False
BC-Jackson2020,clinical_type,0,3,1.0,293,77,TripleNeg,CD20,-0.4849264391010788,True
BC-Jackson2020,clinical_type,0,3,1.0,293,77,TripleNeg,CD3,0.0,False
BC-Jackson2020,clinical_type,0,3,1.0,293,77,TripleNeg,CD44,0.004813339042919147,True
BC-Jackson2020,clinical_type,0,3,1.0,293,77,TripleNeg,CD45,0.0,False
BC-Jackson2020,clinical_type,0,3,1.0,293,77,TripleNeg,CD68,0.5809712257099804,True
BC-Jackson2020,clinical_type,0,3,1.0,293,77,TripleNeg,Carbonic Anhydrase IX,0.0,False
BC-Jackson2020,clinical_type,0,3,1.0,293,77,TripleNeg,Cytokeratin 19,0.0,False
BC-Jackson2020,clinical_type,0,3,1.0,293,77,TripleNeg,Cytokeratin 5,0.17017084129907742,True
BC-Jackson2020,clinical_type,0,3,1.0,293,77,TripleNeg,Cytokeratin 7,0.0,False
BC-Jackson2020,clinical_type,0,3,1.0,293,77,TripleNeg,Cytokeratin 8/18,-0.34692489591659326,True
BC-Jackson2020,clinical_type,0,3,1.0,293,77,TripleNeg,DNA1,0.0,False
BC-Jackson2020,clinical_type,0,3,1.0,293,77,TripleNeg,EGFR,1.161878550742484,True
BC-Jackson2020,clinical_type,0,3,1.0,293,77,TripleNeg,Ecadherin,0.0,False
BC-Jackson2020,clinical_type,0,3,1.0,293,77,TripleNeg,Estrogen,0.2686556051740562,True
BC-Jackson2020,clinical_type,0,3,1.0,293,77,TripleNeg,Fibronectin,-0.45631541660616,True
BC-Jackson2020,clinical_type,0,3,1.0,293,77,TripleNeg,GATA3,0.0,False
BC-Jackson2020,clinical_type,0,3,1.0,293,77,TripleNeg,Histone H3,-0.01497058819309259,True
BC-Jackson2020,clinical_type,0,3,1.0,293,77,TripleNeg,Keratin 14 (KRT14),-0.16485754406778624,True
BC-Jackson2020,clinical_type,0,3,1.0,293,77,TripleNeg,Ki-67,0.4686025664798755,True
BC-Jackson2020,clinical_type,0,3,1.0,293,77,TripleNeg,Progesterone Receptor A/B,0.0,False
BC-Jackson2020,clinical_type,0,3,1.0,293,77,TripleNeg,SMA,0.2052644596910573,True
BC-Jackson2020,clinical_type,0,3,1.0,293,77,TripleNeg,Slug,0.0,False
BC-Jackson2020,clinical_type,0,3,1.0,293,77,TripleNeg,Twist,-0.7974445747681284,True
BC-Jackson2020,clinical_type,0,3,1.0,293,77,TripleNeg,Vimentin,1.302983523502297e-06,True
BC-Jackson2020,clinical_type,0,3,1.0,293,77,TripleNeg,c-Myc,0.029396882648117878,True
BC-Jackson2020,clinical_type,0,3,1.0,293,77,TripleNeg,c-erbB-2 - Her2,-1.1590045444960395,True
BC-Jackson2020,clinical_type,0,3,1.0,293,77,TripleNeg,cleaved PARP,0.3597427076218535,True
BC-Jackson2020,clinical_type,0,3,1.0,293,77,TripleNeg,p53,0.18640998807356185,True
BC-Jackson2020,clinical_type,0,3,1.0,293,77,TripleNeg,pan Cytokeratin,0.0,False
BC-Jackson2020,clinical_type,0,3,1.0,293,77,TripleNeg,phospho-Histone,0.0,False
BC-Jackson2020,clinical_type,0,3,1.0,293,77,TripleNeg,phospho-S6,0.011553943634683077,True
BC-Jackson2020,clinical_type,0,3,1.0,293,77,TripleNeg,phospho-mTOR,-0.30522247352855514,True
BC-Jackson2020,clinical_type,0,3,1.0,293,77,TripleNeg,vWF,0.4276416192430227,True
BC-Jackson2020,clinical_type,0,4,1.0,302,68,HR+HER2+,CD20,0.26132256287401956,True
BC-Jackson2020,clinical_type,0,4,1.0,302,68,HR+HER2+,CD3,0.0,False
BC-Jackson2020,clinical_type,0,4,1.0,302,68,HR+HER2+,CD44,0.1445740367626069,True
BC-Jackson2020,clinical_type,0,4,1.0,302,68,HR+HER2+,CD45,-0.5455078452350373,True
BC-Jackson2020,clinical_type,0,4,1.0,302,68,HR+HER2+,CD68,0.0,False
BC-Jackson2020,clinical_type,0,4,1.0,302,68,HR+HER2+,Carbonic Anhydrase IX,-0.13182065181204522,True
BC-Jackson2020,clinical_type,0,4,1.0,302,68,HR+HER2+,Cytokeratin 19,-0.653261762554606,True
BC-Jackson2020,clinical_type,0,4,1.0,302,68,HR+HER2+,Cytokeratin 5,0.08309920015017688,True
BC-Jackson2020,clinical_type,0,4,1.0,302,68,HR+HER2+,Cytokeratin 7,-0.46299701669153187,True
BC-Jackson2020,clinical_type,0,4,1.0,302,68,HR+HER2+,Cytokeratin 8/18,0.20824387578102507,True
BC-Jackson2020,clinical_type,0,4,1.0,302,68,HR+HER2+,DNA1,0.09993113723395533,True
BC-Jackson2020,clinical_type,0,4,1.0,302,68,HR+HER2+,EGFR,-0.05972107535837334,True
BC-Jackson2020,clinical_type,0,4,1.0,302,68,HR+HER2+,Ecadherin,-0.5609269303223947,True
BC-Jackson2020,clinical_type,0,4,1.0,302,68,HR+HER2+,Estrogen,-0.1971808769098253,True
BC-Jackson2020,clinical_type,0,4,1.0,302,68,HR+HER2+,Fibronectin,0.42217148608111443,True
BC-Jackson2020,clinical_type,0,4,1.0,302,68,HR+HER2+,GATA3,0.38347662479401073,True
BC-Jackson2020,clinical_type,0,4,1.0,302,68,HR+HER2+,Histone H3,0.29478175885245966,True
BC-Jackson2020,clinical_type,0,4,1.0,302,68,HR+HER2+,Keratin 14 (KRT14),0.0,False
BC-Jackson2020,clinical_type,0,4,1.0,302,68,HR+HER2+,Ki-67,-0.533657559161554,True
BC-Jackson2020,clinical_type,0,4,1.0,302,68,HR+HER2+,Progesterone Receptor A/B,-0.2901911359897004,True
BC-Jackson2020,clinical_type,0,4,1.0,302,68,HR+HER2+,SMA,0.0,False
BC-Jackson2020,clinical_type,0,4,1.0,302,68,HR+HER2+,Slug,0.3291554949722235,True
BC-Jackson2020,clinical_type,0,4,1.0,302,68,HR+HER2+,Twist,0.0,False
BC-Jackson2020,clinical_type,0,4,1.0,302,68,HR+HER2+,Vimentin,0.0,False
BC-Jackson2020,clinical_type,0,4,1.0,302,68,HR+HER2+,c-Myc,-0.06784226993941722,True
BC-Jackson2020,clinical_type,0,4,1.0,302,68,HR+HER2+,c-erbB-2 - Her2,0.9001191118799619,True
BC-Jackson2020,clinical_type,0,4,1.0,302,68,HR+HER2+,cleaved PARP,-0.8083467580443117,True
BC-Jackson2020,clinical_type,0,4,1.0,302,68,HR+HER2+,p53,0.0,False
BC-Jackson2020,clinical_type,0,4,1.0,302,68,HR+HER2+,pan Cytokeratin,0.0,False
BC-Jackson2020,clinical_type,0,4,1.0,302,68,HR+HER2+,phospho-Histone,0.0,False
BC-Jackson2020,clinical_type,0,4,1.0,302,68,HR+HER2+,phospho-S6,-0.05007401746043218,True
BC-Jackson2020,clinical_type,0,4,1.0,302,68,HR+HER2+,phospho-mTOR,0.9339410288340756,True
BC-Jackson2020,clinical_type,0,4,1.0,302,68,HR+HER2+,vWF,-0.3626891214650406,True
BC-Jackson2020,clinical_type,0,4,1.0,302,68,HR+HER2-,CD20,0.02201109966817594,True
BC-Jackson2020,clinical_type,0,4,1.0,302,68,HR+HER2-,CD3,-0.6297883616574511,True
BC-Jackson2020,clinical_type,0,4,1.0,302,68,HR+HER2-,CD44,0.22897275647448273,True
BC-Jackson2020,clinical_type,0,4,1.0,302,68,HR+HER2-,CD45,0.0,False
BC-Jackson2020,clinical_type,0,4,1.0,302,68,HR+HER2-,CD68,0.0,False
BC-Jackson2020,clinical_type,0,4,1.0,302,68,HR+HER2-,Carbonic Anhydrase IX,-0.22079652371608868,True
BC-Jackson2020,clinical_type,0,4,1.0,302,68,HR+HER2-,Cytokeratin 19,0.19016032880311703,True
BC-Jackson2020,clinical_type,0,4,1.0,302,68,HR+HER2-,Cytokeratin 5,-0.011718450953466672,True
BC-Jackson2020,clinical_type,0,4,1.0,302,68,HR+HER2-,Cytokeratin 7,0.0,False
BC-Jackson2020,clinical_type,0,4,1.0,302,68,HR+HER2-,Cytokeratin 8/18,0.45592942620259663,True
BC-Jackson2020,clinical_type,0,4,1.0,302,68,HR+HER2-,DNA1,-9.399873392701523e-05,True
BC-Jackson2020,clinical_type,0,4,1.0,302,68,HR+HER2-,EGFR,0.0,False
BC-Jackson2020,clinical_type,0,4,1.0,302,68,HR+HER2-,Ecadherin,0.20118337541411507,True
BC-Jackson2020,clinical_type,0,4,1.0,302,68,HR+HER2-,Estrogen,0.33444098446846454,True
BC-Jackson2020,clinical_type,0,4,1.0,302,68,HR+HER2-,Fibronectin,0.0362908877517052,True
BC-Jackson2020,clinical_type,0,4,1.0,302,68,HR+HER2-,GATA3,0.9065345081397332,True
BC-Jackson2020,clinical_type,0,4,1.0,302,68,HR+HER2-,Histone H3,0.08858488954018723,True
BC-Jackson2020,clinical_type,0,4,1.0,302,68,HR+HER2-,Keratin 14 (KRT14),0.0,False
BC-Jackson2020,clinical_type,0,4,1.0,302,68,HR+HER2-,Ki-67,-0.44327886995605986,True
BC-Jackson2020,clinical_type,0,4,1.0,302,68,HR+HER2-,Progesterone Receptor A/B,0.5396518212600249,True
BC-Jackson2020,clinical_type,0,4,1.0,302,68,HR+HER2-,SMA,0.0,False
BC-Jackson2020,clinical_type,0,4,1.0,302,68,HR+HER2-,Slug,0.32164678184187806,True
BC-Jackson2020,clinical_type,0,4,1.0,302,68,HR+HER2-,Twist,0.0,False
BC-Jackson2020,clinical_type,0,4,1.0,302,68,HR+HER2-,Vimentin,-0.3108600730016545,True
BC-Jackson2020,clinical_type,0,4,1.0,302,68,HR+HER2-,c-Myc,0.4719268382828335,True
BC-Jackson2020,clinical_type,0,4,1.0,302,68,HR+HER2-,c-erbB-2 - Her2,-0.9025582548259224,True
BC-Jackson2020,clinical_type,0,4,1.0,302,68,HR+HER2-,cleaved PARP,-0.0018647621085980538,True
BC-Jackson2020,clinical_type,0,4,1.0,302,68,HR+HER2-,p53,-0.36456154479995395,True
BC-Jackson2020,clinical_type,0,4,1.0,302,68,HR+HER2-,pan Cytokeratin,-0.7712050638015939,True
BC-Jackson2020,clinical_type,0,4,1.0,302,68,HR+HER2-,phospho-Histone,0.0,False
BC-Jackson2020,clinical_type,0,4,1.0,302,68,HR+HER2-,phospho-S6,0.24808517574069422,True
BC-Jackson2020,clinical_type,0,4,1.0,302,68,HR+HER2-,phospho-mTOR,-0.07424488572941051,True
BC-Jackson2020,clinical_type,0,4,1.0,302,68,HR+HER2-,vWF,0.0,False
BC-Jackson2020,clinical_type,0,4,1.0,302,68,HR-HER2+,CD20,-0.21038876045713106,True
BC-Jackson2020,clinical_type,0,4,1.0,302,68,HR-HER2+,CD3,0.7790017698285291,True
BC-Jackson2020,clinical_type,0,4,1.0,302,68,HR-HER2+,CD44,-0.22315410109945702,True
BC-Jackson2020,clinical_type,0,4,1.0,302,68,HR-HER2+,CD45,0.0,False
BC-Jackson2020,clinical_type,0,4,1.0,302,68,HR-HER2+,CD68,0.0,False
BC-Jackson2020,clinical_type,0,4,1.0,302,68,HR-HER2+,Carbonic Anhydrase IX,0.32913873454806514,True
BC-Jackson2020,clinical_type,0,4,1.0,302,68,HR-HER2+,Cytokeratin 19,0.0,False
BC-Jackson2020,clinical_type,0,4,1.0,302,68,HR-HER2+,Cytokeratin 5,0.0,False
BC-Jackson2020,clinical_type,0,4,1.0,302,68,HR-HER2+,Cytokeratin 7,0.48446395789856755,True
BC-Jackson2020,clinical_type,0,4,1.0,302,68,HR-HER2+,Cytokeratin 8/18,-0.11751501093427902,True
BC-Jackson2020,clinical_type,0,4,1.0,302,68,HR-HER2+,DNA1,-0.39886748097439406,True
BC-Jackson2020,clinical_type,0,4,1.0,302,68,HR-HER2+,EGFR,-0.7390972876377291,True
BC-Jackson2020,clinical_type,0,4,1.0,302,68,HR-HER2+,Ecadherin,0.3779669608721109,True
BC-Jackson2020,clinical_type,0,4,1.0,302,68,HR-HER2+,Estrogen,-0.8889667680716279,True
BC-Jackson2020,clinical_type,0,4,1.0,302,68,HR-HER2+,Fibronectin,-0.04466950982108535,True
BC-Jackson2020,clinical_type,0,4,1.0,302,68,HR-HER2+,GATA3,-0.330728568915026,True
BC-Jackson2020,clinical_type,0,4,1.0,302,68,HR-HER2+,Histone H3,-0.2876113741991167,True
BC-Jackson2020,clinical_type,0,4,1.0,302,68,HR-HER2+,Keratin 14 (KRT14),0.03476631541379669,True
BC-Jackson2020,clinical_type,0,4,1.0,302,68,HR-HER2+,Ki-67,0.36190154231946065,True
BC-Jackson2020,clinical_type,0,4,1.0,302,68,HR-HER2+,Progesterone Receptor A/B,-0.8174485435269572,True
BC-Jackson2020,clinical_type,0,4,1.0,302,68,HR-HER2+,SMA,0.0,False
BC-Jackson2020,clinical_type,0,4,1.0,302,68,HR-HER2+,Slug,-0.515727824942928,True
BC-Jackson2020,clinical_type,0,4,1.0,302,68,HR-HER2+,Twist,0.1314794627150964,True
BC-Jackson2020,clinical_type,0,4,1.0,302,68,HR-HER2+,Vimentin,0.26999504292325477,True
BC-Jackson2020,clinical_type,0,4,1.0,302,68,HR-HER2+,c-Myc,-0.21583127367045743,True
BC-Jackson2020,clinical_type,0,4,1.0,302,68,HR-HER2+,c-erbB-2 - Her2,0.7515052506040336,True
BC-Jackson2020,clinical_type,0,4,1.0,302,68,HR-HER2+,cleaved PARP,0.0471120336734055,True
BC-Jackson2020,clinical_type,0,4,1.0,302,68,HR-HER2+,p53,0.2949177850140002,True
BC-Jackson2020,clinical_type,0,4,1.0,302,68,HR-HER2+,pan Cytokeratin,0.007538843468041997,True
BC-Jackson2020,clinical_type,0,4,1.0,302,68,HR-HER2+,phospho-Histone,0.0,False
BC-Jackson2020,clinical_type,0,4,1.0,302,68,HR-HER2+,phospho-S6,-0.4054333330438094,True
BC-Jackson2020,clinical_type,0,4,1.0,302,68,HR-HER2+,phospho-mTOR,0.36541175211209,True
BC-Jackson2020,clinical_type,0,4,1.0,302,68,HR-HER2+,vWF,0.0,False
BC-Jackson2020,clinical_type,0,4,1.0,302,68,TripleNeg,CD20,-0.04061379907249762,True
BC-Jackson2020,clinical_type,0,4,1.0,302,68,TripleNeg,CD3,0.0,False
BC-Jackson2020,clinical_type,0,4,1.0,302,68,TripleNeg,CD44,-0.16658402442211245,True
BC-Jackson2020,clinical_type,0,4,1.0,302,68,TripleNeg,CD45,0.2129949933711719,True
BC-Jackson2020,clinical_type,0,4,1.0,302,68,TripleNeg,CD68,0.5957738426745495,True
BC-Jackson2020,clinical_type,0,4,1.0,302,68,TripleNeg,Carbonic Anhydrase IX,0.060064270982625206,True
BC-Jackson2020,clinical_type,0,4,1.0,302,68,TripleNeg,Cytokeratin 19,0.0,False
BC-Jackson2020,clinical_type,0,4,1.0,302,68,TripleNeg,Cytokeratin 5,0.0,False
BC-Jackson2020,clinical_type,0,4,1.0,302,68,TripleNeg,Cytokeratin 7,0.0,False
BC-Jackson2020,clinical_type,0,4,1.0,302,68,TripleNeg,Cytokeratin 8/18,-0.5712051030774531,True
BC-Jackson2020,clinical_type,0,4,1.0,302,68,TripleNeg,DNA1,0.034005333912221,True
BC-Jackson2020,clinical_type,0,4,1.0,302,68,TripleNeg,EGFR,1.918528154023947,True
BC-Jackson2020,clinical_type,0,4,1.0,302,68,TripleNeg,Ecadherin,-0.0920371689591771,True
BC-Jackson2020,clinical_type,0,4,1.0,302,68,TripleNeg,Estrogen,0.7358321548883352,True
BC-Jackson2020,clinical_type,0,4,1.0,302,68,TripleNeg,Fibronectin,-0.36710353152122543,True
BC-Jackson2020,clinical_type,0,4,1.0,302,68,TripleNeg,GATA3,-0.9597586875276476,True
BC-Jackson2020,clinical_type,0,4,1.0,302,68,TripleNeg,Histone H3,-0.12436912095301259,True
BC-Jackson2020,clinical_type,0,4,1.0,302,68,TripleNeg,Keratin 14 (KRT14),-0.09743715694196942,True
BC-Jackson2020,clinical_type,0,4,1.0,302,68,TripleNeg,Ki-67,0.6256683118346071,True
BC-Jackson2020,clinical_type,0,4,1.0,302,68,TripleNeg,Progesterone Receptor A/B,0.6053900050259013,True
BC-Jackson2020,clinical_type,0,4,1.0,302,68,TripleNeg,SMA,0.07832894126774329,True
BC-Jackson2020,clinical_type,0,4,1.0,302,68,TripleNeg,Slug,-0.1324551383689019,True
BC-Jackson2020,clinical_type,0,4,1.0,302,68,TripleNeg,Twist,-1.0220540241447493,True
BC-Jackson2020,clinical_type,0,4,1.0,302,68,TripleNeg,Vimentin,0.0,False
BC-Jackson2020,clinical_type,0,4,1.0,302,68,TripleNeg,c-Myc,0.0,False
BC-Jackson2020,clinical_type,0,4,1.0,302,68,TripleNeg,c-erbB-2 - Her2,-0.7492248154943539,True
BC-Jackson2020,clinical_type,0,4,1.0,302,68,TripleNeg,cleaved PARP,0.4853276011053001,True
BC-Jackson2020,clinical_type,0,4,1.0,302,68,TripleNeg,p53,0.0,False
BC-Jackson2020,clinical_type,0,4,1.0,302,68,TripleNeg,pan Cytokeratin,0.0,False
BC-Jackson2020,clinical_type,0,4,1.0,302,68,TripleNeg,phospho-Histone,0.0,False
BC-Jackson2020,clinical_type,0,4,1.0,302,68,TripleNeg,phospho-S6,0.17260117332480174,True
BC-Jackson2020,clinical_type,0,4,1.0,302,68,TripleNeg,phospho-mTOR,-1.2261503039927553,True
BC-Jackson2020,clinical_type,0,4,1.0,302,68,TripleNeg,vWF,0.24729720297563448,True
BC-Jackson2020,clinical_type,1,0,1.0,295,75,HR+HER2+,CD20,0.19946980254673194,True
BC-Jackson2020,clinical_type,1,0,1.0,295,75,HR+HER2+,CD3,-0.26924361845561157,True
BC-Jackson2020,clinical_type,1,0,1.0,295,75,HR+HER2+,CD44,0.04301918394895321,True
BC-Jackson2020,clinical_type,1,0,1.0,295,75,HR+HER2+,CD45,-0.02119780434078644,True
BC-Jackson2020,clinical_type,1,0,1.0,295,75,HR+HER2+,CD68,-0.030599014088507806,True
BC-Jackson2020,clinical_type,1,0,1.0,295,75,HR+HER2+,Carbonic Anhydrase IX,-0.1480494942956108,True
BC-Jackson2020,clinical_type,1,0,1.0,295,75,HR+HER2+,Cytokeratin 19,-0.3759718753621767,True
BC-Jackson2020,clinical_type,1,0,1.0,295,75,HR+HER2+,Cytokeratin 5,0.0,False
BC-Jackson2020,clinical_type,1,0,1.0,295,75,HR+HER2+,Cytokeratin 7,-0.7509904255924053,True
BC-Jackson2020,clinical_type,1,0,1.0,295,75,HR+HER2+,Cytokeratin 8/18,0.3850441774951516,True
BC-Jackson2020,clinical_type,1,0,1.0,295,75,HR+HER2+,DNA1,0.13121818904564164,True
BC-Jackson2020,clinical_type,1,0,1.0,295,75,HR+HER2+,EGFR,0.3494722129224073,True
BC-Jackson2020,clinical_type,1,0,1.0,295,75,HR+HER2+,Ecadherin,-0.5256532371822741,True
BC-Jackson2020,clinical_type,1,0,1.0,295,75,HR+HER2+,Estrogen,-0.3983223481923688,True
BC-Jackson2020,clinical_type,1,0,1.0,295,75,HR+HER2+,Fibronectin,0.42691323355434213,True
BC-Jackson2020,clinical_type,1,0,1.0,295,75,HR+HER2+,GATA3,0.2691373581292069,True
BC-Jackson2020,clinical_type,1,0,1.0,295,75,HR+HER2+,Histone H3,0.05772467691252245,True
BC-Jackson2020,clinical_type,1,0,1.0,295,75,HR+HER2+,Keratin 14 (KRT14),0.0,False
BC-Jackson2020,clinical_type,1,0,1.0,295,75,HR+HER2+,Ki-67,-0.42749167994939075,True
BC-Jackson2020,clinical_type,1,0,1.0,295,75,HR+HER2+,Progesterone Receptor A/B,-0.4021556726073736,True
BC-Jackson2020,clinical_type,1,0,1.0,295,75,HR+HER2+,SMA,0.21738147064465424,True
BC-Jackson2020,clinical_type,1,0,1.0,295,75,HR+HER2+,Slug,0.0,False
BC-Jackson2020,clinical_type,1,0,1.0,295,75,HR+HER2+,Twist,0.0,False
BC-Jackson2020,clinical_type,1,0,1.0,295,75,HR+HER2+,Vimentin,-0.04674707258508354,True
BC-Jackson2020,clinical_type,1,0,1.0,295,75,HR+HER2+,c-Myc,-0.17288314237461416,True
BC-Jackson2020,clinical_type,1,0,1.0,295,75,HR+HER2+,c-erbB-2 - Her2,0.9895529597241118,True
BC-Jackson2020,clinical_type,1,0,1.0,295,75,HR+HER2+,cleaved PARP,-0.32939657132039213,True
BC-Jackson2020,clinical_type,1,0,1.0,295,75,HR+HER2+,p53,0.0,False
BC-Jackson2020,clinical_type,1,0,1.0,295,75,HR+HER2+,pan Cytokeratin,0.0,False
BC-Jackson2020,clinical_type,1,0,1.0,295,75,HR+HER2+,phospho-Histone,0.0,False
BC-Jackson2020,clinical_type,1,0,1.0,295,75,HR+HER2+,phospho-S6,-0.4258981071132889,True
BC-Jackson2020,clinical_type,1,0,1.0,295,75,HR+HER2+,phospho-mTOR,0.4422613214927397,True
BC-Jackson2020,clinical_type,1,0,1.0,295,75,HR+HER2+,vWF,-0.9404112829847711,True
BC-Jackson2020,clinical_type,1,0,1.0,295,75,HR+HER2-,CD20,0.0,False
BC-Jackson2020,clinical_type,1,0,1.0,295,75,HR+HER2-,CD3,-0.3683753714949598,True
BC-Jackson2020,clinical_type,1,0,1.0,295,75,HR+HER2-,CD44,0.1779776635299178,True
BC-Jackson2020,clinical_type,1,0,1.0,295,75,HR+HER2-,CD45,0.00023078952768934216,True
BC-Jackson2020,clinical_type,1,0,1.0,295,75,HR+HER2-,CD68,0.0,False
BC-Jackson2020,clinical_type,1,0,1.0,295,75,HR+HER2-,Carbonic Anhydrase IX,-0.15199122129811757,True
BC-Jackson2020,clinical_type,1,0,1.0,295,75,HR+HER2-,Cytokeratin 19,0.28022400011698617,True
BC-Jackson2020,clinical_type,1,0,1.0,295,75,HR+HER2-,Cytokeratin 5,-0.09303499459959867,True
BC-Jackson2020,clinical_type,1,0,1.0,295,75,HR+HER2-,Cytokeratin 7,0.0709420432847623,True
BC-Jackson2020,clinical_type,1,0,1.0,295,75,HR+HER2-,Cytokeratin 8/18,0.0,False
BC-Jackson2020,clinical_type,1,0,1.0,295,75,HR+HER2-,DNA1,0.0,False
BC-Jackson2020,clinical_type,1,0,1.0,295,75,HR+HER2-,EGFR,0.0,False
BC-Jackson2020,clinical_type,1,0,1.0,295,75,HR+HER2-,Ecadherin,0.23124978227880474,True
BC-Jackson2020,clinical_type,1,0,1.0,295,75,HR+HER2-,Estrogen,0.5065689600368274,True
BC-Jackson2020,clinical_type,1,0,1.0,295,75,HR+HER2-,Fibronectin,0.10281256480862827,True
BC-Jackson2020,clinical_type,1,0,1.0,295,75,HR+HER2-,GATA3,0.5166115189183677,True
BC-Jackson2020,clinical_type,1,0,1.0,295,75,HR+HER2-,Histone H3,-0.00022401749421002487,True
BC-Jackson2020,clinical_type,1,0,1.0,295,75,HR+HER2-,Keratin 14 (KRT14),0.0,False
BC-Jackson2020,clinical_type,1,0,1.0,295,75,HR+HER2-,Ki-67,-0.5674428326193214,True
BC-Jackson2020,clinical_type,1,0,1.0,295,75,HR+HER2-,Progesterone Receptor A/B,0.89829078193201,True
BC-Jackson2020,clinical_type,1,0,1.0,295,75,HR+HER2-,SMA,-0.06707625369315029,True
BC-Jackson2020,clinical_type,1,0,1.0,295,75,HR+HER2-,Slug,0.047838997858468874,True
BC-Jackson2020,clinical_type,1,0,1.0,295,75,HR+HER2-,Twist,0.0,False
BC-Jackson2020,clinical_type,1,0,1.0,295,75,HR+HER2-,Vimentin,-0.21898720202799152,True
BC-Jackson2020,clinical_type,1,0,1.0,295,75,HR+HER2-,c-Myc,0.4296211755267802,True
BC-Jackson2020,clinical_type,1,0,1.0,295,75,HR+HER2-,c-erbB-2 - Her2,-0.8545822600693636,True
BC-Jackson2020,clinical_type,1,0,1.0,295,75,HR+HER2-,cleaved PARP,0.022430695079823634,True
BC-Jackson2020,clinical_type,1,0,1.0,295,75,HR+HER2-,p53,-1.1519152026080124,True
BC-Jackson2020,clinical_type,1,0,1.0,295,75,HR+HER2-,pan Cytokeratin,-0.3083282105533473,True
BC-Jackson2020,clinical_type,1,0,1.0,295,75,HR+HER2-,phospho-Histone,0.0,False
BC-Jackson2020,clinical_type,1,0,1.0,295,75,HR+HER2-,phospho-S6,0.0,False
BC-Jackson2020,clinical_type,1,0,1.0,295,75,HR+HER2-,phospho-mTOR,-0.015959575844468887,True
BC-Jackson2020,clinical_type,1,0,1.0,295,75,HR+HER2-,vWF,-0.010308957981552416,True
BC-Jackson2020,clinical_type,1,0,1.0,295,75,HR-HER2+,CD20,0.0,False
BC-Jackson2020,clinical_type,1,0,1.0,295,75,HR-HER2+,CD3,0.7295588999635851,True
BC-Jackson2020,clinical_type,1,0,1.0,295,75,HR-HER2+,CD44,-0.37280139417527597,True
BC-Jackson2020,clinical_type,1,0,1.0,295,75,HR-HER2+,CD45,-0.016401311508048973,True
BC-Jackson2020,clinical_type,1,0,1.0,295,75,HR-HER2+,CD68,0.0,False
BC-Jackson2020,clinical_type,1,0,1.0,295,75,HR-HER2+,Carbonic Anhydrase IX,0.2999110630519408,True
BC-Jackson2020,clinical_type,1,0,1.0,295,75,HR-HER2+,Cytokeratin 19,0.0,False
BC-Jackson2020,clinical_type,1,0,1.0,295,75,HR-HER2+,Cytokeratin 5,0.0,False
BC-Jackson2020,clinical_type,1,0,1.0,295,75,HR-HER2+,Cytokeratin 7,0.8668136445925413,True
BC-Jackson2020,clinical_type,1,0,1.0,295,75,HR-HER2+,Cytokeratin 8/18,-0.5089449089274852,True
BC-Jackson2020,clinical_type,1,0,1.0,295,75,HR-HER2+,DNA1,-0.4580091635263815,True
BC-Jackson2020,clinical_type,1,0,1.0,295,75,HR-HER2+,EGFR,-1.5028835042060436,True
BC-Jackson2020,clinical_type,1,0,1.0,295,75,HR-HER2+,Ecadherin,0.7027114161465077,True
BC-Jackson2020,clinical_type,1,0,1.0,295,75,HR-HER2+,Estrogen,-0.4216274905576436,True
BC-Jackson2020,clinical_type,1,0,1.0,295,75,HR-HER2+,Fibronectin,-0.19844779372855373,True
BC-Jackson2020,clinical_type,1,0,1.0,295,75,HR-HER2+,GATA3,-0.6301657243965811,True
BC-Jackson2020,clinical_type,1,0,1.0,295,75,HR-HER2+,Histone H3,-0.6666235893186626,True
BC-Jackson2020,clinical_type,1,0,1.0,295,75,HR-HER2+,Keratin 14 (KRT14),0.285161877260595,True
BC-Jackson2020,clinical_type,1,0,1.0,295,75,HR-HER2+,Ki-67,0.45924552305165184,True
BC-Jackson2020,clinical_type,1,0,1.0,295,75,HR-HER2+,Progesterone Receptor A/B,0.0,False
BC-Jackson2020,clinical_type,1,0,1.0,295,75,HR-HER2+,SMA,-0.2755881383668171,True
BC-Jackson2020,clinical_type,1,0,1.0,295,75,HR-HER2+,Slug,-0.7951305605759618,True
BC-Jackson2020,clinical_type,1,0,1.0,295,75,HR-HER2+,Twist,0.0,False
BC-Jackson2020,clinical_type,1,0,1.0,295,75,HR-HER2+,Vimentin,0.20589155836626302,True
BC-Jackson2020,clinical_type,1,0,1.0,295,75,HR-HER2+,c-Myc,-0.38773625970074593,True
BC-Jackson2020,clinical_type,1,0,1.0,295,75,HR-HER2+,c-erbB-2 - Her2,0.912730620196205,True
BC-Jackson2020,clinical_type,1,0,1.0,295,75,HR-HER2+,cleaved PARP,-0.12543095577895538,True
BC-Jackson2020,clinical_type,1,0,1.0,295,75,HR-HER2+,p53,0.12180153284693623,True
BC-Jackson2020,clinical_type,1,0,1.0,295,75,HR-HER2+,pan Cytokeratin,0.0,False
BC-Jackson2020,clinical_type,1,0,1.0,295,75,HR-HER2+,phospho-Histone,-0.665451771572649,True
BC-Jackson2020,clinical_type,1,0,1.0,295,75,HR-HER2+,phospho-S6,0.0,False
BC-Jackson2020,clinical_type,1,0,1.0,295,75,HR-HER2+,phospho-mTOR,0.5262567928743196,True
BC-Jackson2020,clinical_type,1,0,1.0,295,75,HR-HER2+,vWF,0.27149688938982225,True
BC-Jackson2020,clinical_type,1,0,1.0,295,75,TripleNeg,CD20,-0.3839615648097403,True
BC-Jackson2020,clinical_type,1,0,1.0,295,75,TripleNeg,CD3,0.021451332822664662,True
BC-Jackson2020,clinical_type,1,0,1.0,295,75,TripleNeg,CD44,0.0,False
BC-Jackson2020,clinical_type,1,0,1.0,295,75,TripleNeg,CD45,0.27064968575694304,True
BC-Jackson2020,clinical_type,1,0,1.0,295,75,TripleNeg,CD68,0.4076177720818063,True
BC-Jackson2020,clinical_type,1,0,1.0,295,75,TripleNeg,Carbonic Anhydrase IX,0.015412338575383138,True
BC-Jackson2020,clinical_type,1,0,1.0,295,75,TripleNeg,Cytokeratin 19,0.0,False
BC-Jackson2020,clinical_type,1,0,1.0,295,75,TripleNeg,Cytokeratin 5,0.06063712807817438,True
BC-Jackson2020,clinical_type,1,0,1.0,295,75,TripleNeg,Cytokeratin 7,-0.18413943658774368,True
BC-Jackson2020,clinical_type,1,0,1.0,295,75,TripleNeg,Cytokeratin 8/18,0.0,False
BC-Jackson2020,clinical_type,1,0,1.0,295,75,TripleNeg,DNA1,0.0,False
BC-Jackson2020,clinical_type,1,0,1.0,295,75,TripleNeg,EGFR,1.2408067334436328,True
BC-Jackson2020,clinical_type,1,0,1.0,295,75,TripleNeg,Ecadherin,-0.4189310217339694,True
BC-Jackson2020,clinical_type,1,0,1.0,295,75,TripleNeg,Estrogen,0.33521328734142497,True
BC-Jackson2020,clinical_type,1,0,1.0,295,75,TripleNeg,Fibronectin,-0.3588613891957041,True
BC-Jackson2020,clinical_type,1,0,1.0,295,75,TripleNeg,GATA3,-0.15638189931081714,True
BC-Jackson2020,clinical_type,1,0,1.0,295,75,TripleNeg,Histone H3,0.060672875227335346,True
BC-Jackson2020,clinical_type,1,0,1.0,295,75,TripleNeg,Keratin 14 (KRT14),-0.06540837011738482,True
BC-Jackson2020,clinical_type,1,0,1.0,295,75,TripleNeg,Ki-67,0.5357422392940681,True
BC-Jackson2020,clinical_type,1,0,1.0,295,75,TripleNeg,Progesterone Receptor A/B,0.0,False
BC-Jackson2020,clinical_type,1,0,1.0,295,75,TripleNeg,SMA,0.12096519461438156,True
BC-Jackson2020,clinical_type,1,0,1.0,295,75,TripleNeg,Slug,0.0,False
BC-Jackson2020,clinical_type,1,0,1.0,295,75,TripleNeg,Twist,-0.966086657195931,True
BC-Jackson2020,clinical_type,1,0,1.0,295,75,TripleNeg,Vimentin,0.15445179081764568,True
BC-Jackson2020,clinical_type,1,0,1.0,295,75,TripleNeg,c-Myc,0.12961373234283874,True
BC-Jackson2020,clinical_type,1,0,1.0,295,75,TripleNeg,c-erbB-2 - Her2,-1.0470090727641281,True
BC-Jackson2020,clinical_type,1,0,1.0,295,75,TripleNeg,cleaved PARP,0.4854182042312374,True
BC-Jackson2020,clinical_type,1,0,1.0,295,75,TripleNeg,p53,0.0,False
BC-Jackson2020,clinical_type,1,0,1.0,295,75,TripleNeg,pan Cytokeratin,0.631996166034268,True
BC-Jackson2020,clinical_type,1,0,1.0,295,75,TripleNeg,phospho-Histone,0.0,False
BC-Jackson2020,clinical_type,1,0,1.0,295,75,TripleNeg,phospho-S6,0.0,False
BC-Jackson2020,clinical_type,1,0,1.0,295,75,TripleNeg,phospho-mTOR,-1.1397837107463498,True
BC-Jackson2020,clinical_type,1,0,1.0,295,75,TripleNeg,vWF,0.21470422152231117,True
BC-Jackson2020,clinical_type,1,1,1.0,288,82,HR+HER2+,CD20,0.3675370911687118,True
BC-Jackson2020,clinical_type,1,1,1.0,288,82,HR+HER2+,CD3,0.0,False
BC-Jackson2020,clinical_type,1,1,1.0,288,82,HR+HER2+,CD44,0.07382451179554482,True
BC-Jackson2020,clinical_type,1,1,1.0,288,82,HR+HER2+,CD45,-0.8358549077362107,True
BC-Jackson2020,clinical_type,1,1,1.0,288,82,HR+HER2+,CD68,-0.06202276377680781,True
BC-Jackson2020,clinical_type,1,1,1.0,288,82,HR+HER2+,Carbonic Anhydrase IX,-0.12535313141371698,True
BC-Jackson2020,clinical_type,1,1,1.0,288,82,HR+HER2+,Cytokeratin 19,-0.5311800232935423,True
BC-Jackson2020,clinical_type,1,1,1.0,288,82,HR+HER2+,Cytokeratin 5,-0.01303559464851723,True
BC-Jackson2020,clinical_type,1,1,1.0,288,82,HR+HER2+,Cytokeratin 7,-0.7140134745795194,True
BC-Jackson2020,clinical_type,1,1,1.0,288,82,HR+HER2+,Cytokeratin 8/18,0.0,False
BC-Jackson2020,clinical_type,1,1,1.0,288,82,HR+HER2+,DNA1,0.29800520439263933,True
BC-Jackson2020,clinical_type,1,1,1.0,288,82,HR+HER2+,EGFR,-0.0030700833511398255,True
BC-Jackson2020,clinical_type,1,1,1.0,288,82,HR+HER2+,Ecadherin,-0.8768448082129293,True
BC-Jackson2020,clinical_type,1,1,1.0,288,82,HR+HER2+,Estrogen,-0.5090692416237862,True
BC-Jackson2020,clinical_type,1,1,1.0,288,82,HR+HER2+,Fibronectin,0.2818891399793371,True
BC-Jackson2020,clinical_type,1,1,1.0,288,82,HR+HER2+,GATA3,0.2698855021728353,True
BC-Jackson2020,clinical_type,1,1,1.0,288,82,HR+HER2+,Histone H3,0.4253487133659231,True
BC-Jackson2020,clinical_type,1,1,1.0,288,82,HR+HER2+,Keratin 14 (KRT14),0.0,False
BC-Jackson2020,clinical_type,1,1,1.0,288,82,HR+HER2+,Ki-67,-0.5634538409031526,True
BC-Jackson2020,clinical_type,1,1,1.0,288,82,HR+HER2+,Progesterone Receptor A/B,0.0,False
BC-Jackson2020,clinical_type,1,1,1.0,288,82,HR+HER2+,SMA,0.0,False
BC-Jackson2020,clinical_type,1,1,1.0,288,82,HR+HER2+,Slug,0.018230680450675663,True
BC-Jackson2020,clinical_type,1,1,1.0,288,82,HR+HER2+,Twist,0.0,False
BC-Jackson2020,clinical_type,1,1,1.0,288,82,HR+HER2+,Vimentin,0.0,False
BC-Jackson2020,clinical_type,1,1,1.0,288,82,HR+HER2+,c-Myc,-0.004794855369995382,True
BC-Jackson2020,clinical_type,1,1,1.0,288,82,HR+HER2+,c-erbB-2 - Her2,1.1227242835138989,True
BC-Jackson2020,clinical_type,1,1,1.0,288,82,HR+HER2+,cleaved PARP,-0.9868288510564857,True
BC-Jackson2020,clinical_type,1,1,1.0,288,82,HR+HER2+,p53,0.0,False
BC-Jackson2020,clinical_type,1,1,1.0,288,82,HR+HER2+,pan Cytokeratin,0.0,False
BC-Jackson2020,clinical_type,1,1,1.0,288,82,HR+HER2+,phospho-Histone,-0.2533713376777745,True
BC-Jackson2020,clinical_type,1,1,1.0,288,82,HR+HER2+,phospho-S6,0.0,False
BC-Jackson2020,clinical_type,1,1,1.0,288,82,HR+HER2+,phospho-mTOR,0.806846413731274,True
BC-Jackson2020,clinical_type,1,1,1.0,288,82,HR+HER2+,vWF,-0.18530337711430797,True
BC-Jackson2020,clinical_type,1,1,1.0,288,82,HR+HER2-,CD20,0.0049887720530504215,True
BC-Jackson2020,clinical_type,1,1,1.0,288,82,HR+HER2-,CD3,-0.5327425693373201,True
BC-Jackson2020,clinical_type,1,1,1.0,288,82,HR+HER2-,CD44,0.3298090232781655,True
BC-Jackson2020,clinical_type,1,1,1.0,288,82,HR+HER2-,CD45,0.0,False
BC-Jackson2020,clinical_type,1,1,1.0,288,82,HR+HER2-,CD68,0.044646033945850816,True
BC-Jackson2020,clinical_type,1,1,1.0,288,82,HR+HER2-,Carbonic Anhydrase IX,-0.23591652079143677,True
BC-Jackson2020,clinical_type,1,1,1.0,288,82,HR+HER2-,Cytokeratin 19,0.38557358366602135,True
BC-Jackson2020,clinical_type,1,1,1.0,288,82,HR+HER2-,Cytokeratin 5,0.0,False
BC-Jackson2020,clinical_type,1,1,1.0,288,82,HR+HER2-,Cytokeratin 7,0.0,False
BC-Jackson2020,clinical_type,1,1,1.0,288,82,HR+HER2-,Cytokeratin 8/18,0.0,False
BC-Jackson2020,clinical_type,1,1,1.0,288,82,HR+HER2-,DNA1,0.0,False
BC-Jackson2020,clinical_type,1,1,1.0,288,82,HR+HER2-,EGFR,0.07544568172160762,True
BC-Jackson2020,clinical_type,1,1,1.0,288,82,HR+HER2-,Ecadherin,0.0,False
BC-Jackson2020,clinical_type,1,1,1.0,288,82,HR+HER2-,Estrogen,0.38578847315783754,True
BC-Jackson2020,clinical_type,1,1,1.0,288,82,HR+HER2-,Fibronectin,0.022931269194428297,True
BC-Jackson2020,clinical_type,1,1,1.0,288,82,HR+HER2-,GATA3,0.9329488684305127,True
BC-Jackson2020,clinical_type,1,1,1.0,288,82,HR+HER2-,Histone H3,0.0,False
BC-Jackson2020,clinical_type,1,1,1.0,288,82,HR+HER2-,Keratin 14 (KRT14),0.0,False
BC-Jackson2020,clinical_type,1,1,1.0,288,82,HR+HER2-,Ki-67,-0.4122204849229567,True
BC-Jackson2020,clinical_type,1,1,1.0,288,82,HR+HER2-,Progesterone Receptor A/B,0.483687488125164,True
BC-Jackson2020,clinical_type,1,1,1.0,288,82,HR+HER2-,SMA,-0.2284311212702648,True
BC-Jackson2020,clinical_type,1,1,1.0,288,82,HR+HER2-,Slug,0.277024018169025,True
BC-Jackson2020,clinical_type,1,1,1.0,288,82,HR+HER2-,Twist,0.5024284855459195,True
BC-Jackson2020,clinical_type,1,1,1.0,288,82,HR+HER2-,Vimentin,-0.41743810018949995,True
BC-Jackson2020,clinical_type,1,1,1.0,288,82,HR+HER2-,c-Myc,0.13027296614303452,True
BC-Jackson2020,clinical_type,1,1,1.0,288,82,HR+HER2-,c-erbB-2 - Her2,-0.8598675932878059,True
BC-Jackson2020,clinical_type,1,1,1.0,288,82,HR+HER2-,cleaved PARP,-0.058146828801756506,True
BC-Jackson2020,clinical_type,1,1,1.0,288,82,HR+HER2-,p53,-1.078105976813005,True
BC-Jackson2020,clinical_type,1,1,1.0,288,82,HR+HER2-,pan Cytokeratin,-0.5962622439398628,True
BC-Jackson2020,clinical_type,1,1,1.0,288,82,HR+HER2-,phospho-Histone,0.018194901282510733,True
BC-Jackson2020,clinical_type,1,1,1.0,288,82,HR+HER2-,phospho-S6,0.31910836541889187,True
BC-Jackson2020,clinical_type,1,1,1.0,288,82,HR+HER2-,phospho-mTOR,-0.052321927572818866,True
BC-Jackson2020,clinical_type,1,1,1.0,288,82,HR+HER2-,vWF,0.0,False
BC-Jackson2020,clinical_type,1,1,1.0,288,82,HR-HER2+,CD20,-0.36925419007035964,True
BC-Jackson2020,clinical_type,1,1,1.0,288,82,HR-HER2+,CD3,0.9095765397763791,True
BC-Jackson2020,clinical_type,1,1,1.0,288,82,HR-HER2+,CD44,-0.3534757175994756,True
BC-Jackson2020,clinical_type,1,1,1.0,288,82,HR-HER2+,CD45,0.0,False
BC-Jackson2020,clinical_type,1,1,1.0,288,82,HR-HER2+,CD68,-0.11526648519077114,True
BC-Jackson2020,clinical_type,1,1,1.0,288,82,HR-HER2+,Carbonic Anhydrase IX,0.33912850479657103,True
BC-Jackson2020,clinical_type,1,1,1.0,288,82,HR-HER2+,Cytokeratin 19,-0.05344258381360514,True
BC-Jackson2020,clinical_type,1,1,1.0,288,82,HR-HER2+,Cytokeratin 5,0.04577963946457632,True
BC-Jackson2020,clinical_type,1,1,1.0,288,82,HR-HER2+,Cytokeratin 7,0.7846608608882911,True
BC-Jackson2020,clinical_type,1,1,1.0,288,82,HR-HER2+,Cytokeratin 8/18,-0.21157417293381986,True
BC-Jackson2020,clinical_type,1,1,1.0,288,82,HR-HER2+,DNA1,-0.5236714309313588,True
BC-Jackson2020,clinical_type,1,1,1.0,288,82,HR-HER2+,EGFR,-0.9501340141982038,True
BC-Jackson2020,clinical_type,1,1,1.0,288,82,HR-HER2+,Ecadherin,0.3898866774356531,True
BC-Jackson2020,clinical_type,1,1,1.0,288,82,HR-HER2+,Estrogen,-0.5774865808199936,True
BC-Jackson2020,clinical_type,1,1,1.0,288,82,HR-HER2+,Fibronectin,-0.04598371341732993,True
BC-Jackson2020,clinical_type,1,1,1.0,288,82,HR-HER2+,GATA3,-0.187126895715021,True
BC-Jackson2020,clinical_type,1,1,1.0,288,82,HR-HER2+,Histone H3,0.0,False
BC-Jackson2020,clinical_type,1,1,1.0,288,82,HR-HER2+,Keratin 14 (KRT14),0.0,False
BC-Jackson2020,clinical_type,1,1,1.0,288,82,HR-HER2+,Ki-67,0.4241452666286166,True
BC-Jackson2020,clinical_type,1,1,1.0,288,82,HR-HER2+,Progesterone Receptor A/B,-1.3373038505021526,True
BC-Jackson2020,clinical_type,1,1,1.0,288,82,HR-HER2+,SMA,0.0,False
BC-Jackson2020,clinical_type,1,1,1.0,288,82,HR-HER2+,Slug,-0.9574351261093624,True
BC-Jackson2020,clinical_type,1,1,1.0,288,82,HR-HER2+,Twist,0.0,False
BC-Jackson2020,clinical_type,1,1,1.0,288,82,HR-HER2+,Vimentin,0.17200678069501174,True
BC-Jackson2020,clinical_type,1,1,1.0,288,82,HR-HER2+,c-Myc,-0.19819271796093585,True
BC-Jackson2020,clinical_type,1,1,1.0,288,82,HR-HER2+,c-erbB-2 - Her2,0.6436732367079291,True
BC-Jackson2020,clinical_type,1,1,1.0,288,82,HR-HER2+,cleaved PARP,0.3781615200862158,True
BC-Jackson2020,clinical_type,1,1,1.0,288,82,HR-HER2+,p53,0.0,False
BC-Jackson2020,clinical_type,1,1,1.0,288,82,HR-HER2+,pan Cytokeratin,0.0,False
BC-Jackson2020,clinical_type,1,1,1.0,288,82,HR-HER2+,phospho-Histone,0.28819540834854485,True
BC-Jackson2020,clinical_type,1,1,1.0,288,82,HR-HER2+,phospho-S6,-0.27249473425935944,True
BC-Jackson2020,clinical_type,1,1,1.0,288,82,HR-HER2+,phospho-mTOR,0.13792506876010915,True
BC-Jackson2020,clinical_type,1,1,1.0,288,82,HR-HER2+,vWF,0.0,False
BC-Jackson2020,clinical_type,1,1,1.0,288,82,TripleNeg,CD20,0.0,False
BC-Jackson2020,clinical_type,1,1,1.0,288,82,TripleNeg,CD3,-0.017751837525891007,True
BC-Jackson2020,clinical_type,1,1,1.0,288,82,TripleNeg,CD44,-0.05031271980398973,True
BC-Jackson2020,clinical_type,1,1,1.0,288,82,TripleNeg,CD45,0.09762615928447763,True
BC-Jackson2020,clinical_type,1,1,1.0,288,82,TripleNeg,CD68,0.09314065258121612,True
BC-Jackson2020,clinical_type,1,1,1.0,288,82,TripleNeg,Carbonic Anhydrase IX,0.022778793653426124,True
BC-Jackson2020,clinical_type,1,1,1.0,288,82,TripleNeg,Cytokeratin 19,0.09255331253806973,True
BC-Jackson2020,clinical_type,1,1,1.0,288,82,TripleNeg,Cytokeratin 5,0.0,False
BC-Jackson2020,clinical_type,1,1,1.0,288,82,TripleNeg,Cytokeratin 7,0.0,False
BC-Jackson2020,clinical_type,1,1,1.0,288,82,TripleNeg,Cytokeratin 8/18,0.0,False
BC-Jackson2020,clinical_type,1,1,1.0,288,82,TripleNeg,DNA1,0.0,False
BC-Jackson2020,clinical_type,1,1,1.0,288,82,TripleNeg,EGFR,0.9472502445194794,True
BC-Jackson2020,clinical_type,1,1,1.0,288,82,TripleNeg,Ecadherin,0.0,False
BC-Jackson2020,clinical_type,1,1,1.0,288,82,TripleNeg,Estrogen,0.701799011159042,True
BC-Jackson2020,clinical_type,1,1,1.0,288,82,TripleNeg,Fibronectin,-0.1328140179246291,True
BC-Jackson2020,clinical_type,1,1,1.0,288,82,TripleNeg,GATA3,-1.013330793438952,True
BC-Jackson2020,clinical_type,1,1,1.0,288,82,TripleNeg,Histone H3,-0.05880350889693928,True
BC-Jackson2020,clinical_type,1,1,1.0,288,82,TripleNeg,Keratin 14 (KRT14),-0.27322087649222176,True
BC-Jackson2020,clinical_type,1,1,1.0,288,82,TripleNeg,Ki-67,0.54741334252752,True
BC-Jackson2020,clinical_type,1,1,1.0,288,82,TripleNeg,Progesterone Receptor A/B,0.08505487095575152,True
BC-Jackson2020,clinical_type,1,1,1.0,288,82,TripleNeg,SMA,0.008248999176126672,True
BC-Jackson2020,clinical_type,1,1,1.0,288,82,TripleNeg,Slug,0.0,False
BC-Jackson2020,clinical_type,1,1,1.0,288,82,TripleNeg,Twist,-0.7602010097500413,True
BC-Jackson2020,clinical_type,1,1,1.0,288,82,TripleNeg,Vimentin,0.0,False
BC-Jackson2020,clinical_type,1,1,1.0,288,82,TripleNeg,c-Myc,0.029128984076800864,True
BC-Jackson2020,clinical_type,1,1,1.0,288,82,TripleNeg,c-erbB-2 - Her2,-0.9084473466325871,True
BC-Jackson2020,clinical_type,1,1,1.0,288,82,TripleNeg,cleaved PARP,0.6567464911936814,True
BC-Jackson2020,clinical_type,1,1,1.0,288,82,TripleNeg,p53,0.00408382174677743,True
BC-Jackson2020,clinical_type,1,1,1.0,288,82,TripleNeg,pan Cytokeratin,0.5100100531554342,True
BC-Jackson2020,clinical_type,1,1,1.0,288,82,TripleNeg,phospho-Histone,-0.017078910889531243,True
BC-Jackson2020,clinical_type,1,1,1.0,288,82,TripleNeg,phospho-S6,0.0,False
BC-Jackson2020,clinical_type,1,1,1.0,288,82,TripleNeg,phospho-mTOR,-0.837990958543277,True
BC-Jackson2020,clinical_type,1,1,1.0,288,82,TripleNeg,vWF,0.1338417101590438,True
BC-Jackson2020,clinical_type,1,2,1.0,296,74,HR+HER2+,CD20,0.9954750125017258,True
BC-Jackson2020,clinical_type,1,2,1.0,296,74,HR+HER2+,CD3,0.22083760181593542,True
BC-Jackson2020,clinical_type,1,2,1.0,296,74,HR+HER2+,CD44,0.0,False
BC-Jackson2020,clinical_type,1,2,1.0,296,74,HR+HER2+,CD45,-1.6480505531965939,True
BC-Jackson2020,clinical_type,1,2,1.0,296,74,HR+HER2+,CD68,0.0,False
BC-Jackson2020,clinical_type,1,2,1.0,296,74,HR+HER2+,Carbonic Anhydrase IX,-0.6953364647011139,True
BC-Jackson2020,clinical_type,1,2,1.0,296,74,HR+HER2+,Cytokeratin 19,-0.5207401074321811,True
BC-Jackson2020,clinical_type,1,2,1.0,296,74,HR+HER2+,Cytokeratin 5,0.0,False
BC-Jackson2020,clinical_type,1,2,1.0,296,74,HR+HER2+,Cytokeratin 7,-0.719362018455712,True
BC-Jackson2020,clinical_type,1,2,1.0,296,74,HR+HER2+,Cytokeratin 8/18,0.0,False
BC-Jackson2020,clinical_type,1,2,1.0,296,74,HR+HER2+,DNA1,0.14622842623257223,True
BC-Jackson2020,clinical_type,1,2,1.0,296,74,HR+HER2+,EGFR,-0.48126502845819275,True
BC-Jackson2020,clinical_type,1,2,1.0,296,74,HR+HER2+,Ecadherin,-0.4240381971066715,True
BC-Jackson2020,clinical_type,1,2,1.0,296,74,HR+HER2+,Estrogen,-0.06295849135437336,True
BC-Jackson2020,clinical_type,1,2,1.0,296,74,HR+HER2+,Fibronectin,0.4175589714281097,True
BC-Jackson2020,clinical_type,1,2,1.0,296,74,HR+HER2+,GATA3,0.0,False
BC-Jackson2020,clinical_type,1,2,1.0,296,74,HR+HER2+,Histone H3,0.41592223912308984,True
BC-Jackson2020,clinical_type,1,2,1.0,296,74,HR+HER2+,Keratin 14 (KRT14),0.0,False
BC-Jackson2020,clinical_type,1,2,1.0,296,74,HR+HER2+,Ki-67,-0.5793744050576977,True
BC-Jackson2020,clinical_type,1,2,1.0,296,74,HR+HER2+,Progesterone Receptor A/B,0.0,False
BC-Jackson2020,clinical_type,1,2,1.0,296,74,HR+HER2+,SMA,0.0,False
BC-Jackson2020,clinical_type,1,2,1.0,296,74,HR+HER2+,Slug,0.0,False
BC-Jackson2020,clinical_type,1,2,1.0,296,74,HR+HER2+,Twist,-0.017703023432944234,True
BC-Jackson2020,clinical_type,1,2,1.0,296,74,HR+HER2+,Vimentin,-0.14272954002550842,True
BC-Jackson2020,clinical_type,1,2,1.0,296,74,HR+HER2+,c-Myc,-0.45999167919759343,True
BC-Jackson2020,clinical_type,1,2,1.0,296,74,HR+HER2+,c-erbB-2 - Her2,0.7779803002811554,True
BC-Jackson2020,clinical_type,1,2,1.0,296,74,HR+HER2+,cleaved PARP,-0.25740364927315806,True
BC-Jackson2020,clinical_type,1,2,1.0,296,74,HR+HER2+,p53,0.06063346992563343,True
BC-Jackson2020,clinical_type,1,2,1.0,296,74,HR+HER2+,pan Cytokeratin,0.0,False
BC-Jackson2020,clinical_type,1,2,1.0,296,74,HR+HER2+,phospho-Histone,0.0,False
BC-Jackson2020,clinical_type,1,2,1.0,296,74,HR+HER2+,phospho-S6,0.0,False
BC-Jackson2020,clinical_type,1,2,1.0,296,74,HR+HER2+,phospho-mTOR,1.114667781756819,True
BC-Jackson2020,clinical_type,1,2,1.0,296,74,HR+HER2+,vWF,0.0,False
BC-Jackson2020,clinical_type,1,2,1.0,296,74,HR+HER2-,CD20,-0.4248963053661382,True
BC-Jackson2020,clinical_type,1,2,1.0,296,74,HR+HER2-,CD3,-0.24791274553685969,True
BC-Jackson2020,clinical_type,1,2,1.0,296,74,HR+HER2-,CD44,0.1231930322204025,True
BC-Jackson2020,clinical_type,1,2,1.0,296,74,HR+HER2-,CD45,-1.1834339191047485e-05,True
BC-Jackson2020,clinical_type,1,2,1.0,296,74,HR+HER2-,CD68,0.0,False
BC-Jackson2020,clinical_type,1,2,1.0,296,74,HR+HER2-,Carbonic Anhydrase IX,0.0,False
BC-Jackson2020,clinical_type,1,2,1.0,296,74,HR+HER2-,Cytokeratin 19,0.0,False
BC-Jackson2020,clinical_type,1,2,1.0,296,74,HR+HER2-,Cytokeratin 5,0.0,False
BC-Jackson2020,clinical_type,1,2,1.0,296,74,HR+HER2-,Cytokeratin 7,0.04586605531879302,True
BC-Jackson2020,clinical_type,1,2,1.0,296,74,HR+HER2-,Cytokeratin 8/18,0.0,False
BC-Jackson2020,clinical_type,1,2,1.0,296,74,HR+HER2-,DNA1,0.0,False
BC-Jackson2020,clinical_type,1,2,1.0,296,74,HR+HER2-,EGFR,0.0,False
BC-Jackson2020,clinical_type,1,2,1.0,296,74,HR+HER2-,Ecadherin,0.1288193308834909,True
BC-Jackson2020,clinical_type,1,2,1.0,296,74,HR+HER2-,Estrogen,0.9362386821675459,True
BC-Jackson2020,clinical_type,1,2,1.0,296,74,HR+HER2-,Fibronectin,0.23609306541843866,True
BC-Jackson2020,clinical_type,1,2,1.0,296,74,HR+HER2-,GATA3,0.5691995181674212,True
BC-Jackson2020,clinical_type,1,2,1.0,296,74,HR+HER2-,Histone H3,0.0,False
BC-Jackson2020,clinical_type,1,2,1.0,296,74,HR+HER2-,Keratin 14 (KRT14),0.0,False
BC-Jackson2020,clinical_type,1,2,1.0,296,74,HR+HER2-,Ki-67,-0.035483761135991755,True
BC-Jackson2020,clinical_type,1,2,1.0,296,74,HR+HER2-,Progesterone Receptor A/B,1.3976689256718837,True
BC-Jackson2020,clinical_type,1,2,1.0,296,74,HR+HER2-,SMA,0.0,False
BC-Jackson2020,clinical_type,1,2,1.0,296,74,HR+HER2-,Slug,0.0,False
BC-Jackson2020,clinical_type,1,2,1.0,296,74,HR+HER2-,Twist,0.022018659769365515,True
BC-Jackson2020,clinical_type,1,2,1.0,296,74,HR+HER2-,Vimentin,-0.3130126870110526,True
BC-Jackson2020,clinical_type,1,2,1.0,296,74,HR+HER2-,c-Myc,0.12180487848762317,True
BC-Jackson2020,clinical_type,1,2,1.0,296,74,HR+HER2-,c-erbB-2 - Her2,-1.0696170258348774,True
BC-Jackson2020,clinical_type,1,2,1.0,296,74,HR+HER2-,cleaved PARP,0.0,False
BC-Jackson2020,clinical_type,1,2,1.0,296,74,HR+HER2-,p53,-0.7426801369409071,True
BC-Jackson2020,clinical_type,1,2,1.0,296,74,HR+HER2-,pan Cytokeratin,-0.22725307598645378,True
BC-Jackson2020,clinical_type,1,2,1.0,296,74,HR+HER2-,phospho-Histone,0.0,False
BC-Jackson2020,clinical_type,1,2,1.0,296,74,HR+HER2-,phospho-S6,0.42625347432215976,True
BC-Jackson2020,clinical_type,1,2,1.0,296,74,HR+HER2-,phospho-mTOR,-0.21169975376617595,True
BC-Jackson2020,clinical_type,1,2,1.0,296,74,HR+HER2-,vWF,-0.11979751872689869,True
BC-Jackson2020,clinical_type,1,2,1.0,296,74,HR-HER2+,CD20,3.382700399378688e-07,True
BC-Jackson2020,clinical_type,1,2,1.0,296,74,HR-HER2+,CD3,0.4314447972985179,True
BC-Jackson2020,clinical_type,1,2,1.0,296,74,HR-HER2+,CD44,0.0,False
BC-Jackson2020,clinical_type,1,2,1.0,296,74,HR-HER2+,CD45,0.05818461275095592,True
BC-Jackson2020,clinical_type,1,2,1.0,296,74,HR-HER2+,CD68,0.0,False
BC-Jackson2020,clinical_type,1,2,1.0,296,74,HR-HER2+,Carbonic Anhydrase IX,0.5326956739590805,True
BC-Jackson2020,clinical_type,1,2,1.0,296,74,HR-HER2+,Cytokeratin 19,0.017851110925865502,True
BC-Jackson2020,clinical_type,1,2,1.0,296,74,HR-HER2+,Cytokeratin 5,0.0,False
BC-Jackson2020,clinical_type,1,2,1.0,296,74,HR-HER2+,Cytokeratin 7,0.3626705023101743,True
BC-Jackson2020,clinical_type,1,2,1.0,296,74,HR-HER2+,Cytokeratin 8/18,0.06130585772100533,True
BC-Jackson2020,clinical_type,1,2,1.0,296,74,HR-HER2+,DNA1,-0.2221496317964742,True
BC-Jackson2020,clinical_type,1,2,1.0,296,74,HR-HER2+,EGFR,-0.4126760331692134,True
BC-Jackson2020,clinical_type,1,2,1.0,296,74,HR-HER2+,Ecadherin,0.0,False
BC-Jackson2020,clinical_type,1,2,1.0,296,74,HR-HER2+,Estrogen,-1.595794234468157,True
BC-Jackson2020,clinical_type,1,2,1.0,296,74,HR-HER2+,Fibronectin,-0.22249001539509106,True
BC-Jackson2020,clinical_type,1,2,1.0,296,74,HR-HER2+,GATA3,-0.6800807799467207,True
BC-Jackson2020,clinical_type,1,2,1.0,296,74,HR-HER2+,Histone H3,0.0,False
BC-Jackson2020,clinical_type,1,2,1.0,296,74,HR-HER2+,Keratin 14 (KRT14),0.4316489166085115,True
BC-Jackson2020,clinical_type,1,2,1.0,296,74,HR-HER2+,Ki-67,0.17701627482820237,True
BC-Jackson2020,clinical_type,1,2,1.0,296,74,HR-HER2+,Progesterone Receptor A/B,-2.9861580654539286,True
BC-Jackson2020,clinical_type,1,2,1.0,296,74,HR-HER2+,SMA,0.0,False
BC-Jackson2020,clinical_type,1,2,1.0,296,74,HR-HER2+,Slug,-1.4291011262248503,True
BC-Jackson2020,clinical_type,1,2,1.0,296,74,HR-HER2+,Twist,0.7229559141373385,True
BC-Jackson2020,clinical_type,1,2,1.0,296,74,HR-HER2+,Vimentin,0.31517664272180307,True
BC-Jackson2020,clinical_type,1,2,1.0,296,74,HR-HER2+,c-Myc,0.0,False
BC-Jackson2020,clinical_type,1,2,1.0,296,74,HR-HER2+,c-erbB-2 - Her2,1.409130416039237,True
BC-Jackson2020,clinical_type,1,2,1.0,296,74,HR-HER2+,cleaved PARP,0.0,False
BC-Jackson2020,clinical_type,1,2,1.0,296,74,HR-HER2+,p53,0.0,False
BC-Jackson2020,clinical_type,1,2,1.0,296,74,HR-HER2+,pan Cytokeratin,0.0,False
BC-Jackson2020,clinical_type,1,2,1.0,296,74,HR-HER2+,phospho-Histone,0.6554828267691727,True
BC-Jackson2020,clinical_type,1,2,1.0,296,74,HR-HER2+,phospho-S6,-0.38578800429541954,True
BC-Jackson2020,clinical_type,1,2,1.0,296,74,HR-HER2+,phospho-mTOR,0.0023551482539452915,True
BC-Jackson2020,clinical_type,1,2,1.0,296,74,HR-HER2+,vWF,0.0,False
BC-Jackson2020,clinical_type,1,2,1.0,296,74,TripleNeg,CD20,-0.1430376420152158,True
BC-Jackson2020,clinical_type,1,2,1.0,296,74,TripleNeg,CD3,-0.19072365684606507,True
BC-Jackson2020,clinical_type,1,2,1.0,296,74,TripleNeg,CD44,-0.1640170829402663,True
BC-Jackson2020,clinical_type,1,2,1.0,296,74,TripleNeg,CD45,0.11778782802824926,True
BC-Jackson2020,clinical_type,1,2,1.0,296,74,TripleNeg,CD68,0.49155614547406956,True
BC-Jackson2020,clinical_type,1,2,1.0,296,74,TripleNeg,Carbonic Anhydrase IX,0.06948443645455463,True
BC-Jackson2020,clinical_type,1,2,1.0,296,74,TripleNeg,Cytokeratin 19,0.0,False
BC-Jackson2020,clinical_type,1,2,1.0,296,74,TripleNeg,Cytokeratin 5,0.0,False
BC-Jackson2020,clinical_type,1,2,1.0,296,74,TripleNeg,Cytokeratin 7,0.0,False
BC-Jackson2020,clinical_type,1,2,1.0,296,74,TripleNeg,Cytokeratin 8/18,-0.7970380884093178,True
BC-Jackson2020,clinical_type,1,2,1.0,296,74,TripleNeg,DNA1,0.0,False
BC-Jackson2020,clinical_type,1,2,1.0,296,74,TripleNeg,EGFR,1.5724323534847913,True
BC-Jackson2020,clinical_type,1,2,1.0,296,74,TripleNeg,Ecadherin,0.0,False
BC-Jackson2020,clinical_type,1,2,1.0,296,74,TripleNeg,Estrogen,0.7380856841111573,True
BC-Jackson2020,clinical_type,1,2,1.0,296,74,TripleNeg,Fibronectin,-0.43899835581650953,True
BC-Jackson2020,clinical_type,1,2,1.0,296,74,TripleNeg,GATA3,0.0,False
BC-Jackson2020,clinical_type,1,2,1.0,296,74,TripleNeg,Histone H3,-0.018772867479023927,True
BC-Jackson2020,clinical_type,1,2,1.0,296,74,TripleNeg,Keratin 14 (KRT14),-0.16725177624616905,True
BC-Jackson2020,clinical_type,1,2,1.0,296,74,TripleNeg,Ki-67,0.447336518857827,True
BC-Jackson2020,clinical_type,1,2,1.0,296,74,TripleNeg,Progesterone Receptor A/B,0.0,False
BC-Jackson2020,clinical_type,1,2,1.0,296,74,TripleNeg,SMA,0.5525754113210527,True
BC-Jackson2020,clinical_type,1,2,1.0,296,74,TripleNeg,Slug,0.0,False
BC-Jackson2020,clinical_type,1,2,1.0,296,74,TripleNeg,Twist,-1.139750102703159,True
BC-Jackson2020,clinical_type,1,2,1.0,296,74,TripleNeg,Vimentin,0.14491947426935095,True
BC-Jackson2020,clinical_type,1,2,1.0,296,74,TripleNeg,c-Myc,0.0,False
BC-Jackson2020,clinical_type,1,2,1.0,296,74,TripleNeg,c-erbB-2 - Her2,-1.104064825082473,True
BC-Jackson2020,clinical_type,1,2,1.0,296,74,TripleNeg,cleaved PARP,0.6446742790167436,True
BC-Jackson2020,clinical_type,1,2,1.0,296,74,TripleNeg,p53,0.0,False
BC-Jackson2020,clinical_type,1,2,1.0,296,74,TripleNeg,pan Cytokeratin,0.13918711627343971,True
BC-Jackson2020,clinical_type,1,2,1.0,296,74,TripleNeg,phospho-Histone,0.0,False
BC-Jackson2020,clinical_type,1,2,1.0,296,74,TripleNeg,phospho-S6,0.0,False
BC-Jackson2020,clinical_type,1,2,1.0,296,74,TripleNeg,phospho-mTOR,-0.24664465738738425,True
BC-Jackson2020,clinical_type,1,2,1.0,296,74,TripleNeg,vWF,0.08696755816376131,True
BC-Jackson2020,clinical_type,1,3,1.0,302,68,HR+HER2+,CD20,0.42981567659416814,True
BC-Jackson2020,clinical_type,1,3,1.0,302,68,HR+HER2+,CD3,0.281624697923212,True
BC-Jackson2020,clinical_type,1,3,1.0,302,68,HR+HER2+,CD44,0.0,False
BC-Jackson2020,clinical_type,1,3,1.0,302,68,HR+HER2+,CD45,-0.8226730927374823,True
BC-Jackson2020,clinical_type,1,3,1.0,302,68,HR+HER2+,CD68,-0.24818970451516217,True
BC-Jackson2020,clinical_type,1,3,1.0,302,68,HR+HER2+,Carbonic Anhydrase IX,0.0,False
BC-Jackson2020,clinical_type,1,3,1.0,302,68,HR+HER2+,Cytokeratin 19,-0.5804331244709582,True
BC-Jackson2020,clinical_type,1,3,1.0,302,68,HR+HER2+,Cytokeratin 5,-0.988039828367674,True
BC-Jackson2020,clinical_type,1,3,1.0,302,68,HR+HER2+,Cytokeratin 7,-1.5908995253639497,True
BC-Jackson2020,clinical_type,1,3,1.0,302,68,HR+HER2+,Cytokeratin 8/18,0.36750273556849555,True
BC-Jackson2020,clinical_type,1,3,1.0,302,68,HR+HER2+,DNA1,0.4424608168488413,True
BC-Jackson2020,clinical_type,1,3,1.0,302,68,HR+HER2+,EGFR,0.0,False
BC-Jackson2020,clinical_type,1,3,1.0,302,68,HR+HER2+,Ecadherin,-0.91477763743279,True
BC-Jackson2020,clinical_type,1,3,1.0,302,68,HR+HER2+,Estrogen,-0.2907008624629344,True
BC-Jackson2020,clinical_type,1,3,1.0,302,68,HR+HER2+,Fibronectin,0.38745808349372524,True
BC-Jackson2020,clinical_type,1,3,1.0,302,68,HR+HER2+,GATA3,0.0,False
BC-Jackson2020,clinical_type,1,3,1.0,302,68,HR+HER2+,Histone H3,0.3741056853493238,True
BC-Jackson2020,clinical_type,1,3,1.0,302,68,HR+HER2+,Keratin 14 (KRT14),0.0,False
BC-Jackson2020,clinical_type,1,3,1.0,302,68,HR+HER2+,Ki-67,-0.6486155850496667,True
BC-Jackson2020,clinical_type,1,3,1.0,302,68,HR+HER2+,Progesterone Receptor A/B,0.0,False
BC-Jackson2020,clinical_type,1,3,1.0,302,68,HR+HER2+,SMA,0.0,False
BC-Jackson2020,clinical_type,1,3,1.0,302,68,HR+HER2+,Slug,0.18139267403341053,True
BC-Jackson2020,clinical_type,1,3,1.0,302,68,HR+HER2+,Twist,0.0,False
BC-Jackson2020,clinical_type,1,3,1.0,302,68,HR+HER2+,Vimentin,-0.10231031131405087,True
BC-Jackson2020,clinical_type,1,3,1.0,302,68,HR+HER2+,c-Myc,-0.13467239534320977,True
BC-Jackson2020,clinical_type,1,3,1.0,302,68,HR+HER2+,c-erbB-2 - Her2,1.379485788885471,True
BC-Jackson2020,clinical_type,1,3,1.0,302,68,HR+HER2+,cleaved PARP,-0.7345106415986623,True
BC-Jackson2020,clinical_type,1,3,1.0,302,68,HR+HER2+,p53,-0.4155282714438705,True
BC-Jackson2020,clinical_type,1,3,1.0,302,68,HR+HER2+,pan Cytokeratin,0.0,False
BC-Jackson2020,clinical_type,1,3,1.0,302,68,HR+HER2+,phospho-Histone,0.0,False
BC-Jackson2020,clinical_type,1,3,1.0,302,68,HR+HER2+,phospho-S6,-0.020940764343746865,True
BC-Jackson2020,clinical_type,1,3,1.0,302,68,HR+HER2+,phospho-mTOR,0.8826864787962917,True
BC-Jackson2020,clinical_type,1,3,1.0,302,68,HR+HER2+,vWF,-0.1110568877931515,True
BC-Jackson2020,clinical_type,1,3,1.0,302,68,HR+HER2-,CD20,0.009428139332792596,True
BC-Jackson2020,clinical_type,1,3,1.0,302,68,HR+HER2-,CD3,-0.31766061856382766,True
BC-Jackson2020,clinical_type,1,3,1.0,302,68,HR+HER2-,CD44,0.24460462064789443,True
BC-Jackson2020,clinical_type,1,3,1.0,302,68,HR+HER2-,CD45,0.20227329583258744,True
BC-Jackson2020,clinical_type,1,3,1.0,302,68,HR+HER2-,CD68,-0.13878870452229314,True
BC-Jackson2020,clinical_type,1,3,1.0,302,68,HR+HER2-,Carbonic Anhydrase IX,-0.33848318695897467,True
BC-Jackson2020,clinical_type,1,3,1.0,302,68,HR+HER2-,Cytokeratin 19,0.47872641163087365,True
BC-Jackson2020,clinical_type,1,3,1.0,302,68,HR+HER2-,Cytokeratin 5,-4.102431113634594e-07,True
BC-Jackson2020,clinical_type,1,3,1.0,302,68,HR+HER2-,Cytokeratin 7,0.0,False
BC-Jackson2020,clinical_type,1,3,1.0,302,68,HR+HER2-,Cytokeratin 8/18,0.35887207317062,True
BC-Jackson2020,clinical_type,1,3,1.0,302,68,HR+HER2-,DNA1,0.0,False
BC-Jackson2020,clinical_type,1,3,1.0,302,68,HR+HER2-,EGFR,0.0,False
BC-Jackson2020,clinical_type,1,3,1.0,302,68,HR+HER2-,Ecadherin,0.0,False
BC-Jackson2020,clinical_type,1,3,1.0,302,68,HR+HER2-,Estrogen,0.1109285403129179,True
BC-Jackson2020,clinical_type,1,3,1.0,302,68,HR+HER2-,Fibronectin,0.11469423304626229,True
BC-Jackson2020,clinical_type,1,3,1.0,302,68,HR+HER2-,GATA3,1.3459433708811888,True
BC-Jackson2020,clinical_type,1,3,1.0,302,68,HR+HER2-,Histone H3,0.0,False
BC-Jackson2020,clinical_type,1,3,1.0,302,68,HR+HER2-,Keratin 14 (KRT14),0.08065185521874291,True
BC-Jackson2020,clinical_type,1,3,1.0,302,68,HR+HER2-,Ki-67,-0.1960197550198049,True
BC-Jackson2020,clinical_type,1,3,1.0,302,68,HR+HER2-,Progesterone Receptor A/B,0.8327361671747746,True
BC-Jackson2020,clinical_type,1,3,1.0,302,68,HR+HER2-,SMA,-0.13989271671172115,True
BC-Jackson2020,clinical_type,1,3,1.0,302,68,HR+HER2-,Slug,0.0,False
BC-Jackson2020,clinical_type,1,3,1.0,302,68,HR+HER2-,Twist,0.1176089326969688,True
BC-Jackson2020,clinical_type,1,3,1.0,302,68,HR+HER2-,Vimentin,-0.2940487423812696,True
BC-Jackson2020,clinical_type,1,3,1.0,302,68,HR+HER2-,c-Myc,0.16656980443874217,True
BC-Jackson2020,clinical_type,1,3,1.0,302,68,HR+HER2-,c-erbB-2 - Her2,-1.1913550301559401,True
BC-Jackson2020,clinical_type,1,3,1.0,302,68,HR+HER2-,cleaved PARP,0.0,False
BC-Jackson2020,clinical_type,1,3,1.0,302,68,HR+HER2-,p53,-0.0049806571121333906,True
BC-Jackson2020,clinical_type,1,3,1.0,302,68,HR+HER2-,pan Cytokeratin,-0.9905415389581576,True
BC-Jackson2020,clinical_type,1,3,1.0,302,68,HR+HER2-,phospho-Histone,0.012317758468418373,True
BC-Jackson2020,clinical_type,1,3,1.0,302,68,HR+HER2-,phospho-S6,0.17811550511535204,True
BC-Jackson2020,clinical_type,1,3,1.0,302,68,HR+HER2-,phospho-mTOR,-0.24440484642755425,True
BC-Jackson2020,clinical_type,1,3,1.0,302,68,HR+HER2-,vWF,-0.3217777805643546,True
BC-Jackson2020,clinical_type,1,3,1.0,302,68,HR-HER2+,CD20,-0.32960923779602136,True
BC-Jackson2020,clinical_type,1,3,1.0,302,68,HR-HER2+,CD3,0.0,False
BC-Jackson2020,clinical_type,1,3,1.0,302,68,HR-HER2+,CD44,-0.7190071137561472,True
BC-Jackson2020,clinical_type,1,3,1.0,302,68,HR-HER2+,CD45,0.2032094703156279,True
BC-Jackson2020,clinical_type,1,3,1.0,302,68,HR-HER2+,CD68,0.0020173624757356956,True
BC-Jackson2020,clinical_type,1,3,1.0,302,68,HR-HER2+,Carbonic Anhydrase IX,0.401013552834051,True
BC-Jackson2020,clinical_type,1,3,1.0,302,68,HR-HER2+,Cytokeratin 19,0.0,False
BC-Jackson2020,clinical_type,1,3,1.0,302,68,HR-HER2+,Cytokeratin 5,0.21479346133903032,True
BC-Jackson2020,clinical_type,1,3,1.0,302,68,HR-HER2+,Cytokeratin 7,0.21649505938362043,True
BC-Jackson2020,clinical_type,1,3,1.0,302,68,HR-HER2+,Cytokeratin 8/18,-0.46267636439832094,True
BC-Jackson2020,clinical_type,1,3,1.0,302,68,HR-HER2+,DNA1,-0.40630749831457186,True
BC-Jackson2020,clinical_type,1,3,1.0,302,68,HR-HER2+,EGFR,-0.881549441580744,True
BC-Jackson2020,clinical_type,1,3,1.0,302,68,HR-HER2+,Ecadherin,0.0,False
BC-Jackson2020,clinical_type,1,3,1.0,302,68,HR-HER2+,Estrogen,-0.6542126237137511,True
BC-Jackson2020,clinical_type,1,3,1.0,302,68,HR-HER2+,Fibronectin,-0.09518876122162193,True
BC-Jackson2020,clinical_type,1,3,1.0,302,68,HR-HER2+,GATA3,0.0,False
BC-Jackson2020,clinical_type,1,3,1.0,302,68,HR-HER2+,Histone H3,0.0,False
BC-Jackson2020,clinical_type,1,3,1.0,302,68,HR-HER2+,Keratin 14 (KRT14),0.0,False
BC-Jackson2020,clinical_type,1,3,1.0,302,68,HR-HER2+,Ki-67,0.11338370679811323,True
BC-Jackson2020,clinical_type,1,3,1.0,302,68,HR-HER2+,Progesterone Receptor A/B,-1.1999578422880641,True
BC-Jackson2020,clinical_type,1,3,1.0,302,68,HR-HER2+,SMA,0.18820442231889523,True
BC-Jackson2020,clinical_type,1,3,1.0,302,68,HR-HER2+,Slug,-0.25194238088924065,True
BC-Jackson2020,clinical_type,1,3,1.0,302,68,HR-HER2+,Twist,0.0,False
BC-Jackson2020,clinical_type,1,3,1.0,302,68,HR-HER2+,Vimentin,0.3035431205076574,True
BC-Jackson2020,clinical_type,1,3,1.0,302,68,HR-HER2+,c-Myc,-0.09577097184001086,True
BC-Jackson2020,clinical_type,1,3,1.0,302,68,HR-HER2+,c-erbB-2 - Her2,0.9976371334579858,True
BC-Jackson2020,clinical_type,1,3,1.0,302,68,HR-HER2+,cleaved PARP,0.09791700433977485,True
BC-Jackson2020,clinical_type,1,3,1.0,302,68,HR-HER2+,p53,0.23076450193633524,True
BC-Jackson2020,clinical_type,1,3,1.0,302,68,HR-HER2+,pan Cytokeratin,0.0,False
BC-Jackson2020,clinical_type,1,3,1.0,302,68,HR-HER2+,phospho-Histone,0.0,False
BC-Jackson2020,clinical_type,1,3,1.0,302,68,HR-HER2+,phospho-S6,-0.25560595757907173,True
BC-Jackson2020,clinical_type,1,3,1.0,302,68,HR-HER2+,phospho-mTOR,0.2150834514627319,True
BC-Jackson2020,clinical_type,1,3,1.0,302,68,HR-HER2+,vWF,0.37082362745523423,True
BC-Jackson2020,clinical_type,1,3,1.0,302,68,TripleNeg,CD20,-0.11135292903060831,True
BC-Jackson2020,clinical_type,1,3,1.0,302,68,TripleNeg,CD3,0.0,False
BC-Jackson2020,clinical_type,1,3,1.0,302,68,TripleNeg,CD44,0.0,False
BC-Jackson2020,clinical_type,1,3,1.0,302,68,TripleNeg,CD45,0.0,False
BC-Jackson2020,clinical_type,1,3,1.0,302,68,TripleNeg,CD68,0.38547138343580545,True
BC-Jackson2020,clinical_type,1,3,1.0,302,68,TripleNeg,Carbonic Anhydrase IX,0.0,False
BC-Jackson2020,clinical_type,1,3,1.0,302,68,TripleNeg,Cytokeratin 19,0.0,False
BC-Jackson2020,clinical_type,1,3,1.0,302,68,TripleNeg,Cytokeratin 5,0.0747821090059604,True
BC-Jackson2020,clinical_type,1,3,1.0,302,68,TripleNeg,Cytokeratin 7,0.0,False
BC-Jackson2020,clinical_type,1,3,1.0,302,68,TripleNeg,Cytokeratin 8/18,-0.23999097681827225,True
BC-Jackson2020,clinical_type,1,3,1.0,302,68,TripleNeg,DNA1,0.0,False
BC-Jackson2020,clinical_type,1,3,1.0,302,68,TripleNeg,EGFR,0.8525863814329381,True
BC-Jackson2020,clinical_type,1,3,1.0,302,68,TripleNeg,Ecadherin,0.0,False
BC-Jackson2020,clinical_type,1,3,1.0,302,68,TripleNeg,Estrogen,0.8016945400013462,True
BC-Jackson2020,clinical_type,1,3,1.0,302,68,TripleNeg,Fibronectin,-0.39490104738136483,True
BC-Jackson2020,clinical_type,1,3,1.0,302,68,TripleNeg,GATA3,-0.5669113462230869,True
BC-Jackson2020,clinical_type,1,3,1.0,302,68,TripleNeg,Histone H3,-0.08520111706343561,True
BC-Jackson2020,clinical_type,1,3,1.0,302,68,TripleNeg,Keratin 14 (KRT14),-0.30292209329127023,True
BC-Jackson2020,clinical_type,1,3,1.0,302,68,TripleNeg,Ki-67,0.7306949021358116,True
BC-Jackson2020,clinical_type,1,3,1.0,302,68,TripleNeg,Progesterone Receptor A/B,0.09024621386044157,True
BC-Jackson2020,clinical_type,1,3,1.0,302,68,TripleNeg,SMA,0.0,False
BC-Jackson2020,clinical_type,1,3,1.0,302,68,TripleNeg,Slug,0.0,False
BC-Jackson2020,clinical_type,1,3,1.0,302,68,TripleNeg,Twist,-0.4471491734640952,True
BC-Jackson2020,clinical_type,1,3,1.0,302,68,TripleNeg,Vimentin,0.11670848526402362,True
BC-Jackson2020,clinical_type,1,3,1.0,302,68,TripleNeg,c-Myc,0.027735302707280904,True
BC-Jackson2020,clinical_type,1,3,1.0,302,68,TripleNeg,c-erbB-2 - Her2,-1.1857678921745483,True
BC-Jackson2020,clinical_type,1,3,1.0,302,68,TripleNeg,cleaved PARP,0.4219071054102862,True
BC-Jackson2020,clinical_type,1,3,1.0,302,68,TripleNeg,p53,0.10846443493560134,True
BC-Jackson2020,clinical_type,1,3,1.0,302,68,TripleNeg,pan Cytokeratin,0.014404517487174836,True
BC-Jackson2020,clinical_type,1,3,1.0,302,68,TripleNeg,phospho-Histone,0.0,False
BC-Jackson2020,clinical_type,1,3,1.0,302,68,TripleNeg,phospho-S6,0.021360932314501563,True
BC-Jackson2020,clinical_type,1,3,1.0,302,68,TripleNeg,phospho-mTOR,-0.8291360631896756,True
BC-Jackson2020,clinical_type,1,3,1.0,302,68,TripleNeg,vWF,0.06409878266062452,True
BC-Jackson2020,clinical_type,1,4,1.0,299,71,HR+HER2+,CD20,0.3073352283015179,True
BC-Jackson2020,clinical_type,1,4,1.0,299,71,HR+HER2+,CD3,0.0,False
BC-Jackson2020,clinical_type,1,4,1.0,299,71,HR+HER2+,CD44,0.01584487264678702,True
BC-Jackson2020,clinical_type,1,4,1.0,299,71,HR+HER2+,CD45,-0.876593695204767,True
BC-Jackson2020,clinical_type,1,4,1.0,299,71,HR+HER2+,CD68,-0.07065774396665704,True
BC-Jackson2020,clinical_type,1,4,1.0,299,71,HR+HER2+,Carbonic Anhydrase IX,0.0,False
BC-Jackson2020,clinical_type,1,4,1.0,299,71,HR+HER2+,Cytokeratin 19,-0.38247993876628067,True
BC-Jackson2020,clinical_type,1,4,1.0,299,71,HR+HER2+,Cytokeratin 5,-0.013131651604267033,True
BC-Jackson2020,clinical_type,1,4,1.0,299,71,HR+HER2+,Cytokeratin 7,-0.26919508100537154,True
BC-Jackson2020,clinical_type,1,4,1.0,299,71,HR+HER2+,Cytokeratin 8/18,0.0,False
BC-Jackson2020,clinical_type,1,4,1.0,299,71,HR+HER2+,DNA1,0.561692066792794,True
BC-Jackson2020,clinical_type,1,4,1.0,299,71,HR+HER2+,EGFR,0.0,False
BC-Jackson2020,clinical_type,1,4,1.0,299,71,HR+HER2+,Ecadherin,-0.33900262674349846,True
BC-Jackson2020,clinical_type,1,4,1.0,299,71,HR+HER2+,Estrogen,-0.046889636161100826,True
BC-Jackson2020,clinical_type,1,4,1.0,299,71,HR+HER2+,Fibronectin,0.337525839621989,True
BC-Jackson2020,clinical_type,1,4,1.0,299,71,HR+HER2+,GATA3,0.09602533000533796,True
BC-Jackson2020,clinical_type,1,4,1.0,299,71,HR+HER2+,Histone H3,0.44598528362514,True
BC-Jackson2020,clinical_type,1,4,1.0,299,71,HR+HER2+,Keratin 14 (KRT14),0.0,False
BC-Jackson2020,clinical_type,1,4,1.0,299,71,HR+HER2+,Ki-67,-0.6056015611001643,True
BC-Jackson2020,clinical_type,1,4,1.0,299,71,HR+HER2+,Progesterone Receptor A/B,-0.033701095690396504,True
BC-Jackson2020,clinical_type,1,4,1.0,299,71,HR+HER2+,SMA,0.020433462414425167,True
BC-Jackson2020,clinical_type,1,4,1.0,299,71,HR+HER2+,Slug,0.1018164776356495,True
BC-Jackson2020,clinical_type,1,4,1.0,299,71,HR+HER2+,Twist,0.0,False
BC-Jackson2020,clinical_type,1,4,1.0,299,71,HR+HER2+,Vimentin,-0.1028798503562268,True
BC-Jackson2020,clinical_type,1,4,1.0,299,71,HR+HER2+,c-Myc,-0.23945551345876112,True
BC-Jackson2020,clinical_type,1,4,1.0,299,71,HR+HER2+,c-erbB-2 - Her2,0.7137672754965962,True
BC-Jackson2020,clinical_type,1,4,1.0,299,71,HR+HER2+,cleaved PARP,-0.4700021350950852,True
BC-Jackson2020,clinical_type,1,4,1.0,299,71,HR+HER2+,p53,0.0,False
BC-Jackson2020,clinical_type,1,4,1.0,299,71,HR+HER2+,pan Cytokeratin,0.0,False
BC-Jackson2020,clinical_type,1,4,1.0,299,71,HR+HER2+,phospho-Histone,-0.26492412369678403,True
BC-Jackson2020,clinical_type,1,4,1.0,299,71,HR+HER2+,phospho-S6,0.0,False
BC-Jackson2020,clinical_type,1,4,1.0,299,71,HR+HER2+,phospho-mTOR,0.7573533823809024,True
BC-Jackson2020,clinical_type,1,4,1.0,299,71,HR+HER2+,vWF,0.0,False
BC-Jackson2020,clinical_type,1,4,1.0,299,71,HR+HER2-,CD20,0.0,False
BC-Jackson2020,clinical_type,1,4,1.0,299,71,HR+HER2-,CD3,-0.4615086584963316,True
BC-Jackson2020,clinical_type,1,4,1.0,299,71,HR+HER2-,CD44,0.02401820765270985,True
BC-Jackson2020,clinical_type,1,4,1.0,299,71,HR+HER2-,CD45,0.2572756570753556,True
BC-Jackson2020,clinical_type,1,4,1.0,299,71,HR+HER2-,CD68,0.0,False
BC-Jackson2020,clinical_type,1,4,1.0,299,71,HR+HER2-,Carbonic Anhydrase IX,-0.02017019611080511,True
BC-Jackson2020,clinical_type,1,4,1.0,299,71,HR+HER2-,Cytokeratin 19,0.6796985861068559,True
BC-Jackson2020,clinical_type,1,4,1.0,299,71,HR+HER2-,Cytokeratin 5,0.0,False
BC-Jackson2020,clinical_type,1,4,1.0,299,71,HR+HER2-,Cytokeratin 7,0.0,False
BC-Jackson2020,clinical_type,1,4,1.0,299,71,HR+HER2-,Cytokeratin 8/18,0.0,False
BC-Jackson2020,clinical_type,1,4,1.0,299,71,HR+HER2-,DNA1,0.0,False
BC-Jackson2020,clinical_type,1,4,1.0,299,71,HR+HER2-,EGFR,0.0,False
BC-Jackson2020,clinical_type,1,4,1.0,299,71,HR+HER2-,Ecadherin,0.22282758919228887,True
BC-Jackson2020,clinical_type,1,4,1.0,299,71,HR+HER2-,Estrogen,0.44464077559093623,True
BC-Jackson2020,clinical_type,1,4,1.0,299,71,HR+HER2-,Fibronectin,0.0,False
BC-Jackson2020,clinical_type,1,4,1.0,299,71,HR+HER2-,GATA3,0.5179574649788771,True
BC-Jackson2020,clinical_type,1,4,1.0,299,71,HR+HER2-,Histone H3,0.0,False
BC-Jackson2020,clinical_type,1,4,1.0,299,71,HR+HER2-,Keratin 14 (KRT14),0.04421773891333519,True
BC-Jackson2020,clinical_type,1,4,1.0,299,71,HR+HER2-,Ki-67,-0.09127626484676109,True
BC-Jackson2020,clinical_type,1,4,1.0,299,71,HR+HER2-,Progesterone Receptor A/B,0.9116770141361987,True
BC-Jackson2020,clinical_type,1,4,1.0,299,71,HR+HER2-,SMA,0.0,False
BC-Jackson2020,clinical_type,1,4,1.0,299,71,HR+HER2-,Slug,0.18689828876132913,True
BC-Jackson2020,clinical_type,1,4,1.0,299,71,HR+HER2-,Twist,0.2725049618125313,True
BC-Jackson2020,clinical_type,1,4,1.0,299,71,HR+HER2-,Vimentin,-0.27225978988595123,True
BC-Jackson2020,clinical_type,1,4,1.0,299,71,HR+HER2-,c-Myc,0.18536324710631294,True
BC-Jackson2020,clinical_type,1,4,1.0,299,71,HR+HER2-,c-erbB-2 - Her2,-1.0081586574045576,True
BC-Jackson2020,clinical_type,1,4,1.0,299,71,HR+HER2-,cleaved PARP,-0.009321255174025544,True
BC-Jackson2020,clinical_type,1,4,1.0,299,71,HR+HER2-,p53,-0.3910915209914676,True
BC-Jackson2020,clinical_type,1,4,1.0,299,71,HR+HER2-,pan Cytokeratin,-0.27364360818039846,True
BC-Jackson2020,clinical_type,1,4,1.0,299,71,HR+HER2-,phospho-Histone,0.036453977451763736,True
BC-Jackson2020,clinical_type,1,4,1.0,299,71,HR+HER2-,phospho-S6,0.22124885331751057,True
BC-Jackson2020,clinical_type,1,4,1.0,299,71,HR+HER2-,phospho-mTOR,-0.26732906138081663,True
BC-Jackson2020,clinical_type,1,4,1.0,299,71,HR+HER2-,vWF,0.0,False
BC-Jackson2020,clinical_type,1,4,1.0,299,71,HR-HER2+,CD20,0.0,False
BC-Jackson2020,clinical_type,1,4,1.0,299,71,HR-HER2+,CD3,0.6680906971298133,True
BC-Jackson2020,clinical_type,1,4,1.0,299,71,HR-HER2+,CD44,-0.5672065884222643,True
BC-Jackson2020,clinical_type,1,4,1.0,299,71,HR-HER2+,CD45,0.0,False
BC-Jackson2020,clinical_type,1,4,1.0,299,71,HR-HER2+,CD68,-0.01932305406371838,True
BC-Jackson2020,clinical_type,1,4,1.0,299,71,HR-HER2+,Carbonic Anhydrase IX,0.35997062195242635,True
BC-Jackson2020,clinical_type,1,4,1.0,299,71,HR-HER2+,Cytokeratin 19,-0.02338509285476099,True
BC-Jackson2020,clinical_type,1,4,1.0,299,71,HR-HER2+,Cytokeratin 5,0.0,False
BC-Jackson2020,clinical_type,1,4,1.0,299,71,HR-HER2+,Cytokeratin 7,1.0538208889571872,True
BC-Jackson2020,clinical_type,1,4,1.0,299,71,HR-HER2+,Cytokeratin 8/18,-0.5725384172921141,True
BC-Jackson2020,clinical_type,1,4,1.0,299,71,HR-HER2+,DNA1,-0.1555947275055987,True
BC-Jackson2020,clinical_type,1,4,1.0,299,71,HR-HER2+,EGFR,-0.3326812329526539,True
BC-Jackson2020,clinical_type,1,4,1.0,299,71,HR-HER2+,Ecadherin,0.3323238773304158,True
BC-Jackson2020,clinical_type,1,4,1.0,299,71,HR-HER2+,Estrogen,-0.7025530203758564,True
BC-Jackson2020,clinical_type,1,4,1.0,299,71,HR-HER2+,Fibronectin,-0.024692101814958255,True
BC-Jackson2020,clinical_type,1,4,1.0,299,71,HR-HER2+,GATA3,-0.2205500473834214,True
BC-Jackson2020,clinical_type,1,4,1.0,299,71,HR-HER2+,Histone H3,0.0,False
BC-Jackson2020,clinical_type,1,4,1.0,299,71,HR-HER2+,Keratin 14 (KRT14),0.15993149207536497,True
BC-Jackson2020,clinical_type,1,4,1.0,299,71,HR-HER2+,Ki-67,0.09447845558924348,True
BC-Jackson2020,clinical_type,1,4,1.0,299,71,HR-HER2+,Progesterone Receptor A/B,-1.2825754888092016,True
BC-Jackson2020,clinical_type,1,4,1.0,299,71,HR-HER2+,SMA,0.0,False
BC-Jackson2020,clinical_type,1,4,1.0,299,71,HR-HER2+,Slug,-0.18331696344411386,True
BC-Jackson2020,clinical_type,1,4,1.0,299,71,HR-HER2+,Twist,0.2570869069403694,True
BC-Jackson2020,clinical_type,1,4,1.0,299,71,HR-HER2+,Vimentin,0.31912879219256884,True
BC-Jackson2020,clinical_type,1,4,1.0,299,71,HR-HER2+,c-Myc,-0.30307048200631886,True
BC-Jackson2020,clinical_type,1,4,1.0,299,71,HR-HER2+,c-erbB-2 - Her2,0.7964977065855076,True
BC-Jackson2020,clinical_type,1,4,1.0,299,71,HR-HER2+,cleaved PARP,0.3793859864798275,True
BC-Jackson2020,clinical_type,1,4,1.0,299,71,HR-HER2+,p53,0.0,False
BC-Jackson2020,clinical_type,1,4,1.0,299,71,HR-HER2+,pan Cytokeratin,0.0,False
BC-Jackson2020,clinical_type,1,4,1.0,299,71,HR-HER2+,phospho-Histone,0.0,False
BC-Jackson2020,clinical_type,1,4,1.0,299,71,HR-HER2+,phospho-S6,-0.37350925272289354,True
BC-Jackson2020,clinical_type,1,4,1.0,299,71,HR-HER2+,phospho-mTOR,0.05658958477465881,True
BC-Jackson2020,clinical_type,1,4,1.0,299,71,HR-HER2+,vWF,0.0,False
BC-Jackson2020,clinical_type,1,4,1.0,299,71,TripleNeg,CD20,-0.1545882560977241,True
BC-Jackson2020,clinical_type,1,4,1.0,299,71,TripleNeg,CD3,0.0,False
BC-Jackson2020,clinical_type,1,4,1.0,299,71,TripleNeg,CD44,-0.00012889962952578846,True
BC-Jackson2020,clinical_type,1,4,1.0,299,71,TripleNeg,CD45,0.13687724236820326,True
BC-Jackson2020,clinical_type,1,4,1.0,299,71,TripleNeg,CD68,0.4672898378309784,True
BC-Jackson2020,clinical_type,1,4,1.0,299,71,TripleNeg,Carbonic Anhydrase IX,0.0,False
BC-Jackson2020,clinical_type,1,4,1.0,299,71,TripleNeg,Cytokeratin 19,0.0,False
BC-Jackson2020,clinical_type,1,4,1.0,299,71,TripleNeg,Cytokeratin 5,0.7824362688745865,True
BC-Jackson2020,clinical_type,1,4,1.0,299,71,TripleNeg,Cytokeratin 7,0.0,False
BC-Jackson2020,clinical_type,1,4,1.0,299,71,TripleNeg,Cytokeratin 8/18,0.0,False
BC-Jackson2020,clinical_type,1,4,1.0,299,71,TripleNeg,DNA1,0.0,False
BC-Jackson2020,clinical_type,1,4,1.0,299,71,TripleNeg,EGFR,1.2284128855358132,True
BC-Jackson2020,clinical_type,1,4,1.0,299,71,TripleNeg,Ecadherin,-0.21288224428271071,True
BC-Jackson2020,clinical_type,1,4,1.0,299,71,TripleNeg,Estrogen,0.34204402953673985,True
BC-Jackson2020,clinical_type,1,4,1.0,299,71,TripleNeg,Fibronectin,-0.22951364100355018,True
BC-Jackson2020,clinical_type,1,4,1.0,299,71,TripleNeg,GATA3,-0.3927012724192787,True
BC-Jackson2020,clinical_type,1,4,1.0,299,71,TripleNeg,Histone H3,-0.15476531482298653,True
BC-Jackson2020,clinical_type,1,4,1.0,299,71,TripleNeg,Keratin 14 (KRT14),-1.0583135185974346,True
BC-Jackson2020,clinical_type,1,4,1.0,299,71,TripleNeg,Ki-67,0.6052730228317833,True
BC-Jackson2020,clinical_type,1,4,1.0,299,71,TripleNeg,Progesterone Receptor A/B,0.381691521422881,True
BC-Jackson2020,clinical_type,1,4,1.0,299,71,TripleNeg,SMA,-0.11180742707202905,True
BC-Jackson2020,clinical_type,1,4,1.0,299,71,TripleNeg,Slug,-0.08036155390984744,True
BC-Jackson2020,clinical_type,1,4,1.0,299,71,TripleNeg,Twist,-0.7972779329825586,True
BC-Jackson2020,clinical_type,1,4,1.0,299,71,TripleNeg,Vimentin,0.06563811895644332,True
BC-Jackson2020,clinical_type,1,4,1.0,299,71,TripleNeg,c-Myc,0.35237300477674527,True
BC-Jackson2020,clinical_type,1,4,1.0,299,71,TripleNeg,c-erbB-2 - Her2,-0.5018450835410198,True
BC-Jackson2020,clinical_type,1,4,1.0,299,71,TripleNeg,cleaved PARP,0.07061675554046651,True
BC-Jackson2020,clinical_type,1,4,1.0,299,71,TripleNeg,p53,0.4451547788805847,True
BC-Jackson2020,clinical_type,1,4,1.0,299,71,TripleNeg,pan Cytokeratin,0.0,False
BC-Jackson2020,clinical_type,1,4,1.0,299,71,TripleNeg,phospho-Histone,0.0,False
BC-Jackson2020,clinical_type,1,4,1.0,299,71,TripleNeg,phospho-S6,0.0,False
BC-Jackson2020,clinical_type,1,4,1.0,299,71,TripleNeg,phospho-mTOR,-0.5283436473342582,True
BC-Jackson2020,clinical_type,1,4,1.0,299,71,TripleNeg,vWF,0.1977059479426987,True
BC-Jackson2020,clinical_type,2,0,1.0,289,81,HR+HER2+,CD20,0.2637914219044854,True
BC-Jackson2020,clinical_type,2,0,1.0,289,81,HR+HER2+,CD3,0.007270613571623004,True
BC-Jackson2020,clinical_type,2,0,1.0,289,81,HR+HER2+,CD44,-0.15036916560383418,True
BC-Jackson2020,clinical_type,2,0,1.0,289,81,HR+HER2+,CD45,-0.6037604192484942,True
BC-Jackson2020,clinical_type,2,0,1.0,289,81,HR+HER2+,CD68,-0.4065694100623025,True
BC-Jackson2020,clinical_type,2,0,1.0,289,81,HR+HER2+,Carbonic Anhydrase IX,0.0,False
BC-Jackson2020,clinical_type,2,0,1.0,289,81,HR+HER2+,Cytokeratin 19,-0.5918678522047758,True
BC-Jackson2020,clinical_type,2,0,1.0,289,81,HR+HER2+,Cytokeratin 5,0.0,False
BC-Jackson2020,clinical_type,2,0,1.0,289,81,HR+HER2+,Cytokeratin 7,-0.5468852286493951,True
BC-Jackson2020,clinical_type,2,0,1.0,289,81,HR+HER2+,Cytokeratin 8/18,0.0,False
BC-Jackson2020,clinical_type,2,0,1.0,289,81,HR+HER2+,DNA1,0.12945865736059164,True
BC-Jackson2020,clinical_type,2,0,1.0,289,81,HR+HER2+,EGFR,-0.234484871656714,True
BC-Jackson2020,clinical_type,2,0,1.0,289,81,HR+HER2+,Ecadherin,-0.2016326709076304,True
BC-Jackson2020,clinical_type,2,0,1.0,289,81,HR+HER2+,Estrogen,0.0,False
BC-Jackson2020,clinical_type,2,0,1.0,289,81,HR+HER2+,Fibronectin,0.3744768822140533,True
BC-Jackson2020,clinical_type,2,0,1.0,289,81,HR+HER2+,GATA3,0.17061668964219218,True
BC-Jackson2020,clinical_type,2,0,1.0,289,81,HR+HER2+,Histone H3,0.44074862355411604,True
BC-Jackson2020,clinical_type,2,0,1.0,289,81,HR+HER2+,Keratin 14 (KRT14),0.0,False
BC-Jackson2020,clinical_type,2,0,1.0,289,81,HR+HER2+,Ki-67,-1.0914875813652205,True
BC-Jackson2020,clinical_type,2,0,1.0,289,81,HR+HER2+,Progesterone Receptor A/B,0.0,False
BC-Jackson2020,clinical_type,2,0,1.0,289,81,HR+HER2+,SMA,-0.07823668847310584,True
BC-Jackson2020,clinical_type,2,0,1.0,289,81,HR+HER2+,Slug,0.07288705367032125,True
BC-Jackson2020,clinical_type,2,0,1.0,289,81,HR+HER2+,Twist,0.0,False
BC-Jackson2020,clinical_type,2,0,1.0,289,81,HR+HER2+,Vimentin,0.0,False
BC-Jackson2020,clinical_type,2,0,1.0,289,81,HR+HER2+,c-Myc,-0.4109332399205167,True
BC-Jackson2020,clinical_type,2,0,1.0,289,81,HR+HER2+,c-erbB-2 - Her2,0.6331500984941482,True
BC-Jackson2020,clinical_type,2,0,1.0,289,81,HR+HER2+,cleaved PARP,-0.2898802570294252,True
BC-Jackson2020,clinical_type,2,0,1.0,289,81,HR+HER2+,p53,0.0,False
BC-Jackson2020,clinical_type,2,0,1.0,289,81,HR+HER2+,pan Cytokeratin,0.0,False
BC-Jackson2020,clinical_type,2,0,1.0,289,81,HR+HER2+,phospho-Histone,-0.25841308272950164,True
BC-Jackson2020,clinical_type,2,0,1.0,289,81,HR+HER2+,phospho-S6,-0.04953881804607128,True
BC-Jackson2020,clinical_type,2,0,1.0,289,81,HR+HER2+,phospho-mTOR,0.6317834658711858,True
BC-Jackson2020,clinical_type,2,0,1.0,289,81,HR+HER2+,vWF,0.0,False
BC-Jackson2020,clinical_type,2,0,1.0,289,81,HR+HER2-,CD20,0.0,False
BC-Jackson2020,clinical_type,2,0,1.0,289,81,HR+HER2-,CD3,-0.35248800102944156,True
BC-Jackson2020,clinical_type,2,0,1.0,289,81,HR+HER2-,CD44,0.023632564701569665,True
BC-Jackson2020,clinical_type,2,0,1.0,289,81,HR+HER2-,CD45,0.0,False
BC-Jackson2020,clinical_type,2,0,1.0,289,81,HR+HER2-,CD68,0.0,False
BC-Jackson2020,clinical_type,2,0,1.0,289,81,HR+HER2-,Carbonic Anhydrase IX,-0.31078238662633134,True
BC-Jackson2020,clinical_type,2,0,1.0,289,81,HR+HER2-,Cytokeratin 19,0.01869073972951491,True
BC-Jackson2020,clinical_type,2,0,1.0,289,81,HR+HER2-,Cytokeratin 5,0.0,False
BC-Jackson2020,clinical_type,2,0,1.0,289,81,HR+HER2-,Cytokeratin 7,0.0,False
BC-Jackson2020,clinical_type,2,0,1.0,289,81,HR+HER2-,Cytokeratin 8/18,0.03341945317901175,True
BC-Jackson2020,clinical_type,2,0,1.0,289,81,HR+HER2-,DNA1,0.03778994044263131,True
BC-Jackson2020,clinical_type,2,0,1.0,289,81,HR+HER2-,EGFR,0.09163835569357122,True
BC-Jackson2020,clinical_type,2,0,1.0,289,81,HR+HER2-,Ecadherin,0.1444681823975971,True
BC-Jackson2020,clinical_type,2,0,1.0,289,81,HR+HER2-,Estrogen,0.8247481574076505,True
BC-Jackson2020,clinical_type,2,0,1.0,289,81,HR+HER2-,Fibronectin,0.25600440219988385,True
BC-Jackson2020,clinical_type,2,0,1.0,289,81,HR+HER2-,GATA3,0.561390747433815,True
BC-Jackson2020,clinical_type,2,0,1.0,289,81,HR+HER2-,Histone H3,0.12682958671254782,True
BC-Jackson2020,clinical_type,2,0,1.0,289,81,HR+HER2-,Keratin 14 (KRT14),0.0,False
BC-Jackson2020,clinical_type,2,0,1.0,289,81,HR+HER2-,Ki-67,-0.018755316629764124,True
BC-Jackson2020,clinical_type,2,0,1.0,289,81,HR+HER2-,Progesterone Receptor A/B,1.3391469470670954,True
BC-Jackson2020,clinical_type,2,0,1.0,289,81,HR+HER2-,SMA,-0.1860277699398626,True
BC-Jackson2020,clinical_type,2,0,1.0,289,81,HR+HER2-,Slug,0.10852794308604037,True
BC-Jackson2020,clinical_type,2,0,1.0,289,81,HR+HER2-,Twist,0.0,False
BC-Jackson2020,clinical_type,2,0,1.0,289,81,HR+HER2-,Vimentin,-0.18184034751374803,True
BC-Jackson2020,clinical_type,2,0,1.0,289,81,HR+HER2-,c-Myc,0.19499692620922318,True
BC-Jackson2020,clinical_type,2,0,1.0,289,81,HR+HER2-,c-erbB-2 - Her2,-0.9943676327394649,True
BC-Jackson2020,clinical_type,2,0,1.0,289,81,HR+HER2-,cleaved PARP,0.007930100898793879,True
BC-Jackson2020,clinical_type,2,0,1.0,289,81,HR+HER2-,p53,-0.5896278753984274,True
BC-Jackson2020,clinical_type,2,0,1.0,289,81,HR+HER2-,pan Cytokeratin,-0.21916892310977343,True
BC-Jackson2020,clinical_type,2,0,1.0,289,81,HR+HER2-,phospho-Histone,0.0865729415399924,True
BC-Jackson2020,clinical_type,2,0,1.0,289,81,HR+HER2-,phospho-S6,0.07035924536852228,True
BC-Jackson2020,clinical_type,2,0,1.0,289,81,HR+HER2-,phospho-mTOR,-0.40905430935739984,True
BC-Jackson2020,clinical_type,2,0,1.0,289,81,HR+HER2-,vWF,-0.22160109410966156,True
BC-Jackson2020,clinical_type,2,0,1.0,289,81,HR-HER2+,CD20,0.0,False
BC-Jackson2020,clinical_type,2,0,1.0,289,81,HR-HER2+,CD3,0.6148792821758957,True
BC-Jackson2020,clinical_type,2,0,1.0,289,81,HR-HER2+,CD44,0.012990755435871451,True
BC-Jackson2020,clinical_type,2,0,1.0,289,81,HR-HER2+,CD45,0.0,False
BC-Jackson2020,clinical_type,2,0,1.0,289,81,HR-HER2+,CD68,0.0,False
BC-Jackson2020,clinical_type,2,0,1.0,289,81,HR-HER2+,Carbonic Anhydrase IX,0.0,False
BC-Jackson2020,clinical_type,2,0,1.0,289,81,HR-HER2+,Cytokeratin 19,0.000938554335689419,True
BC-Jackson2020,clinical_type,2,0,1.0,289,81,HR-HER2+,Cytokeratin 5,0.0,False
BC-Jackson2020,clinical_type,2,0,1.0,289,81,HR-HER2+,Cytokeratin 7,0.594084482658792,True
BC-Jackson2020,clinical_type,2,0,1.0,289,81,HR-HER2+,Cytokeratin 8/18,0.0,False
BC-Jackson2020,clinical_type,2,0,1.0,289,81,HR-HER2+,DNA1,-0.2660120833176956,True
BC-Jackson2020,clinical_type,2,0,1.0,289,81,HR-HER2+,EGFR,-0.8312038199813815,True
BC-Jackson2020,clinical_type,2,0,1.0,289,81,HR-HER2+,Ecadherin,0.396969939660807,True
BC-Jackson2020,clinical_type,2,0,1.0,289,81,HR-HER2+,Estrogen,-1.5669025942894754,True
BC-Jackson2020,clinical_type,2,0,1.0,289,81,HR-HER2+,Fibronectin,-0.23831968502305076,True
BC-Jackson2020,clinical_type,2,0,1.0,289,81,HR-HER2+,GATA3,-0.8964849728652856,True
BC-Jackson2020,clinical_type,2,0,1.0,289,81,HR-HER2+,Histone H3,-0.4205496187213313,True
BC-Jackson2020,clinical_type,2,0,1.0,289,81,HR-HER2+,Keratin 14 (KRT14),0.0,False
BC-Jackson2020,clinical_type,2,0,1.0,289,81,HR-HER2+,Ki-67,0.5191347802316405,True
BC-Jackson2020,clinical_type,2,0,1.0,289,81,HR-HER2+,Progesterone Receptor A/B,-2.5769707907052215,True
BC-Jackson2020,clinical_type,2,0,1.0,289,81,HR-HER2+,SMA,0.19333725136740557,True
BC-Jackson2020,clinical_type,2,0,1.0,289,81,HR-HER2+,Slug,-1.3288887107043517,True
BC-Jackson2020,clinical_type,2,0,1.0,289,81,HR-HER2+,Twist,0.5589672074169755,True
BC-Jackson2020,clinical_type,2,0,1.0,289,81,HR-HER2+,Vimentin,0.0,False
BC-Jackson2020,clinical_type,2,0,1.0,289,81,HR-HER2+,c-Myc,0.0,False
BC-Jackson2020,clinical_type,2,0,1.0,289,81,HR-HER2+,c-erbB-2 - Her2,1.3301062349738242,True
BC-Jackson2020,clinical_type,2,0,1.0,289,81,HR-HER2+,cleaved PARP,-0.020025904933670374,True
BC-Jackson2020,clinical_type,2,0,1.0,289,81,HR-HER2+,p53,0.0,False
BC-Jackson2020,clinical_type,2,0,1.0,289,81,HR-HER2+,pan Cytokeratin,0.0,False
BC-Jackson2020,clinical_type,2,0,1.0,289,81,HR-HER2+,phospho-Histone,0.3252181140873668,True
BC-Jackson2020,clinical_type,2,0,1.0,289,81,HR-HER2+,phospho-S6,0.0,False
BC-Jackson2020,clinical_type,2,0,1.0,289,81,HR-HER2+,phospho-mTOR,0.534883413632383,True
BC-Jackson2020,clinical_type,2,0,1.0,289,81,HR-HER2+,vWF,0.46779742574461536,True
BC-Jackson2020,clinical_type,2,0,1.0,289,81,TripleNeg,CD20,-0.27254818603961306,True
BC-Jackson2020,clinical_type,2,0,1.0,289,81,TripleNeg,CD3,-0.07632501718534272,True
BC-Jackson2020,clinical_type,2,0,1.0,289,81,TripleNeg,CD44,0.0,False
BC-Jackson2020,clinical_type,2,0,1.0,289,81,TripleNeg,CD45,0.0,False
BC-Jackson2020,clinical_type,2,0,1.0,289,81,TripleNeg,CD68,0.27825849749436765,True
BC-Jackson2020,clinical_type,2,0,1.0,289,81,TripleNeg,Carbonic Anhydrase IX,0.014169752161353294,True
BC-Jackson2020,clinical_type,2,0,1.0,289,81,TripleNeg,Cytokeratin 19,0.0,False
BC-Jackson2020,clinical_type,2,0,1.0,289,81,TripleNeg,Cytokeratin 5,-0.02745404560731924,True
BC-Jackson2020,clinical_type,2,0,1.0,289,81,TripleNeg,Cytokeratin 7,0.0,False
BC-Jackson2020,clinical_type,2,0,1.0,289,81,TripleNeg,Cytokeratin 8/18,-0.6740060784029518,True
BC-Jackson2020,clinical_type,2,0,1.0,289,81,TripleNeg,DNA1,0.0,False
BC-Jackson2020,clinical_type,2,0,1.0,289,81,TripleNeg,EGFR,1.4525216349140828,True
BC-Jackson2020,clinical_type,2,0,1.0,289,81,TripleNeg,Ecadherin,-0.33932338050617156,True
BC-Jackson2020,clinical_type,2,0,1.0,289,81,TripleNeg,Estrogen,0.4343474229738086,True
BC-Jackson2020,clinical_type,2,0,1.0,289,81,TripleNeg,Fibronectin,-0.387575948994974,True
BC-Jackson2020,clinical_type,2,0,1.0,289,81,TripleNeg,GATA3,-0.0012756922699786418,True
BC-Jackson2020,clinical_type,2,0,1.0,289,81,TripleNeg,Histone H3,-0.13307327027697982,True
BC-Jackson2020,clinical_type,2,0,1.0,289,81,TripleNeg,Keratin 14 (KRT14),0.0,False
BC-Jackson2020,clinical_type,2,0,1.0,289,81,TripleNeg,Ki-67,0.5934066425033387,True
BC-Jackson2020,clinical_type,2,0,1.0,289,81,TripleNeg,Progesterone Receptor A/B,0.0,False
BC-Jackson2020,clinical_type,2,0,1.0,289,81,TripleNeg,SMA,0.20987433003496397,True
BC-Jackson2020,clinical_type,2,0,1.0,289,81,TripleNeg,Slug,0.0,False
BC-Jackson2020,clinical_type,2,0,1.0,289,81,TripleNeg,Twist,-1.0753411622674993,True
BC-Jackson2020,clinical_type,2,0,1.0,289,81,TripleNeg,Vimentin,0.13383780595073308,True
BC-Jackson2020,clinical_type,2,0,1.0,289,81,TripleNeg,c-Myc,0.1561701504505171,True
BC-Jackson2020,clinical_type,2,0,1.0,289,81,TripleNeg,c-erbB-2 - Her2,-0.9613610321896631,True
BC-Jackson2020,clinical_type,2,0,1.0,289,81,TripleNeg,cleaved PARP,0.6201025424944818,True
BC-Jackson2020,clinical_type,2,0,1.0,289,81,TripleNeg,p53,0.2963547889000698,True
BC-Jackson2020,clinical_type,2,0,1.0,289,81,TripleNeg,pan Cytokeratin,0.3218921462183609,True
BC-Jackson2020,clinical_type,2,0,1.0,289,81,TripleNeg,phospho-Histone,-0.11176818956256165,True
BC-Jackson2020,clinical_type,2,0,1.0,289,81,TripleNeg,phospho-S6,0.0,False
BC-Jackson2020,clinical_type,2,0,1.0,289,81,TripleNeg,phospho-mTOR,-0.751056681477519,True
BC-Jackson2020,clinical_type,2,0,1.0,289,81,TripleNeg,vWF,0.0,False
BC-Jackson2020,clinical_type,2,1,1.0,296,74,HR+HER2+,CD20,1.1378843457265337,True
BC-Jackson2020,clinical_type,2,1,1.0,296,74,HR+HER2+,CD3,0.0,False
BC-Jackson2020,clinical_type,2,1,1.0,296,74,HR+HER2+,CD44,0.13293039032867573,True
BC-Jackson2020,clinical_type,2,1,1.0,296,74,HR+HER2+,CD45,-1.2562383568739528,True
BC-Jackson2020,clinical_type,2,1,1.0,296,74,HR+HER2+,CD68,0.07933479240166555,True
BC-Jackson2020,clinical_type,2,1,1.0,296,74,HR+HER2+,Carbonic Anhydrase IX,0.0,False
BC-Jackson2020,clinical_type,2,1,1.0,296,74,HR+HER2+,Cytokeratin 19,-0.3764950508766339,True
BC-Jackson2020,clinical_type,2,1,1.0,296,74,HR+HER2+,Cytokeratin 5,0.0,False
BC-Jackson2020,clinical_type,2,1,1.0,296,74,HR+HER2+,Cytokeratin 7,-0.4766900274852987,True
BC-Jackson2020,clinical_type,2,1,1.0,296,74,HR+HER2+,Cytokeratin 8/18,0.22431326062958976,True
BC-Jackson2020,clinical_type,2,1,1.0,296,74,HR+HER2+,DNA1,0.2107020199572632,True
BC-Jackson2020,clinical_type,2,1,1.0,296,74,HR+HER2+,EGFR,0.0,False
BC-Jackson2020,clinical_type,2,1,1.0,296,74,HR+HER2+,Ecadherin,-0.20145130856685692,True
BC-Jackson2020,clinical_type,2,1,1.0,296,74,HR+HER2+,Estrogen,-0.25328973492881984,True
BC-Jackson2020,clinical_type,2,1,1.0,296,74,HR+HER2+,Fibronectin,0.3927241744930558,True
BC-Jackson2020,clinical_type,2,1,1.0,296,74,HR+HER2+,GATA3,0.15581849252006813,True
BC-Jackson2020,clinical_type,2,1,1.0,296,74,HR+HER2+,Histone H3,0.03755042575380059,True
BC-Jackson2020,clinical_type,2,1,1.0,296,74,HR+HER2+,Keratin 14 (KRT14),0.0,False
BC-Jackson2020,clinical_type,2,1,1.0,296,74,HR+HER2+,Ki-67,-0.2572344178142207,True
BC-Jackson2020,clinical_type,2,1,1.0,296,74,HR+HER2+,Progesterone Receptor A/B,0.0,False
BC-Jackson2020,clinical_type,2,1,1.0,296,74,HR+HER2+,SMA,0.0,False
BC-Jackson2020,clinical_type,2,1,1.0,296,74,HR+HER2+,Slug,0.018302498904206575,True
BC-Jackson2020,clinical_type,2,1,1.0,296,74,HR+HER2+,Twist,-0.04155753852720228,True
BC-Jackson2020,clinical_type,2,1,1.0,296,74,HR+HER2+,Vimentin,-0.11521274164707665,True
BC-Jackson2020,clinical_type,2,1,1.0,296,74,HR+HER2+,c-Myc,-0.1400526563311924,True
BC-Jackson2020,clinical_type,2,1,1.0,296,74,HR+HER2+,c-erbB-2 - Her2,0.7289246757944208,True
BC-Jackson2020,clinical_type,2,1,1.0,296,74,HR+HER2+,cleaved PARP,-0.5228304095211569,True
BC-Jackson2020,clinical_type,2,1,1.0,296,74,HR+HER2+,p53,0.0,False
BC-Jackson2020,clinical_type,2,1,1.0,296,74,HR+HER2+,pan Cytokeratin,-0.22478510233149915,True
BC-Jackson2020,clinical_type,2,1,1.0,296,74,HR+HER2+,phospho-Histone,0.0,False
BC-Jackson2020,clinical_type,2,1,1.0,296,74,HR+HER2+,phospho-S6,0.0,False
BC-Jackson2020,clinical_type,2,1,1.0,296,74,HR+HER2+,phospho-mTOR,0.9770249616830009,True
BC-Jackson2020,clinical_type,2,1,1.0,296,74,HR+HER2+,vWF,-0.6032162072398813,True
BC-Jackson2020,clinical_type,2,1,1.0,296,74,HR+HER2-,CD20,0.3778398444852524,True
BC-Jackson2020,clinical_type,2,1,1.0,296,74,HR+HER2-,CD3,-0.7794532711194717,True
BC-Jackson2020,clinical_type,2,1,1.0,296,74,HR+HER2-,CD44,0.2296719875577454,True
BC-Jackson2020,clinical_type,2,1,1.0,296,74,HR+HER2-,CD45,0.0,False
BC-Jackson2020,clinical_type,2,1,1.0,296,74,HR+HER2-,CD68,0.0,False
BC-Jackson2020,clinical_type,2,1,1.0,296,74,HR+HER2-,Carbonic Anhydrase IX,0.0,False
BC-Jackson2020,clinical_type,2,1,1.0,296,74,HR+HER2-,Cytokeratin 19,0.09491190177640121,True
BC-Jackson2020,clinical_type,2,1,1.0,296,74,HR+HER2-,Cytokeratin 5,-0.011500772442274312,True
BC-Jackson2020,clinical_type,2,1,1.0,296,74,HR+HER2-,Cytokeratin 7,0.29658737570684907,True
BC-Jackson2020,clinical_type,2,1,1.0,296,74,HR+HER2-,Cytokeratin 8/18,0.0,False
BC-Jackson2020,clinical_type,2,1,1.0,296,74,HR+HER2-,DNA1,0.0,False
BC-Jackson2020,clinical_type,2,1,1.0,296,74,HR+HER2-,EGFR,-0.04821048860195947,True
BC-Jackson2020,clinical_type,2,1,1.0,296,74,HR+HER2-,Ecadherin,0.19286899784829356,True
BC-Jackson2020,clinical_type,2,1,1.0,296,74,HR+HER2-,Estrogen,0.3090815721808711,True
BC-Jackson2020,clinical_type,2,1,1.0,296,74,HR+HER2-,Fibronectin,0.0666516663006747,True
BC-Jackson2020,clinical_type,2,1,1.0,296,74,HR+HER2-,GATA3,0.8299660393385384,True
BC-Jackson2020,clinical_type,2,1,1.0,296,74,HR+HER2-,Histone H3,-0.08153726516929649,True
BC-Jackson2020,clinical_type,2,1,1.0,296,74,HR+HER2-,Keratin 14 (KRT14),0.0,False
BC-Jackson2020,clinical_type,2,1,1.0,296,74,HR+HER2-,Ki-67,-0.3608115254000981,True
BC-Jackson2020,clinical_type,2,1,1.0,296,74,HR+HER2-,Progesterone Receptor A/B,0.7686171744546215,True
BC-Jackson2020,clinical_type,2,1,1.0,296,74,HR+HER2-,SMA,-0.028283113282165984,True
BC-Jackson2020,clinical_type,2,1,1.0,296,74,HR+HER2-,Slug,0.0,False
BC-Jackson2020,clinical_type,2,1,1.0,296,74,HR+HER2-,Twist,0.3588569424489583,True
BC-Jackson2020,clinical_type,2,1,1.0,296,74,HR+HER2-,Vimentin,-0.38922254248739746,True
BC-Jackson2020,clinical_type,2,1,1.0,296,74,HR+HER2-,c-Myc,0.37017638866382213,True
BC-Jackson2020,clinical_type,2,1,1.0,296,74,HR+HER2-,c-erbB-2 - Her2,-1.0000994785518835,True
BC-Jackson2020,clinical_type,2,1,1.0,296,74,HR+HER2-,cleaved PARP,-0.3745074185832578,True
BC-Jackson2020,clinical_type,2,1,1.0,296,74,HR+HER2-,p53,-0.5157050980701613,True
BC-Jackson2020,clinical_type,2,1,1.0,296,74,HR+HER2-,pan Cytokeratin,-0.2297655484892242,True
BC-Jackson2020,clinical_type,2,1,1.0,296,74,HR+HER2-,phospho-Histone,0.02008939208884382,True
BC-Jackson2020,clinical_type,2,1,1.0,296,74,HR+HER2-,phospho-S6,0.47528364989021404,True
BC-Jackson2020,clinical_type,2,1,1.0,296,74,HR+HER2-,phospho-mTOR,0.0,False
BC-Jackson2020,clinical_type,2,1,1.0,296,74,HR+HER2-,vWF,-0.03773172210858811,True
BC-Jackson2020,clinical_type,2,1,1.0,296,74,HR-HER2+,CD20,-1.0830313211666427,True
BC-Jackson2020,clinical_type,2,1,1.0,296,74,HR-HER2+,CD3,0.8467643360683546,True
BC-Jackson2020,clinical_type,2,1,1.0,296,74,HR-HER2+,CD44,-0.5320130158496196,True
BC-Jackson2020,clinical_type,2,1,1.0,296,74,HR-HER2+,CD45,0.0,False
BC-Jackson2020,clinical_type,2,1,1.0,296,74,HR-HER2+,CD68,-0.5360912969214423,True
BC-Jackson2020,clinical_type,2,1,1.0,296,74,HR-HER2+,Carbonic Anhydrase IX,0.43753168244008234,True
BC-Jackson2020,clinical_type,2,1,1.0,296,74,HR-HER2+,Cytokeratin 19,0.0,False
BC-Jackson2020,clinical_type,2,1,1.0,296,74,HR-HER2+,Cytokeratin 5,0.1343149465846638,True
BC-Jackson2020,clinical_type,2,1,1.0,296,74,HR-HER2+,Cytokeratin 7,0.48902578569578,True
BC-Jackson2020,clinical_type,2,1,1.0,296,74,HR-HER2+,Cytokeratin 8/18,-0.4791634990033607,True
BC-Jackson2020,clinical_type,2,1,1.0,296,74,HR-HER2+,DNA1,-0.060677446720411164,True
BC-Jackson2020,clinical_type,2,1,1.0,296,74,HR-HER2+,EGFR,-0.5866363888335491,True
BC-Jackson2020,clinical_type,2,1,1.0,296,74,HR-HER2+,Ecadherin,0.0,False
BC-Jackson2020,clinical_type,2,1,1.0,296,74,HR-HER2+,Estrogen,-0.3705707547878602,True
BC-Jackson2020,clinical_type,2,1,1.0,296,74,HR-HER2+,Fibronectin,-0.15521245550410806,True
BC-Jackson2020,clinical_type,2,1,1.0,296,74,HR-HER2+,GATA3,-0.6112316159530298,True
BC-Jackson2020,clinical_type,2,1,1.0,296,74,HR-HER2+,Histone H3,0.0,False
BC-Jackson2020,clinical_type,2,1,1.0,296,74,HR-HER2+,Keratin 14 (KRT14),0.12919962071932733,True
BC-Jackson2020,clinical_type,2,1,1.0,296,74,HR-HER2+,Ki-67,0.1650405756796396,True
BC-Jackson2020,clinical_type,2,1,1.0,296,74,HR-HER2+,Progesterone Receptor A/B,-1.6605345308931938,True
BC-Jackson2020,clinical_type,2,1,1.0,296,74,HR-HER2+,SMA,-0.29908429238552575,True
BC-Jackson2020,clinical_type,2,1,1.0,296,74,HR-HER2+,Slug,-0.5888383796822648,True
BC-Jackson2020,clinical_type,2,1,1.0,296,74,HR-HER2+,Twist,0.4176863777917258,True
BC-Jackson2020,clinical_type,2,1,1.0,296,74,HR-HER2+,Vimentin,0.5313095613682033,True
BC-Jackson2020,clinical_type,2,1,1.0,296,74,HR-HER2+,c-Myc,0.0,False
BC-Jackson2020,clinical_type,2,1,1.0,296,74,HR-HER2+,c-erbB-2 - Her2,0.8160835775665453,True
BC-Jackson2020,clinical_type,2,1,1.0,296,74,HR-HER2+,cleaved PARP,0.4495954170001187,True
BC-Jackson2020,clinical_type,2,1,1.0,296,74,HR-HER2+,p53,0.0,False
BC-Jackson2020,clinical_type,2,1,1.0,296,74,HR-HER2+,pan Cytokeratin,0.7096217605397537,True
BC-Jackson2020,clinical_type,2,1,1.0,296,74,HR-HER2+,phospho-Histone,0.0,False
BC-Jackson2020,clinical_type,2,1,1.0,296,74,HR-HER2+,phospho-S6,-0.10410965801997427,True
BC-Jackson2020,clinical_type,2,1,1.0,296,74,HR-HER2+,phospho-mTOR,0.0,False
BC-Jackson2020,clinical_type,2,1,1.0,296,74,HR-HER2+,vWF,0.2931249687962781,True
BC-Jackson2020,clinical_type,2,1,1.0,296,74,TripleNeg,CD20,-0.3379640770120288,True
BC-Jackson2020,clinical_type,2,1,1.0,296,74,TripleNeg,CD3,0.0,False
BC-Jackson2020,clinical_type,2,1,1.0,296,74,TripleNeg,CD44,-6.205576851555501e-07,True
BC-Jackson2020,clinical_type,2,1,1.0,296,74,TripleNeg,CD45,0.2084264579961037,True
BC-Jackson2020,clinical_type,2,1,1.0,296,74,TripleNeg,CD68,0.3734338224635441,True
BC-Jackson2020,clinical_type,2,1,1.0,296,74,TripleNeg,Carbonic Anhydrase IX,0.0,False
BC-Jackson2020,clinical_type,2,1,1.0,296,74,TripleNeg,Cytokeratin 19,0.2073542901855196,True
BC-Jackson2020,clinical_type,2,1,1.0,296,74,TripleNeg,Cytokeratin 5,0.0,False
BC-Jackson2020,clinical_type,2,1,1.0,296,74,TripleNeg,Cytokeratin 7,-0.29927361004009256,True
BC-Jackson2020,clinical_type,2,1,1.0,296,74,TripleNeg,Cytokeratin 8/18,0.0,False
BC-Jackson2020,clinical_type,2,1,1.0,296,74,TripleNeg,DNA1,0.0,False
BC-Jackson2020,clinical_type,2,1,1.0,296,74,TripleNeg,EGFR,1.3320773999941706,True
BC-Jackson2020,clinical_type,2,1,1.0,296,74,TripleNeg,Ecadherin,-0.08802768927440119,True
BC-Jackson2020,clinical_type,2,1,1.0,296,74,TripleNeg,Estrogen,0.33428548193308244,True
BC-Jackson2020,clinical_type,2,1,1.0,296,74,TripleNeg,Fibronectin,-0.2971813657990984,True
BC-Jackson2020,clinical_type,2,1,1.0,296,74,TripleNeg,GATA3,-0.3678605041839664,True
BC-Jackson2020,clinical_type,2,1,1.0,296,74,TripleNeg,Histone H3,0.0,False
BC-Jackson2020,clinical_type,2,1,1.0,296,74,TripleNeg,Keratin 14 (KRT14),-0.08795035281418523,True
BC-Jackson2020,clinical_type,2,1,1.0,296,74,TripleNeg,Ki-67,0.464263145391475,True
BC-Jackson2020,clinical_type,2,1,1.0,296,74,TripleNeg,Progesterone Receptor A/B,0.0,False
BC-Jackson2020,clinical_type,2,1,1.0,296,74,TripleNeg,SMA,0.12804965539879376,True
BC-Jackson2020,clinical_type,2,1,1.0,296,74,TripleNeg,Slug,0.0,False
BC-Jackson2020,clinical_type,2,1,1.0,296,74,TripleNeg,Twist,-0.699928666729564,True
BC-Jackson2020,clinical_type,2,1,1.0,296,74,TripleNeg,Vimentin,0.0,False
BC-Jackson2020,clinical_type,2,1,1.0,296,74,TripleNeg,c-Myc,0.0,False
BC-Jackson2020,clinical_type,2,1,1.0,296,74,TripleNeg,c-erbB-2 - Her2,-0.5345329426829974,True
BC-Jackson2020,clinical_type,2,1,1.0,296,74,TripleNeg,cleaved PARP,0.4494824137842736,True
BC-Jackson2020,clinical_type,2,1,1.0,296,74,TripleNeg,p53,0.0,False
BC-Jackson2020,clinical_type,2,1,1.0,296,74,TripleNeg,pan Cytokeratin,0.023021294184004944,True
BC-Jackson2020,clinical_type,2,1,1.0,296,74,TripleNeg,phospho-Histone,-0.34503819878682435,True
BC-Jackson2020,clinical_type,2,1,1.0,296,74,TripleNeg,phospho-S6,0.0,False
BC-Jackson2020,clinical_type,2,1,1.0,296,74,TripleNeg,phospho-mTOR,-0.5775505229950583,True
BC-Jackson2020,clinical_type,2,1,1.0,296,74,TripleNeg,vWF,0.14668262026686088,True
BC-Jackson2020,clinical_type,2,2,1.0,296,74,HR+HER2+,CD20,0.7601764814504822,True
BC-Jackson2020,clinical_type,2,2,1.0,296,74,HR+HER2+,CD3,0.0,False
BC-Jackson2020,clinical_type,2,2,1.0,296,74,HR+HER2+,CD44,0.0,False
BC-Jackson2020,clinical_type,2,2,1.0,296,74,HR+HER2+,CD45,-1.1366640667962569,True
BC-Jackson2020,clinical_type,2,2,1.0,296,74,HR+HER2+,CD68,0.12254345749380308,True
BC-Jackson2020,clinical_type,2,2,1.0,296,74,HR+HER2+,Carbonic Anhydrase IX,-0.4911352811152004,True
BC-Jackson2020,clinical_type,2,2,1.0,296,74,HR+HER2+,Cytokeratin 19,-0.5316527817031821,True
BC-Jackson2020,clinical_type,2,2,1.0,296,74,HR+HER2+,Cytokeratin 5,-0.08166320093738787,True
BC-Jackson2020,clinical_type,2,2,1.0,296,74,HR+HER2+,Cytokeratin 7,-0.6290619054704986,True
BC-Jackson2020,clinical_type,2,2,1.0,296,74,HR+HER2+,Cytokeratin 8/18,0.13901319273063734,True
BC-Jackson2020,clinical_type,2,2,1.0,296,74,HR+HER2+,DNA1,0.2595824621062438,True
BC-Jackson2020,clinical_type,2,2,1.0,296,74,HR+HER2+,EGFR,0.0,False
BC-Jackson2020,clinical_type,2,2,1.0,296,74,HR+HER2+,Ecadherin,-0.6620074089410609,True
BC-Jackson2020,clinical_type,2,2,1.0,296,74,HR+HER2+,Estrogen,-0.2119096524762317,True
BC-Jackson2020,clinical_type,2,2,1.0,296,74,HR+HER2+,Fibronectin,0.3831420034057259,True
BC-Jackson2020,clinical_type,2,2,1.0,296,74,HR+HER2+,GATA3,0.01445529968628684,True
BC-Jackson2020,clinical_type,2,2,1.0,296,74,HR+HER2+,Histone H3,0.31587339979347573,True
BC-Jackson2020,clinical_type,2,2,1.0,296,74,HR+HER2+,Keratin 14 (KRT14),0.0,False
BC-Jackson2020,clinical_type,2,2,1.0,296,74,HR+HER2+,Ki-67,-0.4750045160389983,True
BC-Jackson2020,clinical_type,2,2,1.0,296,74,HR+HER2+,Progesterone Receptor A/B,0.0,False
BC-Jackson2020,clinical_type,2,2,1.0,296,74,HR+HER2+,SMA,0.0696584234113206,True
BC-Jackson2020,clinical_type,2,2,1.0,296,74,HR+HER2+,Slug,0.03653302586754742,True
BC-Jackson2020,clinical_type,2,2,1.0,296,74,HR+HER2+,Twist,0.0,False
BC-Jackson2020,clinical_type,2,2,1.0,296,74,HR+HER2+,Vimentin,-0.20144496253005478,True
BC-Jackson2020,clinical_type,2,2,1.0,296,74,HR+HER2+,c-Myc,0.0,False
BC-Jackson2020,clinical_type,2,2,1.0,296,74,HR+HER2+,c-erbB-2 - Her2,0.9845359002473005,True
BC-Jackson2020,clinical_type,2,2,1.0,296,74,HR+HER2+,cleaved PARP,-0.9018411270660974,True
BC-Jackson2020,clinical_type,2,2,1.0,296,74,HR+HER2+,p53,0.0,False
BC-Jackson2020,clinical_type,2,2,1.0,296,74,HR+HER2+,pan Cytokeratin,0.0,False
BC-Jackson2020,clinical_type,2,2,1.0,296,74,HR+HER2+,phospho-Histone,0.0,False
BC-Jackson2020,clinical_type,2,2,1.0,296,74,HR+HER2+,phospho-S6,-0.002673165824361294,True
BC-Jackson2020,clinical_type,2,2,1.0,296,74,HR+HER2+,phospho-mTOR,0.8739186036625491,True
BC-Jackson2020,clinical_type,2,2,1.0,296,74,HR+HER2+,vWF,0.0,False
BC-Jackson2020,clinical_type,2,2,1.0,296,74,HR+HER2-,CD20,-0.3811477480726172,True
BC-Jackson2020,clinical_type,2,2,1.0,296,74,HR+HER2-,CD3,-0.2766623098412529,True
BC-Jackson2020,clinical_type,2,2,1.0,296,74,HR+HER2-,CD44,0.31735770388615964,True
BC-Jackson2020,clinical_type,2,2,1.0,296,74,HR+HER2-,CD45,0.0,False
BC-Jackson2020,clinical_type,2,2,1.0,296,74,HR+HER2-,CD68,0.0,False
BC-Jackson2020,clinical_type,2,2,1.0,296,74,HR+HER2-,Carbonic Anhydrase IX,-0.00660192701478789,True
BC-Jackson2020,clinical_type,2,2,1.0,296,74,HR+HER2-,Cytokeratin 19,0.4190310180318247,True
BC-Jackson2020,clinical_type,2,2,1.0,296,74,HR+HER2-,Cytokeratin 5,-0.08349383837404784,True
BC-Jackson2020,clinical_type,2,2,1.0,296,74,HR+HER2-,Cytokeratin 7,0.042396381343424924,True
BC-Jackson2020,clinical_type,2,2,1.0,296,74,HR+HER2-,Cytokeratin 8/18,0.09592037323864455,True
BC-Jackson2020,clinical_type,2,2,1.0,296,74,HR+HER2-,DNA1,0.0,False
BC-Jackson2020,clinical_type,2,2,1.0,296,74,HR+HER2-,EGFR,0.0,False
BC-Jackson2020,clinical_type,2,2,1.0,296,74,HR+HER2-,Ecadherin,0.03923288745796609,True
BC-Jackson2020,clinical_type,2,2,1.0,296,74,HR+HER2-,Estrogen,0.6048477759403849,True
BC-Jackson2020,clinical_type,2,2,1.0,296,74,HR+HER2-,Fibronectin,0.0,False
BC-Jackson2020,clinical_type,2,2,1.0,296,74,HR+HER2-,GATA3,0.5308425717203832,True
BC-Jackson2020,clinical_type,2,2,1.0,296,74,HR+HER2-,Histone H3,0.0,False
BC-Jackson2020,clinical_type,2,2,1.0,296,74,HR+HER2-,Keratin 14 (KRT14),0.0,False
BC-Jackson2020,clinical_type,2,2,1.0,296,74,HR+HER2-,Ki-67,-0.303906547723376,True
BC-Jackson2020,clinical_type,2,2,1.0,296,74,HR+HER2-,Progesterone Receptor A/B,1.080481147522643,True
BC-Jackson2020,clinical_type,2,2,1.0,296,74,HR+HER2-,SMA,-0.09332568299550804,True
BC-Jackson2020,clinical_type,2,2,1.0,296,74,HR+HER2-,Slug,0.37517953049355146,True
BC-Jackson2020,clinical_type,2,2,1.0,296,74,HR+HER2-,Twist,0.2737244049477349,True
BC-Jackson2020,clinical_type,2,2,1.0,296,74,HR+HER2-,Vimentin,-0.33255920196256994,True
BC-Jackson2020,clinical_type,2,2,1.0,296,74,HR+HER2-,c-Myc,0.06879703855784346,True
BC-Jackson2020,clinical_type,2,2,1.0,296,74,HR+HER2-,c-erbB-2 - Her2,-0.9952787974997354,True
BC-Jackson2020,clinical_type,2,2,1.0,296,74,HR+HER2-,cleaved PARP,-0.02413892477158168,True
BC-Jackson2020,clinical_type,2,2,1.0,296,74,HR+HER2-,p53,-0.45362010588052704,True
BC-Jackson2020,clinical_type,2,2,1.0,296,74,HR+HER2-,pan Cytokeratin,-0.5528539112263288,True
BC-Jackson2020,clinical_type,2,2,1.0,296,74,HR+HER2-,phospho-Histone,0.0,False
BC-Jackson2020,clinical_type,2,2,1.0,296,74,HR+HER2-,phospho-S6,0.2636106151381566,True
BC-Jackson2020,clinical_type,2,2,1.0,296,74,HR+HER2-,phospho-mTOR,-0.42833707431599644,True
BC-Jackson2020,clinical_type,2,2,1.0,296,74,HR+HER2-,vWF,-0.01379030411414044,True
BC-Jackson2020,clinical_type,2,2,1.0,296,74,HR-HER2+,CD20,0.0,False
BC-Jackson2020,clinical_type,2,2,1.0,296,74,HR-HER2+,CD3,0.6348839869779215,True
BC-Jackson2020,clinical_type,2,2,1.0,296,74,HR-HER2+,CD44,-0.4545547303006975,True
BC-Jackson2020,clinical_type,2,2,1.0,296,74,HR-HER2+,CD45,0.008629094473225388,True
BC-Jackson2020,clinical_type,2,2,1.0,296,74,HR-HER2+,CD68,-0.08638700262880442,True
BC-Jackson2020,clinical_type,2,2,1.0,296,74,HR-HER2+,Carbonic Anhydrase IX,0.38925168923788983,True
BC-Jackson2020,clinical_type,2,2,1.0,296,74,HR-HER2+,Cytokeratin 19,-0.15149342306402871,True
BC-Jackson2020,clinical_type,2,2,1.0,296,74,HR-HER2+,Cytokeratin 5,0.23490158404603953,True
BC-Jackson2020,clinical_type,2,2,1.0,296,74,HR-HER2+,Cytokeratin 7,0.5919363579369986,True
BC-Jackson2020,clinical_type,2,2,1.0,296,74,HR-HER2+,Cytokeratin 8/18,-0.16345624836589484,True
BC-Jackson2020,clinical_type,2,2,1.0,296,74,HR-HER2+,DNA1,-0.5918174222135301,True
BC-Jackson2020,clinical_type,2,2,1.0,296,74,HR-HER2+,EGFR,-0.6109748797663355,True
BC-Jackson2020,clinical_type,2,2,1.0,296,74,HR-HER2+,Ecadherin,0.5096562680044149,True
BC-Jackson2020,clinical_type,2,2,1.0,296,74,HR-HER2+,Estrogen,-0.9481087030508795,True
BC-Jackson2020,clinical_type,2,2,1.0,296,74,HR-HER2+,Fibronectin,0.0,False
BC-Jackson2020,clinical_type,2,2,1.0,296,74,HR-HER2+,GATA3,-0.0697873388247424,True
BC-Jackson2020,clinical_type,2,2,1.0,296,74,HR-HER2+,Histone H3,0.0,False
BC-Jackson2020,clinical_type,2,2,1.0,296,74,HR-HER2+,Keratin 14 (KRT14),0.12102776969868974,True
BC-Jackson2020,clinical_type,2,2,1.0,296,74,HR-HER2+,Ki-67,0.2272005302743745,True
BC-Jackson2020,clinical_type,2,2,1.0,296,74,HR-HER2+,Progesterone Receptor A/B,-1.4994196149452603,True
BC-Jackson2020,clinical_type,2,2,1.0,296,74,HR-HER2+,SMA,-0.08344616860495246,True
BC-Jackson2020,clinical_type,2,2,1.0,296,74,HR-HER2+,Slug,-0.5532931283128195,True
BC-Jackson2020,clinical_type,2,2,1.0,296,74,HR-HER2+,Twist,0.0,False
BC-Jackson2020,clinical_type,2,2,1.0,296,74,HR-HER2+,Vimentin,0.4974688602901383,True
BC-Jackson2020,clinical_type,2,2,1.0,296,74,HR-HER2+,c-Myc,-0.1474078229409861,True
BC-Jackson2020,clinical_type,2,2,1.0,296,74,HR-HER2+,c-erbB-2 - Her2,0.9364545147924923,True
BC-Jackson2020,clinical_type,2,2,1.0,296,74,HR-HER2+,cleaved PARP,0.1076012940086735,True
BC-Jackson2020,clinical_type,2,2,1.0,296,74,HR-HER2+,p53,0.0,False
BC-Jackson2020,clinical_type,2,2,1.0,296,74,HR-HER2+,pan Cytokeratin,0.0,False
BC-Jackson2020,clinical_type,2,2,1.0,296,74,HR-HER2+,phospho-Histone,0.0,False
BC-Jackson2020,clinical_type,2,2,1.0,296,74,HR-HER2+,phospho-S6,-0.3902278541712007,True
BC-Jackson2020,clinical_type,2,2,1.0,296,74,HR-HER2+,phospho-mTOR,0.5113930709450968,True
BC-Jackson2020,clinical_type,2,2,1.0,296,74,HR-HER2+,vWF,0.0,False
BC-Jackson2020,clinical_type,2,2,1.0,296,74,TripleNeg,CD20,0.0,False
BC-Jackson2020,clinical_type,2,2,1.0,296,74,TripleNeg,CD3,0.0,False
BC-Jackson2020,clinical_type,2,2,1.0,296,74,TripleNeg,CD44,0.0,False
BC-Jackson2020,clinical_type,2,2,1.0,296,74,TripleNeg,CD45,0.0,False
BC-Jackson2020,clinical_type,2,2,1.0,296,74,TripleNeg,CD68,0.0,False
BC-Jackson2020,clinical_type,2,2,1.0,296,74,TripleNeg,Carbonic Anhydrase IX,0.11758475088551645,True
BC-Jackson2020,clinical_type,2,2,1.0,296,74,TripleNeg,Cytokeratin 19,0.15204660544644769,True
BC-Jackson2020,clinical_type,2,2,1.0,296,74,TripleNeg,Cytokeratin 5,0.0,False
BC-Jackson2020,clinical_type,2,2,1.0,296,74,TripleNeg,Cytokeratin 7,0.0,False
BC-Jackson2020,clinical_type,2,2,1.0,296,74,TripleNeg,Cytokeratin 8/18,-0.05605045876307768,True
BC-Jackson2020,clinical_type,2,2,1.0,296,74,TripleNeg,DNA1,0.0,False
BC-Jackson2020,clinical_type,2,2,1.0,296,74,TripleNeg,EGFR,1.206847003865983,True
BC-Jackson2020,clinical_type,2,2,1.0,296,74,TripleNeg,Ecadherin,-0.043574727668004104,True
BC-Jackson2020,clinical_type,2,2,1.0,296,74,TripleNeg,Estrogen,0.5517191467558753,True
BC-Jackson2020,clinical_type,2,2,1.0,296,74,TripleNeg,Fibronectin,-0.23436515203896754,True
BC-Jackson2020,clinical_type,2,2,1.0,296,74,TripleNeg,GATA3,-0.47258204413144084,True
BC-Jackson2020,clinical_type,2,2,1.0,296,74,TripleNeg,Histone H3,-0.1459369023680427,True
BC-Jackson2020,clinical_type,2,2,1.0,296,74,TripleNeg,Keratin 14 (KRT14),-0.20246884537246318,True
BC-Jackson2020,clinical_type,2,2,1.0,296,74,TripleNeg,Ki-67,0.5522857722855219,True
BC-Jackson2020,clinical_type,2,2,1.0,296,74,TripleNeg,Progesterone Receptor A/B,0.109185250355718,True
BC-Jackson2020,clinical_type,2,2,1.0,296,74,TripleNeg,SMA,0.08510752859346538,True
BC-Jackson2020,clinical_type,2,2,1.0,296,74,TripleNeg,Slug,-0.0025930232526681163,True
BC-Jackson2020,clinical_type,2,2,1.0,296,74,TripleNeg,Twist,-0.5332162568088709,True
BC-Jackson2020,clinical_type,2,2,1.0,296,74,TripleNeg,Vimentin,0.037574969311211764,True
BC-Jackson2020,clinical_type,2,2,1.0,296,74,TripleNeg,c-Myc,0.008370715448691652,True
BC-Jackson2020,clinical_type,2,2,1.0,296,74,TripleNeg,c-erbB-2 - Her2,-0.9151481413173471,True
BC-Jackson2020,clinical_type,2,2,1.0,296,74,TripleNeg,cleaved PARP,0.8053065373340555,True
BC-Jackson2020,clinical_type,2,2,1.0,296,74,TripleNeg,p53,0.0,False
BC-Jackson2020,clinical_type,2,2,1.0,296,74,TripleNeg,pan Cytokeratin,0.14037231424151905,True
BC-Jackson2020,clinical_type,2,2,1.0,296,74,TripleNeg,phospho-Histone,0.0,False
BC-Jackson2020,clinical_type,2,2,1.0,296,74,TripleNeg,phospho-S6,0.061071918078401774,True
BC-Jackson2020,clinical_type,2,2,1.0,296,74,TripleNeg,phospho-mTOR,-0.9043740925537144,True
BC-Jackson2020,clinical_type,2,2,1.0,296,74,TripleNeg,vWF,0.33787348767589437,True
BC-Jackson2020,clinical_type,2,3,1.0,300,70,HR+HER2+,CD20,0.060646372696770694,True
BC-Jackson2020,clinical_type,2,3,1.0,300,70,HR+HER2+,CD3,0.060505435883064604,True
BC-Jackson2020,clinical_type,2,3,1.0,300,70,HR+HER2+,CD44,0.6395946891784675,True
BC-Jackson2020,clinical_type,2,3,1.0,300,70,HR+HER2+,CD45,-0.348082019958463,True
BC-Jackson2020,clinical_type,2,3,1.0,300,70,HR+HER2+,CD68,-1.23161009513234,True
BC-Jackson2020,clinical_type,2,3,1.0,300,70,HR+HER2+,Carbonic Anhydrase IX,0.0,False
BC-Jackson2020,clinical_type,2,3,1.0,300,70,HR+HER2+,Cytokeratin 19,-0.9841188489705903,True
BC-Jackson2020,clinical_type,2,3,1.0,300,70,HR+HER2+,Cytokeratin 5,-0.6500169837248772,True
BC-Jackson2020,clinical_type,2,3,1.0,300,70,HR+HER2+,Cytokeratin 7,-0.9552665716807915,True
BC-Jackson2020,clinical_type,2,3,1.0,300,70,HR+HER2+,Cytokeratin 8/18,0.8726385959932218,True
BC-Jackson2020,clinical_type,2,3,1.0,300,70,HR+HER2+,DNA1,0.629560822403476,True
BC-Jackson2020,clinical_type,2,3,1.0,300,70,HR+HER2+,EGFR,0.0,False
BC-Jackson2020,clinical_type,2,3,1.0,300,70,HR+HER2+,Ecadherin,-1.546713020307628,True
BC-Jackson2020,clinical_type,2,3,1.0,300,70,HR+HER2+,Estrogen,-0.9328165205891067,True
BC-Jackson2020,clinical_type,2,3,1.0,300,70,HR+HER2+,Fibronectin,0.5798460935989836,True
BC-Jackson2020,clinical_type,2,3,1.0,300,70,HR+HER2+,GATA3,0.054296904887480235,True
BC-Jackson2020,clinical_type,2,3,1.0,300,70,HR+HER2+,Histone H3,1.0880344234590051,True
BC-Jackson2020,clinical_type,2,3,1.0,300,70,HR+HER2+,Keratin 14 (KRT14),0.0,False
BC-Jackson2020,clinical_type,2,3,1.0,300,70,HR+HER2+,Ki-67,-0.6874435177848841,True
BC-Jackson2020,clinical_type,2,3,1.0,300,70,HR+HER2+,Progesterone Receptor A/B,0.0,False
BC-Jackson2020,clinical_type,2,3,1.0,300,70,HR+HER2+,SMA,0.13605796155311034,True
BC-Jackson2020,clinical_type,2,3,1.0,300,70,HR+HER2+,Slug,0.37882163402215757,True
BC-Jackson2020,clinical_type,2,3,1.0,300,70,HR+HER2+,Twist,0.0,False
BC-Jackson2020,clinical_type,2,3,1.0,300,70,HR+HER2+,Vimentin,0.4623050953561191,True
BC-Jackson2020,clinical_type,2,3,1.0,300,70,HR+HER2+,c-Myc,-0.06672706558974496,True
BC-Jackson2020,clinical_type,2,3,1.0,300,70,HR+HER2+,c-erbB-2 - Her2,1.7588183937514654,True
BC-Jackson2020,clinical_type,2,3,1.0,300,70,HR+HER2+,cleaved PARP,-1.128590777497009,True
BC-Jackson2020,clinical_type,2,3,1.0,300,70,HR+HER2+,p53,0.0,False
BC-Jackson2020,clinical_type,2,3,1.0,300,70,HR+HER2+,pan Cytokeratin,0.0,False
BC-Jackson2020,clinical_type,2,3,1.0,300,70,HR+HER2+,phospho-Histone,-1.0080656548140643,True
BC-Jackson2020,clinical_type,2,3,1.0,300,70,HR+HER2+,phospho-S6,0.12005629355292222,True
BC-Jackson2020,clinical_type,2,3,1.0,300,70,HR+HER2+,phospho-mTOR,0.6608250289799201,True
BC-Jackson2020,clinical_type,2,3,1.0,300,70,HR+HER2+,vWF,-0.5076144136329249,True
BC-Jackson2020,clinical_type,2,3,1.0,300,70,HR+HER2-,CD20,0.12726435987158288,True
BC-Jackson2020,clinical_type,2,3,1.0,300,70,HR+HER2-,CD3,-0.36013766820728466,True
BC-Jackson2020,clinical_type,2,3,1.0,300,70,HR+HER2-,CD44,0.16452927230570005,True
BC-Jackson2020,clinical_type,2,3,1.0,300,70,HR+HER2-,CD45,0.0,False
BC-Jackson2020,clinical_type,2,3,1.0,300,70,HR+HER2-,CD68,0.0,False
BC-Jackson2020,clinical_type,2,3,1.0,300,70,HR+HER2-,Carbonic Anhydrase IX,-0.21888051118617494,True
BC-Jackson2020,clinical_type,2,3,1.0,300,70,HR+HER2-,Cytokeratin 19,0.564652578885799,True
BC-Jackson2020,clinical_type,2,3,1.0,300,70,HR+HER2-,Cytokeratin 5,-0.0010171270309162754,True
BC-Jackson2020,clinical_type,2,3,1.0,300,70,HR+HER2-,Cytokeratin 7,0.0,False
BC-Jackson2020,clinical_type,2,3,1.0,300,70,HR+HER2-,Cytokeratin 8/18,0.0,False
BC-Jackson2020,clinical_type,2,3,1.0,300,70,HR+HER2-,DNA1,-0.16289267775541041,True
BC-Jackson2020,clinical_type,2,3,1.0,300,70,HR+HER2-,EGFR,0.0,False
BC-Jackson2020,clinical_type,2,3,1.0,300,70,HR+HER2-,Ecadherin,0.25725004669947527,True
BC-Jackson2020,clinical_type,2,3,1.0,300,70,HR+HER2-,Estrogen,0.21628792205829525,True
BC-Jackson2020,clinical_type,2,3,1.0,300,70,HR+HER2-,Fibronectin,0.14504525435190863,True
BC-Jackson2020,clinical_type,2,3,1.0,300,70,HR+HER2-,GATA3,1.14996871802047,True
BC-Jackson2020,clinical_type,2,3,1.0,300,70,HR+HER2-,Histone H3,-0.03515279800769311,True
BC-Jackson2020,clinical_type,2,3,1.0,300,70,HR+HER2-,Keratin 14 (KRT14),0.0,False
BC-Jackson2020,clinical_type,2,3,1.0,300,70,HR+HER2-,Ki-67,-0.40554697813218554,True
BC-Jackson2020,clinical_type,2,3,1.0,300,70,HR+HER2-,Progesterone Receptor A/B,0.47794786696801234,True
BC-Jackson2020,clinical_type,2,3,1.0,300,70,HR+HER2-,SMA,-0.07127527301645264,True
BC-Jackson2020,clinical_type,2,3,1.0,300,70,HR+HER2-,Slug,0.0,False
BC-Jackson2020,clinical_type,2,3,1.0,300,70,HR+HER2-,Twist,0.0,False
BC-Jackson2020,clinical_type,2,3,1.0,300,70,HR+HER2-,Vimentin,-0.6364318455434675,True
BC-Jackson2020,clinical_type,2,3,1.0,300,70,HR+HER2-,c-Myc,0.28164830002358465,True
BC-Jackson2020,clinical_type,2,3,1.0,300,70,HR+HER2-,c-erbB-2 - Her2,-0.9944849553141467,True
BC-Jackson2020,clinical_type,2,3,1.0,300,70,HR+HER2-,cleaved PARP,0.0,False
BC-Jackson2020,clinical_type,2,3,1.0,300,70,HR+HER2-,p53,-0.9649567447859182,True
BC-Jackson2020,clinical_type,2,3,1.0,300,70,HR+HER2-,pan Cytokeratin,-0.7453202889263997,True
BC-Jackson2020,clinical_type,2,3,1.0,300,70,HR+HER2-,phospho-Histone,0.0,False
BC-Jackson2020,clinical_type,2,3,1.0,300,70,HR+HER2-,phospho-S6,0.011394718162594054,True
BC-Jackson2020,clinical_type,2,3,1.0,300,70,HR+HER2-,phospho-mTOR,-0.057456942875372424,True
BC-Jackson2020,clinical_type,2,3,1.0,300,70,HR+HER2-,vWF,0.0,False
BC-Jackson2020,clinical_type,2,3,1.0,300,70,HR-HER2+,CD20,-0.009185974292307008,True
BC-Jackson2020,clinical_type,2,3,1.0,300,70,HR-HER2+,CD3,0.5731624037690294,True
BC-Jackson2020,clinical_type,2,3,1.0,300,70,HR-HER2+,CD44,-0.6542891781742699,True
BC-Jackson2020,clinical_type,2,3,1.0,300,70,HR-HER2+,CD45,0.0,False
BC-Jackson2020,clinical_type,2,3,1.0,300,70,HR-HER2+,CD68,0.0,False
BC-Jackson2020,clinical_type,2,3,1.0,300,70,HR-HER2+,Carbonic Anhydrase IX,0.4868052606873358,True
BC-Jackson2020,clinical_type,2,3,1.0,300,70,HR-HER2+,Cytokeratin 19,0.0,False
BC-Jackson2020,clinical_type,2,3,1.0,300,70,HR-HER2+,Cytokeratin 5,0.1772375359312868,True
BC-Jackson2020,clinical_type,2,3,1.0,300,70,HR-HER2+,Cytokeratin 7,0.6133946260760295,True
BC-Jackson2020,clinical_type,2,3,1.0,300,70,HR-HER2+,Cytokeratin 8/18,-0.0040795093373625245,True
BC-Jackson2020,clinical_type,2,3,1.0,300,70,HR-HER2+,DNA1,-0.45639698565886594,True
BC-Jackson2020,clinical_type,2,3,1.0,300,70,HR-HER2+,EGFR,-0.98588782673164,True
BC-Jackson2020,clinical_type,2,3,1.0,300,70,HR-HER2+,Ecadherin,0.0,False
BC-Jackson2020,clinical_type,2,3,1.0,300,70,HR-HER2+,Estrogen,-0.36538572723648427,True
BC-Jackson2020,clinical_type,2,3,1.0,300,70,HR-HER2+,Fibronectin,-0.3122182493228547,True
BC-Jackson2020,clinical_type,2,3,1.0,300,70,HR-HER2+,GATA3,0.0,False
BC-Jackson2020,clinical_type,2,3,1.0,300,70,HR-HER2+,Histone H3,0.0,False
BC-Jackson2020,clinical_type,2,3,1.0,300,70,HR-HER2+,Keratin 14 (KRT14),0.043287257974166146,True
BC-Jackson2020,clinical_type,2,3,1.0,300,70,HR-HER2+,Ki-67,0.29842373468789946,True
BC-Jackson2020,clinical_type,2,3,1.0,300,70,HR-HER2+,Progesterone Receptor A/B,-1.9585474783262427,True
BC-Jackson2020,clinical_type,2,3,1.0,300,70,HR-HER2+,SMA,0.11512202608691703,True
BC-Jackson2020,clinical_type,2,3,1.0,300,70,HR-HER2+,Slug,-0.6103340232236583,True
BC-Jackson2020,clinical_type,2,3,1.0,300,70,HR-HER2+,Twist,0.17244835994252264,True
BC-Jackson2020,clinical_type,2,3,1.0,300,70,HR-HER2+,Vimentin,0.0,False
BC-Jackson2020,clinical_type,2,3,1.0,300,70,HR-HER2+,c-Myc,-0.4257266519715037,True
BC-Jackson2020,clinical_type,2,3,1.0,300,70,HR-HER2+,c-erbB-2 - Her2,0.47976138643077554,True
BC-Jackson2020,clinical_type,2,3,1.0,300,70,HR-HER2+,cleaved PARP,0.0772033942433305,True
BC-Jackson2020,clinical_type,2,3,1.0,300,70,HR-HER2+,p53,0.30831075173143313,True
BC-Jackson2020,clinical_type,2,3,1.0,300,70,HR-HER2+,pan Cytokeratin,0.0,False
BC-Jackson2020,clinical_type,2,3,1.0,300,70,HR-HER2+,phospho-Histone,0.0,False
BC-Jackson2020,clinical_type,2,3,1.0,300,70,HR-HER2+,phospho-S6,-0.1407109652769595,True
BC-Jackson2020,clinical_type,2,3,1.0,300,70,HR-HER2+,phospho-mTOR,0.22345800394820003,True
BC-Jackson2020,clinical_type,2,3,1.0,300,70,HR-HER2+,vWF,0.15071656394226682,True
BC-Jackson2020,clinical_type,2,3,1.0,300,70,TripleNeg,CD20,-0.15021880480108452,True
BC-Jackson2020,clinical_type,2,3,1.0,300,70,TripleNeg,CD3,-0.09152548581057472,True
BC-Jackson2020,clinical_type,2,3,1.0,300,70,TripleNeg,CD44,-0.07872402559201816,True
BC-Jackson2020,clinical_type,2,3,1.0,300,70,TripleNeg,CD45,0.12120117686247626,True
BC-Jackson2020,clinical_type,2,3,1.0,300,70,TripleNeg,CD68,0.5048130049863899,True
BC-Jackson2020,clinical_type,2,3,1.0,300,70,TripleNeg,Carbonic Anhydrase IX,0.0,False
BC-Jackson2020,clinical_type,2,3,1.0,300,70,TripleNeg,Cytokeratin 19,0.0,False
BC-Jackson2020,clinical_type,2,3,1.0,300,70,TripleNeg,Cytokeratin 5,0.25470222645697677,True
BC-Jackson2020,clinical_type,2,3,1.0,300,70,TripleNeg,Cytokeratin 7,0.0032786153141250115,True
BC-Jackson2020,clinical_type,2,3,1.0,300,70,TripleNeg,Cytokeratin 8/18,0.0,False
BC-Jackson2020,clinical_type,2,3,1.0,300,70,TripleNeg,DNA1,0.008384866594474079,True
BC-Jackson2020,clinical_type,2,3,1.0,300,70,TripleNeg,EGFR,0.8430823459236932,True
BC-Jackson2020,clinical_type,2,3,1.0,300,70,TripleNeg,Ecadherin,0.0,False
BC-Jackson2020,clinical_type,2,3,1.0,300,70,TripleNeg,Estrogen,1.091958286605042,True
BC-Jackson2020,clinical_type,2,3,1.0,300,70,TripleNeg,Fibronectin,-0.4094606332188698,True
BC-Jackson2020,clinical_type,2,3,1.0,300,70,TripleNeg,GATA3,-1.66905211196146,True
BC-Jackson2020,clinical_type,2,3,1.0,300,70,TripleNeg,Histone H3,0.0,False
BC-Jackson2020,clinical_type,2,3,1.0,300,70,TripleNeg,Keratin 14 (KRT14),-0.46465805743866023,True
BC-Jackson2020,clinical_type,2,3,1.0,300,70,TripleNeg,Ki-67,0.7943585962384141,True
BC-Jackson2020,clinical_type,2,3,1.0,300,70,TripleNeg,Progesterone Receptor A/B,0.0,False
BC-Jackson2020,clinical_type,2,3,1.0,300,70,TripleNeg,SMA,-0.005875731369509429,True
BC-Jackson2020,clinical_type,2,3,1.0,300,70,TripleNeg,Slug,0.0,False
BC-Jackson2020,clinical_type,2,3,1.0,300,70,TripleNeg,Twist,-1.0425913457397,True
BC-Jackson2020,clinical_type,2,3,1.0,300,70,TripleNeg,Vimentin,0.0,False
BC-Jackson2020,clinical_type,2,3,1.0,300,70,TripleNeg,c-Myc,0.21163807750350405,True
BC-Jackson2020,clinical_type,2,3,1.0,300,70,TripleNeg,c-erbB-2 - Her2,-1.245031567336221,True
BC-Jackson2020,clinical_type,2,3,1.0,300,70,TripleNeg,cleaved PARP,0.0,False
BC-Jackson2020,clinical_type,2,3,1.0,300,70,TripleNeg,p53,0.29152017739453684,True
BC-Jackson2020,clinical_type,2,3,1.0,300,70,TripleNeg,pan Cytokeratin,0.5054271557959185,True
BC-Jackson2020,clinical_type,2,3,1.0,300,70,TripleNeg,phospho-Histone,0.0,False
BC-Jackson2020,clinical_type,2,3,1.0,300,70,TripleNeg,phospho-S6,-0.031313781505864446,True
BC-Jackson2020,clinical_type,2,3,1.0,300,70,TripleNeg,phospho-mTOR,-0.7849368701369537,True
BC-Jackson2020,clinical_type,2,3,1.0,300,70,TripleNeg,vWF,0.05092904422371883,True
BC-Jackson2020,clinical_type,2,4,1.0,299,71,HR+HER2+,CD20,0.32787654236251657,True
BC-Jackson2020,clinical_type,2,4,1.0,299,71,HR+HER2+,CD3,0.020687937531474392,True
BC-Jackson2020,clinical_type,2,4,1.0,299,71,HR+HER2+,CD44,0.0,False
BC-Jackson2020,clinical_type,2,4,1.0,299,71,HR+HER2+,CD45,-0.7207305827995035,True
BC-Jackson2020,clinical_type,2,4,1.0,299,71,HR+HER2+,CD68,0.0,False
BC-Jackson2020,clinical_type,2,4,1.0,299,71,HR+HER2+,Carbonic Anhydrase IX,-0.19287447034122362,True
BC-Jackson2020,clinical_type,2,4,1.0,299,71,HR+HER2+,Cytokeratin 19,-0.4178840850454561,True
BC-Jackson2020,clinical_type,2,4,1.0,299,71,HR+HER2+,Cytokeratin 5,0.0,False
BC-Jackson2020,clinical_type,2,4,1.0,299,71,HR+HER2+,Cytokeratin 7,-0.7549291380465658,True
BC-Jackson2020,clinical_type,2,4,1.0,299,71,HR+HER2+,Cytokeratin 8/18,0.0,False
BC-Jackson2020,clinical_type,2,4,1.0,299,71,HR+HER2+,DNA1,0.357546508720982,True
BC-Jackson2020,clinical_type,2,4,1.0,299,71,HR+HER2+,EGFR,0.0,False
BC-Jackson2020,clinical_type,2,4,1.0,299,71,HR+HER2+,Ecadherin,-0.4610686278360689,True
BC-Jackson2020,clinical_type,2,4,1.0,299,71,HR+HER2+,Estrogen,-0.05975537387518677,True
BC-Jackson2020,clinical_type,2,4,1.0,299,71,HR+HER2+,Fibronectin,0.3508946129581347,True
BC-Jackson2020,clinical_type,2,4,1.0,299,71,HR+HER2+,GATA3,0.0,False
BC-Jackson2020,clinical_type,2,4,1.0,299,71,HR+HER2+,Histone H3,0.15661262402602105,True
BC-Jackson2020,clinical_type,2,4,1.0,299,71,HR+HER2+,Keratin 14 (KRT14),0.0,False
BC-Jackson2020,clinical_type,2,4,1.0,299,71,HR+HER2+,Ki-67,-0.42409239351053324,True
BC-Jackson2020,clinical_type,2,4,1.0,299,71,HR+HER2+,Progesterone Receptor A/B,-0.6834163940039705,True
BC-Jackson2020,clinical_type,2,4,1.0,299,71,HR+HER2+,SMA,0.0,False
BC-Jackson2020,clinical_type,2,4,1.0,299,71,HR+HER2+,Slug,0.0,False
BC-Jackson2020,clinical_type,2,4,1.0,299,71,HR+HER2+,Twist,0.0,False
BC-Jackson2020,clinical_type,2,4,1.0,299,71,HR+HER2+,Vimentin,-0.2060557066746006,True
BC-Jackson2020,clinical_type,2,4,1.0,299,71,HR+HER2+,c-Myc,-0.22697667783851094,True
BC-Jackson2020,clinical_type,2,4,1.0,299,71,HR+HER2+,c-erbB-2 - Her2,1.0519505762181565,True
BC-Jackson2020,clinical_type,2,4,1.0,299,71,HR+HER2+,cleaved PARP,-0.4796848795543645,True
BC-Jackson2020,clinical_type,2,4,1.0,299,71,HR+HER2+,p53,0.0,False
BC-Jackson2020,clinical_type,2,4,1.0,299,71,HR+HER2+,pan Cytokeratin,0.0,False
BC-Jackson2020,clinical_type,2,4,1.0,299,71,HR+HER2+,phospho-Histone,0.0,False
BC-Jackson2020,clinical_type,2,4,1.0,299,71,HR+HER2+,phospho-S6,-0.1251822626270978,True
BC-Jackson2020,clinical_type,2,4,1.0,299,71,HR+HER2+,phospho-mTOR,0.8289090677361869,True
BC-Jackson2020,clinical_type,2,4,1.0,299,71,HR+HER2+,vWF,0.0,False
BC-Jackson2020,clinical_type,2,4,1.0,299,71,HR+HER2-,CD20,0.0,False
BC-Jackson2020,clinical_type,2,4,1.0,299,71,HR+HER2-,CD3,-0.3918659567776517,True
BC-Jackson2020,clinical_type,2,4,1.0,299,71,HR+HER2-,CD44,0.2853704539526324,True
BC-Jackson2020,clinical_type,2,4,1.0,299,71,HR+HER2-,CD45,0.08972451659019501,True
BC-Jackson2020,clinical_type,2,4,1.0,299,71,HR+HER2-,CD68,0.0,False
BC-Jackson2020,clinical_type,2,4,1.0,299,71,HR+HER2-,Carbonic Anhydrase IX,-0.2596533534233288,True
BC-Jackson2020,clinical_type,2,4,1.0,299,71,HR+HER2-,Cytokeratin 19,0.7303777421478993,True
BC-Jackson2020,clinical_type,2,4,1.0,299,71,HR+HER2-,Cytokeratin 5,0.0,False
BC-Jackson2020,clinical_type,2,4,1.0,299,71,HR+HER2-,Cytokeratin 7,0.0,False
BC-Jackson2020,clinical_type,2,4,1.0,299,71,HR+HER2-,Cytokeratin 8/18,0.0,False
BC-Jackson2020,clinical_type,2,4,1.0,299,71,HR+HER2-,DNA1,0.0,False
BC-Jackson2020,clinical_type,2,4,1.0,299,71,HR+HER2-,EGFR,0.0,False
BC-Jackson2020,clinical_type,2,4,1.0,299,71,HR+HER2-,Ecadherin,0.0,False
BC-Jackson2020,clinical_type,2,4,1.0,299,71,HR+HER2-,Estrogen,0.20951984453560019,True
BC-Jackson2020,clinical_type,2,4,1.0,299,71,HR+HER2-,Fibronectin,0.07224746091261991,True
BC-Jackson2020,clinical_type,2,4,1.0,299,71,HR+HER2-,GATA3,0.856174624169846,True
BC-Jackson2020,clinical_type,2,4,1.0,299,71,HR+HER2-,Histone H3,-0.0033796864812349675,True
BC-Jackson2020,clinical_type,2,4,1.0,299,71,HR+HER2-,Keratin 14 (KRT14),0.0,False
BC-Jackson2020,clinical_type,2,4,1.0,299,71,HR+HER2-,Ki-67,-0.152499799301278,True
BC-Jackson2020,clinical_type,2,4,1.0,299,71,HR+HER2-,Progesterone Receptor A/B,0.5105723104712264,True
BC-Jackson2020,clinical_type,2,4,1.0,299,71,HR+HER2-,SMA,-0.08695541936127996,True
BC-Jackson2020,clinical_type,2,4,1.0,299,71,HR+HER2-,Slug,0.17664090165973934,True
BC-Jackson2020,clinical_type,2,4,1.0,299,71,HR+HER2-,Twist,0.4112574549077837,True
BC-Jackson2020,clinical_type,2,4,1.0,299,71,HR+HER2-,Vimentin,-0.2381888052454627,True
BC-Jackson2020,clinical_type,2,4,1.0,299,71,HR+HER2-,c-Myc,0.3200548065641576,True
BC-Jackson2020,clinical_type,2,4,1.0,299,71,HR+HER2-,c-erbB-2 - Her2,-1.0355490296347583,True
BC-Jackson2020,clinical_type,2,4,1.0,299,71,HR+HER2-,cleaved PARP,0.0,False
BC-Jackson2020,clinical_type,2,4,1.0,299,71,HR+HER2-,p53,-0.7098606315759941,True
BC-Jackson2020,clinical_type,2,4,1.0,299,71,HR+HER2-,pan Cytokeratin,-0.25938407357134574,True
BC-Jackson2020,clinical_type,2,4,1.0,299,71,HR+HER2-,phospho-Histone,0.0,False
BC-Jackson2020,clinical_type,2,4,1.0,299,71,HR+HER2-,phospho-S6,0.3717321256178765,True
BC-Jackson2020,clinical_type,2,4,1.0,299,71,HR+HER2-,phospho-mTOR,-0.25881589016848694,True
BC-Jackson2020,clinical_type,2,4,1.0,299,71,HR+HER2-,vWF,0.0,False
BC-Jackson2020,clinical_type,2,4,1.0,299,71,HR-HER2+,CD20,0.0,False
BC-Jackson2020,clinical_type,2,4,1.0,299,71,HR-HER2+,CD3,0.5800506757182583,True
BC-Jackson2020,clinical_type,2,4,1.0,299,71,HR-HER2+,CD44,0.0,False
BC-Jackson2020,clinical_type,2,4,1.0,299,71,HR-HER2+,CD45,0.0,False
BC-Jackson2020,clinical_type,2,4,1.0,299,71,HR-HER2+,CD68,-0.03524798194770595,True
BC-Jackson2020,clinical_type,2,4,1.0,299,71,HR-HER2+,Carbonic Anhydrase IX,0.4565639325392496,True
BC-Jackson2020,clinical_type,2,4,1.0,299,71,HR-HER2+,Cytokeratin 19,-0.2129203269558505,True
BC-Jackson2020,clinical_type,2,4,1.0,299,71,HR-HER2+,Cytokeratin 5,-0.8228787756892756,True
BC-Jackson2020,clinical_type,2,4,1.0,299,71,HR-HER2+,Cytokeratin 7,1.3737798939387842,True
BC-Jackson2020,clinical_type,2,4,1.0,299,71,HR-HER2+,Cytokeratin 8/18,-1.2930386772275344,True
BC-Jackson2020,clinical_type,2,4,1.0,299,71,HR-HER2+,DNA1,-0.569925318116375,True
BC-Jackson2020,clinical_type,2,4,1.0,299,71,HR-HER2+,EGFR,-1.0136294528510172,True
BC-Jackson2020,clinical_type,2,4,1.0,299,71,HR-HER2+,Ecadherin,0.4717666384373092,True
BC-Jackson2020,clinical_type,2,4,1.0,299,71,HR-HER2+,Estrogen,-0.1948628001057383,True
BC-Jackson2020,clinical_type,2,4,1.0,299,71,HR-HER2+,Fibronectin,-0.3259962088053336,True
BC-Jackson2020,clinical_type,2,4,1.0,299,71,HR-HER2+,GATA3,-0.45285143030526587,True
BC-Jackson2020,clinical_type,2,4,1.0,299,71,HR-HER2+,Histone H3,-0.6029689577450299,True
BC-Jackson2020,clinical_type,2,4,1.0,299,71,HR-HER2+,Keratin 14 (KRT14),0.6403779633072252,True
BC-Jackson2020,clinical_type,2,4,1.0,299,71,HR-HER2+,Ki-67,0.07409511802430836,True
BC-Jackson2020,clinical_type,2,4,1.0,299,71,HR-HER2+,Progesterone Receptor A/B,-0.04310013479789276,True
BC-Jackson2020,clinical_type,2,4,1.0,299,71,HR-HER2+,SMA,0.007033821833552929,True
BC-Jackson2020,clinical_type,2,4,1.0,299,71,HR-HER2+,Slug,-0.02646351840504833,True
BC-Jackson2020,clinical_type,2,4,1.0,299,71,HR-HER2+,Twist,0.0,False
BC-Jackson2020,clinical_type,2,4,1.0,299,71,HR-HER2+,Vimentin,0.1780779618695142,True
BC-Jackson2020,clinical_type,2,4,1.0,299,71,HR-HER2+,c-Myc,-0.2581405155227672,True
BC-Jackson2020,clinical_type,2,4,1.0,299,71,HR-HER2+,c-erbB-2 - Her2,0.8856100132855317,True
BC-Jackson2020,clinical_type,2,4,1.0,299,71,HR-HER2+,cleaved PARP,0.0,False
BC-Jackson2020,clinical_type,2,4,1.0,299,71,HR-HER2+,p53,0.01864870878489563,True
BC-Jackson2020,clinical_type,2,4,1.0,299,71,HR-HER2+,pan Cytokeratin,0.0,False
BC-Jackson2020,clinical_type,2,4,1.0,299,71,HR-HER2+,phospho-Histone,-0.07472371138190129,True
BC-Jackson2020,clinical_type,2,4,1.0,299,71,HR-HER2+,phospho-S6,-0.4954345198265696,True
BC-Jackson2020,clinical_type,2,4,1.0,299,71,HR-HER2+,phospho-mTOR,0.13549343290384347,True
BC-Jackson2020,clinical_type,2,4,1.0,299,71,HR-HER2+,vWF,0.0,False
BC-Jackson2020,clinical_type,2,4,1.0,299,71,TripleNeg,CD20,-0.32691751143565617,True
BC-Jackson2020,clinical_type,2,4,1.0,299,71,TripleNeg,CD3,0.0,False
BC-Jackson2020,clinical_type,2,4,1.0,299,71,TripleNeg,CD44,0.0,False
BC-Jackson2020,clinical_type,2,4,1.0,299,71,TripleNeg,CD45,0.0,False
BC-Jackson2020,clinical_type,2,4,1.0,299,71,TripleNeg,CD68,0.4376633804526001,True
BC-Jackson2020,clinical_type,2,4,1.0,299,71,TripleNeg,Carbonic Anhydrase IX,0.0051164579198942324,True
BC-Jackson2020,clinical_type,2,4,1.0,299,71,TripleNeg,Cytokeratin 19,1.3745070189689853e-05,True
BC-Jackson2020,clinical_type,2,4,1.0,299,71,TripleNeg,Cytokeratin 5,0.9682950456348188,True
BC-Jackson2020,clinical_type,2,4,1.0,299,71,TripleNeg,Cytokeratin 7,-0.24193784615520503,True
BC-Jackson2020,clinical_type,2,4,1.0,299,71,TripleNeg,Cytokeratin 8/18,0.0,False
BC-Jackson2020,clinical_type,2,4,1.0,299,71,TripleNeg,DNA1,0.0,False
BC-Jackson2020,clinical_type,2,4,1.0,299,71,TripleNeg,EGFR,0.8329978740019601,True
BC-Jackson2020,clinical_type,2,4,1.0,299,71,TripleNeg,Ecadherin,-0.08850803921706986,True
BC-Jackson2020,clinical_type,2,4,1.0,299,71,TripleNeg,Estrogen,0.048030716125876054,True
BC-Jackson2020,clinical_type,2,4,1.0,299,71,TripleNeg,Fibronectin,-0.06861480774953604,True
BC-Jackson2020,clinical_type,2,4,1.0,299,71,TripleNeg,GATA3,0.0,False
BC-Jackson2020,clinical_type,2,4,1.0,299,71,TripleNeg,Histone H3,0.02886984626309373,True
BC-Jackson2020,clinical_type,2,4,1.0,299,71,TripleNeg,Keratin 14 (KRT14),-1.1719901880244394,True
BC-Jackson2020,clinical_type,2,4,1.0,299,71,TripleNeg,Ki-67,0.5048787133023633,True
BC-Jackson2020,clinical_type,2,4,1.0,299,71,TripleNeg,Progesterone Receptor A/B,0.23742756983624397,True
BC-Jackson2020,clinical_type,2,4,1.0,299,71,TripleNeg,SMA,0.0,False
BC-Jackson2020,clinical_type,2,4,1.0,299,71,TripleNeg,Slug,0.0,False
BC-Jackson2020,clinical_type,2,4,1.0,299,71,TripleNeg,Twist,-0.6817538524322908,True
BC-Jackson2020,clinical_type,2,4,1.0,299,71,TripleNeg,Vimentin,0.26665259872875324,True
BC-Jackson2020,clinical_type,2,4,1.0,299,71,TripleNeg,c-Myc,0.15748002744230266,True
BC-Jackson2020,clinical_type,2,4,1.0,299,71,TripleNeg,c-erbB-2 - Her2,-0.9062887882236249,True
BC-Jackson2020,clinical_type,2,4,1.0,299,71,TripleNeg,cleaved PARP,0.035385543398101446,True
BC-Jackson2020,clinical_type,2,4,1.0,299,71,TripleNeg,p53,0.11634498086526686,True
BC-Jackson2020,clinical_type,2,4,1.0,299,71,TripleNeg,pan Cytokeratin,0.35087252056208673,True
BC-Jackson2020,clinical_type,2,4,1.0,299,71,TripleNeg,phospho-Histone,0.0,False
BC-Jackson2020,clinical_type,2,4,1.0,299,71,TripleNeg,phospho-S6,0.21966754323949622,True
BC-Jackson2020,clinical_type,2,4,1.0,299,71,TripleNeg,phospho-mTOR,-0.7223843652674339,True
BC-Jackson2020,clinical_type,2,4,1.0,299,71,TripleNeg,vWF,0.383649624755338,True
BC-METABRIC-Ali2020,ER_status,0,0,1.0,414,104,1,Beta_catenin,-0.2832961786954005,True
BC-METABRIC-Ali2020,ER_status,0,0,1.0,414,104,1,CAIX,-0.047760935978735,True
BC-METABRIC-Ali2020,ER_status,0,0,1.0,414,104,1,CD20,-0.7670209678448027,True
BC-METABRIC-Ali2020,ER_status,0,0,1.0,414,104,1,CD3,0.594978775644975,True
BC-METABRIC-Ali2020,ER_status,0,0,1.0,414,104,1,CD44,-0.767975457920648,True
BC-METABRIC-Ali2020,ER_status,0,0,1.0,414,104,1,CD45,0.0,False
BC-METABRIC-Ali2020,ER_status,0,0,1.0,414,104,1,CD68,0.0,False
BC-METABRIC-Ali2020,ER_status,0,0,1.0,414,104,1,CK14,0.3387336873875967,True
BC-METABRIC-Ali2020,ER_status,0,0,1.0,414,104,1,CK19,1.1561210720895057,True
BC-METABRIC-Ali2020,ER_status,0,0,1.0,414,104,1,CK5,0.055961806629639003,True
BC-METABRIC-Ali2020,ER_status,0,0,1.0,414,104,1,CK7,-1.3869603373252264,True
BC-METABRIC-Ali2020,ER_status,0,0,1.0,414,104,1,CK8_18,1.3094248011516116,True
BC-METABRIC-Ali2020,ER_status,0,0,1.0,414,104,1,DNA1,-0.29507149113510944,True
BC-METABRIC-Ali2020,ER_status,0,0,1.0,414,104,1,DNA2,-0.07609656619344897,True
BC-METABRIC-Ali2020,ER_status,0,0,1.0,414,104,1,EGFR,-1.1935145550226878,True
BC-METABRIC-Ali2020,ER_status,0,0,1.0,414,104,1,ER,4.444773894352892,True
BC-METABRIC-Ali2020,ER_status,0,0,1.0,414,104,1,E_cadherin,-0.36597770263687873,True
BC-METABRIC-Ali2020,ER_status,0,0,1.0,414,104,1,EpCAM,0.0,False
BC-METABRIC-Ali2020,ER_status,0,0,1.0,414,104,1,Erk1_2,0.004517112800666337,True
BC-METABRIC-Ali2020,ER_status,0,0,1.0,414,104,1,Fibronectin,-0.4690995139494424,True
BC-METABRIC-Ali2020,ER_status,0,0,1.0,414,104,1,GATA3,0.0,False
BC-METABRIC-Ali2020,ER_status,0,0,1.0,414,104,1,H3K27me3,0.0,False
BC-METABRIC-Ali2020,ER_status,0,0,1.0,414,104,1,HER2,-0.07565545745111074,True
BC-METABRIC-Ali2020,ER_status,0,0,1.0,414,104,1,HH3_ph,1.221407243168875,True
BC-METABRIC-Ali2020,ER_status,0,0,1.0,414,104,1,HH3_total,0.8654506112734851,True
BC-METABRIC-Ali2020,ER_status,0,0,1.0,414,104,1,Ki67,-1.4435683486711415,True
BC-METABRIC-Ali2020,ER_status,0,0,1.0,414,104,1,PR,-0.42737236201562057,True
BC-METABRIC-Ali2020,ER_status,0,0,1.0,414,104,1,SMA,0.0,False
BC-METABRIC-Ali2020,ER_status,0,0,1.0,414,104,1,Slug,0.20347002879904993,True
BC-METABRIC-Ali2020,ER_status,0,0,1.0,414,104,1,Sox9,-0.1422653278666134,True
BC-METABRIC-Ali2020,ER_status,0,0,1.0,414,104,1,Twist,-1.5493045900156899,True
BC-METABRIC-Ali2020,ER_status,0,0,1.0,414,104,1,Vimentin,0.6003024805022547,True
BC-METABRIC-Ali2020,ER_status,0,0,1.0,414,104,1,c_Myc,0.0,False
BC-METABRIC-Ali2020,ER_status,0,0,1.0,414,104,1,c_PARP_c_Casp3,-0.19181364217214134,True
BC-METABRIC-Ali2020,ER_status,0,0,1.0,414,104,1,p53,0.0,False
BC-METABRIC-Ali2020,ER_status,0,0,1.0,414,104,1,pS6,0.0,False
BC-METABRIC-Ali2020,ER_status,0,0,1.0,414,104,1,panCK,0.14879492531269614,True
BC-METABRIC-Ali2020,ER_status,0,0,1.0,414,104,1,pmTOR,-1.7641544608010573,True
BC-METABRIC-Ali2020,ER_status,0,0,1.0,414,104,1,vWF_CD31,0.0,False
BC-METABRIC-Ali2020,ER_status,0,1,1.0,414,104,1,Beta_catenin,0.0,False
BC-METABRIC-Ali2020,ER_status,0,1,1.0,414,104,1,CAIX,0.0,False
BC-METABRIC-Ali2020,ER_status,0,1,1.0,414,104,1,CD20,-0.10009707411227466,True
BC-METABRIC-Ali2020,ER_status,0,1,1.0,414,104,1,CD3,1.6357695323796968,True
BC-METABRIC-Ali2020,ER_status,0,1,1.0,414,104,1,CD44,-1.266210901876195,True
BC-METABRIC-Ali2020,ER_status,0,1,1.0,414,104,1,CD45,-1.1563411923351714,True
BC-METABRIC-Ali2020,ER_status,0,1,1.0,414,104,1,CD68,0.38037603621296046,True
BC-METABRIC-Ali2020,ER_status,0,1,1.0,414,104,1,CK14,0.23919278625442525,True
BC-METABRIC-Ali2020,ER_status,0,1,1.0,414,104,1,CK19,1.1018655605841687,True
BC-METABRIC-Ali2020,ER_status,0,1,1.0,414,104,1,CK5,0.15234080570878336,True
BC-METABRIC-Ali2020,ER_status,0,1,1.0,414,104,1,CK7,-1.3270085079381244,True
BC-METABRIC-Ali2020,ER_status,0,1,1.0,414,104,1,CK8_18,1.1387885696283744,True
BC-METABRIC-Ali2020,ER_status,0,1,1.0,414,104,1,DNA1,-0.09521099479572803,True
BC-METABRIC-Ali2020,ER_status,0,1,1.0,414,104,1,DNA2,0.0,False
BC-METABRIC-Ali2020,ER_status,0,1,1.0,414,104,1,EGFR,-0.33879891680444857,True
BC-METABRIC-Ali2020,ER_status,0,1,1.0,414,104,1,ER,4.332367673031305,True
BC-METABRIC-Ali2020,ER_status,0,1,1.0,414,104,1,E_cadherin,-0.7458840293506823,True
BC-METABRIC-Ali2020,ER_status,0,1,1.0,414,104,1,EpCAM,0.0,False
BC-METABRIC-Ali2020,ER_status,0,1,1.0,414,104,1,Erk1_2,0.0,False
BC-METABRIC-Ali2020,ER_status,0,1,1.0,414,104,1,Fibronectin,-0.0025179856246871244,True
BC-METABRIC-Ali2020,ER_status,0,1,1.0,414,104,1,GATA3,0.21792885339081755,True
BC-METABRIC-Ali2020,ER_status,0,1,1.0,414,104,1,H3K27me3,0.0,False
BC-METABRIC-Ali2020,ER_status,0,1,1.0,414,104,1,HER2,-0.396433997988669,True
BC-METABRIC-Ali2020,ER_status,0,1,1.0,414,104,1,HH3_ph,0.5371548203820825,True
BC-METABRIC-Ali2020,ER_status,0,1,1.0,414,104,1,HH3_total,0.0,False
BC-METABRIC-Ali2020,ER_status,0,1,1.0,414,104,1,Ki67,-1.4124182671376038,True
BC-METABRIC-Ali2020,ER_status,0,1,1.0,414,104,1,PR,-0.3342138003321306,True
BC-METABRIC-Ali2020,ER_status,0,1,1.0,414,104,1,SMA,-0.1052459969696152,True
BC-METABRIC-Ali2020,ER_status,0,1,1.0,414,104,1,Slug,-0.15493213674297163,True
BC-METABRIC-Ali2020,ER_status,0,1,1.0,414,104,1,Sox9,0.0,False
BC-METABRIC-Ali2020,ER_status,0,1,1.0,414,104,1,Twist,-1.0693617097063628,True
BC-METABRIC-Ali2020,ER_status,0,1,1.0,414,104,1,Vimentin,0.3956182380214465,True
BC-METABRIC-Ali2020,ER_status,0,1,1.0,414,104,1,c_Myc,0.0,False
BC-METABRIC-Ali2020,ER_status,0,1,1.0,414,104,1,c_PARP_c_Casp3,0.0,False
BC-METABRIC-Ali2020,ER_status,0,1,1.0,414,104,1,p53,0.0,False
BC-METABRIC-Ali2020,ER_status,0,1,1.0,414,104,1,pS6,0.20372893856890903,True
BC-METABRIC-Ali2020,ER_status,0,1,1.0,414,104,1,panCK,0.7421867293636569,True
BC-METABRIC-Ali2020,ER_status,0,1,1.0,414,104,1,pmTOR,-1.806794291894906,True
BC-METABRIC-Ali2020,ER_status,0,1,1.0,414,104,1,vWF_CD31,-0.07971686240485627,True
BC-METABRIC-Ali2020,ER_status,0,2,1.0,415,103,1,Beta_catenin,-1.0226689697303468,True
BC-METABRIC-Ali2020,ER_status,0,2,1.0,415,103,1,CAIX,-0.11878728428113434,True
BC-METABRIC-Ali2020,ER_status,0,2,1.0,415,103,1,CD20,-0.2404041861954822,True
BC-METABRIC-Ali2020,ER_status,0,2,1.0,415,103,1,CD3,1.2089620781264583,True
BC-METABRIC-Ali2020,ER_status,0,2,1.0,415,103,1,CD44,-0.867549039638731,True
BC-METABRIC-Ali2020,ER_status,0,2,1.0,415,103,1,CD45,-1.12280307284726,True
BC-METABRIC-Ali2020,ER_status,0,2,1.0,415,103,1,CD68,0.2354132220311367,True
BC-METABRIC-Ali2020,ER_status,0,2,1.0,415,103,1,CK14,0.4004773555394583,True
BC-METABRIC-Ali2020,ER_status,0,2,1.0,415,103,1,CK19,0.9780390000771747,True
BC-METABRIC-Ali2020,ER_status,0,2,1.0,415,103,1,CK5,0.19948212690014183,True
BC-METABRIC-Ali2020,ER_status,0,2,1.0,415,103,1,CK7,-1.0787631792474182,True
BC-METABRIC-Ali2020,ER_status,0,2,1.0,415,103,1,CK8_18,1.0498771256332158,True
BC-METABRIC-Ali2020,ER_status,0,2,1.0,415,103,1,DNA1,0.0,False
BC-METABRIC-Ali2020,ER_status,0,2,1.0,415,103,1,DNA2,-0.2415207885822955,True
BC-METABRIC-Ali2020,ER_status,0,2,1.0,415,103,1,EGFR,-0.47715185319032327,True
BC-METABRIC-Ali2020,ER_status,0,2,1.0,415,103,1,ER,4.928149683430313,True
BC-METABRIC-Ali2020,ER_status,0,2,1.0,415,103,1,E_cadherin,-0.2843673560598099,True
BC-METABRIC-Ali2020,ER_status,0,2,1.0,415,103,1,EpCAM,0.7814450660948846,True
BC-METABRIC-Ali2020,ER_status,0,2,1.0,415,103,1,Erk1_2,-0.007953072963722621,True
BC-METABRIC-Ali2020,ER_status,0,2,1.0,415,103,1,Fibronectin,0.07429826596338178,True
BC-METABRIC-Ali2020,ER_status,0,2,1.0,415,103,1,GATA3,0.0,False
BC-METABRIC-Ali2020,ER_status,0,2,1.0,415,103,1,H3K27me3,-0.028594128873388303,True
BC-METABRIC-Ali2020,ER_status,0,2,1.0,415,103,1,HER2,-0.138880436530037,True
BC-METABRIC-Ali2020,ER_status,0,2,1.0,415,103,1,HH3_ph,0.17872017559225162,True
BC-METABRIC-Ali2020,ER_status,0,2,1.0,415,103,1,HH3_total,0.7991281769524439,True
BC-METABRIC-Ali2020,ER_status,0,2,1.0,415,103,1,Ki67,-1.5502916107270799,True
BC-METABRIC-Ali2020,ER_status,0,2,1.0,415,103,1,PR,0.0,False
BC-METABRIC-Ali2020,ER_status,0,2,1.0,415,103,1,SMA,-0.07774358904983376,True
BC-METABRIC-Ali2020,ER_status,0,2,1.0,415,103,1,Slug,-0.08253953288548027,True
BC-METABRIC-Ali2020,ER_status,0,2,1.0,415,103,1,Sox9,0.16420235011767445,True
BC-METABRIC-Ali2020,ER_status,0,2,1.0,415,103,1,Twist,-1.0804034913705447,True
BC-METABRIC-Ali2020,ER_status,0,2,1.0,415,103,1,Vimentin,0.670511616060867,True
BC-METABRIC-Ali2020,ER_status,0,2,1.0,415,103,1,c_Myc,0.30794895787843896,True
BC-METABRIC-Ali2020,ER_status,0,2,1.0,415,103,1,c_PARP_c_Casp3,-1.2807209575220901,True
BC-METABRIC-Ali2020,ER_status,0,2,1.0,415,103,1,p53,0.0,False
BC-METABRIC-Ali2020,ER_status,0,2,1.0,415,103,1,pS6,0.2597520394138294,True
BC-METABRIC-Ali2020,ER_status,0,2,1.0,415,103,1,panCK,0.2649134750092079,True
BC-METABRIC-Ali2020,ER_status,0,2,1.0,415,103,1,pmTOR,-1.1273658112821658,True
BC-METABRIC-Ali2020,ER_status,0,2,1.0,415,103,1,vWF_CD31,-0.2640795414203557,True
BC-METABRIC-Ali2020,ER_status,0,3,1.0,419,99,1,Beta_catenin,0.0,False
BC-METABRIC-Ali2020,ER_status,0,3,1.0,419,99,1,CAIX,0.006258999950009543,True
BC-METABRIC-Ali2020,ER_status,0,3,1.0,419,99,1,CD20,0.0,False
BC-METABRIC-Ali2020,ER_status,0,3,1.0,419,99,1,CD3,0.6281825267447548,True
BC-METABRIC-Ali2020,ER_status,0,3,1.0,419,99,1,CD44,-0.8326122543601854,True
BC-METABRIC-Ali2020,ER_status,0,3,1.0,419,99,1,CD45,-0.4175999608191632,True
BC-METABRIC-Ali2020,ER_status,0,3,1.0,419,99,1,CD68,0.19657079219315585,True
BC-METABRIC-Ali2020,ER_status,0,3,1.0,419,99,1,CK14,0.208042987811606,True
BC-METABRIC-Ali2020,ER_status,0,3,1.0,419,99,1,CK19,1.3365918381569426,True
BC-METABRIC-Ali2020,ER_status,0,3,1.0,419,99,1,CK5,0.2964578368858582,True
BC-METABRIC-Ali2020,ER_status,0,3,1.0,419,99,1,CK7,-1.195640677474631,True
BC-METABRIC-Ali2020,ER_status,0,3,1.0,419,99,1,CK8_18,0.23006595598685747,True
BC-METABRIC-Ali2020,ER_status,0,3,1.0,419,99,1,DNA1,0.0,False
BC-METABRIC-Ali2020,ER_status,0,3,1.0,419,99,1,DNA2,-0.2520114104642467,True
BC-METABRIC-Ali2020,ER_status,0,3,1.0,419,99,1,EGFR,-0.6694093203752582,True
BC-METABRIC-Ali2020,ER_status,0,3,1.0,419,99,1,ER,3.096899159250676,True
BC-METABRIC-Ali2020,ER_status,0,3,1.0,419,99,1,E_cadherin,-0.6143548190038317,True
BC-METABRIC-Ali2020,ER_status,0,3,1.0,419,99,1,EpCAM,0.12471336541073265,True
BC-METABRIC-Ali2020,ER_status,0,3,1.0,419,99,1,Erk1_2,0.0,False
BC-METABRIC-Ali2020,ER_status,0,3,1.0,419,99,1,Fibronectin,0.0,False
BC-METABRIC-Ali2020,ER_status,0,3,1.0,419,99,1,GATA3,2.1463691153602102,True
BC-METABRIC-Ali2020,ER_status,0,3,1.0,419,99,1,H3K27me3,0.0,False
BC-METABRIC-Ali2020,ER_status,0,3,1.0,419,99,1,HER2,-0.6595622897125302,True
BC-METABRIC-Ali2020,ER_status,0,3,1.0,419,99,1,HH3_ph,0.9226231310246075,True
BC-METABRIC-Ali2020,ER_status,0,3,1.0,419,99,1,HH3_total,0.3804541710024868,True
BC-METABRIC-Ali2020,ER_status,0,3,1.0,419,99,1,Ki67,-1.47604627053726,True
BC-METABRIC-Ali2020,ER_status,0,3,1.0,419,99,1,PR,-0.3686505640895631,True
BC-METABRIC-Ali2020,ER_status,0,3,1.0,419,99,1,SMA,-0.14765992057777433,True
BC-METABRIC-Ali2020,ER_status,0,3,1.0,419,99,1,Slug,-0.11527105984305751,True
BC-METABRIC-Ali2020,ER_status,0,3,1.0,419,99,1,Sox9,-0.13803097071141568,True
BC-METABRIC-Ali2020,ER_status,0,3,1.0,419,99,1,Twist,-1.2457135864895317,True
BC-METABRIC-Ali2020,ER_status,0,3,1.0,419,99,1,Vimentin,0.5584734439217865,True
BC-METABRIC-Ali2020,ER_status,0,3,1.0,419,99,1,c_Myc,0.0,False
BC-METABRIC-Ali2020,ER_status,0,3,1.0,419,99,1,c_PARP_c_Casp3,-0.3024876291264556,True
BC-METABRIC-Ali2020,ER_status,0,3,1.0,419,99,1,p53,-0.3972294447337718,True
BC-METABRIC-Ali2020,ER_status,0,3,1.0,419,99,1,pS6,0.08279044186826472,True
BC-METABRIC-Ali2020,ER_status,0,3,1.0,419,99,1,panCK,0.09492253420715092,True
BC-METABRIC-Ali2020,ER_status,0,3,1.0,419,99,1,pmTOR,-0.49904724784501403,True
BC-METABRIC-Ali2020,ER_status,0,3,1.0,419,99,1,vWF_CD31,-0.41726591565001914,True
BC-METABRIC-Ali2020,ER_status,0,4,1.0,410,108,1,Beta_catenin,-0.6005487244915583,True
BC-METABRIC-Ali2020,ER_status,0,4,1.0,410,108,1,CAIX,-0.04688668272640608,True
BC-METABRIC-Ali2020,ER_status,0,4,1.0,410,108,1,CD20,-0.2693586413633881,True
BC-METABRIC-Ali2020,ER_status,0,4,1.0,410,108,1,CD3,1.554693865452321,True
BC-METABRIC-Ali2020,ER_status,0,4,1.0,410,108,1,CD44,-1.455499257372556,True
BC-METABRIC-Ali2020,ER_status,0,4,1.0,410,108,1,CD45,-0.8569353386102964,True
BC-METABRIC-Ali2020,ER_status,0,4,1.0,410,108,1,CD68,0.0,False
BC-METABRIC-Ali2020,ER_status,0,4,1.0,410,108,1,CK14,0.21189369666097382,True
BC-METABRIC-Ali2020,ER_status,0,4,1.0,410,108,1,CK19,1.0877928368913068,True
BC-METABRIC-Ali2020,ER_status,0,4,1.0,410,108,1,CK5,0.29584503420357633,True
BC-METABRIC-Ali2020,ER_status,0,4,1.0,410,108,1,CK7,-1.7900817742480377,True
BC-METABRIC-Ali2020,ER_status,0,4,1.0,410,108,1,CK8_18,1.5273121926562474,True
BC-METABRIC-Ali2020,ER_status,0,4,1.0,410,108,1,DNA1,0.0,False
BC-METABRIC-Ali2020,ER_status,0,4,1.0,410,108,1,DNA2,-0.14443902917132712,True
BC-METABRIC-Ali2020,ER_status,0,4,1.0,410,108,1,EGFR,-0.3905971436480803,True
BC-METABRIC-Ali2020,ER_status,0,4,1.0,410,108,1,ER,4.269913106627883,True
BC-METABRIC-Ali2020,ER_status,0,4,1.0,410,108,1,E_cadherin,-0.8718409946525927,True
BC-METABRIC-Ali2020,ER_status,0,4,1.0,410,108,1,EpCAM,0.1573219350090881,True
BC-METABRIC-Ali2020,ER_status,0,4,1.0,410,108,1,Erk1_2,0.0,False
BC-METABRIC-Ali2020,ER_status,0,4,1.0,410,108,1,Fibronectin,-0.2732659879764901,True
BC-METABRIC-Ali2020,ER_status,0,4,1.0,410,108,1,GATA3,0.0,False
BC-METABRIC-Ali2020,ER_status,0,4,1.0,410,108,1,H3K27me3,-0.0930180571833347,True
BC-METABRIC-Ali2020,ER_status,0,4,1.0,410,108,1,HER2,-0.38221138468606963,True
BC-METABRIC-Ali2020,ER_status,0,4,1.0,410,108,1,HH3_ph,0.20284324742978144,True
BC-METABRIC-Ali2020,ER_status,0,4,1.0,410,108,1,HH3_total,0.32324009679503746,True
BC-METABRIC-Ali2020,ER_status,0,4,1.0,410,108,1,Ki67,-1.3315270984917797,True
BC-METABRIC-Ali2020,ER_status,0,4,1.0,410,108,1,PR,0.0,False
BC-METABRIC-Ali2020,ER_status,0,4,1.0,410,108,1,SMA,-0.1219073282376845,True
BC-METABRIC-Ali2020,ER_status,0,4,1.0,410,108,1,Slug,-0.38927351362286466,True
BC-METABRIC-Ali2020,ER_status,0,4,1.0,410,108,1,Sox9,0.0,False
BC-METABRIC-Ali2020,ER_status,0,4,1.0,410,108,1,Twist,0.0,False
BC-METABRIC-Ali2020,ER_status,0,4,1.0,410,108,1,Vimentin,0.2798346551167934,True
BC-METABRIC-Ali2020,ER_status,0,4,1.0,410,108,1,c_Myc,0.22117075950859216,True
BC-METABRIC-Ali2020,ER_status,0,4,1.0,410,108,1,c_PARP_c_Casp3,-0.588731757752988,True
BC-METABRIC-Ali2020,ER_status,0,4,1.0,410,108,1,p53,-0.13914531751129663,True
BC-METABRIC-Ali2020,ER_status,0,4,1.0,410,108,1,pS6,0.4178088588747349,True
BC-METABRIC-Ali2020,ER_status,0,4,1.0,410,108,1,panCK,0.5050643030027268,True
BC-METABRIC-Ali2020,ER_status,0,4,1.0,410,108,1,pmTOR,-1.0792295502924971,True
BC-METABRIC-Ali2020,ER_status,0,4,1.0,410,108,1,vWF_CD31,0.0,False
BC-METABRIC-Ali2020,ER_status,1,0,1.0,413,105,1,Beta_catenin,-0.7944702349139988,True
BC-METABRIC-Ali2020,ER_status,1,0,1.0,413,105,1,CAIX,-0.04079433335081485,True
BC-METABRIC-Ali2020,ER_status,1,0,1.0,413,105,1,CD20,0.0,False
BC-METABRIC-Ali2020,ER_status,1,0,1.0,413,105,1,CD3,0.5583005771995118,True
BC-METABRIC-Ali2020,ER_status,1,0,1.0,413,105,1,CD44,-1.0627807708539334,True
BC-METABRIC-Ali2020,ER_status,1,0,1.0,413,105,1,CD45,0.0,False
BC-METABRIC-Ali2020,ER_status,1,0,1.0,413,105,1,CD68,0.10599587382506052,True
BC-METABRIC-Ali2020,ER_status,1,0,1.0,413,105,1,CK14,0.5141334019491688,True
BC-METABRIC-Ali2020,ER_status,1,0,1.0,413,105,1,CK19,0.8949652993926801,True
BC-METABRIC-Ali2020,ER_status,1,0,1.0,413,105,1,CK5,0.01855100374885467,True
BC-METABRIC-Ali2020,ER_status,1,0,1.0,413,105,1,CK7,-1.4062960626063148,True
BC-METABRIC-Ali2020,ER_status,1,0,1.0,413,105,1,CK8_18,1.1785933418858934,True
BC-METABRIC-Ali2020,ER_status,1,0,1.0,413,105,1,DNA1,-0.0864115690739082,True
BC-METABRIC-Ali2020,ER_status,1,0,1.0,413,105,1,DNA2,-0.1876998620058721,True
BC-METABRIC-Ali2020,ER_status,1,0,1.0,413,105,1,EGFR,-0.5280579777421187,True
BC-METABRIC-Ali2020,ER_status,1,0,1.0,413,105,1,ER,4.207557728312162,True
BC-METABRIC-Ali2020,ER_status,1,0,1.0,413,105,1,E_cadherin,-0.4180272953286917,True
BC-METABRIC-Ali2020,ER_status,1,0,1.0,413,105,1,EpCAM,0.2623826049240449,True
BC-METABRIC-Ali2020,ER_status,1,0,1.0,413,105,1,Erk1_2,0.0,False
BC-METABRIC-Ali2020,ER_status,1,0,1.0,413,105,1,Fibronectin,0.0,False
BC-METABRIC-Ali2020,ER_status,1,0,1.0,413,105,1,GATA3,0.0,False
BC-METABRIC-Ali2020,ER_status,1,0,1.0,413,105,1,H3K27me3,-0.08635689094732717,True
BC-METABRIC-Ali2020,ER_status,1,0,1.0,413,105,1,HER2,-0.44924953666929773,True
BC-METABRIC-Ali2020,ER_status,1,0,1.0,413,105,1,HH3_ph,0.4536563704514695,True
BC-METABRIC-Ali2020,ER_status,1,0,1.0,413,105,1,HH3_total,0.37719263290542077,True
BC-METABRIC-Ali2020,ER_status,1,0,1.0,413,105,1,Ki67,-1.0198867872817614,True
BC-METABRIC-Ali2020,ER_status,1,0,1.0,413,105,1,PR,-0.2830488944238412,True
BC-METABRIC-Ali2020,ER_status,1,0,1.0,413,105,1,SMA,0.0,False
BC-METABRIC-Ali2020,ER_status,1,0,1.0,413,105,1,Slug,-0.18616322486496584,True
BC-METABRIC-Ali2020,ER_status,1,0,1.0,413,105,1,Sox9,-0.11195175623574126,True
BC-METABRIC-Ali2020,ER_status,1,0,1.0,413,105,1,Twist,-1.0621890376126764,True
BC-METABRIC-Ali2020,ER_status,1,0,1.0,413,105,1,Vimentin,0.34055354648390573,True
BC-METABRIC-Ali2020,ER_status,1,0,1.0,413,105,1,c_Myc,0.0,False
BC-METABRIC-Ali2020,ER_status,1,0,1.0,413,105,1,c_PARP_c_Casp3,-0.3008693878015566,True
BC-METABRIC-Ali2020,ER_status,1,0,1.0,413,105,1,p53,-0.2397390047458902,True
BC-METABRIC-Ali2020,ER_status,1,0,1.0,413,105,1,pS6,0.23492707102194635,True
BC-METABRIC-Ali2020,ER_status,1,0,1.0,413,105,1,panCK,0.9929591036997598,True
BC-METABRIC-Ali2020,ER_status,1,0,1.0,413,105,1,pmTOR,-1.2879707738464408,True
BC-METABRIC-Ali2020,ER_status,1,0,1.0,413,105,1,vWF_CD31,0.0,False
BC-METABRIC-Ali2020,ER_status,1,1,1.0,411,107,1,Beta_catenin,0.07428335341994464,True
BC-METABRIC-Ali2020,ER_status,1,1,1.0,411,107,1,CAIX,0.09728157196090353,True
BC-METABRIC-Ali2020,ER_status,1,1,1.0,411,107,1,CD20,-0.24979279817500213,True
BC-METABRIC-Ali2020,ER_status,1,1,1.0,411,107,1,CD3,1.042724264740754,True
BC-METABRIC-Ali2020,ER_status,1,1,1.0,411,107,1,CD44,-0.44824464899463606,True
BC-METABRIC-Ali2020,ER_status,1,1,1.0,411,107,1,CD45,-1.0516910378429423,True
BC-METABRIC-Ali2020,ER_status,1,1,1.0,411,107,1,CD68,0.21492346768648488,True
BC-METABRIC-Ali2020,ER_status,1,1,1.0,411,107,1,CK14,0.28215562367178987,True
BC-METABRIC-Ali2020,ER_status,1,1,1.0,411,107,1,CK19,0.8857634824306616,True
BC-METABRIC-Ali2020,ER_status,1,1,1.0,411,107,1,CK5,0.0,False
BC-METABRIC-Ali2020,ER_status,1,1,1.0,411,107,1,CK7,-0.9488593285654245,True
BC-METABRIC-Ali2020,ER_status,1,1,1.0,411,107,1,CK8_18,1.4344107672925814,True
BC-METABRIC-Ali2020,ER_status,1,1,1.0,411,107,1,DNA1,0.0,False
BC-METABRIC-Ali2020,ER_status,1,1,1.0,411,107,1,DNA2,-0.1790954225797043,True
BC-METABRIC-Ali2020,ER_status,1,1,1.0,411,107,1,EGFR,-0.955633607977222,True
BC-METABRIC-Ali2020,ER_status,1,1,1.0,411,107,1,ER,3.379079183000109,True
BC-METABRIC-Ali2020,ER_status,1,1,1.0,411,107,1,E_cadherin,-0.8229353467253956,True
BC-METABRIC-Ali2020,ER_status,1,1,1.0,411,107,1,EpCAM,0.15977231749161203,True
BC-METABRIC-Ali2020,ER_status,1,1,1.0,411,107,1,Erk1_2,0.0,False
BC-METABRIC-Ali2020,ER_status,1,1,1.0,411,107,1,Fibronectin,0.0,False
BC-METABRIC-Ali2020,ER_status,1,1,1.0,411,107,1,GATA3,0.9748247115558416,True
BC-METABRIC-Ali2020,ER_status,1,1,1.0,411,107,1,H3K27me3,-0.26652360617201837,True
BC-METABRIC-Ali2020,ER_status,1,1,1.0,411,107,1,HER2,-0.6824573106372717,True
BC-METABRIC-Ali2020,ER_status,1,1,1.0,411,107,1,HH3_ph,0.9752946724376115,True
BC-METABRIC-Ali2020,ER_status,1,1,1.0,411,107,1,HH3_total,0.6744063528547439,True
BC-METABRIC-Ali2020,ER_status,1,1,1.0,411,107,1,Ki67,-1.6576255796685222,True
BC-METABRIC-Ali2020,ER_status,1,1,1.0,411,107,1,PR,-0.327384871355988,True
BC-METABRIC-Ali2020,ER_status,1,1,1.0,411,107,1,SMA,0.002275285079208233,True
BC-METABRIC-Ali2020,ER_status,1,1,1.0,411,107,1,Slug,0.23531346210848944,True
BC-METABRIC-Ali2020,ER_status,1,1,1.0,411,107,1,Sox9,-0.05031390124493986,True
BC-METABRIC-Ali2020,ER_status,1,1,1.0,411,107,1,Twist,-1.3509701917626005,True
BC-METABRIC-Ali2020,ER_status,1,1,1.0,411,107,1,Vimentin,0.7378827480189755,True
BC-METABRIC-Ali2020,ER_status,1,1,1.0,411,107,1,c_Myc,-0.1851840717901508,True
BC-METABRIC-Ali2020,ER_status,1,1,1.0,411,107,1,c_PARP_c_Casp3,-0.6027855536936183,True
BC-METABRIC-Ali2020,ER_status,1,1,1.0,411,107,1,p53,-0.28667881234651255,True
BC-METABRIC-Ali2020,ER_status,1,1,1.0,411,107,1,pS6,0.0,False
BC-METABRIC-Ali2020,ER_status,1,1,1.0,411,107,1,panCK,0.0,False
BC-METABRIC-Ali2020,ER_status,1,1,1.0,411,107,1,pmTOR,-0.442196451000174,True
BC-METABRIC-Ali2020,ER_status,1,1,1.0,411,107,1,vWF_CD31,0.0,False
BC-METABRIC-Ali2020,ER_status,1,2,1.0,416,102,1,Beta_catenin,-0.0989630642885872,True
BC-METABRIC-Ali2020,ER_status,1,2,1.0,416,102,1,CAIX,-0.1598775842427048,True
BC-METABRIC-Ali2020,ER_status,1,2,1.0,416,102,1,CD20,-0.3120303663153305,True
BC-METABRIC-Ali2020,ER_status,1,2,1.0,416,102,1,CD3,1.1610099620016727,True
BC-METABRIC-Ali2020,ER_status,1,2,1.0,416,102,1,CD44,-1.061871353911568,True
BC-METABRIC-Ali2020,ER_status,1,2,1.0,416,102,1,CD45,-0.7362884657393561,True
BC-METABRIC-Ali2020,ER_status,1,2,1.0,416,102,1,CD68,0.08605761105259524,True
BC-METABRIC-Ali2020,ER_status,1,2,1.0,416,102,1,CK14,0.2989098631298333,True
BC-METABRIC-Ali2020,ER_status,1,2,1.0,416,102,1,CK19,1.7646773751291118,True
BC-METABRIC-Ali2020,ER_status,1,2,1.0,416,102,1,CK5,0.13033720860347245,True
BC-METABRIC-Ali2020,ER_status,1,2,1.0,416,102,1,CK7,-1.5096378718237267,True
BC-METABRIC-Ali2020,ER_status,1,2,1.0,416,102,1,CK8_18,0.6256501998394425,True
BC-METABRIC-Ali2020,ER_status,1,2,1.0,416,102,1,DNA1,-0.11652408768434844,True
BC-METABRIC-Ali2020,ER_status,1,2,1.0,416,102,1,DNA2,-0.2245559112274803,True
BC-METABRIC-Ali2020,ER_status,1,2,1.0,416,102,1,EGFR,-0.5655816472552777,True
BC-METABRIC-Ali2020,ER_status,1,2,1.0,416,102,1,ER,4.492359813368432,True
BC-METABRIC-Ali2020,ER_status,1,2,1.0,416,102,1,E_cadherin,-0.6047613870349839,True
BC-METABRIC-Ali2020,ER_status,1,2,1.0,416,102,1,EpCAM,0.0,False
BC-METABRIC-Ali2020,ER_status,1,2,1.0,416,102,1,Erk1_2,0.0,False
BC-METABRIC-Ali2020,ER_status,1,2,1.0,416,102,1,Fibronectin,0.0,False
BC-METABRIC-Ali2020,ER_status,1,2,1.0,416,102,1,GATA3,0.0,False
BC-METABRIC-Ali2020,ER_status,1,2,1.0,416,102,1,H3K27me3,0.0,False
BC-METABRIC-Ali2020,ER_status,1,2,1.0,416,102,1,HER2,-0.14910446445467582,True
BC-METABRIC-Ali2020,ER_status,1,2,1.0,416,102,1,HH3_ph,0.28076400855170847,True
BC-METABRIC-Ali2020,ER_status,1,2,1.0,416,102,1,HH3_total,0.23174386543802822,True
BC-METABRIC-Ali2020,ER_status,1,2,1.0,416,102,1,Ki67,-1.2329790266881802,True
BC-METABRIC-Ali2020,ER_status,1,2,1.0,416,102,1,PR,-0.0030346396277834095,True
BC-METABRIC-Ali2020,ER_status,1,2,1.0,416,102,1,SMA,-0.07739968682475148,True
BC-METABRIC-Ali2020,ER_status,1,2,1.0,416,102,1,Slug,-0.23956462343857285,True
BC-METABRIC-Ali2020,ER_status,1,2,1.0,416,102,1,Sox9,0.0,False
BC-METABRIC-Ali2020,ER_status,1,2,1.0,416,102,1,Twist,-0.8374543936101004,True
BC-METABRIC-Ali2020,ER_status,1,2,1.0,416,102,1,Vimentin,0.34686831248287525,True
BC-METABRIC-Ali2020,ER_status,1,2,1.0,416,102,1,c_Myc,0.0,False
BC-METABRIC-Ali2020,ER_status,1,2,1.0,416,102,1,c_PARP_c_Casp3,-0.3189164364341754,True
BC-METABRIC-Ali2020,ER_status,1,2,1.0,416,102,1,p53,0.11981105995442634,True
BC-METABRIC-Ali2020,ER_status,1,2,1.0,416,102,1,pS6,0.4652886474343577,True
BC-METABRIC-Ali2020,ER_status,1,2,1.0,416,102,1,panCK,0.0,False
BC-METABRIC-Ali2020,ER_status,1,2,1.0,416,102,1,pmTOR,-1.320107512426669,True
BC-METABRIC-Ali2020,ER_status,1,2,1.0,416,102,1,vWF_CD31,-0.14706578298217057,True
BC-METABRIC-Ali2020,ER_status,1,3,1.0,413,105,1,Beta_catenin,-0.3246859856101507,True
BC-METABRIC-Ali2020,ER_status,1,3,1.0,413,105,1,CAIX,0.0,False
BC-METABRIC-Ali2020,ER_status,1,3,1.0,413,105,1,CD20,-0.3059334037580424,True
BC-METABRIC-Ali2020,ER_status,1,3,1.0,413,105,1,CD3,1.6346812897407867,True
BC-METABRIC-Ali2020,ER_status,1,3,1.0,413,105,1,CD44,-1.0754181118433046,True
BC-METABRIC-Ali2020,ER_status,1,3,1.0,413,105,1,CD45,-1.0624573757062126,True
BC-METABRIC-Ali2020,ER_status,1,3,1.0,413,105,1,CD68,0.4282381984620817,True
BC-METABRIC-Ali2020,ER_status,1,3,1.0,413,105,1,CK14,0.15447530742380278,True
BC-METABRIC-Ali2020,ER_status,1,3,1.0,413,105,1,CK19,0.921099193217917,True
BC-METABRIC-Ali2020,ER_status,1,3,1.0,413,105,1,CK5,0.5884445577821945,True
BC-METABRIC-Ali2020,ER_status,1,3,1.0,413,105,1,CK7,-1.2150033574071062,True
BC-METABRIC-Ali2020,ER_status,1,3,1.0,413,105,1,CK8_18,1.511078604724517,True
BC-METABRIC-Ali2020,ER_status,1,3,1.0,413,105,1,DNA1,0.0,False
BC-METABRIC-Ali2020,ER_status,1,3,1.0,413,105,1,DNA2,-0.42721848943879354,True
BC-METABRIC-Ali2020,ER_status,1,3,1.0,413,105,1,EGFR,-0.6641116020191766,True
BC-METABRIC-Ali2020,ER_status,1,3,1.0,413,105,1,ER,4.202954544400535,True
BC-METABRIC-Ali2020,ER_status,1,3,1.0,413,105,1,E_cadherin,-0.14497520496859964,True
BC-METABRIC-Ali2020,ER_status,1,3,1.0,413,105,1,EpCAM,0.1654204924584062,True
BC-METABRIC-Ali2020,ER_status,1,3,1.0,413,105,1,Erk1_2,0.0,False
BC-METABRIC-Ali2020,ER_status,1,3,1.0,413,105,1,Fibronectin,-0.2211720536181978,True
BC-METABRIC-Ali2020,ER_status,1,3,1.0,413,105,1,GATA3,0.0,False
BC-METABRIC-Ali2020,ER_status,1,3,1.0,413,105,1,H3K27me3,-0.13358020986765634,True
BC-METABRIC-Ali2020,ER_status,1,3,1.0,413,105,1,HER2,0.0,False
BC-METABRIC-Ali2020,ER_status,1,3,1.0,413,105,1,HH3_ph,0.5071157655366917,True
BC-METABRIC-Ali2020,ER_status,1,3,1.0,413,105,1,HH3_total,0.7759012071298331,True
BC-METABRIC-Ali2020,ER_status,1,3,1.0,413,105,1,Ki67,-1.6466503733265978,True
BC-METABRIC-Ali2020,ER_status,1,3,1.0,413,105,1,PR,-0.009150526781433823,True
BC-METABRIC-Ali2020,ER_status,1,3,1.0,413,105,1,SMA,-0.13615047183122084,True
BC-METABRIC-Ali2020,ER_status,1,3,1.0,413,105,1,Slug,-0.3108323819920207,True
BC-METABRIC-Ali2020,ER_status,1,3,1.0,413,105,1,Sox9,0.0237688528204867,True
BC-METABRIC-Ali2020,ER_status,1,3,1.0,413,105,1,Twist,-0.9092852821976029,True
BC-METABRIC-Ali2020,ER_status,1,3,1.0,413,105,1,Vimentin,0.5054617226073264,True
BC-METABRIC-Ali2020,ER_status,1,3,1.0,413,105,1,c_Myc,0.0,False
BC-METABRIC-Ali2020,ER_status,1,3,1.0,413,105,1,c_PARP_c_Casp3,-0.8383163846102258,True
BC-METABRIC-Ali2020,ER_status,1,3,1.0,413,105,1,p53,-0.11591302318589497,True
BC-METABRIC-Ali2020,ER_status,1,3,1.0,413,105,1,pS6,0.1449107636257677,True
BC-METABRIC-Ali2020,ER_status,1,3,1.0,413,105,1,panCK,0.03763393130512635,True
BC-METABRIC-Ali2020,ER_status,1,3,1.0,413,105,1,pmTOR,-1.6169018868321188,True
BC-METABRIC-Ali2020,ER_status,1,3,1.0,413,105,1,vWF_CD31,-0.03511335630709578,True
BC-METABRIC-Ali2020,ER_status,1,4,1.0,419,99,1,Beta_catenin,-0.700572345901684,True
BC-METABRIC-Ali2020,ER_status,1,4,1.0,419,99,1,CAIX,-0.03165135482111068,True
BC-METABRIC-Ali2020,ER_status,1,4,1.0,419,99,1,CD20,-0.3201441969967139,True
BC-METABRIC-Ali2020,ER_status,1,4,1.0,419,99,1,CD3,1.1906084222577824,True
BC-METABRIC-Ali2020,ER_status,1,4,1.0,419,99,1,CD44,-1.5793554834271244,True
BC-METABRIC-Ali2020,ER_status,1,4,1.0,419,99,1,CD45,-0.6858435769277219,True
BC-METABRIC-Ali2020,ER_status,1,4,1.0,419,99,1,CD68,0.046233217350554925,True
BC-METABRIC-Ali2020,ER_status,1,4,1.0,419,99,1,CK14,0.24320143166265093,True
BC-METABRIC-Ali2020,ER_status,1,4,1.0,419,99,1,CK19,0.6749065704127031,True
BC-METABRIC-Ali2020,ER_status,1,4,1.0,419,99,1,CK5,0.3898163913495646,True
BC-METABRIC-Ali2020,ER_status,1,4,1.0,419,99,1,CK7,-1.377300655058439,True
BC-METABRIC-Ali2020,ER_status,1,4,1.0,419,99,1,CK8_18,0.15227750187735092,True
BC-METABRIC-Ali2020,ER_status,1,4,1.0,419,99,1,DNA1,-0.08526147983099698,True
BC-METABRIC-Ali2020,ER_status,1,4,1.0,419,99,1,DNA2,0.0,False
BC-METABRIC-Ali2020,ER_status,1,4,1.0,419,99,1,EGFR,-0.7937290939854633,True
BC-METABRIC-Ali2020,ER_status,1,4,1.0,419,99,1,ER,3.5898830960523376,True
BC-METABRIC-Ali2020,ER_status,1,4,1.0,419,99,1,E_cadherin,-0.5774301399043242,True
BC-METABRIC-Ali2020,ER_status,1,4,1.0,419,99,1,EpCAM,0.48934743157565147,True
BC-METABRIC-Ali2020,ER_status,1,4,1.0,419,99,1,Erk1_2,0.0,False
BC-METABRIC-Ali2020,ER_status,1,4,1.0,419,99,1,Fibronectin,0.0,False
BC-METABRIC-Ali2020,ER_status,1,4,1.0,419,99,1,GATA3,1.4309710633827508,True
BC-METABRIC-Ali2020,ER_status,1,4,1.0,419,99,1,H3K27me3,0.0,False
BC-METABRIC-Ali2020,ER_status,1,4,1.0,419,99,1,HER2,-0.7459432208527925,True
BC-METABRIC-Ali2020,ER_status,1,4,1.0,419,99,1,HH3_ph,0.006403003243033061,True
BC-METABRIC-Ali2020,ER_status,1,4,1.0,419,99,1,HH3_total,0.5285596917673353,True
BC-METABRIC-Ali2020,ER_status,1,4,1.0,419,99,1,Ki67,-1.5731203033946375,True
BC-METABRIC-Ali2020,ER_status,1,4,1.0,419,99,1,PR,0.8281834458937005,True
BC-METABRIC-Ali2020,ER_status,1,4,1.0,419,99,1,SMA,-0.43201813728762184,True
BC-METABRIC-Ali2020,ER_status,1,4,1.0,419,99,1,Slug,-0.3064112865671487,True
BC-METABRIC-Ali2020,ER_status,1,4,1.0,419,99,1,Sox9,0.0,False
BC-METABRIC-Ali2020,ER_status,1,4,1.0,419,99,1,Twist,-0.1479386370191664,True
BC-METABRIC-Ali2020,ER_status,1,4,1.0,419,99,1,Vimentin,0.7303299062990929,True
BC-METABRIC-Ali2020,ER_status,1,4,1.0,419,99,1,c_Myc,0.8423891371525127,True
BC-METABRIC-Ali2020,ER_status,1,4,1.0,419,99,1,c_PARP_c_Casp3,-0.34511046934239603,True
BC-METABRIC-Ali2020,ER_status,1,4,1.0,419,99,1,p53,-0.26760265049230264,True
BC-METABRIC-Ali2020,ER_status,1,4,1.0,419,99,1,pS6,0.19290575111294214,True
BC-METABRIC-Ali2020,ER_status,1,4,1.0,419,99,1,panCK,0.9072807613840992,True
BC-METABRIC-Ali2020,ER_status,1,4,1.0,419,99,1,pmTOR,-1.6638964891839327,True
BC-METABRIC-Ali2020,ER_status,1,4,1.0,419,99,1,vWF_CD31,-0.2162816075092501,True
BC-METABRIC-Ali2020,ER_status,2,0,1.0,411,107,1,Beta_catenin,0.0,False
BC-METABRIC-Ali2020,ER_status,2,0,1.0,411,107,1,CAIX,0.0,False
BC-METABRIC-Ali2020,ER_status,2,0,1.0,411,107,1,CD20,-0.3539334876159607,True
BC-METABRIC-Ali2020,ER_status,2,0,1.0,411,107,1,CD3,1.13169394474742,True
BC-METABRIC-Ali2020,ER_status,2,0,1.0,411,107,1,CD44,-1.011533609407092,True
BC-METABRIC-Ali2020,ER_status,2,0,1.0,411,107,1,CD45,-0.6804697644171276,True
BC-METABRIC-Ali2020,ER_status,2,0,1.0,411,107,1,CD68,0.12063521324166977,True
BC-METABRIC-Ali2020,ER_status,2,0,1.0,411,107,1,CK14,0.2625365022647758,True
BC-METABRIC-Ali2020,ER_status,2,0,1.0,411,107,1,CK19,0.8544343696133074,True
BC-METABRIC-Ali2020,ER_status,2,0,1.0,411,107,1,CK5,0.0,False
BC-METABRIC-Ali2020,ER_status,2,0,1.0,411,107,1,CK7,-1.272750423055837,True
BC-METABRIC-Ali2020,ER_status,2,0,1.0,411,107,1,CK8_18,0.9648342614026512,True
BC-METABRIC-Ali2020,ER_status,2,0,1.0,411,107,1,DNA1,-0.17985978615892906,True
BC-METABRIC-Ali2020,ER_status,2,0,1.0,411,107,1,DNA2,-0.20720646943008522,True
BC-METABRIC-Ali2020,ER_status,2,0,1.0,411,107,1,EGFR,-0.33036369149232014,True
BC-METABRIC-Ali2020,ER_status,2,0,1.0,411,107,1,ER,4.420007921647721,True
BC-METABRIC-Ali2020,ER_status,2,0,1.0,411,107,1,E_cadherin,-0.7421462992065772,True
BC-METABRIC-Ali2020,ER_status,2,0,1.0,411,107,1,EpCAM,0.04396582040089256,True
BC-METABRIC-Ali2020,ER_status,2,0,1.0,411,107,1,Erk1_2,0.0,False
BC-METABRIC-Ali2020,ER_status,2,0,1.0,411,107,1,Fibronectin,0.0,False
BC-METABRIC-Ali2020,ER_status,2,0,1.0,411,107,1,GATA3,0.36171975418056385,True
BC-METABRIC-Ali2020,ER_status,2,0,1.0,411,107,1,H3K27me3,0.0,False
BC-METABRIC-Ali2020,ER_status,2,0,1.0,411,107,1,HER2,-0.33435492268550365,True
BC-METABRIC-Ali2020,ER_status,2,0,1.0,411,107,1,HH3_ph,0.7960280361846298,True
BC-METABRIC-Ali2020,ER_status,2,0,1.0,411,107,1,HH3_total,0.0,False
BC-METABRIC-Ali2020,ER_status,2,0,1.0,411,107,1,Ki67,-1.2499484435699846,True
BC-METABRIC-Ali2020,ER_status,2,0,1.0,411,107,1,PR,-0.2209941113011155,True
BC-METABRIC-Ali2020,ER_status,2,0,1.0,411,107,1,SMA,-0.11938502683793184,True
BC-METABRIC-Ali2020,ER_status,2,0,1.0,411,107,1,Slug,-0.18792575698821756,True
BC-METABRIC-Ali2020,ER_status,2,0,1.0,411,107,1,Sox9,0.0,False
BC-METABRIC-Ali2020,ER_status,2,0,1.0,411,107,1,Twist,-0.6985003309732966,True
BC-METABRIC-Ali2020,ER_status,2,0,1.0,411,107,1,Vimentin,0.2964494290674818,True
BC-METABRIC-Ali2020,ER_status,2,0,1.0,411,107,1,c_Myc,0.0,False
BC-METABRIC-Ali2020,ER_status,2,0,1.0,411,107,1,c_PARP_c_Casp3,-0.5353480789853796,True
BC-METABRIC-Ali2020,ER_status,2,0,1.0,411,107,1,p53,0.0,False
BC-METABRIC-Ali2020,ER_status,2,0,1.0,411,107,1,pS6,0.06729716010839487,True
BC-METABRIC-Ali2020,ER_status,2,0,1.0,411,107,1,panCK,0.32624213549684133,True
BC-METABRIC-Ali2020,ER_status,2,0,1.0,411,107,1,pmTOR,-1.3462890874198123,True
BC-METABRIC-Ali2020,ER_status,2,0,1.0,411,107,1,vWF_CD31,-0.06518846857781434,True
BC-METABRIC-Ali2020,ER_status,2,1,1.0,415,103,1,Beta_catenin,0.0,False
BC-METABRIC-Ali2020,ER_status,2,1,1.0,415,103,1,CAIX,-0.035927151651023795,True
BC-METABRIC-Ali2020,ER_status,2,1,1.0,415,103,1,CD20,-0.28362271162576935,True
BC-METABRIC-Ali2020,ER_status,2,1,1.0,415,103,1,CD3,1.399042365783399,True
BC-METABRIC-Ali2020,ER_status,2,1,1.0,415,103,1,CD44,-0.7828808535781315,True
BC-METABRIC-Ali2020,ER_status,2,1,1.0,415,103,1,CD45,-0.9243288876176617,True
BC-METABRIC-Ali2020,ER_status,2,1,1.0,415,103,1,CD68,0.2525236320622741,True
BC-METABRIC-Ali2020,ER_status,2,1,1.0,415,103,1,CK14,0.5578992415809766,True
BC-METABRIC-Ali2020,ER_status,2,1,1.0,415,103,1,CK19,0.6531590858723103,True
BC-METABRIC-Ali2020,ER_status,2,1,1.0,415,103,1,CK5,0.0,False
BC-METABRIC-Ali2020,ER_status,2,1,1.0,415,103,1,CK7,-1.2903205889710692,True
BC-METABRIC-Ali2020,ER_status,2,1,1.0,415,103,1,CK8_18,1.2625359156384668,True
BC-METABRIC-Ali2020,ER_status,2,1,1.0,415,103,1,DNA1,-0.2505334404069754,True
BC-METABRIC-Ali2020,ER_status,2,1,1.0,415,103,1,DNA2,-0.16821002850596484,True
BC-METABRIC-Ali2020,ER_status,2,1,1.0,415,103,1,EGFR,-0.8853629369729268,True
BC-METABRIC-Ali2020,ER_status,2,1,1.0,415,103,1,ER,3.8309544064811814,True
BC-METABRIC-Ali2020,ER_status,2,1,1.0,415,103,1,E_cadherin,-0.8881777841595483,True
BC-METABRIC-Ali2020,ER_status,2,1,1.0,415,103,1,EpCAM,0.0,False
BC-METABRIC-Ali2020,ER_status,2,1,1.0,415,103,1,Erk1_2,0.0,False
BC-METABRIC-Ali2020,ER_status,2,1,1.0,415,103,1,Fibronectin,-0.14420639876029878,True
BC-METABRIC-Ali2020,ER_status,2,1,1.0,415,103,1,GATA3,0.1585513627396971,True
BC-METABRIC-Ali2020,ER_status,2,1,1.0,415,103,1,H3K27me3,0.0,False
BC-METABRIC-Ali2020,ER_status,2,1,1.0,415,103,1,HER2,-0.33464553969233246,True
BC-METABRIC-Ali2020,ER_status,2,1,1.0,415,103,1,HH3_ph,0.9373192514022353,True
BC-METABRIC-Ali2020,ER_status,2,1,1.0,415,103,1,HH3_total,0.6439743183604919,True
BC-METABRIC-Ali2020,ER_status,2,1,1.0,415,103,1,Ki67,-1.2729804261468032,True
BC-METABRIC-Ali2020,ER_status,2,1,1.0,415,103,1,PR,0.0,False
BC-METABRIC-Ali2020,ER_status,2,1,1.0,415,103,1,SMA,-0.15853428084017762,True
BC-METABRIC-Ali2020,ER_status,2,1,1.0,415,103,1,Slug,-0.3187643633162333,True
BC-METABRIC-Ali2020,ER_status,2,1,1.0,415,103,1,Sox9,0.0,False
BC-METABRIC-Ali2020,ER_status,2,1,1.0,415,103,1,Twist,-1.3929332047427594,True
BC-METABRIC-Ali2020,ER_status,2,1,1.0,415,103,1,Vimentin,0.6876733893695093,True
BC-METABRIC-Ali2020,ER_status,2,1,1.0,415,103,1,c_Myc,0.0,False
BC-METABRIC-Ali2020,ER_status,2,1,1.0,415,103,1,c_PARP_c_Casp3,0.0,False
BC-METABRIC-Ali2020,ER_status,2,1,1.0,415,103,1,p53,-0.2760470816068679,True
BC-METABRIC-Ali2020,ER_status,2,1,1.0,415,103,1,pS6,0.11741569035311453,True
BC-METABRIC-Ali2020,ER_status,2,1,1.0,415,103,1,panCK,0.6754623591545454,True
BC-METABRIC-Ali2020,ER_status,2,1,1.0,415,103,1,pmTOR,-1.1847358674828905,True
BC-METABRIC-Ali2020,ER_status,2,1,1.0,415,103,1,vWF_CD31,-0.34121558398481644,True
BC-METABRIC-Ali2020,ER_status,2,2,1.0,413,105,1,Beta_catenin,0.0,False
BC-METABRIC-Ali2020,ER_status,2,2,1.0,413,105,1,CAIX,0.04919079423511445,True
BC-METABRIC-Ali2020,ER_status,2,2,1.0,413,105,1,CD20,-0.05995000519695501,True
BC-METABRIC-Ali2020,ER_status,2,2,1.0,413,105,1,CD3,1.0825216757045217,True
BC-METABRIC-Ali2020,ER_status,2,2,1.0,413,105,1,CD44,-0.711177295926854,True
BC-METABRIC-Ali2020,ER_status,2,2,1.0,413,105,1,CD45,-1.241271882610164,True
BC-METABRIC-Ali2020,ER_status,2,2,1.0,413,105,1,CD68,0.043971564201805216,True
BC-METABRIC-Ali2020,ER_status,2,2,1.0,413,105,1,CK14,0.3243592884815644,True
BC-METABRIC-Ali2020,ER_status,2,2,1.0,413,105,1,CK19,2.502241679430751,True
BC-METABRIC-Ali2020,ER_status,2,2,1.0,413,105,1,CK5,0.014104662131899303,True
BC-METABRIC-Ali2020,ER_status,2,2,1.0,413,105,1,CK7,-1.847273064323132,True
BC-METABRIC-Ali2020,ER_status,2,2,1.0,413,105,1,CK8_18,1.3853988707434952,True
BC-METABRIC-Ali2020,ER_status,2,2,1.0,413,105,1,DNA1,0.0,False
BC-METABRIC-Ali2020,ER_status,2,2,1.0,413,105,1,DNA2,0.0,False
BC-METABRIC-Ali2020,ER_status,2,2,1.0,413,105,1,EGFR,-0.5064343104272772,True
BC-METABRIC-Ali2020,ER_status,2,2,1.0,413,105,1,ER,3.4667365825350642,True
BC-METABRIC-Ali2020,ER_status,2,2,1.0,413,105,1,E_cadherin,-1.7841073545755755,True
BC-METABRIC-Ali2020,ER_status,2,2,1.0,413,105,1,EpCAM,0.0,False
BC-METABRIC-Ali2020,ER_status,2,2,1.0,413,105,1,Erk1_2,0.0,False
BC-METABRIC-Ali2020,ER_status,2,2,1.0,413,105,1,Fibronectin,-0.531066373099091,True
BC-METABRIC-Ali2020,ER_status,2,2,1.0,413,105,1,GATA3,1.4835413211383375,True
BC-METABRIC-Ali2020,ER_status,2,2,1.0,413,105,1,H3K27me3,0.0,False
BC-METABRIC-Ali2020,ER_status,2,2,1.0,413,105,1,HER2,-1.2032835477481403,True
BC-METABRIC-Ali2020,ER_status,2,2,1.0,413,105,1,HH3_ph,0.17820036232670067,True
BC-METABRIC-Ali2020,ER_status,2,2,1.0,413,105,1,HH3_total,0.6668680185053566,True
BC-METABRIC-Ali2020,ER_status,2,2,1.0,413,105,1,Ki67,-1.298939906187573,True
BC-METABRIC-Ali2020,ER_status,2,2,1.0,413,105,1,PR,0.0,False
BC-METABRIC-Ali2020,ER_status,2,2,1.0,413,105,1,SMA,-0.09757180784000004,True
BC-METABRIC-Ali2020,ER_status,2,2,1.0,413,105,1,Slug,-0.10149724954746936,True
BC-METABRIC-Ali2020,ER_status,2,2,1.0,413,105,1,Sox9,-0.4141969613167538,True
BC-METABRIC-Ali2020,ER_status,2,2,1.0,413,105,1,Twist,0.0,False
BC-METABRIC-Ali2020,ER_status,2,2,1.0,413,105,1,Vimentin,0.6938114008534825,True
BC-METABRIC-Ali2020,ER_status,2,2,1.0,413,105,1,c_Myc,0.0,False
BC-METABRIC-Ali2020,ER_status,2,2,1.0,413,105,1,c_PARP_c_Casp3,-0.4506641143632085,True
BC-METABRIC-Ali2020,ER_status,2,2,1.0,413,105,1,p53,0.0,False
BC-METABRIC-Ali2020,ER_status,2,2,1.0,413,105,1,pS6,0.028449996849637366,True
BC-METABRIC-Ali2020,ER_status,2,2,1.0,413,105,1,panCK,0.0,False
BC-METABRIC-Ali2020,ER_status,2,2,1.0,413,105,1,pmTOR,0.0,False
BC-METABRIC-Ali2020,ER_status,2,2,1.0,413,105,1,vWF_CD31,-0.21013968694251395,True
BC-METABRIC-Ali2020,ER_status,2,3,1.0,416,102,1,Beta_catenin,-0.9815289038704229,True
BC-METABRIC-Ali2020,ER_status,2,3,1.0,416,102,1,CAIX,-0.029452168006184786,True
BC-METABRIC-Ali2020,ER_status,2,3,1.0,416,102,1,CD20,0.0,False
BC-METABRIC-Ali2020,ER_status,2,3,1.0,416,102,1,CD3,0.8856760881591855,True
BC-METABRIC-Ali2020,ER_status,2,3,1.0,416,102,1,CD44,-0.854081759555885,True
BC-METABRIC-Ali2020,ER_status,2,3,1.0,416,102,1,CD45,-0.6180939092112109,True
BC-METABRIC-Ali2020,ER_status,2,3,1.0,416,102,1,CD68,0.13186452690146136,True
BC-METABRIC-Ali2020,ER_status,2,3,1.0,416,102,1,CK14,0.2885795589675306,True
BC-METABRIC-Ali2020,ER_status,2,3,1.0,416,102,1,CK19,0.8709065517799761,True
BC-METABRIC-Ali2020,ER_status,2,3,1.0,416,102,1,CK5,0.3351444834138981,True
BC-METABRIC-Ali2020,ER_status,2,3,1.0,416,102,1,CK7,-1.2580628396512241,True
BC-METABRIC-Ali2020,ER_status,2,3,1.0,416,102,1,CK8_18,1.1676493103598846,True
BC-METABRIC-Ali2020,ER_status,2,3,1.0,416,102,1,DNA1,-0.22091694932865535,True
BC-METABRIC-Ali2020,ER_status,2,3,1.0,416,102,1,DNA2,-0.06770814912912788,True
BC-METABRIC-Ali2020,ER_status,2,3,1.0,416,102,1,EGFR,-0.7718739413202161,True
BC-METABRIC-Ali2020,ER_status,2,3,1.0,416,102,1,ER,4.277267348147181,True
BC-METABRIC-Ali2020,ER_status,2,3,1.0,416,102,1,E_cadherin,-0.07069138409650821,True
BC-METABRIC-Ali2020,ER_status,2,3,1.0,416,102,1,EpCAM,0.6346408618893383,True
BC-METABRIC-Ali2020,ER_status,2,3,1.0,416,102,1,Erk1_2,0.024032300326772973,True
BC-METABRIC-Ali2020,ER_status,2,3,1.0,416,102,1,Fibronectin,0.0,False
BC-METABRIC-Ali2020,ER_status,2,3,1.0,416,102,1,GATA3,0.0,False
BC-METABRIC-Ali2020,ER_status,2,3,1.0,416,102,1,H3K27me3,-0.2170111799015244,True
BC-METABRIC-Ali2020,ER_status,2,3,1.0,416,102,1,HER2,0.0,False
BC-METABRIC-Ali2020,ER_status,2,3,1.0,416,102,1,HH3_ph,0.4717679988263377,True
BC-METABRIC-Ali2020,ER_status,2,3,1.0,416,102,1,HH3_total,0.6158741299408576,True
BC-METABRIC-Ali2020,ER_status,2,3,1.0,416,102,1,Ki67,-1.7517394216951363,True
BC-METABRIC-Ali2020,ER_status,2,3,1.0,416,102,1,PR,-0.4646246461249008,True
BC-METABRIC-Ali2020,ER_status,2,3,1.0,416,102,1,SMA,-0.21040432740048426,True
BC-METABRIC-Ali2020,ER_status,2,3,1.0,416,102,1,Slug,-0.21247772774580642,True
BC-METABRIC-Ali2020,ER_status,2,3,1.0,416,102,1,Sox9,0.0,False
BC-METABRIC-Ali2020,ER_status,2,3,1.0,416,102,1,Twist,-0.7260534204396661,True
BC-METABRIC-Ali2020,ER_status,2,3,1.0,416,102,1,Vimentin,0.4527166724544672,True
BC-METABRIC-Ali2020,ER_status,2,3,1.0,416,102,1,c_Myc,0.0,False
BC-METABRIC-Ali2020,ER_status,2,3,1.0,416,102,1,c_PARP_c_Casp3,-0.8013431473524715,True
BC-METABRIC-Ali2020,ER_status,2,3,1.0,416,102,1,p53,-0.07271754239784806,True
BC-METABRIC-Ali2020,ER_status,2,3,1.0,416,102,1,pS6,0.41789393160777105,True
BC-METABRIC-Ali2020,ER_status,2,3,1.0,416,102,1,panCK,0.7120768247969205,True
BC-METABRIC-Ali2020,ER_status,2,3,1.0,416,102,1,pmTOR,-1.5026486843760807,True
BC-METABRIC-Ali2020,ER_status,2,3,1.0,416,102,1,vWF_CD31,-0.21819799568556236,True
BC-METABRIC-Ali2020,ER_status,2,4,1.0,417,101,1,Beta_catenin,0.0,False
BC-METABRIC-Ali2020,ER_status,2,4,1.0,417,101,1,CAIX,-0.17967849002764433,True
BC-METABRIC-Ali2020,ER_status,2,4,1.0,417,101,1,CD20,-0.6683832096693249,True
BC-METABRIC-Ali2020,ER_status,2,4,1.0,417,101,1,CD3,1.172241253973169,True
BC-METABRIC-Ali2020,ER_status,2,4,1.0,417,101,1,CD44,-1.7829242879197358,True
BC-METABRIC-Ali2020,ER_status,2,4,1.0,417,101,1,CD45,0.0,False
BC-METABRIC-Ali2020,ER_status,2,4,1.0,417,101,1,CD68,0.12295805031489368,True
BC-METABRIC-Ali2020,ER_status,2,4,1.0,417,101,1,CK14,0.11983095578707983,True
BC-METABRIC-Ali2020,ER_status,2,4,1.0,417,101,1,CK19,1.0124964364685225,True
BC-METABRIC-Ali2020,ER_status,2,4,1.0,417,101,1,CK5,0.42522028752213387,True
BC-METABRIC-Ali2020,ER_status,2,4,1.0,417,101,1,CK7,-1.5080618332264455,True
BC-METABRIC-Ali2020,ER_status,2,4,1.0,417,101,1,CK8_18,0.8743199867391913,True
BC-METABRIC-Ali2020,ER_status,2,4,1.0,417,101,1,DNA1,0.0,False
BC-METABRIC-Ali2020,ER_status,2,4,1.0,417,101,1,DNA2,0.0,False
BC-METABRIC-Ali2020,ER_status,2,4,1.0,417,101,1,EGFR,-0.8797306389415872,True
BC-METABRIC-Ali2020,ER_status,2,4,1.0,417,101,1,ER,4.360763442982672,True
BC-METABRIC-Ali2020,ER_status,2,4,1.0,417,101,1,E_cadherin,0.0,False
BC-METABRIC-Ali2020,ER_status,2,4,1.0,417,101,1,EpCAM,1.0772548333399443,True
BC-METABRIC-Ali2020,ER_status,2,4,1.0,417,101,1,Erk1_2,0.0,False
BC-METABRIC-Ali2020,ER_status,2,4,1.0,417,101,1,Fibronectin,-0.07936264273745694,True
BC-METABRIC-Ali2020,ER_status,2,4,1.0,417,101,1,GATA3,0.35078479080145303,True
BC-METABRIC-Ali2020,ER_status,2,4,1.0,417,101,1,H3K27me3,0.0,False
BC-METABRIC-Ali2020,ER_status,2,4,1.0,417,101,1,HER2,-0.3582973518998491,True
BC-METABRIC-Ali2020,ER_status,2,4,1.0,417,101,1,HH3_ph,0.315285838606581,True
BC-METABRIC-Ali2020,ER_status,2,4,1.0,417,101,1,HH3_total,0.5528605916372865,True
BC-METABRIC-Ali2020,ER_status,2,4,1.0,417,101,1,Ki67,-1.2879788257846856,True
BC-METABRIC-Ali2020,ER_status,2,4,1.0,417,101,1,PR,0.0,False
BC-METABRIC-Ali2020,ER_status,2,4,1.0,417,101,1,SMA,0.0,False
BC-METABRIC-Ali2020,ER_status,2,4,1.0,417,101,1,Slug,0.35610000896266736,True
BC-METABRIC-Ali2020,ER_status,2,4,1.0,417,101,1,Sox9,-0.1704065266634185,True
BC-METABRIC-Ali2020,ER_status,2,4,1.0,417,101,1,Twist,-2.0127852221194145,True
BC-METABRIC-Ali2020,ER_status,2,4,1.0,417,101,1,Vimentin,0.599281847830059,True
BC-METABRIC-Ali2020,ER_status,2,4,1.0,417,101,1,c_Myc,0.0,False
BC-METABRIC-Ali2020,ER_status,2,4,1.0,417,101,1,c_PARP_c_Casp3,-0.2572561532029711,True
BC-METABRIC-Ali2020,ER_status,2,4,1.0,417,101,1,p53,-0.20602230681612899,True
BC-METABRIC-Ali2020,ER_status,2,4,1.0,417,101,1,pS6,0.269718315525263,True
BC-METABRIC-Ali2020,ER_status,2,4,1.0,417,101,1,panCK,0.6943592088261231,True
BC-METABRIC-Ali2020,ER_status,2,4,1.0,417,101,1,pmTOR,-2.2757957408677516,True
BC-METABRIC-Ali2020,ER_status,2,4,1.0,417,101,1,vWF_CD31,0.0,False
CRC-Schurch2020,CLR_DII,0,0,1.0,112,28,1,BCL-2,0.7659883639231325,True
CRC-Schurch2020,CLR_DII,0,0,1.0,112,28,1,CD11b,0.0,False
CRC-Schurch2020,CLR_DII,0,0,1.0,112,28,1,CD11c,0.0,False
CRC-Schurch2020,CLR_DII,0,0,1.0,112,28,1,CD138,-0.23768167949153107,True
CRC-Schurch2020,CLR_DII,0,0,1.0,112,28,1,CD15,0.04881554906800091,True
CRC-Schurch2020,CLR_DII,0,0,1.0,112,28,1,CD163,-0.7386192823282405,True
CRC-Schurch2020,CLR_DII,0,0,1.0,112,28,1,CD194,0.0,False
CRC-Schurch2020,CLR_DII,0,0,1.0,112,28,1,CD2,-0.06071521866148656,True
CRC-Schurch2020,CLR_DII,0,0,1.0,112,28,1,CD20,1.2431712235969243,True
CRC-Schurch2020,CLR_DII,0,0,1.0,112,28,1,CD21,-1.04368008180625,True
CRC-Schurch2020,CLR_DII,0,0,1.0,112,28,1,CD25,-0.08097279338177504,True
CRC-Schurch2020,CLR_DII,0,0,1.0,112,28,1,CD3,0.0,False
CRC-Schurch2020,CLR_DII,0,0,1.0,112,28,1,CD30,0.0,False
CRC-Schurch2020,CLR_DII,0,0,1.0,112,28,1,CD31,0.0,False
CRC-Schurch2020,CLR_DII,0,0,1.0,112,28,1,CD34,1.104580440352257,True
CRC-Schurch2020,CLR_DII,0,0,1.0,112,28,1,CD38,-0.24612047692581315,True
CRC-Schurch2020,CLR_DII,0,0,1.0,112,28,1,CD4,0.0,False
CRC-Schurch2020,CLR_DII,0,0,1.0,112,28,1,CD44,0.0,False
CRC-Schurch2020,CLR_DII,0,0,1.0,112,28,1,CD45,-0.03942834598599357,True
CRC-Schurch2020,CLR_DII,0,0,1.0,112,28,1,CD45RA,0.0,False
CRC-Schurch2020,CLR_DII,0,0,1.0,112,28,1,CD45RO,0.0,False
CRC-Schurch2020,CLR_DII,0,0,1.0,112,28,1,CD5,-0.20109161491185407,True
CRC-Schurch2020,CLR_DII,0,0,1.0,112,28,1,CD56,-0.4230607386662494,True
CRC-Schurch2020,CLR_DII,0,0,1.0,112,28,1,CD57,0.0,False
CRC-Schurch2020,CLR_DII,0,0,1.0,112,28,1,CD68,-0.3639304135338798,True
CRC-Schurch2020,CLR_DII,0,0,1.0,112,28,1,CD7,0.0,False
CRC-Schurch2020,CLR_DII,0,0,1.0,112,28,1,CD71,-0.26554477629711765,True
CRC-Schurch2020,CLR_DII,0,0,1.0,112,28,1,CD8,-0.8526689585989063,True
CRC-Schurch2020,CLR_DII,0,0,1.0,112,28,1,CDX2,1.3996225431373956,True
CRC-Schurch2020,CLR_DII,0,0,1.0,112,28,1,Chromogranin A,0.0,False
CRC-Schurch2020,CLR_DII,0,0,1.0,112,28,1,Collagen IV,-1.0618918038101905,True
CRC-Schurch2020,CLR_DII,0,0,1.0,112,28,1,Cytokeratin,-0.42566006533327183,True
CRC-Schurch2020,CLR_DII,0,0,1.0,112,28,1,DRAQ5,0.14840433068342443,True
CRC-Schurch2020,CLR_DII,0,0,1.0,112,28,1,EGFR,-0.39923788826831363,True
CRC-Schurch2020,CLR_DII,0,0,1.0,112,28,1,FOXP3,-0.15926916437546818,True
CRC-Schurch2020,CLR_DII,0,0,1.0,112,28,1,GATA3,0.0,False
CRC-Schurch2020,CLR_DII,0,0,1.0,112,28,1,GFAP,0.035377844544583,True
CRC-Schurch2020,CLR_DII,0,0,1.0,112,28,1,Granzyme B,0.0,False
CRC-Schurch2020,CLR_DII,0,0,1.0,112,28,1,HLA-DR,-0.3731861168208475,True
CRC-Schurch2020,CLR_DII,0,0,1.0,112,28,1,HOECHST1,-0.31472429416304787,True
CRC-Schurch2020,CLR_DII,0,0,1.0,112,28,1,ICOS,0.0,False
CRC-Schurch2020,CLR_DII,0,0,1.0,112,28,1,IDO-1,0.0,False
CRC-Schurch2020,CLR_DII,0,0,1.0,112,28,1,Ki67,0.0,False
CRC-Schurch2020,CLR_DII,0,0,1.0,112,28,1,LAG-3,0.0,False
CRC-Schurch2020,CLR_DII,0,0,1.0,112,28,1,MMP12,0.0,False
CRC-Schurch2020,CLR_DII,0,0,1.0,112,28,1,MMP9,0.0,False
CRC-Schurch2020,CLR_DII,0,0,1.0,112,28,1,MUC-1,1.1545845166567068,True
CRC-Schurch2020,CLR_DII,0,0,1.0,112,28,1,Na-K-ATPase,-0.06793542533779535,True
CRC-Schurch2020,CLR_DII,0,0,1.0,112,28,1,PD-1,0.2166378698345759,True
CRC-Schurch2020,CLR_DII,0,0,1.0,112,28,1,PD-L1,-0.1315430815739766,True
CRC-Schurch2020,CLR_DII,0,0,1.0,112,28,1,Podoplanin,0.0,False
CRC-Schurch2020,CLR_DII,0,0,1.0,112,28,1,Synaptophysin,-0.08413180627617026,True
CRC-Schurch2020,CLR_DII,0,0,1.0,112,28,1,T-bet,-0.02780629035858493,True
CRC-Schurch2020,CLR_DII,0,0,1.0,112,28,1,VISTA,0.0,False
CRC-Schurch2020,CLR_DII,0,0,1.0,112,28,1,Vimentin,0.12800388535377596,True
CRC-Schurch2020,CLR_DII,0,0,1.0,112,28,1,aSMA,0.8809807071414474,True
CRC-Schurch2020,CLR_DII,0,0,1.0,112,28,1,beta-catenin,0.0,False
CRC-Schurch2020,CLR_DII,0,0,1.0,112,28,1,p53,0.544010284299736,True
CRC-Schurch2020,CLR_DII,0,1,1.0,112,28,1,BCL-2,0.0,False
CRC-Schurch2020,CLR_DII,0,1,1.0,112,28,1,CD11b,-0.3130885652679421,True
CRC-Schurch2020,CLR_DII,0,1,1.0,112,28,1,CD11c,0.0,False
CRC-Schurch2020,CLR_DII,0,1,1.0,112,28,1,CD138,-0.5213955869824634,True
CRC-Schurch2020,CLR_DII,0,1,1.0,112,28,1,CD15,0.1457167778688066,True
CRC-Schurch2020,CLR_DII,0,1,1.0,112,28,1,CD163,0.15279577332214642,True
CRC-Schurch2020,CLR_DII,0,1,1.0,112,28,1,CD194,0.0,False
CRC-Schurch2020,CLR_DII,0,1,1.0,112,28,1,CD2,0.0,False
CRC-Schurch2020,CLR_DII,0,1,1.0,112,28,1,CD20,0.0,False
CRC-Schurch2020,CLR_DII,0,1,1.0,112,28,1,CD21,0.0,False
CRC-Schurch2020,CLR_DII,0,1,1.0,112,28,1,CD25,0.0,False
CRC-Schurch2020,CLR_DII,0,1,1.0,112,28,1,CD3,0.0,False
CRC-Schurch2020,CLR_DII,0,1,1.0,112,28,1,CD30,0.19834840227294495,True
CRC-Schurch2020,CLR_DII,0,1,1.0,112,28,1,CD31,0.44524047396318894,True
CRC-Schurch2020,CLR_DII,0,1,1.0,112,28,1,CD34,0.32941135403440075,True
CRC-Schurch2020,CLR_DII,0,1,1.0,112,28,1,CD38,0.0,False
CRC-Schurch2020,CLR_DII,0,1,1.0,112,28,1,CD4,0.0,False
CRC-Schurch2020,CLR_DII,0,1,1.0,112,28,1,CD44,0.0,False
CRC-Schurch2020,CLR_DII,0,1,1.0,112,28,1,CD45,0.0,False
CRC-Schurch2020,CLR_DII,0,1,1.0,112,28,1,CD45RA,0.17242477458908595,True
CRC-Schurch2020,CLR_DII,0,1,1.0,112,28,1,CD45RO,0.0,False
CRC-Schurch2020,CLR_DII,0,1,1.0,112,28,1,CD5,0.9270715664049176,True
CRC-Schurch2020,CLR_DII,0,1,1.0,112,28,1,CD56,-0.4877437523703131,True
CRC-Schurch2020,CLR_DII,0,1,1.0,112,28,1,CD57,0.0,False
CRC-Schurch2020,CLR_DII,0,1,1.0,112,28,1,CD68,-2.1441574075102783,True
CRC-Schurch2020,CLR_DII,0,1,1.0,112,28,1,CD7,-0.2935040259748347,True
CRC-Schurch2020,CLR_DII,0,1,1.0,112,28,1,CD71,-0.3511508640972085,True
CRC-Schurch2020,CLR_DII,0,1,1.0,112,28,1,CD8,-0.6716999376338173,True
CRC-Schurch2020,CLR_DII,0,1,1.0,112,28,1,CDX2,1.6412361695017996,True
CRC-Schurch2020,CLR_DII,0,1,1.0,112,28,1,Chromogranin A,0.0,False
CRC-Schurch2020,CLR_DII,0,1,1.0,112,28,1,Collagen IV,-1.3702032821868795,True
CRC-Schurch2020,CLR_DII,0,1,1.0,112,28,1,Cytokeratin,0.0,False
CRC-Schurch2020,CLR_DII,0,1,1.0,112,28,1,DRAQ5,0.17885731225463009,True
CRC-Schurch2020,CLR_DII,0,1,1.0,112,28,1,EGFR,0.0,False
CRC-Schurch2020,CLR_DII,0,1,1.0,112,28,1,FOXP3,-0.18755196833719417,True
CRC-Schurch2020,CLR_DII,0,1,1.0,112,28,1,GATA3,-0.1681824578417472,True
CRC-Schurch2020,CLR_DII,0,1,1.0,112,28,1,GFAP,0.3399327807243231,True
CRC-Schurch2020,CLR_DII,0,1,1.0,112,28,1,Granzyme B,0.0,False
CRC-Schurch2020,CLR_DII,0,1,1.0,112,28,1,HLA-DR,0.0,False
CRC-Schurch2020,CLR_DII,0,1,1.0,112,28,1,HOECHST1,-0.39189987759912864,True
CRC-Schurch2020,CLR_DII,0,1,1.0,112,28,1,ICOS,0.0,False
CRC-Schurch2020,CLR_DII,0,1,1.0,112,28,1,IDO-1,0.27523559769937067,True
CRC-Schurch2020,CLR_DII,0,1,1.0,112,28,1,Ki67,0.0,False
CRC-Schurch2020,CLR_DII,0,1,1.0,112,28,1,LAG-3,-0.8026964017589407,True
CRC-Schurch2020,CLR_DII,0,1,1.0,112,28,1,MMP12,0.026000700779906093,True
CRC-Schurch2020,CLR_DII,0,1,1.0,112,28,1,MMP9,0.0,False
CRC-Schurch2020,CLR_DII,0,1,1.0,112,28,1,MUC-1,0.19599122961946086,True
CRC-Schurch2020,CLR_DII,0,1,1.0,112,28,1,Na-K-ATPase,0.0,False
CRC-Schurch2020,CLR_DII,0,1,1.0,112,28,1,PD-1,0.0,False
CRC-Schurch2020,CLR_DII,0,1,1.0,112,28,1,PD-L1,0.0,False
CRC-Schurch2020,CLR_DII,0,1,1.0,112,28,1,Podoplanin,-0.4312542100028695,True
CRC-Schurch2020,CLR_DII,0,1,1.0,112,28,1,Synaptophysin,-0.3943405716556611,True
CRC-Schurch2020,CLR_DII,0,1,1.0,112,28,1,T-bet,0.0,False
CRC-Schurch2020,CLR_DII,0,1,1.0,112,28,1,VISTA,0.0,False
CRC-Schurch2020,CLR_DII,0,1,1.0,112,28,1,Vimentin,0.1476843432773085,True
CRC-Schurch2020,CLR_DII,0,1,1.0,112,28,1,aSMA,0.38290206917310265,True
CRC-Schurch2020,CLR_DII,0,1,1.0,112,28,1,beta-catenin,0.0,False
CRC-Schurch2020,CLR_DII,0,1,1.0,112,28,1,p53,0.0,False
CRC-Schurch2020,CLR_DII,0,2,1.0,112,28,1,BCL-2,0.39233646892201784,True
CRC-Schurch2020,CLR_DII,0,2,1.0,112,28,1,CD11b,0.0,False
CRC-Schurch2020,CLR_DII,0,2,1.0,112,28,1,CD11c,0.717673369639115,True
CRC-Schurch2020,CLR_DII,0,2,1.0,112,28,1,CD138,0.0,False
CRC-Schurch2020,CLR_DII,0,2,1.0,112,28,1,CD15,0.0,False
CRC-Schurch2020,CLR_DII,0,2,1.0,112,28,1,CD163,0.0,False
CRC-Schurch2020,CLR_DII,0,2,1.0,112,28,1,CD194,0.7142712141600432,True
CRC-Schurch2020,CLR_DII,0,2,1.0,112,28,1,CD2,-0.2001021213573401,True
CRC-Schurch2020,CLR_DII,0,2,1.0,112,28,1,CD20,0.2921677727697346,True
CRC-Schurch2020,CLR_DII,0,2,1.0,112,28,1,CD21,0.0,False
CRC-Schurch2020,CLR_DII,0,2,1.0,112,28,1,CD25,-0.1599699766795923,True
CRC-Schurch2020,CLR_DII,0,2,1.0,112,28,1,CD3,0.0,False
CRC-Schurch2020,CLR_DII,0,2,1.0,112,28,1,CD30,0.0,False
CRC-Schurch2020,CLR_DII,0,2,1.0,112,28,1,CD31,0.0,False
CRC-Schurch2020,CLR_DII,0,2,1.0,112,28,1,CD34,0.0745406814848801,True
CRC-Schurch2020,CLR_DII,0,2,1.0,112,28,1,CD38,0.0,False
CRC-Schurch2020,CLR_DII,0,2,1.0,112,28,1,CD4,0.045992830481547814,True
CRC-Schurch2020,CLR_DII,0,2,1.0,112,28,1,CD44,0.0,False
CRC-Schurch2020,CLR_DII,0,2,1.0,112,28,1,CD45,-0.40930227304510447,True
CRC-Schurch2020,CLR_DII,0,2,1.0,112,28,1,CD45RA,0.18967606948379656,True
CRC-Schurch2020,CLR_DII,0,2,1.0,112,28,1,CD45RO,0.0,False
CRC-Schurch2020,CLR_DII,0,2,1.0,112,28,1,CD5,0.0,False
CRC-Schurch2020,CLR_DII,0,2,1.0,112,28,1,CD56,-0.5004182503225048,True
CRC-Schurch2020,CLR_DII,0,2,1.0,112,28,1,CD57,-0.06579980562522832,True
CRC-Schurch2020,CLR_DII,0,2,1.0,112,28,1,CD68,-1.1457468775631803,True
CRC-Schurch2020,CLR_DII,0,2,1.0,112,28,1,CD7,0.0,False
CRC-Schurch2020,CLR_DII,0,2,1.0,112,28,1,CD71,-0.034686695910775764,True
CRC-Schurch2020,CLR_DII,0,2,1.0,112,28,1,CD8,-1.0190638198243027,True
CRC-Schurch2020,CLR_DII,0,2,1.0,112,28,1,CDX2,0.22696374588245344,True
CRC-Schurch2020,CLR_DII,0,2,1.0,112,28,1,Chromogranin A,0.0,False
CRC-Schurch2020,CLR_DII,0,2,1.0,112,28,1,Collagen IV,-1.247311041479933,True
CRC-Schurch2020,CLR_DII,0,2,1.0,112,28,1,Cytokeratin,-0.4092598586286548,True
CRC-Schurch2020,CLR_DII,0,2,1.0,112,28,1,DRAQ5,0.49715547609684896,True
CRC-Schurch2020,CLR_DII,0,2,1.0,112,28,1,EGFR,0.0,False
CRC-Schurch2020,CLR_DII,0,2,1.0,112,28,1,FOXP3,-0.12025136956679819,True
CRC-Schurch2020,CLR_DII,0,2,1.0,112,28,1,GATA3,-0.6215427716954405,True
CRC-Schurch2020,CLR_DII,0,2,1.0,112,28,1,GFAP,0.4223342230174713,True
CRC-Schurch2020,CLR_DII,0,2,1.0,112,28,1,Granzyme B,0.0,False
CRC-Schurch2020,CLR_DII,0,2,1.0,112,28,1,HLA-DR,0.0,False
CRC-Schurch2020,CLR_DII,0,2,1.0,112,28,1,HOECHST1,-0.2298150643295569,True
CRC-Schurch2020,CLR_DII,0,2,1.0,112,28,1,ICOS,0.0,False
CRC-Schurch2020,CLR_DII,0,2,1.0,112,28,1,IDO-1,0.0,False
CRC-Schurch2020,CLR_DII,0,2,1.0,112,28,1,Ki67,-0.4496542161291372,True
CRC-Schurch2020,CLR_DII,0,2,1.0,112,28,1,LAG-3,-0.7933473033858762,True
CRC-Schurch2020,CLR_DII,0,2,1.0,112,28,1,MMP12,0.0,False
CRC-Schurch2020,CLR_DII,0,2,1.0,112,28,1,MMP9,0.0,False
CRC-Schurch2020,CLR_DII,0,2,1.0,112,28,1,MUC-1,0.5758857331368352,True
CRC-Schurch2020,CLR_DII,0,2,1.0,112,28,1,Na-K-ATPase,-0.1440828747994346,True
CRC-Schurch2020,CLR_DII,0,2,1.0,112,28,1,PD-1,0.08686117247394641,True
CRC-Schurch2020,CLR_DII,0,2,1.0,112,28,1,PD-L1,-0.24647682571021898,True
CRC-Schurch2020,CLR_DII,0,2,1.0,112,28,1,Podoplanin,-0.6697952599272532,True
CRC-Schurch2020,CLR_DII,0,2,1.0,112,28,1,Synaptophysin,0.0,False
CRC-Schurch2020,CLR_DII,0,2,1.0,112,28,1,T-bet,0.0,False
CRC-Schurch2020,CLR_DII,0,2,1.0,112,28,1,VISTA,0.0,False
CRC-Schurch2020,CLR_DII,0,2,1.0,112,28,1,Vimentin,1.4905648291541003,True
CRC-Schurch2020,CLR_DII,0,2,1.0,112,28,1,aSMA,0.0,False
CRC-Schurch2020,CLR_DII,0,2,1.0,112,28,1,beta-catenin,-0.15377117765241338,True
CRC-Schurch2020,CLR_DII,0,2,1.0,112,28,1,p53,0.37506279021449135,True
CRC-Schurch2020,CLR_DII,0,3,1.0,112,28,1,BCL-2,0.2328211044694745,True
CRC-Schurch2020,CLR_DII,0,3,1.0,112,28,1,CD11b,0.0,False
CRC-Schurch2020,CLR_DII,0,3,1.0,112,28,1,CD11c,0.15148113466737745,True
CRC-Schurch2020,CLR_DII,0,3,1.0,112,28,1,CD138,0.0,False
CRC-Schurch2020,CLR_DII,0,3,1.0,112,28,1,CD15,0.0,False
CRC-Schurch2020,CLR_DII,0,3,1.0,112,28,1,CD163,0.0,False
CRC-Schurch2020,CLR_DII,0,3,1.0,112,28,1,CD194,0.0,False
CRC-Schurch2020,CLR_DII,0,3,1.0,112,28,1,CD2,0.0,False
CRC-Schurch2020,CLR_DII,0,3,1.0,112,28,1,CD20,0.4474669329075606,True
CRC-Schurch2020,CLR_DII,0,3,1.0,112,28,1,CD21,-0.6200190760820399,True
CRC-Schurch2020,CLR_DII,0,3,1.0,112,28,1,CD25,-1.0045243696522201,True
CRC-Schurch2020,CLR_DII,0,3,1.0,112,28,1,CD3,0.0,False
CRC-Schurch2020,CLR_DII,0,3,1.0,112,28,1,CD30,0.0,False
CRC-Schurch2020,CLR_DII,0,3,1.0,112,28,1,CD31,0.0,False
CRC-Schurch2020,CLR_DII,0,3,1.0,112,28,1,CD34,0.8202451850836979,True
CRC-Schurch2020,CLR_DII,0,3,1.0,112,28,1,CD38,-0.5579753185088243,True
CRC-Schurch2020,CLR_DII,0,3,1.0,112,28,1,CD4,0.1027909755798449,True
CRC-Schurch2020,CLR_DII,0,3,1.0,112,28,1,CD44,0.0,False
CRC-Schurch2020,CLR_DII,0,3,1.0,112,28,1,CD45,0.0,False
CRC-Schurch2020,CLR_DII,0,3,1.0,112,28,1,CD45RA,-0.024502939570403566,True
CRC-Schurch2020,CLR_DII,0,3,1.0,112,28,1,CD45RO,0.0,False
CRC-Schurch2020,CLR_DII,0,3,1.0,112,28,1,CD5,0.0,False
CRC-Schurch2020,CLR_DII,0,3,1.0,112,28,1,CD56,0.0,False
CRC-Schurch2020,CLR_DII,0,3,1.0,112,28,1,CD57,0.1492457142197074,True
CRC-Schurch2020,CLR_DII,0,3,1.0,112,28,1,CD68,-0.3882811513812004,True
CRC-Schurch2020,CLR_DII,0,3,1.0,112,28,1,CD7,0.0,False
CRC-Schurch2020,CLR_DII,0,3,1.0,112,28,1,CD71,-0.37614307292509086,True
CRC-Schurch2020,CLR_DII,0,3,1.0,112,28,1,CD8,-0.19821428359448984,True
CRC-Schurch2020,CLR_DII,0,3,1.0,112,28,1,CDX2,1.0962251107946808,True
CRC-Schurch2020,CLR_DII,0,3,1.0,112,28,1,Chromogranin A,0.0,False
CRC-Schurch2020,CLR_DII,0,3,1.0,112,28,1,Collagen IV,-1.778817874844107,True
CRC-Schurch2020,CLR_DII,0,3,1.0,112,28,1,Cytokeratin,0.31186328996678125,True
CRC-Schurch2020,CLR_DII,0,3,1.0,112,28,1,DRAQ5,0.7552030566174318,True
CRC-Schurch2020,CLR_DII,0,3,1.0,112,28,1,EGFR,0.0,False
CRC-Schurch2020,CLR_DII,0,3,1.0,112,28,1,FOXP3,0.0,False
CRC-Schurch2020,CLR_DII,0,3,1.0,112,28,1,GATA3,-0.051350567732597864,True
CRC-Schurch2020,CLR_DII,0,3,1.0,112,28,1,GFAP,0.0,False
CRC-Schurch2020,CLR_DII,0,3,1.0,112,28,1,Granzyme B,0.0,False
CRC-Schurch2020,CLR_DII,0,3,1.0,112,28,1,HLA-DR,0.0,False
CRC-Schurch2020,CLR_DII,0,3,1.0,112,28,1,HOECHST1,-1.6094377600868495,True
CRC-Schurch2020,CLR_DII,0,3,1.0,112,28,1,ICOS,0.0,False
CRC-Schurch2020,CLR_DII,0,3,1.0,112,28,1,IDO-1,0.0,False
CRC-Schurch2020,CLR_DII,0,3,1.0,112,28,1,Ki67,0.0,False
CRC-Schurch2020,CLR_DII,0,3,1.0,112,28,1,LAG-3,0.0,False
CRC-Schurch2020,CLR_DII,0,3,1.0,112,28,1,MMP12,0.0,False
CRC-Schurch2020,CLR_DII,0,3,1.0,112,28,1,MMP9,0.04800420587809774,True
CRC-Schurch2020,CLR_DII,0,3,1.0,112,28,1,MUC-1,0.0,False
CRC-Schurch2020,CLR_DII,0,3,1.0,112,28,1,Na-K-ATPase,0.05603413571303774,True
CRC-Schurch2020,CLR_DII,0,3,1.0,112,28,1,PD-1,0.0,False
CRC-Schurch2020,CLR_DII,0,3,1.0,112,28,1,PD-L1,-0.6033282691175947,True
CRC-Schurch2020,CLR_DII,0,3,1.0,112,28,1,Podoplanin,0.0,False
CRC-Schurch2020,CLR_DII,0,3,1.0,112,28,1,Synaptophysin,0.24090719862620605,True
CRC-Schurch2020,CLR_DII,0,3,1.0,112,28,1,T-bet,0.0,False
CRC-Schurch2020,CLR_DII,0,3,1.0,112,28,1,VISTA,0.0,False
CRC-Schurch2020,CLR_DII,0,3,1.0,112,28,1,Vimentin,0.0,False
CRC-Schurch2020,CLR_DII,0,3,1.0,112,28,1,aSMA,0.0,False
CRC-Schurch2020,CLR_DII,0,3,1.0,112,28,1,beta-catenin,-0.1930414135930617,True
CRC-Schurch2020,CLR_DII,0,3,1.0,112,28,1,p53,0.028679892540447425,True
CRC-Schurch2020,CLR_DII,0,4,1.0,112,28,1,BCL-2,0.8693689370818686,True
CRC-Schurch2020,CLR_DII,0,4,1.0,112,28,1,CD11b,0.0,False
CRC-Schurch2020,CLR_DII,0,4,1.0,112,28,1,CD11c,0.0,False
CRC-Schurch2020,CLR_DII,0,4,1.0,112,28,1,CD138,0.0,False
CRC-Schurch2020,CLR_DII,0,4,1.0,112,28,1,CD15,0.4445081238385044,True
CRC-Schurch2020,CLR_DII,0,4,1.0,112,28,1,CD163,-0.044357938860292684,True
CRC-Schurch2020,CLR_DII,0,4,1.0,112,28,1,CD194,0.0,False
CRC-Schurch2020,CLR_DII,0,4,1.0,112,28,1,CD2,-0.8546139314579593,True
CRC-Schurch2020,CLR_DII,0,4,1.0,112,28,1,CD20,0.06121448902088428,True
CRC-Schurch2020,CLR_DII,0,4,1.0,112,28,1,CD21,-0.2845367441954598,True
CRC-Schurch2020,CLR_DII,0,4,1.0,112,28,1,CD25,0.06447335192144149,True
CRC-Schurch2020,CLR_DII,0,4,1.0,112,28,1,CD3,0.0,False
CRC-Schurch2020,CLR_DII,0,4,1.0,112,28,1,CD30,0.0,False
CRC-Schurch2020,CLR_DII,0,4,1.0,112,28,1,CD31,0.32809841603291456,True
CRC-Schurch2020,CLR_DII,0,4,1.0,112,28,1,CD34,0.0,False
CRC-Schurch2020,CLR_DII,0,4,1.0,112,28,1,CD38,-0.565528576158976,True
CRC-Schurch2020,CLR_DII,0,4,1.0,112,28,1,CD4,0.0,False
CRC-Schurch2020,CLR_DII,0,4,1.0,112,28,1,CD44,0.4529745985711062,True
CRC-Schurch2020,CLR_DII,0,4,1.0,112,28,1,CD45,-0.08210507806119158,True
CRC-Schurch2020,CLR_DII,0,4,1.0,112,28,1,CD45RA,-0.08317190861950752,True
CRC-Schurch2020,CLR_DII,0,4,1.0,112,28,1,CD45RO,0.0,False
CRC-Schurch2020,CLR_DII,0,4,1.0,112,28,1,CD5,0.0,False
CRC-Schurch2020,CLR_DII,0,4,1.0,112,28,1,CD56,0.0,False
CRC-Schurch2020,CLR_DII,0,4,1.0,112,28,1,CD57,0.0,False
CRC-Schurch2020,CLR_DII,0,4,1.0,112,28,1,CD68,-1.916862459426272,True
CRC-Schurch2020,CLR_DII,0,4,1.0,112,28,1,CD7,0.010339017001130857,True
CRC-Schurch2020,CLR_DII,0,4,1.0,112,28,1,CD71,-0.24954297347751858,True
CRC-Schurch2020,CLR_DII,0,4,1.0,112,28,1,CD8,-0.29388183068110907,True
CRC-Schurch2020,CLR_DII,0,4,1.0,112,28,1,CDX2,0.9031179368890025,True
CRC-Schurch2020,CLR_DII,0,4,1.0,112,28,1,Chromogranin A,-0.21687614410725678,True
CRC-Schurch2020,CLR_DII,0,4,1.0,112,28,1,Collagen IV,-1.0901949296638214,True
CRC-Schurch2020,CLR_DII,0,4,1.0,112,28,1,Cytokeratin,0.0,False
CRC-Schurch2020,CLR_DII,0,4,1.0,112,28,1,DRAQ5,0.367870795056558,True
CRC-Schurch2020,CLR_DII,0,4,1.0,112,28,1,EGFR,-0.2883612614875006,True
CRC-Schurch2020,CLR_DII,0,4,1.0,112,28,1,FOXP3,-0.03262979268556837,True
CRC-Schurch2020,CLR_DII,0,4,1.0,112,28,1,GATA3,0.0,False
CRC-Schurch2020,CLR_DII,0,4,1.0,112,28,1,GFAP,0.051004481522289404,True
CRC-Schurch2020,CLR_DII,0,4,1.0,112,28,1,Granzyme B,0.09858946199167096,True
CRC-Schurch2020,CLR_DII,0,4,1.0,112,28,1,HLA-DR,0.0,False
CRC-Schurch2020,CLR_DII,0,4,1.0,112,28,1,HOECHST1,-0.33193252015805613,True
CRC-Schurch2020,CLR_DII,0,4,1.0,112,28,1,ICOS,0.0,False
CRC-Schurch2020,CLR_DII,0,4,1.0,112,28,1,IDO-1,0.7622055209333479,True
CRC-Schurch2020,CLR_DII,0,4,1.0,112,28,1,Ki67,-0.4675992405460197,True
CRC-Schurch2020,CLR_DII,0,4,1.0,112,28,1,LAG-3,-0.011769463478272544,True
CRC-Schurch2020,CLR_DII,0,4,1.0,112,28,1,MMP12,-0.10042374988938274,True
CRC-Schurch2020,CLR_DII,0,4,1.0,112,28,1,MMP9,0.0,False
CRC-Schurch2020,CLR_DII,0,4,1.0,112,28,1,MUC-1,0.41928620647275433,True
CRC-Schurch2020,CLR_DII,0,4,1.0,112,28,1,Na-K-ATPase,-0.40572566039504143,True
CRC-Schurch2020,CLR_DII,0,4,1.0,112,28,1,PD-1,0.0,False
CRC-Schurch2020,CLR_DII,0,4,1.0,112,28,1,PD-L1,-0.2021822527719922,True
CRC-Schurch2020,CLR_DII,0,4,1.0,112,28,1,Podoplanin,-0.4683561409659985,True
CRC-Schurch2020,CLR_DII,0,4,1.0,112,28,1,Synaptophysin,0.0,False
CRC-Schurch2020,CLR_DII,0,4,1.0,112,28,1,T-bet,0.3247175714839271,True
CRC-Schurch2020,CLR_DII,0,4,1.0,112,28,1,VISTA,-0.036215264068107024,True
CRC-Schurch2020,CLR_DII,0,4,1.0,112,28,1,Vimentin,0.45690851557603485,True
CRC-Schurch2020,CLR_DII,0,4,1.0,112,28,1,aSMA,0.22745415368255978,True
CRC-Schurch2020,CLR_DII,0,4,1.0,112,28,1,beta-catenin,0.0,False
CRC-Schurch2020,CLR_DII,0,4,1.0,112,28,1,p53,0.047880607647964396,True
CRC-Schurch2020,CLR_DII,1,0,1.0,112,28,1,BCL-2,0.17839295842914554,True
CRC-Schurch2020,CLR_DII,1,0,1.0,112,28,1,CD11b,0.0,False
CRC-Schurch2020,CLR_DII,1,0,1.0,112,28,1,CD11c,0.2458560566993067,True
CRC-Schurch2020,CLR_DII,1,0,1.0,112,28,1,CD138,-0.038823951569810736,True
CRC-Schurch2020,CLR_DII,1,0,1.0,112,28,1,CD15,0.0,False
CRC-Schurch2020,CLR_DII,1,0,1.0,112,28,1,CD163,-0.024808173509425067,True
CRC-Schurch2020,CLR_DII,1,0,1.0,112,28,1,CD194,0.0,False
CRC-Schurch2020,CLR_DII,1,0,1.0,112,28,1,CD2,-0.8649865551977292,True
CRC-Schurch2020,CLR_DII,1,0,1.0,112,28,1,CD20,0.5286199947466654,True
CRC-Schurch2020,CLR_DII,1,0,1.0,112,28,1,CD21,-0.8198895709722938,True
CRC-Schurch2020,CLR_DII,1,0,1.0,112,28,1,CD25,0.20817350206739632,True
CRC-Schurch2020,CLR_DII,1,0,1.0,112,28,1,CD3,0.0,False
CRC-Schurch2020,CLR_DII,1,0,1.0,112,28,1,CD30,0.0,False
CRC-Schurch2020,CLR_DII,1,0,1.0,112,28,1,CD31,0.1566951408527416,True
CRC-Schurch2020,CLR_DII,1,0,1.0,112,28,1,CD34,0.0,False
CRC-Schurch2020,CLR_DII,1,0,1.0,112,28,1,CD38,-0.32900155211934207,True
CRC-Schurch2020,CLR_DII,1,0,1.0,112,28,1,CD4,0.11286375172550338,True
CRC-Schurch2020,CLR_DII,1,0,1.0,112,28,1,CD44,0.22049855398804413,True
CRC-Schurch2020,CLR_DII,1,0,1.0,112,28,1,CD45,0.0,False
CRC-Schurch2020,CLR_DII,1,0,1.0,112,28,1,CD45RA,-0.08581832777688761,True
CRC-Schurch2020,CLR_DII,1,0,1.0,112,28,1,CD45RO,0.0,False
CRC-Schurch2020,CLR_DII,1,0,1.0,112,28,1,CD5,0.0,False
CRC-Schurch2020,CLR_DII,1,0,1.0,112,28,1,CD56,-0.6152123636363552,True
CRC-Schurch2020,CLR_DII,1,0,1.0,112,28,1,CD57,0.0,False
CRC-Schurch2020,CLR_DII,1,0,1.0,112,28,1,CD68,-1.11876784197623,True
CRC-Schurch2020,CLR_DII,1,0,1.0,112,28,1,CD7,0.0,False
CRC-Schurch2020,CLR_DII,1,0,1.0,112,28,1,CD71,-0.4770492159031601,True
CRC-Schurch2020,CLR_DII,1,0,1.0,112,28,1,CD8,-0.39370302257303297,True
CRC-Schurch2020,CLR_DII,1,0,1.0,112,28,1,CDX2,1.2511883420804213,True
CRC-Schurch2020,CLR_DII,1,0,1.0,112,28,1,Chromogranin A,0.0,False
CRC-Schurch2020,CLR_DII,1,0,1.0,112,28,1,Collagen IV,-0.9913442644456936,True
CRC-Schurch2020,CLR_DII,1,0,1.0,112,28,1,Cytokeratin,0.0,False
CRC-Schurch2020,CLR_DII,1,0,1.0,112,28,1,DRAQ5,0.43563155623914124,True
CRC-Schurch2020,CLR_DII,1,0,1.0,112,28,1,EGFR,0.0,False
CRC-Schurch2020,CLR_DII,1,0,1.0,112,28,1,FOXP3,0.0,False
CRC-Schurch2020,CLR_DII,1,0,1.0,112,28,1,GATA3,0.0,False
CRC-Schurch2020,CLR_DII,1,0,1.0,112,28,1,GFAP,0.17986312179525915,True
CRC-Schurch2020,CLR_DII,1,0,1.0,112,28,1,Granzyme B,0.0,False
CRC-Schurch2020,CLR_DII,1,0,1.0,112,28,1,HLA-DR,-0.0794399122092646,True
CRC-Schurch2020,CLR_DII,1,0,1.0,112,28,1,HOECHST1,-0.47098094729740114,True
CRC-Schurch2020,CLR_DII,1,0,1.0,112,28,1,ICOS,0.0,False
CRC-Schurch2020,CLR_DII,1,0,1.0,112,28,1,IDO-1,0.0,False
CRC-Schurch2020,CLR_DII,1,0,1.0,112,28,1,Ki67,0.0,False
CRC-Schurch2020,CLR_DII,1,0,1.0,112,28,1,LAG-3,0.0,False
CRC-Schurch2020,CLR_DII,1,0,1.0,112,28,1,MMP12,-0.01699518658686551,True
CRC-Schurch2020,CLR_DII,1,0,1.0,112,28,1,MMP9,-0.009841729368736916,True
CRC-Schurch2020,CLR_DII,1,0,1.0,112,28,1,MUC-1,0.3581681636073942,True
CRC-Schurch2020,CLR_DII,1,0,1.0,112,28,1,Na-K-ATPase,-0.20406206912002617,True
CRC-Schurch2020,CLR_DII,1,0,1.0,112,28,1,PD-1,0.3973277058822754,True
CRC-Schurch2020,CLR_DII,1,0,1.0,112,28,1,PD-L1,0.09840121092596518,True
CRC-Schurch2020,CLR_DII,1,0,1.0,112,28,1,Podoplanin,-1.1352166674009994,True
CRC-Schurch2020,CLR_DII,1,0,1.0,112,28,1,Synaptophysin,-0.36220610412070664,True
CRC-Schurch2020,CLR_DII,1,0,1.0,112,28,1,T-bet,0.0,False
CRC-Schurch2020,CLR_DII,1,0,1.0,112,28,1,VISTA,0.0,False
CRC-Schurch2020,CLR_DII,1,0,1.0,112,28,1,Vimentin,0.6198704658831118,True
CRC-Schurch2020,CLR_DII,1,0,1.0,112,28,1,aSMA,0.8695663014164823,True
CRC-Schurch2020,CLR_DII,1,0,1.0,112,28,1,beta-catenin,0.0,False
CRC-Schurch2020,CLR_DII,1,0,1.0,112,28,1,p53,0.2362820649279655,True
CRC-Schurch2020,CLR_DII,1,1,1.0,112,28,1,BCL-2,0.613491286163159,True
CRC-Schurch2020,CLR_DII,1,1,1.0,112,28,1,CD11b,0.0,False
CRC-Schurch2020,CLR_DII,1,1,1.0,112,28,1,CD11c,0.35683833504754675,True
CRC-Schurch2020,CLR_DII,1,1,1.0,112,28,1,CD138,-0.35480302601621283,True
CRC-Schurch2020,CLR_DII,1,1,1.0,112,28,1,CD15,0.2597861038208198,True
CRC-Schurch2020,CLR_DII,1,1,1.0,112,28,1,CD163,0.0,False
CRC-Schurch2020,CLR_DII,1,1,1.0,112,28,1,CD194,0.24278274916595594,True
CRC-Schurch2020,CLR_DII,1,1,1.0,112,28,1,CD2,-0.3824403093420839,True
CRC-Schurch2020,CLR_DII,1,1,1.0,112,28,1,CD20,0.08340405927362896,True
CRC-Schurch2020,CLR_DII,1,1,1.0,112,28,1,CD21,-0.32686132795051265,True
CRC-Schurch2020,CLR_DII,1,1,1.0,112,28,1,CD25,-0.4172962353261251,True
CRC-Schurch2020,CLR_DII,1,1,1.0,112,28,1,CD3,0.0,False
CRC-Schurch2020,CLR_DII,1,1,1.0,112,28,1,CD30,0.0,False
CRC-Schurch2020,CLR_DII,1,1,1.0,112,28,1,CD31,0.32877875015131935,True
CRC-Schurch2020,CLR_DII,1,1,1.0,112,28,1,CD34,0.37452499370432396,True
CRC-Schurch2020,CLR_DII,1,1,1.0,112,28,1,CD38,-0.15348762652675102,True
CRC-Schurch2020,CLR_DII,1,1,1.0,112,28,1,CD4,0.0,False
CRC-Schurch2020,CLR_DII,1,1,1.0,112,28,1,CD44,0.07479518947262155,True
CRC-Schurch2020,CLR_DII,1,1,1.0,112,28,1,CD45,0.0,False
CRC-Schurch2020,CLR_DII,1,1,1.0,112,28,1,CD45RA,0.09303248881316156,True
CRC-Schurch2020,CLR_DII,1,1,1.0,112,28,1,CD45RO,0.0,False
CRC-Schurch2020,CLR_DII,1,1,1.0,112,28,1,CD5,0.0,False
CRC-Schurch2020,CLR_DII,1,1,1.0,112,28,1,CD56,0.0,False
CRC-Schurch2020,CLR_DII,1,1,1.0,112,28,1,CD57,0.018709158857728926,True
CRC-Schurch2020,CLR_DII,1,1,1.0,112,28,1,CD68,-1.3153482202797049,True
CRC-Schurch2020,CLR_DII,1,1,1.0,112,28,1,CD7,0.0,False
CRC-Schurch2020,CLR_DII,1,1,1.0,112,28,1,CD71,-0.03677345157465886,True
CRC-Schurch2020,CLR_DII,1,1,1.0,112,28,1,CD8,-0.3850701141533466,True
CRC-Schurch2020,CLR_DII,1,1,1.0,112,28,1,CDX2,0.8078608747699876,True
CRC-Schurch2020,CLR_DII,1,1,1.0,112,28,1,Chromogranin A,0.0,False
CRC-Schurch2020,CLR_DII,1,1,1.0,112,28,1,Collagen IV,-1.5774412840230831,True
CRC-Schurch2020,CLR_DII,1,1,1.0,112,28,1,Cytokeratin,-0.1289253633081221,True
CRC-Schurch2020,CLR_DII,1,1,1.0,112,28,1,DRAQ5,1.0334896902793682,True
CRC-Schurch2020,CLR_DII,1,1,1.0,112,28,1,EGFR,-0.17649940209192694,True
CRC-Schurch2020,CLR_DII,1,1,1.0,112,28,1,FOXP3,0.0,False
CRC-Schurch2020,CLR_DII,1,1,1.0,112,28,1,GATA3,-0.2571272014088032,True
CRC-Schurch2020,CLR_DII,1,1,1.0,112,28,1,GFAP,0.0,False
CRC-Schurch2020,CLR_DII,1,1,1.0,112,28,1,Granzyme B,0.0,False
CRC-Schurch2020,CLR_DII,1,1,1.0,112,28,1,HLA-DR,0.0,False
CRC-Schurch2020,CLR_DII,1,1,1.0,112,28,1,HOECHST1,-1.3779201184057364,True
CRC-Schurch2020,CLR_DII,1,1,1.0,112,28,1,ICOS,0.0,False
CRC-Schurch2020,CLR_DII,1,1,1.0,112,28,1,IDO-1,0.0,False
CRC-Schurch2020,CLR_DII,1,1,1.0,112,28,1,Ki67,0.0,False
CRC-Schurch2020,CLR_DII,1,1,1.0,112,28,1,LAG-3,-0.24083404558620353,True
CRC-Schurch2020,CLR_DII,1,1,1.0,112,28,1,MMP12,0.0,False
CRC-Schurch2020,CLR_DII,1,1,1.0,112,28,1,MMP9,0.4765377956310161,True
CRC-Schurch2020,CLR_DII,1,1,1.0,112,28,1,MUC-1,0.2941390659719574,True
CRC-Schurch2020,CLR_DII,1,1,1.0,112,28,1,Na-K-ATPase,-0.13083377572710542,True
CRC-Schurch2020,CLR_DII,1,1,1.0,112,28,1,PD-1,0.0,False
CRC-Schurch2020,CLR_DII,1,1,1.0,112,28,1,PD-L1,-0.15427551779053428,True
CRC-Schurch2020,CLR_DII,1,1,1.0,112,28,1,Podoplanin,-0.2365921820771456,True
CRC-Schurch2020,CLR_DII,1,1,1.0,112,28,1,Synaptophysin,0.0,False
CRC-Schurch2020,CLR_DII,1,1,1.0,112,28,1,T-bet,0.0,False
CRC-Schurch2020,CLR_DII,1,1,1.0,112,28,1,VISTA,0.0,False
CRC-Schurch2020,CLR_DII,1,1,1.0,112,28,1,Vimentin,0.0,False
CRC-Schurch2020,CLR_DII,1,1,1.0,112,28,1,aSMA,0.0,False
CRC-Schurch2020,CLR_DII,1,1,1.0,112,28,1,beta-catenin,0.0,False
CRC-Schurch2020,CLR_DII,1,1,1.0,112,28,1,p53,0.4644802731540692,True
CRC-Schurch2020,CLR_DII,1,2,1.0,112,28,1,BCL-2,1.3069334564687722,True
CRC-Schurch2020,CLR_DII,1,2,1.0,112,28,1,CD11b,0.0,False
CRC-Schurch2020,CLR_DII,1,2,1.0,112,28,1,CD11c,0.07321634875052724,True
CRC-Schurch2020,CLR_DII,1,2,1.0,112,28,1,CD138,-0.20033600978928084,True
CRC-Schurch2020,CLR_DII,1,2,1.0,112,28,1,CD15,0.8167263386269185,True
CRC-Schurch2020,CLR_DII,1,2,1.0,112,28,1,CD163,-0.4320864645685596,True
CRC-Schurch2020,CLR_DII,1,2,1.0,112,28,1,CD194,0.0,False
CRC-Schurch2020,CLR_DII,1,2,1.0,112,28,1,CD2,0.0,False
CRC-Schurch2020,CLR_DII,1,2,1.0,112,28,1,CD20,0.005978313350384434,True
CRC-Schurch2020,CLR_DII,1,2,1.0,112,28,1,CD21,0.0,False
CRC-Schurch2020,CLR_DII,1,2,1.0,112,28,1,CD25,0.0,False
CRC-Schurch2020,CLR_DII,1,2,1.0,112,28,1,CD3,0.0,False
CRC-Schurch2020,CLR_DII,1,2,1.0,112,28,1,CD30,0.283995547999585,True
CRC-Schurch2020,CLR_DII,1,2,1.0,112,28,1,CD31,0.0,False
CRC-Schurch2020,CLR_DII,1,2,1.0,112,28,1,CD34,0.6333160706113194,True
CRC-Schurch2020,CLR_DII,1,2,1.0,112,28,1,CD38,0.0,False
CRC-Schurch2020,CLR_DII,1,2,1.0,112,28,1,CD4,0.0,False
CRC-Schurch2020,CLR_DII,1,2,1.0,112,28,1,CD44,0.0,False
CRC-Schurch2020,CLR_DII,1,2,1.0,112,28,1,CD45,0.0,False
CRC-Schurch2020,CLR_DII,1,2,1.0,112,28,1,CD45RA,0.0,False
CRC-Schurch2020,CLR_DII,1,2,1.0,112,28,1,CD45RO,-0.34405374130579097,True
CRC-Schurch2020,CLR_DII,1,2,1.0,112,28,1,CD5,0.0,False
CRC-Schurch2020,CLR_DII,1,2,1.0,112,28,1,CD56,-0.1649557498575103,True
CRC-Schurch2020,CLR_DII,1,2,1.0,112,28,1,CD57,0.0,False
CRC-Schurch2020,CLR_DII,1,2,1.0,112,28,1,CD68,-1.0135980842360215,True
CRC-Schurch2020,CLR_DII,1,2,1.0,112,28,1,CD7,0.0,False
CRC-Schurch2020,CLR_DII,1,2,1.0,112,28,1,CD71,0.0,False
CRC-Schurch2020,CLR_DII,1,2,1.0,112,28,1,CD8,-0.927339733848426,True
CRC-Schurch2020,CLR_DII,1,2,1.0,112,28,1,CDX2,0.6789979540739166,True
CRC-Schurch2020,CLR_DII,1,2,1.0,112,28,1,Chromogranin A,0.0,False
CRC-Schurch2020,CLR_DII,1,2,1.0,112,28,1,Collagen IV,-0.8044155891904518,True
CRC-Schurch2020,CLR_DII,1,2,1.0,112,28,1,Cytokeratin,0.0,False
CRC-Schurch2020,CLR_DII,1,2,1.0,112,28,1,DRAQ5,1.1262330177530222,True
CRC-Schurch2020,CLR_DII,1,2,1.0,112,28,1,EGFR,-0.03230027444002752,True
CRC-Schurch2020,CLR_DII,1,2,1.0,112,28,1,FOXP3,0.0,False
CRC-Schurch2020,CLR_DII,1,2,1.0,112,28,1,GATA3,0.0,False
CRC-Schurch2020,CLR_DII,1,2,1.0,112,28,1,GFAP,0.0,False
CRC-Schurch2020,CLR_DII,1,2,1.0,112,28,1,Granzyme B,0.0,False
CRC-Schurch2020,CLR_DII,1,2,1.0,112,28,1,HLA-DR,-0.05129862725368321,True
CRC-Schurch2020,CLR_DII,1,2,1.0,112,28,1,HOECHST1,-0.5251801681751744,True
CRC-Schurch2020,CLR_DII,1,2,1.0,112,28,1,ICOS,0.0,False
CRC-Schurch2020,CLR_DII,1,2,1.0,112,28,1,IDO-1,0.7877397683415059,True
CRC-Schurch2020,CLR_DII,1,2,1.0,112,28,1,Ki67,0.0,False
CRC-Schurch2020,CLR_DII,1,2,1.0,112,28,1,LAG-3,-0.7572178268164899,True
CRC-Schurch2020,CLR_DII,1,2,1.0,112,28,1,MMP12,-0.3865081805149869,True
CRC-Schurch2020,CLR_DII,1,2,1.0,112,28,1,MMP9,0.0,False
CRC-Schurch2020,CLR_DII,1,2,1.0,112,28,1,MUC-1,0.6108204754081021,True
CRC-Schurch2020,CLR_DII,1,2,1.0,112,28,1,Na-K-ATPase,-0.4160783776903223,True
CRC-Schurch2020,CLR_DII,1,2,1.0,112,28,1,PD-1,0.0,False
CRC-Schurch2020,CLR_DII,1,2,1.0,112,28,1,PD-L1,-0.35870843993311563,True
CRC-Schurch2020,CLR_DII,1,2,1.0,112,28,1,Podoplanin,-0.843289810302733,True
CRC-Schurch2020,CLR_DII,1,2,1.0,112,28,1,Synaptophysin,0.0,False
CRC-Schurch2020,CLR_DII,1,2,1.0,112,28,1,T-bet,0.0,False
CRC-Schurch2020,CLR_DII,1,2,1.0,112,28,1,VISTA,-1.1200578678197137,True
CRC-Schurch2020,CLR_DII,1,2,1.0,112,28,1,Vimentin,0.6307629474052565,True
CRC-Schurch2020,CLR_DII,1,2,1.0,112,28,1,aSMA,0.45867116397420793,True
CRC-Schurch2020,CLR_DII,1,2,1.0,112,28,1,beta-catenin,0.0,False
CRC-Schurch2020,CLR_DII,1,2,1.0,112,28,1,p53,0.0,False
CRC-Schurch2020,CLR_DII,1,3,1.0,112,28,1,BCL-2,0.29468042639618797,True
CRC-Schurch2020,CLR_DII,1,3,1.0,112,28,1,CD11b,0.0,False
CRC-Schurch2020,CLR_DII,1,3,1.0,112,28,1,CD11c,0.08146756714829717,True
CRC-Schurch2020,CLR_DII,1,3,1.0,112,28,1,CD138,-0.31543059219132574,True
CRC-Schurch2020,CLR_DII,1,3,1.0,112,28,1,CD15,0.33407769102274837,True
CRC-Schurch2020,CLR_DII,1,3,1.0,112,28,1,CD163,0.2837911305063747,True
CRC-Schurch2020,CLR_DII,1,3,1.0,112,28,1,CD194,0.0,False
CRC-Schurch2020,CLR_DII,1,3,1.0,112,28,1,CD2,0.0,False
CRC-Schurch2020,CLR_DII,1,3,1.0,112,28,1,CD20,0.3045829917965448,True
CRC-Schurch2020,CLR_DII,1,3,1.0,112,28,1,CD21,0.0,False
CRC-Schurch2020,CLR_DII,1,3,1.0,112,28,1,CD25,0.0,False
CRC-Schurch2020,CLR_DII,1,3,1.0,112,28,1,CD3,0.0,False
CRC-Schurch2020,CLR_DII,1,3,1.0,112,28,1,CD30,0.0,False
CRC-Schurch2020,CLR_DII,1,3,1.0,112,28,1,CD31,0.0,False
CRC-Schurch2020,CLR_DII,1,3,1.0,112,28,1,CD34,0.5997888197060722,True
CRC-Schurch2020,CLR_DII,1,3,1.0,112,28,1,CD38,0.0,False
CRC-Schurch2020,CLR_DII,1,3,1.0,112,28,1,CD4,0.0,False
CRC-Schurch2020,CLR_DII,1,3,1.0,112,28,1,CD44,0.21433243881839203,True
CRC-Schurch2020,CLR_DII,1,3,1.0,112,28,1,CD45,-0.3391998316832808,True
CRC-Schurch2020,CLR_DII,1,3,1.0,112,28,1,CD45RA,0.0,False
CRC-Schurch2020,CLR_DII,1,3,1.0,112,28,1,CD45RO,0.0,False
CRC-Schurch2020,CLR_DII,1,3,1.0,112,28,1,CD5,0.38220758332159704,True
CRC-Schurch2020,CLR_DII,1,3,1.0,112,28,1,CD56,-0.22150689743283578,True
CRC-Schurch2020,CLR_DII,1,3,1.0,112,28,1,CD57,0.0,False
CRC-Schurch2020,CLR_DII,1,3,1.0,112,28,1,CD68,-2.557469370323544,True
CRC-Schurch2020,CLR_DII,1,3,1.0,112,28,1,CD7,-0.10757405664383576,True
CRC-Schurch2020,CLR_DII,1,3,1.0,112,28,1,CD71,0.0,False
CRC-Schurch2020,CLR_DII,1,3,1.0,112,28,1,CD8,-0.37826181112274754,True
CRC-Schurch2020,CLR_DII,1,3,1.0,112,28,1,CDX2,1.291341465348965,True
CRC-Schurch2020,CLR_DII,1,3,1.0,112,28,1,Chromogranin A,0.0,False
CRC-Schurch2020,CLR_DII,1,3,1.0,112,28,1,Collagen IV,-1.6656592663114467,True
CRC-Schurch2020,CLR_DII,1,3,1.0,112,28,1,Cytokeratin,0.0,False
CRC-Schurch2020,CLR_DII,1,3,1.0,112,28,1,DRAQ5,0.0,False
CRC-Schurch2020,CLR_DII,1,3,1.0,112,28,1,EGFR,0.0,False
CRC-Schurch2020,CLR_DII,1,3,1.0,112,28,1,FOXP3,-0.4586558956883796,True
CRC-Schurch2020,CLR_DII,1,3,1.0,112,28,1,GATA3,-0.16659352799854957,True
CRC-Schurch2020,CLR_DII,1,3,1.0,112,28,1,GFAP,0.07507776011054032,True
CRC-Schurch2020,CLR_DII,1,3,1.0,112,28,1,Granzyme B,0.0,False
CRC-Schurch2020,CLR_DII,1,3,1.0,112,28,1,HLA-DR,0.0,False
CRC-Schurch2020,CLR_DII,1,3,1.0,112,28,1,HOECHST1,0.0,False
CRC-Schurch2020,CLR_DII,1,3,1.0,112,28,1,ICOS,0.0,False
CRC-Schurch2020,CLR_DII,1,3,1.0,112,28,1,IDO-1,0.0,False
CRC-Schurch2020,CLR_DII,1,3,1.0,112,28,1,Ki67,-0.4578205251227033,True
CRC-Schurch2020,CLR_DII,1,3,1.0,112,28,1,LAG-3,-0.775862303916471,True
CRC-Schurch2020,CLR_DII,1,3,1.0,112,28,1,MMP12,0.18355352016323478,True
CRC-Schurch2020,CLR_DII,1,3,1.0,112,28,1,MMP9,0.0,False
CRC-Schurch2020,CLR_DII,1,3,1.0,112,28,1,MUC-1,0.386055220629181,True
CRC-Schurch2020,CLR_DII,1,3,1.0,112,28,1,Na-K-ATPase,-0.11405774903105798,True
CRC-Schurch2020,CLR_DII,1,3,1.0,112,28,1,PD-1,0.0,False
CRC-Schurch2020,CLR_DII,1,3,1.0,112,28,1,PD-L1,-0.3078964257665003,True
CRC-Schurch2020,CLR_DII,1,3,1.0,112,28,1,Podoplanin,-0.13037049796070171,True
CRC-Schurch2020,CLR_DII,1,3,1.0,112,28,1,Synaptophysin,-0.03207152908535673,True
CRC-Schurch2020,CLR_DII,1,3,1.0,112,28,1,T-bet,0.0,False
CRC-Schurch2020,CLR_DII,1,3,1.0,112,28,1,VISTA,0.0,False
CRC-Schurch2020,CLR_DII,1,3,1.0,112,28,1,Vimentin,0.8015973015774744,True
CRC-Schurch2020,CLR_DII,1,3,1.0,112,28,1,aSMA,0.0,False
CRC-Schurch2020,CLR_DII,1,3,1.0,112,28,1,beta-catenin,-0.14539934982135233,True
CRC-Schurch2020,CLR_DII,1,3,1.0,112,28,1,p53,0.4117661168637819,True
CRC-Schurch2020,CLR_DII,1,4,1.0,112,28,1,BCL-2,0.0,False
CRC-Schurch2020,CLR_DII,1,4,1.0,112,28,1,CD11b,0.0,False
CRC-Schurch2020,CLR_DII,1,4,1.0,112,28,1,CD11c,0.02007890573794983,True
CRC-Schurch2020,CLR_DII,1,4,1.0,112,28,1,CD138,0.0,False
CRC-Schurch2020,CLR_DII,1,4,1.0,112,28,1,CD15,-0.4268884458261038,True
CRC-Schurch2020,CLR_DII,1,4,1.0,112,28,1,CD163,0.0,False
CRC-Schurch2020,CLR_DII,1,4,1.0,112,28,1,CD194,0.0,False
CRC-Schurch2020,CLR_DII,1,4,1.0,112,28,1,CD2,0.0,False
CRC-Schurch2020,CLR_DII,1,4,1.0,112,28,1,CD20,1.2479607079548178,True
CRC-Schurch2020,CLR_DII,1,4,1.0,112,28,1,CD21,-0.9287156797136169,True
CRC-Schurch2020,CLR_DII,1,4,1.0,112,28,1,CD25,-0.8206040038763175,True
CRC-Schurch2020,CLR_DII,1,4,1.0,112,28,1,CD3,0.0,False
CRC-Schurch2020,CLR_DII,1,4,1.0,112,28,1,CD30,0.055260528609376865,True
CRC-Schurch2020,CLR_DII,1,4,1.0,112,28,1,CD31,0.0,False
CRC-Schurch2020,CLR_DII,1,4,1.0,112,28,1,CD34,0.4137045132133392,True
CRC-Schurch2020,CLR_DII,1,4,1.0,112,28,1,CD38,-0.20620914356243242,True
CRC-Schurch2020,CLR_DII,1,4,1.0,112,28,1,CD4,0.1662486259669565,True
CRC-Schurch2020,CLR_DII,1,4,1.0,112,28,1,CD44,0.15630410450030935,True
CRC-Schurch2020,CLR_DII,1,4,1.0,112,28,1,CD45,-0.18662389060398432,True
CRC-Schurch2020,CLR_DII,1,4,1.0,112,28,1,CD45RA,0.0,False
CRC-Schurch2020,CLR_DII,1,4,1.0,112,28,1,CD45RO,0.0,False
CRC-Schurch2020,CLR_DII,1,4,1.0,112,28,1,CD5,0.0,False
CRC-Schurch2020,CLR_DII,1,4,1.0,112,28,1,CD56,-0.1983013988835028,True
CRC-Schurch2020,CLR_DII,1,4,1.0,112,28,1,CD57,0.0,False
CRC-Schurch2020,CLR_DII,1,4,1.0,112,28,1,CD68,-0.6379192003074301,True
CRC-Schurch2020,CLR_DII,1,4,1.0,112,28,1,CD7,0.0,False
CRC-Schurch2020,CLR_DII,1,4,1.0,112,28,1,CD71,-0.8992309078872299,True
CRC-Schurch2020,CLR_DII,1,4,1.0,112,28,1,CD8,-0.6933564593485809,True
CRC-Schurch2020,CLR_DII,1,4,1.0,112,28,1,CDX2,1.1948184411586422,True
CRC-Schurch2020,CLR_DII,1,4,1.0,112,28,1,Chromogranin A,-0.15869766318093464,True
CRC-Schurch2020,CLR_DII,1,4,1.0,112,28,1,Collagen IV,-1.5713003299351502,True
CRC-Schurch2020,CLR_DII,1,4,1.0,112,28,1,Cytokeratin,0.0,False
CRC-Schurch2020,CLR_DII,1,4,1.0,112,28,1,DRAQ5,0.3914815342383606,True
CRC-Schurch2020,CLR_DII,1,4,1.0,112,28,1,EGFR,0.0,False
CRC-Schurch2020,CLR_DII,1,4,1.0,112,28,1,FOXP3,0.0,False
CRC-Schurch2020,CLR_DII,1,4,1.0,112,28,1,GATA3,-0.4564890320625356,True
CRC-Schurch2020,CLR_DII,1,4,1.0,112,28,1,GFAP,0.3719391717145883,True
CRC-Schurch2020,CLR_DII,1,4,1.0,112,28,1,Granzyme B,0.0,False
CRC-Schurch2020,CLR_DII,1,4,1.0,112,28,1,HLA-DR,0.0,False
CRC-Schurch2020,CLR_DII,1,4,1.0,112,28,1,HOECHST1,-0.4563337561240167,True
CRC-Schurch2020,CLR_DII,1,4,1.0,112,28,1,ICOS,0.0,False
CRC-Schurch2020,CLR_DII,1,4,1.0,112,28,1,IDO-1,0.0,False
CRC-Schurch2020,CLR_DII,1,4,1.0,112,28,1,Ki67,-0.368373740916032,True
CRC-Schurch2020,CLR_DII,1,4,1.0,112,28,1,LAG-3,0.0,False
CRC-Schurch2020,CLR_DII,1,4,1.0,112,28,1,MMP12,0.0,False
CRC-Schurch2020,CLR_DII,1,4,1.0,112,28,1,MMP9,0.0,False
CRC-Schurch2020,CLR_DII,1,4,1.0,112,28,1,MUC-1,0.8490779335724735,True
CRC-Schurch2020,CLR_DII,1,4,1.0,112,28,1,Na-K-ATPase,0.0,False
CRC-Schurch2020,CLR_DII,1,4,1.0,112,28,1,PD-1,0.28018099973604677,True
CRC-Schurch2020,CLR_DII,1,4,1.0,112,28,1,PD-L1,-0.5050392726903375,True
CRC-Schurch2020,CLR_DII,1,4,1.0,112,28,1,Podoplanin,0.41601196271789603,True
CRC-Schurch2020,CLR_DII,1,4,1.0,112,28,1,Synaptophysin,0.0,False
CRC-Schurch2020,CLR_DII,1,4,1.0,112,28,1,T-bet,0.166613559900464,True
CRC-Schurch2020,CLR_DII,1,4,1.0,112,28,1,VISTA,0.0,False
CRC-Schurch2020,CLR_DII,1,4,1.0,112,28,1,Vimentin,0.3848179461933522,True
CRC-Schurch2020,CLR_DII,1,4,1.0,112,28,1,aSMA,0.5438376389208985,True
CRC-Schurch2020,CLR_DII,1,4,1.0,112,28,1,beta-catenin,0.0,False
CRC-Schurch2020,CLR_DII,1,4,1.0,112,28,1,p53,0.0,False
CRC-Schurch2020,CLR_DII,2,0,1.0,112,28,1,BCL-2,0.870856573201991,True
CRC-Schurch2020,CLR_DII,2,0,1.0,112,28,1,CD11b,0.0,False
CRC-Schurch2020,CLR_DII,2,0,1.0,112,28,1,CD11c,0.0,False
CRC-Schurch2020,CLR_DII,2,0,1.0,112,28,1,CD138,0.0,False
CRC-Schurch2020,CLR_DII,2,0,1.0,112,28,1,CD15,0.2885114786708949,True
CRC-Schurch2020,CLR_DII,2,0,1.0,112,28,1,CD163,-0.009960242490782516,True
CRC-Schurch2020,CLR_DII,2,0,1.0,112,28,1,CD194,0.21818388924909718,True
CRC-Schurch2020,CLR_DII,2,0,1.0,112,28,1,CD2,0.0,False
CRC-Schurch2020,CLR_DII,2,0,1.0,112,28,1,CD20,0.0,False
CRC-Schurch2020,CLR_DII,2,0,1.0,112,28,1,CD21,-1.0361546175570928,True
CRC-Schurch2020,CLR_DII,2,0,1.0,112,28,1,CD25,0.0,False
CRC-Schurch2020,CLR_DII,2,0,1.0,112,28,1,CD3,0.0,False
CRC-Schurch2020,CLR_DII,2,0,1.0,112,28,1,CD30,0.0,False
CRC-Schurch2020,CLR_DII,2,0,1.0,112,28,1,CD31,0.0,False
CRC-Schurch2020,CLR_DII,2,0,1.0,112,28,1,CD34,0.7334304141200141,True
CRC-Schurch2020,CLR_DII,2,0,1.0,112,28,1,CD38,-0.38362298717314935,True
CRC-Schurch2020,CLR_DII,2,0,1.0,112,28,1,CD4,0.0,False
CRC-Schurch2020,CLR_DII,2,0,1.0,112,28,1,CD44,0.0,False
CRC-Schurch2020,CLR_DII,2,0,1.0,112,28,1,CD45,-0.152737010240793,True
CRC-Schurch2020,CLR_DII,2,0,1.0,112,28,1,CD45RA,0.0057024643360696035,True
CRC-Schurch2020,CLR_DII,2,0,1.0,112,28,1,CD45RO,-0.5723968783711987,True
CRC-Schurch2020,CLR_DII,2,0,1.0,112,28,1,CD5,0.0,False
CRC-Schurch2020,CLR_DII,2,0,1.0,112,28,1,CD56,-1.1656582605171397,True
CRC-Schurch2020,CLR_DII,2,0,1.0,112,28,1,CD57,0.12894830675303962,True
CRC-Schurch2020,CLR_DII,2,0,1.0,112,28,1,CD68,-0.9628882239884252,True
CRC-Schurch2020,CLR_DII,2,0,1.0,112,28,1,CD7,0.0,False
CRC-Schurch2020,CLR_DII,2,0,1.0,112,28,1,CD71,-0.17075220885322154,True
CRC-Schurch2020,CLR_DII,2,0,1.0,112,28,1,CD8,-0.36977540673311493,True
CRC-Schurch2020,CLR_DII,2,0,1.0,112,28,1,CDX2,0.8831626673025015,True
CRC-Schurch2020,CLR_DII,2,0,1.0,112,28,1,Chromogranin A,0.0,False
CRC-Schurch2020,CLR_DII,2,0,1.0,112,28,1,Collagen IV,-1.338848063618235,True
CRC-Schurch2020,CLR_DII,2,0,1.0,112,28,1,Cytokeratin,-0.6839315943100251,True
CRC-Schurch2020,CLR_DII,2,0,1.0,112,28,1,DRAQ5,0.5890897007091708,True
CRC-Schurch2020,CLR_DII,2,0,1.0,112,28,1,EGFR,0.0,False
CRC-Schurch2020,CLR_DII,2,0,1.0,112,28,1,FOXP3,0.0,False
CRC-Schurch2020,CLR_DII,2,0,1.0,112,28,1,GATA3,0.0,False
CRC-Schurch2020,CLR_DII,2,0,1.0,112,28,1,GFAP,0.01296405140705797,True
CRC-Schurch2020,CLR_DII,2,0,1.0,112,28,1,Granzyme B,0.0,False
CRC-Schurch2020,CLR_DII,2,0,1.0,112,28,1,HLA-DR,0.0,False
CRC-Schurch2020,CLR_DII,2,0,1.0,112,28,1,HOECHST1,-0.6099276696073017,True
CRC-Schurch2020,CLR_DII,2,0,1.0,112,28,1,ICOS,0.0,False
CRC-Schurch2020,CLR_DII,2,0,1.0,112,28,1,IDO-1,0.0,False
CRC-Schurch2020,CLR_DII,2,0,1.0,112,28,1,Ki67,0.0,False
CRC-Schurch2020,CLR_DII,2,0,1.0,112,28,1,LAG-3,-0.4527781966674212,True
CRC-Schurch2020,CLR_DII,2,0,1.0,112,28,1,MMP12,0.0,False
CRC-Schurch2020,CLR_DII,2,0,1.0,112,28,1,MMP9,0.0,False
CRC-Schurch2020,CLR_DII,2,0,1.0,112,28,1,MUC-1,0.4122995711211131,True
CRC-Schurch2020,CLR_DII,2,0,1.0,112,28,1,Na-K-ATPase,0.0,False
CRC-Schurch2020,CLR_DII,2,0,1.0,112,28,1,PD-1,0.5911226844103697,True
CRC-Schurch2020,CLR_DII,2,0,1.0,112,28,1,PD-L1,-0.0014762395711379354,True
CRC-Schurch2020,CLR_DII,2,0,1.0,112,28,1,Podoplanin,-0.6114977416235546,True
CRC-Schurch2020,CLR_DII,2,0,1.0,112,28,1,Synaptophysin,0.008927899618612251,True
CRC-Schurch2020,CLR_DII,2,0,1.0,112,28,1,T-bet,0.0,False
CRC-Schurch2020,CLR_DII,2,0,1.0,112,28,1,VISTA,-0.09594327079792667,True
CRC-Schurch2020,CLR_DII,2,0,1.0,112,28,1,Vimentin,0.5836092765455283,True
CRC-Schurch2020,CLR_DII,2,0,1.0,112,28,1,aSMA,0.6292654142779021,True
CRC-Schurch2020,CLR_DII,2,0,1.0,112,28,1,beta-catenin,0.0,False
CRC-Schurch2020,CLR_DII,2,0,1.0,112,28,1,p53,0.0,False
CRC-Schurch2020,CLR_DII,2,1,1.0,112,28,1,BCL-2,0.45325023251646346,True
CRC-Schurch2020,CLR_DII,2,1,1.0,112,28,1,CD11b,0.0,False
CRC-Schurch2020,CLR_DII,2,1,1.0,112,28,1,CD11c,0.40813685492804336,True
CRC-Schurch2020,CLR_DII,2,1,1.0,112,28,1,CD138,-0.028216287626660782,True
CRC-Schurch2020,CLR_DII,2,1,1.0,112,28,1,CD15,0.0,False
CRC-Schurch2020,CLR_DII,2,1,1.0,112,28,1,CD163,0.0,False
CRC-Schurch2020,CLR_DII,2,1,1.0,112,28,1,CD194,0.49243471897935587,True
CRC-Schurch2020,CLR_DII,2,1,1.0,112,28,1,CD2,0.0,False
CRC-Schurch2020,CLR_DII,2,1,1.0,112,28,1,CD20,0.5658051869368966,True
CRC-Schurch2020,CLR_DII,2,1,1.0,112,28,1,CD21,0.0,False
CRC-Schurch2020,CLR_DII,2,1,1.0,112,28,1,CD25,-0.4934562660618511,True
CRC-Schurch2020,CLR_DII,2,1,1.0,112,28,1,CD3,0.0,False
CRC-Schurch2020,CLR_DII,2,1,1.0,112,28,1,CD30,0.0,False
CRC-Schurch2020,CLR_DII,2,1,1.0,112,28,1,CD31,0.09898099859320446,True
CRC-Schurch2020,CLR_DII,2,1,1.0,112,28,1,CD34,0.15733455385890535,True
CRC-Schurch2020,CLR_DII,2,1,1.0,112,28,1,CD38,0.0,False
CRC-Schurch2020,CLR_DII,2,1,1.0,112,28,1,CD4,0.0,False
CRC-Schurch2020,CLR_DII,2,1,1.0,112,28,1,CD44,0.22975075939555642,True
CRC-Schurch2020,CLR_DII,2,1,1.0,112,28,1,CD45,-0.614796826327135,True
CRC-Schurch2020,CLR_DII,2,1,1.0,112,28,1,CD45RA,0.03427193151283217,True
CRC-Schurch2020,CLR_DII,2,1,1.0,112,28,1,CD45RO,0.0,False
CRC-Schurch2020,CLR_DII,2,1,1.0,112,28,1,CD5,0.0,False
CRC-Schurch2020,CLR_DII,2,1,1.0,112,28,1,CD56,-0.539547196608808,True
CRC-Schurch2020,CLR_DII,2,1,1.0,112,28,1,CD57,0.0,False
CRC-Schurch2020,CLR_DII,2,1,1.0,112,28,1,CD68,-1.7885210881200786,True
CRC-Schurch2020,CLR_DII,2,1,1.0,112,28,1,CD7,0.0,False
CRC-Schurch2020,CLR_DII,2,1,1.0,112,28,1,CD71,0.0,False
CRC-Schurch2020,CLR_DII,2,1,1.0,112,28,1,CD8,-0.929749330786825,True
CRC-Schurch2020,CLR_DII,2,1,1.0,112,28,1,CDX2,0.7005371466110926,True
CRC-Schurch2020,CLR_DII,2,1,1.0,112,28,1,Chromogranin A,0.0,False
CRC-Schurch2020,CLR_DII,2,1,1.0,112,28,1,Collagen IV,-1.0544771952491263,True
CRC-Schurch2020,CLR_DII,2,1,1.0,112,28,1,Cytokeratin,-0.01780318012549789,True
CRC-Schurch2020,CLR_DII,2,1,1.0,112,28,1,DRAQ5,0.5168572061370138,True
CRC-Schurch2020,CLR_DII,2,1,1.0,112,28,1,EGFR,0.0,False
CRC-Schurch2020,CLR_DII,2,1,1.0,112,28,1,FOXP3,-0.06748324307841305,True
CRC-Schurch2020,CLR_DII,2,1,1.0,112,28,1,GATA3,-0.7431123622830114,True
CRC-Schurch2020,CLR_DII,2,1,1.0,112,28,1,GFAP,0.23072038640055076,True
CRC-Schurch2020,CLR_DII,2,1,1.0,112,28,1,Granzyme B,0.015495080382434134,True
CRC-Schurch2020,CLR_DII,2,1,1.0,112,28,1,HLA-DR,0.0,False
CRC-Schurch2020,CLR_DII,2,1,1.0,112,28,1,HOECHST1,-0.22698402143228183,True
CRC-Schurch2020,CLR_DII,2,1,1.0,112,28,1,ICOS,0.0,False
CRC-Schurch2020,CLR_DII,2,1,1.0,112,28,1,IDO-1,0.0,False
CRC-Schurch2020,CLR_DII,2,1,1.0,112,28,1,Ki67,0.0,False
CRC-Schurch2020,CLR_DII,2,1,1.0,112,28,1,LAG-3,-0.9182749337689992,True
CRC-Schurch2020,CLR_DII,2,1,1.0,112,28,1,MMP12,0.09231146966001699,True
CRC-Schurch2020,CLR_DII,2,1,1.0,112,28,1,MMP9,0.0,False
CRC-Schurch2020,CLR_DII,2,1,1.0,112,28,1,MUC-1,0.4283713999362714,True
CRC-Schurch2020,CLR_DII,2,1,1.0,112,28,1,Na-K-ATPase,-0.6365415055203634,True
CRC-Schurch2020,CLR_DII,2,1,1.0,112,28,1,PD-1,0.0,False
CRC-Schurch2020,CLR_DII,2,1,1.0,112,28,1,PD-L1,-0.4409306893719397,True
CRC-Schurch2020,CLR_DII,2,1,1.0,112,28,1,Podoplanin,-0.16206571189709498,True
CRC-Schurch2020,CLR_DII,2,1,1.0,112,28,1,Synaptophysin,-0.12397317518547511,True
CRC-Schurch2020,CLR_DII,2,1,1.0,112,28,1,T-bet,0.0,False
CRC-Schurch2020,CLR_DII,2,1,1.0,112,28,1,VISTA,0.0,False
CRC-Schurch2020,CLR_DII,2,1,1.0,112,28,1,Vimentin,1.1520512270291183,True
CRC-Schurch2020,CLR_DII,2,1,1.0,112,28,1,aSMA,0.0,False
CRC-Schurch2020,CLR_DII,2,1,1.0,112,28,1,beta-catenin,0.0,False
CRC-Schurch2020,CLR_DII,2,1,1.0,112,28,1,p53,0.6470841101956094,True
CRC-Schurch2020,CLR_DII,2,2,1.0,112,28,1,BCL-2,0.32494843268378526,True
CRC-Schurch2020,CLR_DII,2,2,1.0,112,28,1,CD11b,0.0,False
CRC-Schurch2020,CLR_DII,2,2,1.0,112,28,1,CD11c,0.2239500416499507,True
CRC-Schurch2020,CLR_DII,2,2,1.0,112,28,1,CD138,-0.3387472331100206,True
CRC-Schurch2020,CLR_DII,2,2,1.0,112,28,1,CD15,0.0980159081569535,True
CRC-Schurch2020,CLR_DII,2,2,1.0,112,28,1,CD163,-0.44992940768887,True
CRC-Schurch2020,CLR_DII,2,2,1.0,112,28,1,CD194,0.44390092635704426,True
CRC-Schurch2020,CLR_DII,2,2,1.0,112,28,1,CD2,-0.37340284882576724,True
CRC-Schurch2020,CLR_DII,2,2,1.0,112,28,1,CD20,0.24597754944809433,True
CRC-Schurch2020,CLR_DII,2,2,1.0,112,28,1,CD21,-0.6622785224348846,True
CRC-Schurch2020,CLR_DII,2,2,1.0,112,28,1,CD25,0.13120082527924926,True
CRC-Schurch2020,CLR_DII,2,2,1.0,112,28,1,CD3,0.0,False
CRC-Schurch2020,CLR_DII,2,2,1.0,112,28,1,CD30,0.0,False
CRC-Schurch2020,CLR_DII,2,2,1.0,112,28,1,CD31,0.11298053503003322,True
CRC-Schurch2020,CLR_DII,2,2,1.0,112,28,1,CD34,0.41978281174259385,True
CRC-Schurch2020,CLR_DII,2,2,1.0,112,28,1,CD38,-0.9788580901133693,True
CRC-Schurch2020,CLR_DII,2,2,1.0,112,28,1,CD4,0.0,False
CRC-Schurch2020,CLR_DII,2,2,1.0,112,28,1,CD44,0.10391558222507029,True
CRC-Schurch2020,CLR_DII,2,2,1.0,112,28,1,CD45,0.0,False
CRC-Schurch2020,CLR_DII,2,2,1.0,112,28,1,CD45RA,0.0,False
CRC-Schurch2020,CLR_DII,2,2,1.0,112,28,1,CD45RO,0.0,False
CRC-Schurch2020,CLR_DII,2,2,1.0,112,28,1,CD5,0.0,False
CRC-Schurch2020,CLR_DII,2,2,1.0,112,28,1,CD56,0.0,False
CRC-Schurch2020,CLR_DII,2,2,1.0,112,28,1,CD57,0.0802633776799305,True
CRC-Schurch2020,CLR_DII,2,2,1.0,112,28,1,CD68,-0.7590845289695731,True
CRC-Schurch2020,CLR_DII,2,2,1.0,112,28,1,CD7,0.0,False
CRC-Schurch2020,CLR_DII,2,2,1.0,112,28,1,CD71,-0.14730451255120608,True
CRC-Schurch2020,CLR_DII,2,2,1.0,112,28,1,CD8,-0.2782479388162034,True
CRC-Schurch2020,CLR_DII,2,2,1.0,112,28,1,CDX2,1.2976834977434528,True
CRC-Schurch2020,CLR_DII,2,2,1.0,112,28,1,Chromogranin A,0.0,False
CRC-Schurch2020,CLR_DII,2,2,1.0,112,28,1,Collagen IV,-1.4181791943617859,True
CRC-Schurch2020,CLR_DII,2,2,1.0,112,28,1,Cytokeratin,-0.05368931958168798,True
CRC-Schurch2020,CLR_DII,2,2,1.0,112,28,1,DRAQ5,0.1315715965583162,True
CRC-Schurch2020,CLR_DII,2,2,1.0,112,28,1,EGFR,0.0,False
CRC-Schurch2020,CLR_DII,2,2,1.0,112,28,1,FOXP3,-0.04880752951424485,True
CRC-Schurch2020,CLR_DII,2,2,1.0,112,28,1,GATA3,-0.23905709431382738,True
CRC-Schurch2020,CLR_DII,2,2,1.0,112,28,1,GFAP,0.08650300738114067,True
CRC-Schurch2020,CLR_DII,2,2,1.0,112,28,1,Granzyme B,0.3720391497364149,True
CRC-Schurch2020,CLR_DII,2,2,1.0,112,28,1,HLA-DR,0.0,False
CRC-Schurch2020,CLR_DII,2,2,1.0,112,28,1,HOECHST1,-1.015204287254429,True
CRC-Schurch2020,CLR_DII,2,2,1.0,112,28,1,ICOS,0.0,False
CRC-Schurch2020,CLR_DII,2,2,1.0,112,28,1,IDO-1,0.0,False
CRC-Schurch2020,CLR_DII,2,2,1.0,112,28,1,Ki67,-0.08768468133027169,True
CRC-Schurch2020,CLR_DII,2,2,1.0,112,28,1,LAG-3,0.0,False
CRC-Schurch2020,CLR_DII,2,2,1.0,112,28,1,MMP12,-0.17316757418460269,True
CRC-Schurch2020,CLR_DII,2,2,1.0,112,28,1,MMP9,0.0,False
CRC-Schurch2020,CLR_DII,2,2,1.0,112,28,1,MUC-1,0.0,False
CRC-Schurch2020,CLR_DII,2,2,1.0,112,28,1,Na-K-ATPase,-0.6904508192591762,True
CRC-Schurch2020,CLR_DII,2,2,1.0,112,28,1,PD-1,0.0,False
CRC-Schurch2020,CLR_DII,2,2,1.0,112,28,1,PD-L1,-0.12904255374329554,True
CRC-Schurch2020,CLR_DII,2,2,1.0,112,28,1,Podoplanin,-0.4170785809429987,True
CRC-Schurch2020,CLR_DII,2,2,1.0,112,28,1,Synaptophysin,0.0,False
CRC-Schurch2020,CLR_DII,2,2,1.0,112,28,1,T-bet,0.0,False
CRC-Schurch2020,CLR_DII,2,2,1.0,112,28,1,VISTA,0.0,False
CRC-Schurch2020,CLR_DII,2,2,1.0,112,28,1,Vimentin,0.0,False
CRC-Schurch2020,CLR_DII,2,2,1.0,112,28,1,aSMA,0.0,False
CRC-Schurch2020,CLR_DII,2,2,1.0,112,28,1,beta-catenin,0.0,False
CRC-Schurch2020,CLR_DII,2,2,1.0,112,28,1,p53,0.2825469397072148,True
CRC-Schurch2020,CLR_DII,2,3,1.0,112,28,1,BCL-2,0.20789521466963795,True
CRC-Schurch2020,CLR_DII,2,3,1.0,112,28,1,CD11b,0.0,False
CRC-Schurch2020,CLR_DII,2,3,1.0,112,28,1,CD11c,0.0,False
CRC-Schurch2020,CLR_DII,2,3,1.0,112,28,1,CD138,-0.5188039000845872,True
CRC-Schurch2020,CLR_DII,2,3,1.0,112,28,1,CD15,0.5425253531745192,True
CRC-Schurch2020,CLR_DII,2,3,1.0,112,28,1,CD163,0.15927027825267068,True
CRC-Schurch2020,CLR_DII,2,3,1.0,112,28,1,CD194,0.0,False
CRC-Schurch2020,CLR_DII,2,3,1.0,112,28,1,CD2,-0.42133753709756905,True
CRC-Schurch2020,CLR_DII,2,3,1.0,112,28,1,CD20,0.5719525676337536,True
CRC-Schurch2020,CLR_DII,2,3,1.0,112,28,1,CD21,-0.4723624737070631,True
CRC-Schurch2020,CLR_DII,2,3,1.0,112,28,1,CD25,-0.3853312310354677,True
CRC-Schurch2020,CLR_DII,2,3,1.0,112,28,1,CD3,0.0,False
CRC-Schurch2020,CLR_DII,2,3,1.0,112,28,1,CD30,0.2657019419445051,True
CRC-Schurch2020,CLR_DII,2,3,1.0,112,28,1,CD31,0.49015194312130844,True
CRC-Schurch2020,CLR_DII,2,3,1.0,112,28,1,CD34,0.2545971333695346,True
CRC-Schurch2020,CLR_DII,2,3,1.0,112,28,1,CD38,0.0,False
CRC-Schurch2020,CLR_DII,2,3,1.0,112,28,1,CD4,0.0,False
CRC-Schurch2020,CLR_DII,2,3,1.0,112,28,1,CD44,0.0,False
CRC-Schurch2020,CLR_DII,2,3,1.0,112,28,1,CD45,0.0,False
CRC-Schurch2020,CLR_DII,2,3,1.0,112,28,1,CD45RA,0.0,False
CRC-Schurch2020,CLR_DII,2,3,1.0,112,28,1,CD45RO,0.0,False
CRC-Schurch2020,CLR_DII,2,3,1.0,112,28,1,CD5,0.0,False
CRC-Schurch2020,CLR_DII,2,3,1.0,112,28,1,CD56,0.0,False
CRC-Schurch2020,CLR_DII,2,3,1.0,112,28,1,CD57,0.0,False
CRC-Schurch2020,CLR_DII,2,3,1.0,112,28,1,CD68,-1.8571330890879583,True
CRC-Schurch2020,CLR_DII,2,3,1.0,112,28,1,CD7,0.0,False
CRC-Schurch2020,CLR_DII,2,3,1.0,112,28,1,CD71,-0.9182023045563227,True
CRC-Schurch2020,CLR_DII,2,3,1.0,112,28,1,CD8,-0.38872112278427084,True
CRC-Schurch2020,CLR_DII,2,3,1.0,112,28,1,CDX2,1.7853052960296245,True
CRC-Schurch2020,CLR_DII,2,3,1.0,112,28,1,Chromogranin A,0.0,False
CRC-Schurch2020,CLR_DII,2,3,1.0,112,28,1,Collagen IV,-1.4406507379595175,True
CRC-Schurch2020,CLR_DII,2,3,1.0,112,28,1,Cytokeratin,-0.14577430586049037,True
CRC-Schurch2020,CLR_DII,2,3,1.0,112,28,1,DRAQ5,0.036849973641422,True
CRC-Schurch2020,CLR_DII,2,3,1.0,112,28,1,EGFR,-0.046424952406896494,True
CRC-Schurch2020,CLR_DII,2,3,1.0,112,28,1,FOXP3,0.0,False
CRC-Schurch2020,CLR_DII,2,3,1.0,112,28,1,GATA3,0.0,False
CRC-Schurch2020,CLR_DII,2,3,1.0,112,28,1,GFAP,0.5451136761349378,True
CRC-Schurch2020,CLR_DII,2,3,1.0,112,28,1,Granzyme B,0.0,False
CRC-Schurch2020,CLR_DII,2,3,1.0,112,28,1,HLA-DR,0.0,False
CRC-Schurch2020,CLR_DII,2,3,1.0,112,28,1,HOECHST1,0.0,False
CRC-Schurch2020,CLR_DII,2,3,1.0,112,28,1,ICOS,0.0,False
CRC-Schurch2020,CLR_DII,2,3,1.0,112,28,1,IDO-1,0.6152356038630457,True
CRC-Schurch2020,CLR_DII,2,3,1.0,112,28,1,Ki67,-0.6679969884936249,True
CRC-Schurch2020,CLR_DII,2,3,1.0,112,28,1,LAG-3,0.0,False
CRC-Schurch2020,CLR_DII,2,3,1.0,112,28,1,MMP12,-0.19809348373495686,True
CRC-Schurch2020,CLR_DII,2,3,1.0,112,28,1,MMP9,0.0,False
CRC-Schurch2020,CLR_DII,2,3,1.0,112,28,1,MUC-1,0.8070540846933352,True
CRC-Schurch2020,CLR_DII,2,3,1.0,112,28,1,Na-K-ATPase,0.0,False
CRC-Schurch2020,CLR_DII,2,3,1.0,112,28,1,PD-1,0.0,False
CRC-Schurch2020,CLR_DII,2,3,1.0,112,28,1,PD-L1,-0.037625704906662345,True
CRC-Schurch2020,CLR_DII,2,3,1.0,112,28,1,Podoplanin,0.0,False
CRC-Schurch2020,CLR_DII,2,3,1.0,112,28,1,Synaptophysin,0.0,False
CRC-Schurch2020,CLR_DII,2,3,1.0,112,28,1,T-bet,0.0,False
CRC-Schurch2020,CLR_DII,2,3,1.0,112,28,1,VISTA,0.0,False
CRC-Schurch2020,CLR_DII,2,3,1.0,112,28,1,Vimentin,0.04776412182839633,True
CRC-Schurch2020,CLR_DII,2,3,1.0,112,28,1,aSMA,0.29669297919336873,True
CRC-Schurch2020,CLR_DII,2,3,1.0,112,28,1,beta-catenin,0.0,False
CRC-Schurch2020,CLR_DII,2,3,1.0,112,28,1,p53,0.12316743854338073,True
CRC-Schurch2020,CLR_DII,2,4,1.0,112,28,1,BCL-2,0.05254067259845223,True
CRC-Schurch2020,CLR_DII,2,4,1.0,112,28,1,CD11b,0.0,False
CRC-Schurch2020,CLR_DII,2,4,1.0,112,28,1,CD11c,0.6937685898749915,True
CRC-Schurch2020,CLR_DII,2,4,1.0,112,28,1,CD138,0.030777734821982247,True
CRC-Schurch2020,CLR_DII,2,4,1.0,112,28,1,CD15,0.0,False
CRC-Schurch2020,CLR_DII,2,4,1.0,112,28,1,CD163,-0.06672100771894272,True
CRC-Schurch2020,CLR_DII,2,4,1.0,112,28,1,CD194,-0.04060561151261809,True
CRC-Schurch2020,CLR_DII,2,4,1.0,112,28,1,CD2,0.0,False
CRC-Schurch2020,CLR_DII,2,4,1.0,112,28,1,CD20,0.4374269018630826,True
CRC-Schurch2020,CLR_DII,2,4,1.0,112,28,1,CD21,-0.4834178922475623,True
CRC-Schurch2020,CLR_DII,2,4,1.0,112,28,1,CD25,0.0,False
CRC-Schurch2020,CLR_DII,2,4,1.0,112,28,1,CD3,0.0,False
CRC-Schurch2020,CLR_DII,2,4,1.0,112,28,1,CD30,0.0,False
CRC-Schurch2020,CLR_DII,2,4,1.0,112,28,1,CD31,0.0,False
CRC-Schurch2020,CLR_DII,2,4,1.0,112,28,1,CD34,0.594064061346084,True
CRC-Schurch2020,CLR_DII,2,4,1.0,112,28,1,CD38,0.0,False
CRC-Schurch2020,CLR_DII,2,4,1.0,112,28,1,CD4,0.0,False
CRC-Schurch2020,CLR_DII,2,4,1.0,112,28,1,CD44,0.0,False
CRC-Schurch2020,CLR_DII,2,4,1.0,112,28,1,CD45,0.0,False
CRC-Schurch2020,CLR_DII,2,4,1.0,112,28,1,CD45RA,0.0,False
CRC-Schurch2020,CLR_DII,2,4,1.0,112,28,1,CD45RO,0.0,False
CRC-Schurch2020,CLR_DII,2,4,1.0,112,28,1,CD5,0.0,False
CRC-Schurch2020,CLR_DII,2,4,1.0,112,28,1,CD56,-0.7691864150330904,True
CRC-Schurch2020,CLR_DII,2,4,1.0,112,28,1,CD57,0.0,False
CRC-Schurch2020,CLR_DII,2,4,1.0,112,28,1,CD68,-1.0654751015667552,True
CRC-Schurch2020,CLR_DII,2,4,1.0,112,28,1,CD7,0.0,False
CRC-Schurch2020,CLR_DII,2,4,1.0,112,28,1,CD71,-0.20003144879839954,True
CRC-Schurch2020,CLR_DII,2,4,1.0,112,28,1,CD8,-0.8148772461886967,True
CRC-Schurch2020,CLR_DII,2,4,1.0,112,28,1,CDX2,0.8921339042781907,True
CRC-Schurch2020,CLR_DII,2,4,1.0,112,28,1,Chromogranin A,0.0,False
CRC-Schurch2020,CLR_DII,2,4,1.0,112,28,1,Collagen IV,-1.8930370601710402,True
CRC-Schurch2020,CLR_DII,2,4,1.0,112,28,1,Cytokeratin,0.21002592729926983,True
CRC-Schurch2020,CLR_DII,2,4,1.0,112,28,1,DRAQ5,0.6080265229002985,True
CRC-Schurch2020,CLR_DII,2,4,1.0,112,28,1,EGFR,-0.30868101035959045,True
CRC-Schurch2020,CLR_DII,2,4,1.0,112,28,1,FOXP3,-0.41216102535695553,True
CRC-Schurch2020,CLR_DII,2,4,1.0,112,28,1,GATA3,-0.015355802294885755,True
CRC-Schurch2020,CLR_DII,2,4,1.0,112,28,1,GFAP,0.1725255415184607,True
CRC-Schurch2020,CLR_DII,2,4,1.0,112,28,1,Granzyme B,0.0,False
CRC-Schurch2020,CLR_DII,2,4,1.0,112,28,1,HLA-DR,-0.04342565031317777,True
CRC-Schurch2020,CLR_DII,2,4,1.0,112,28,1,HOECHST1,-0.757914601263896,True
CRC-Schurch2020,CLR_DII,2,4,1.0,112,28,1,ICOS,0.0,False
CRC-Schurch2020,CLR_DII,2,4,1.0,112,28,1,IDO-1,0.10000313299775676,True
CRC-Schurch2020,CLR_DII,2,4,1.0,112,28,1,Ki67,-0.3612836989301292,True
CRC-Schurch2020,CLR_DII,2,4,1.0,112,28,1,LAG-3,-0.36837786258664706,True
CRC-Schurch2020,CLR_DII,2,4,1.0,112,28,1,MMP12,-0.14336300516314854,True
CRC-Schurch2020,CLR_DII,2,4,1.0,112,28,1,MMP9,0.0,False
CRC-Schurch2020,CLR_DII,2,4,1.0,112,28,1,MUC-1,0.596159376686725,True
CRC-Schurch2020,CLR_DII,2,4,1.0,112,28,1,Na-K-ATPase,0.0,False
CRC-Schurch2020,CLR_DII,2,4,1.0,112,28,1,PD-1,0.6708099816016585,True
CRC-Schurch2020,CLR_DII,2,4,1.0,112,28,1,PD-L1,0.0,False
CRC-Schurch2020,CLR_DII,2,4,1.0,112,28,1,Podoplanin,-0.7455977178197082,True
CRC-Schurch2020,CLR_DII,2,4,1.0,112,28,1,Synaptophysin,-0.15738253338441982,True
CRC-Schurch2020,CLR_DII,2,4,1.0,112,28,1,T-bet,0.0,False
CRC-Schurch2020,CLR_DII,2,4,1.0,112,28,1,VISTA,0.0,False
CRC-Schurch2020,CLR_DII,2,4,1.0,112,28,1,Vimentin,0.7166161903727606,True
CRC-Schurch2020,CLR_DII,2,4,1.0,112,28,1,aSMA,0.6452933510067109,True
CRC-Schurch2020,CLR_DII,2,4,1.0,112,28,1,beta-catenin,0.0,False
CRC-Schurch2020,CLR_DII,2,4,1.0,112,28,1,p53,0.6013348207332713,True
CRC-Wu2022,primary_outcome,0,0,1.0,156,40,1,CD107a,0.14163731021382425,True
CRC-Wu2022,primary_outcome,0,0,1.0,156,40,1,CD117,-0.2759535098998429,True
CRC-Wu2022,primary_outcome,0,0,1.0,156,40,1,CD11b,0.0,False
CRC-Wu2022,primary_outcome,0,0,1.0,156,40,1,CD11c,0.30164111905222346,True
CRC-Wu2022,primary_outcome,0,0,1.0,156,40,1,CD134,0.0,False
CRC-Wu2022,primary_outcome,0,0,1.0,156,40,1,CD14,-0.5048372660339433,True
CRC-Wu2022,primary_outcome,0,0,1.0,156,40,1,CD15,0.645695064648595,True
CRC-Wu2022,primary_outcome,0,0,1.0,156,40,1,CD163,0.11182950368691938,True
CRC-Wu2022,primary_outcome,0,0,1.0,156,40,1,CD20,0.5996985120818086,True
CRC-Wu2022,primary_outcome,0,0,1.0,156,40,1,CD21,0.2598010412948681,True
CRC-Wu2022,primary_outcome,0,0,1.0,156,40,1,CD31,-0.44288435857706715,True
CRC-Wu2022,primary_outcome,0,0,1.0,156,40,1,CD38,-0.20911904418890861,True
CRC-Wu2022,primary_outcome,0,0,1.0,156,40,1,CD3e,0.0,False
CRC-Wu2022,primary_outcome,0,0,1.0,156,40,1,CD4,-0.21904241812323794,True
CRC-Wu2022,primary_outcome,0,0,1.0,156,40,1,CD45,0.0,False
CRC-Wu2022,primary_outcome,0,0,1.0,156,40,1,CD45RA,0.43639055947574884,True
CRC-Wu2022,primary_outcome,0,0,1.0,156,40,1,CD45RO,-1.128374042163774,True
CRC-Wu2022,primary_outcome,0,0,1.0,156,40,1,CD49f,1.3094243735638222,True
CRC-Wu2022,primary_outcome,0,0,1.0,156,40,1,CD68,0.5731856205117167,True
CRC-Wu2022,primary_outcome,0,0,1.0,156,40,1,CD8,0.0,False
CRC-Wu2022,primary_outcome,0,0,1.0,156,40,1,CollagenIV,0.0,False
CRC-Wu2022,primary_outcome,0,0,1.0,156,40,1,DAPI,-0.40598297669246713,True
CRC-Wu2022,primary_outcome,0,0,1.0,156,40,1,FoxP3,0.0,False
CRC-Wu2022,primary_outcome,0,0,1.0,156,40,1,Gal3,0.07854489760485861,True
CRC-Wu2022,primary_outcome,0,0,1.0,156,40,1,GranzymeB,-0.0791999977646006,True
CRC-Wu2022,primary_outcome,0,0,1.0,156,40,1,HLA-DR,0.45210112982242595,True
CRC-Wu2022,primary_outcome,0,0,1.0,156,40,1,ICOS,-0.8063394020209762,True
CRC-Wu2022,primary_outcome,0,0,1.0,156,40,1,Ki67,-0.3929676194700877,True
CRC-Wu2022,primary_outcome,0,0,1.0,156,40,1,PD1,0.038683478454893054,True
CRC-Wu2022,primary_outcome,0,0,1.0,156,40,1,PDL1,0.24239226335937886,True
CRC-Wu2022,primary_outcome,0,0,1.0,156,40,1,PGP9.5,0.0,False
CRC-Wu2022,primary_outcome,0,0,1.0,156,40,1,PanCK,-0.11262066294709747,True
CRC-Wu2022,primary_outcome,0,0,1.0,156,40,1,Podoplanin,0.0,False
CRC-Wu2022,primary_outcome,0,0,1.0,156,40,1,RORgammaT,0.15474004213756523,True
CRC-Wu2022,primary_outcome,0,0,1.0,156,40,1,S100A4,0.0,False
CRC-Wu2022,primary_outcome,0,0,1.0,156,40,1,Siglec8,-0.2850400530722188,True
CRC-Wu2022,primary_outcome,0,0,1.0,156,40,1,TFAM,-0.3076894941015182,True
CRC-Wu2022,primary_outcome,0,0,1.0,156,40,1,TIM3,0.0,False
CRC-Wu2022,primary_outcome,0,0,1.0,156,40,1,Vimentin,-0.19159628596352743,True
CRC-Wu2022,primary_outcome,0,0,1.0,156,40,1,aSMA,0.39745970998662894,True
CRC-Wu2022,primary_outcome,0,1,1.0,153,43,1,CD107a,-0.11215797784916652,True
CRC-Wu2022,primary_outcome,0,1,1.0,153,43,1,CD117,0.27041162783375017,True
CRC-Wu2022,primary_outcome,0,1,1.0,153,43,1,CD11b,-0.09269454096906551,True
CRC-Wu2022,primary_outcome,0,1,1.0,153,43,1,CD11c,0.4293474741205572,True
CRC-Wu2022,primary_outcome,0,1,1.0,153,43,1,CD134,0.0,False
CRC-Wu2022,primary_outcome,0,1,1.0,153,43,1,CD14,-0.39558418185656874,True
CRC-Wu2022,primary_outcome,0,1,1.0,153,43,1,CD15,0.6027388152084898,True
CRC-Wu2022,primary_outcome,0,1,1.0,153,43,1,CD163,0.5375222762937287,True
CRC-Wu2022,primary_outcome,0,1,1.0,153,43,1,CD20,0.2530165999602769,True
CRC-Wu2022,primary_outcome,0,1,1.0,153,43,1,CD21,0.08921981384518522,True
CRC-Wu2022,primary_outcome,0,1,1.0,153,43,1,CD31,0.0,False
CRC-Wu2022,primary_outcome,0,1,1.0,153,43,1,CD38,-0.3080404629488756,True
CRC-Wu2022,primary_outcome,0,1,1.0,153,43,1,CD3e,0.021676279945978212,True
CRC-Wu2022,primary_outcome,0,1,1.0,153,43,1,CD4,-0.22964606874992613,True
CRC-Wu2022,primary_outcome,0,1,1.0,153,43,1,CD45,-0.7776921606645615,True
CRC-Wu2022,primary_outcome,0,1,1.0,153,43,1,CD45RA,0.030349092373384172,True
CRC-Wu2022,primary_outcome,0,1,1.0,153,43,1,CD45RO,-0.23582960309587994,True
CRC-Wu2022,primary_outcome,0,1,1.0,153,43,1,CD49f,0.538649488774507,True
CRC-Wu2022,primary_outcome,0,1,1.0,153,43,1,CD68,0.4819958618270361,True
CRC-Wu2022,primary_outcome,0,1,1.0,153,43,1,CD8,0.019881071261463337,True
CRC-Wu2022,primary_outcome,0,1,1.0,153,43,1,CollagenIV,0.0,False
CRC-Wu2022,primary_outcome,0,1,1.0,153,43,1,DAPI,0.006581191109860741,True
CRC-Wu2022,primary_outcome,0,1,1.0,153,43,1,FoxP3,0.0,False
CRC-Wu2022,primary_outcome,0,1,1.0,153,43,1,Gal3,0.12156961322817572,True
CRC-Wu2022,primary_outcome,0,1,1.0,153,43,1,GranzymeB,0.014690667133336978,True
CRC-Wu2022,primary_outcome,0,1,1.0,153,43,1,HLA-DR,0.0,False
CRC-Wu2022,primary_outcome,0,1,1.0,153,43,1,ICOS,0.0,False
CRC-Wu2022,primary_outcome,0,1,1.0,153,43,1,Ki67,0.0,False
CRC-Wu2022,primary_outcome,0,1,1.0,153,43,1,PD1,-0.032719883759898066,True
CRC-Wu2022,primary_outcome,0,1,1.0,153,43,1,PDL1,-0.3044498499628179,True
CRC-Wu2022,primary_outcome,0,1,1.0,153,43,1,PGP9.5,0.0,False
CRC-Wu2022,primary_outcome,0,1,1.0,153,43,1,PanCK,0.2838916031976207,True
CRC-Wu2022,primary_outcome,0,1,1.0,153,43,1,Podoplanin,-0.2236966363281006,True
CRC-Wu2022,primary_outcome,0,1,1.0,153,43,1,RORgammaT,0.5144329936543564,True
CRC-Wu2022,primary_outcome,0,1,1.0,153,43,1,S100A4,0.05958128578086768,True
CRC-Wu2022,primary_outcome,0,1,1.0,153,43,1,Siglec8,-1.1025530602985378,True
CRC-Wu2022,primary_outcome,0,1,1.0,153,43,1,TFAM,-0.7050471817664447,True
CRC-Wu2022,primary_outcome,0,1,1.0,153,43,1,TIM3,0.0,False
CRC-Wu2022,primary_outcome,0,1,1.0,153,43,1,Vimentin,-0.4841558394627224,True
CRC-Wu2022,primary_outcome,0,1,1.0,153,43,1,aSMA,0.3547714251675729,True
CRC-Wu2022,primary_outcome,0,2,1.0,154,42,1,CD107a,-0.032431333123818656,True
CRC-Wu2022,primary_outcome,0,2,1.0,154,42,1,CD117,-0.46987704176645256,True
CRC-Wu2022,primary_outcome,0,2,1.0,154,42,1,CD11b,-0.37286519762939174,True
CRC-Wu2022,primary_outcome,0,2,1.0,154,42,1,CD11c,0.11973667981055931,True
CRC-Wu2022,primary_outcome,0,2,1.0,154,42,1,CD134,0.0,False
CRC-Wu2022,primary_outcome,0,2,1.0,154,42,1,CD14,-0.30880629974595736,True
CRC-Wu2022,primary_outcome,0,2,1.0,154,42,1,CD15,0.3873834276504892,True
CRC-Wu2022,primary_outcome,0,2,1.0,154,42,1,CD163,0.09773315163338857,True
CRC-Wu2022,primary_outcome,0,2,1.0,154,42,1,CD20,0.1307793369635987,True
CRC-Wu2022,primary_outcome,0,2,1.0,154,42,1,CD21,0.0,False
CRC-Wu2022,primary_outcome,0,2,1.0,154,42,1,CD31,-0.26268812402088143,True
CRC-Wu2022,primary_outcome,0,2,1.0,154,42,1,CD38,-0.053390100003828225,True
CRC-Wu2022,primary_outcome,0,2,1.0,154,42,1,CD3e,0.0,False
CRC-Wu2022,primary_outcome,0,2,1.0,154,42,1,CD4,-0.874360361271721,True
CRC-Wu2022,primary_outcome,0,2,1.0,154,42,1,CD45,0.0,False
CRC-Wu2022,primary_outcome,0,2,1.0,154,42,1,CD45RA,-0.14454506570356498,True
CRC-Wu2022,primary_outcome,0,2,1.0,154,42,1,CD45RO,0.0,False
CRC-Wu2022,primary_outcome,0,2,1.0,154,42,1,CD49f,0.48168451580216975,True
CRC-Wu2022,primary_outcome,0,2,1.0,154,42,1,CD68,1.0453257675155216,True
CRC-Wu2022,primary_outcome,0,2,1.0,154,42,1,CD8,0.0,False
CRC-Wu2022,primary_outcome,0,2,1.0,154,42,1,CollagenIV,-0.055782293892294235,True
CRC-Wu2022,primary_outcome,0,2,1.0,154,42,1,DAPI,-0.10589673837193041,True
CRC-Wu2022,primary_outcome,0,2,1.0,154,42,1,FoxP3,0.8159638451162112,True
CRC-Wu2022,primary_outcome,0,2,1.0,154,42,1,Gal3,0.2010821678534392,True
CRC-Wu2022,primary_outcome,0,2,1.0,154,42,1,GranzymeB,0.0,False
CRC-Wu2022,primary_outcome,0,2,1.0,154,42,1,HLA-DR,0.05940481487601339,True
CRC-Wu2022,primary_outcome,0,2,1.0,154,42,1,ICOS,0.0,False
CRC-Wu2022,primary_outcome,0,2,1.0,154,42,1,Ki67,-0.11735180190474162,True
CRC-Wu2022,primary_outcome,0,2,1.0,154,42,1,PD1,0.2502555133124285,True
CRC-Wu2022,primary_outcome,0,2,1.0,154,42,1,PDL1,0.0,False
CRC-Wu2022,primary_outcome,0,2,1.0,154,42,1,PGP9.5,0.0,False
CRC-Wu2022,primary_outcome,0,2,1.0,154,42,1,PanCK,0.0,False
CRC-Wu2022,primary_outcome,0,2,1.0,154,42,1,Podoplanin,-0.10708193207244164,True
CRC-Wu2022,primary_outcome,0,2,1.0,154,42,1,RORgammaT,-0.2544884825097434,True
CRC-Wu2022,primary_outcome,0,2,1.0,154,42,1,S100A4,0.0,False
CRC-Wu2022,primary_outcome,0,2,1.0,154,42,1,Siglec8,-0.18789336219657346,True
CRC-Wu2022,primary_outcome,0,2,1.0,154,42,1,TFAM,-0.26200229797536956,True
CRC-Wu2022,primary_outcome,0,2,1.0,154,42,1,TIM3,0.0,False
CRC-Wu2022,primary_outcome,0,2,1.0,154,42,1,Vimentin,-0.3462101379645763,True
CRC-Wu2022,primary_outcome,0,2,1.0,154,42,1,aSMA,0.0245640842848232,True
CRC-Wu2022,primary_outcome,0,3,1.0,160,36,1,CD107a,-0.3770131335423018,True
CRC-Wu2022,primary_outcome,0,3,1.0,160,36,1,CD117,0.0,False
CRC-Wu2022,primary_outcome,0,3,1.0,160,36,1,CD11b,-0.21399249772120066,True
CRC-Wu2022,primary_outcome,0,3,1.0,160,36,1,CD11c,0.16672431920017972,True
CRC-Wu2022,primary_outcome,0,3,1.0,160,36,1,CD134,0.0,False
CRC-Wu2022,primary_outcome,0,3,1.0,160,36,1,CD14,0.0,False
CRC-Wu2022,primary_outcome,0,3,1.0,160,36,1,CD15,0.37968420847671436,True
CRC-Wu2022,primary_outcome,0,3,1.0,160,36,1,CD163,0.697262248187229,True
CRC-Wu2022,primary_outcome,0,3,1.0,160,36,1,CD20,0.0,False
CRC-Wu2022,primary_outcome,0,3,1.0,160,36,1,CD21,0.0,False
CRC-Wu2022,primary_outcome,0,3,1.0,160,36,1,CD31,-0.5130865094550361,True
CRC-Wu2022,primary_outcome,0,3,1.0,160,36,1,CD38,-0.334274698404982,True
CRC-Wu2022,primary_outcome,0,3,1.0,160,36,1,CD3e,0.0,False
CRC-Wu2022,primary_outcome,0,3,1.0,160,36,1,CD4,0.0,False
CRC-Wu2022,primary_outcome,0,3,1.0,160,36,1,CD45,-0.276555613018205,True
CRC-Wu2022,primary_outcome,0,3,1.0,160,36,1,CD45RA,0.24692590380411755,True
CRC-Wu2022,primary_outcome,0,3,1.0,160,36,1,CD45RO,-0.6922404794370087,True
CRC-Wu2022,primary_outcome,0,3,1.0,160,36,1,CD49f,0.5804029254178258,True
CRC-Wu2022,primary_outcome,0,3,1.0,160,36,1,CD68,0.16100380726691607,True
CRC-Wu2022,primary_outcome,0,3,1.0,160,36,1,CD8,0.0,False
CRC-Wu2022,primary_outcome,0,3,1.0,160,36,1,CollagenIV,0.013682477856877123,True
CRC-Wu2022,primary_outcome,0,3,1.0,160,36,1,DAPI,-0.33646912588793587,True
CRC-Wu2022,primary_outcome,0,3,1.0,160,36,1,FoxP3,0.6487532322957708,True
CRC-Wu2022,primary_outcome,0,3,1.0,160,36,1,Gal3,0.29789149363899464,True
CRC-Wu2022,primary_outcome,0,3,1.0,160,36,1,GranzymeB,0.0,False
CRC-Wu2022,primary_outcome,0,3,1.0,160,36,1,HLA-DR,0.3534520654186428,True
CRC-Wu2022,primary_outcome,0,3,1.0,160,36,1,ICOS,-0.1466763220639554,True
CRC-Wu2022,primary_outcome,0,3,1.0,160,36,1,Ki67,-0.18782937519606221,True
CRC-Wu2022,primary_outcome,0,3,1.0,160,36,1,PD1,0.46254243163234915,True
CRC-Wu2022,primary_outcome,0,3,1.0,160,36,1,PDL1,0.0,False
CRC-Wu2022,primary_outcome,0,3,1.0,160,36,1,PGP9.5,-0.2697517553707136,True
CRC-Wu2022,primary_outcome,0,3,1.0,160,36,1,PanCK,0.0,False
CRC-Wu2022,primary_outcome,0,3,1.0,160,36,1,Podoplanin,0.17904175146741638,True
CRC-Wu2022,primary_outcome,0,3,1.0,160,36,1,RORgammaT,0.33240537878889953,True
CRC-Wu2022,primary_outcome,0,3,1.0,160,36,1,S100A4,-0.1728274119755655,True
CRC-Wu2022,primary_outcome,0,3,1.0,160,36,1,Siglec8,-0.0910033114747858,True
CRC-Wu2022,primary_outcome,0,3,1.0,160,36,1,TFAM,-0.5427745907937301,True
CRC-Wu2022,primary_outcome,0,3,1.0,160,36,1,TIM3,0.0,False
CRC-Wu2022,primary_outcome,0,3,1.0,160,36,1,Vimentin,-0.20473641883458518,True
CRC-Wu2022,primary_outcome,0,3,1.0,160,36,1,aSMA,0.0023056719040441226,True
CRC-Wu2022,primary_outcome,0,4,1.0,161,35,1,CD107a,0.13976935271690852,True
CRC-Wu2022,primary_outcome,0,4,1.0,161,35,1,CD117,0.4770971823426869,True
CRC-Wu2022,primary_outcome,0,4,1.0,161,35,1,CD11b,-0.07415191604953852,True
CRC-Wu2022,primary_outcome,0,4,1.0,161,35,1,CD11c,-0.1337926979540793,True
CRC-Wu2022,primary_outcome,0,4,1.0,161,35,1,CD134,0.0,False
CRC-Wu2022,primary_outcome,0,4,1.0,161,35,1,CD14,-0.1928230647462229,True
CRC-Wu2022,primary_outcome,0,4,1.0,161,35,1,CD15,0.5608068778305196,True
CRC-Wu2022,primary_outcome,0,4,1.0,161,35,1,CD163,0.8184467523208951,True
CRC-Wu2022,primary_outcome,0,4,1.0,161,35,1,CD20,0.06846954663617869,True
CRC-Wu2022,primary_outcome,0,4,1.0,161,35,1,CD21,0.2044515204517926,True
CRC-Wu2022,primary_outcome,0,4,1.0,161,35,1,CD31,-0.49741497163875326,True
CRC-Wu2022,primary_outcome,0,4,1.0,161,35,1,CD38,-0.8292695561558809,True
CRC-Wu2022,primary_outcome,0,4,1.0,161,35,1,CD3e,0.0,False
CRC-Wu2022,primary_outcome,0,4,1.0,161,35,1,CD4,-0.2801642093172597,True
CRC-Wu2022,primary_outcome,0,4,1.0,161,35,1,CD45,0.0036275964491122976,True
CRC-Wu2022,primary_outcome,0,4,1.0,161,35,1,CD45RA,0.0,False
CRC-Wu2022,primary_outcome,0,4,1.0,161,35,1,CD45RO,-0.8176511983915856,True
CRC-Wu2022,primary_outcome,0,4,1.0,161,35,1,CD49f,0.8566804290626522,True
CRC-Wu2022,primary_outcome,0,4,1.0,161,35,1,CD68,0.3601516105800116,True
CRC-Wu2022,primary_outcome,0,4,1.0,161,35,1,CD8,0.30948748012432176,True
CRC-Wu2022,primary_outcome,0,4,1.0,161,35,1,CollagenIV,0.3590411003583736,True
CRC-Wu2022,primary_outcome,0,4,1.0,161,35,1,DAPI,0.0,False
CRC-Wu2022,primary_outcome,0,4,1.0,161,35,1,FoxP3,0.0,False
CRC-Wu2022,primary_outcome,0,4,1.0,161,35,1,Gal3,0.2892000262230734,True
CRC-Wu2022,primary_outcome,0,4,1.0,161,35,1,GranzymeB,-0.24137934351540308,True
CRC-Wu2022,primary_outcome,0,4,1.0,161,35,1,HLA-DR,0.0,False
CRC-Wu2022,primary_outcome,0,4,1.0,161,35,1,ICOS,-0.4502149277647188,True
CRC-Wu2022,primary_outcome,0,4,1.0,161,35,1,Ki67,-0.23165354584034326,True
CRC-Wu2022,primary_outcome,0,4,1.0,161,35,1,PD1,0.11991407673226619,True
CRC-Wu2022,primary_outcome,0,4,1.0,161,35,1,PDL1,0.0,False
CRC-Wu2022,primary_outcome,0,4,1.0,161,35,1,PGP9.5,0.0,False
CRC-Wu2022,primary_outcome,0,4,1.0,161,35,1,PanCK,0.04446309803074322,True
CRC-Wu2022,primary_outcome,0,4,1.0,161,35,1,Podoplanin,0.05663787793105428,True
CRC-Wu2022,primary_outcome,0,4,1.0,161,35,1,RORgammaT,-0.05679090480234515,True
CRC-Wu2022,primary_outcome,0,4,1.0,161,35,1,S100A4,0.0,False
CRC-Wu2022,primary_outcome,0,4,1.0,161,35,1,Siglec8,-0.31110603022775624,True
CRC-Wu2022,primary_outcome,0,4,1.0,161,35,1,TFAM,-0.3003751888417721,True
CRC-Wu2022,primary_outcome,0,4,1.0,161,35,1,TIM3,0.0,False
CRC-Wu2022,primary_outcome,0,4,1.0,161,35,1,Vimentin,-0.2991898372981848,True
CRC-Wu2022,primary_outcome,0,4,1.0,161,35,1,aSMA,0.0,False
CRC-Wu2022,primary_outcome,1,0,1.0,154,42,1,CD107a,0.0,False
CRC-Wu2022,primary_outcome,1,0,1.0,154,42,1,CD117,0.14295631372809664,True
CRC-Wu2022,primary_outcome,1,0,1.0,154,42,1,CD11b,0.0,False
CRC-Wu2022,primary_outcome,1,0,1.0,154,42,1,CD11c,0.1778452184350049,True
CRC-Wu2022,primary_outcome,1,0,1.0,154,42,1,CD134,0.0,False
CRC-Wu2022,primary_outcome,1,0,1.0,154,42,1,CD14,-0.21853044234038227,True
CRC-Wu2022,primary_outcome,1,0,1.0,154,42,1,CD15,0.562858514582175,True
CRC-Wu2022,primary_outcome,1,0,1.0,154,42,1,CD163,0.24464816193814626,True
CRC-Wu2022,primary_outcome,1,0,1.0,154,42,1,CD20,0.5176568701021054,True
CRC-Wu2022,primary_outcome,1,0,1.0,154,42,1,CD21,0.1990249473494265,True
CRC-Wu2022,primary_outcome,1,0,1.0,154,42,1,CD31,-0.6797782352766689,True
CRC-Wu2022,primary_outcome,1,0,1.0,154,42,1,CD38,-0.08440486361287311,True
CRC-Wu2022,primary_outcome,1,0,1.0,154,42,1,CD3e,-0.11710610960524975,True
CRC-Wu2022,primary_outcome,1,0,1.0,154,42,1,CD4,-0.30881651957723144,True
CRC-Wu2022,primary_outcome,1,0,1.0,154,42,1,CD45,0.0,False
CRC-Wu2022,primary_outcome,1,0,1.0,154,42,1,CD45RA,0.295045719185996,True
CRC-Wu2022,primary_outcome,1,0,1.0,154,42,1,CD45RO,-0.9520897943202652,True
CRC-Wu2022,primary_outcome,1,0,1.0,154,42,1,CD49f,0.48413143398308395,True
CRC-Wu2022,primary_outcome,1,0,1.0,154,42,1,CD68,0.43974792253001405,True
CRC-Wu2022,primary_outcome,1,0,1.0,154,42,1,CD8,0.0,False
CRC-Wu2022,primary_outcome,1,0,1.0,154,42,1,CollagenIV,0.0,False
CRC-Wu2022,primary_outcome,1,0,1.0,154,42,1,DAPI,-0.34690775534071194,True
CRC-Wu2022,primary_outcome,1,0,1.0,154,42,1,FoxP3,0.5118980319857952,True
CRC-Wu2022,primary_outcome,1,0,1.0,154,42,1,Gal3,0.006142921157787468,True
CRC-Wu2022,primary_outcome,1,0,1.0,154,42,1,GranzymeB,-0.01836049022476826,True
CRC-Wu2022,primary_outcome,1,0,1.0,154,42,1,HLA-DR,0.2115340438061795,True
CRC-Wu2022,primary_outcome,1,0,1.0,154,42,1,ICOS,-0.33654446867563137,True
CRC-Wu2022,primary_outcome,1,0,1.0,154,42,1,Ki67,-0.3446462154261017,True
CRC-Wu2022,primary_outcome,1,0,1.0,154,42,1,PD1,0.17681985191709307,True
CRC-Wu2022,primary_outcome,1,0,1.0,154,42,1,PDL1,0.0,False
CRC-Wu2022,primary_outcome,1,0,1.0,154,42,1,PGP9.5,0.0,False
CRC-Wu2022,primary_outcome,1,0,1.0,154,42,1,PanCK,0.0,False
CRC-Wu2022,primary_outcome,1,0,1.0,154,42,1,Podoplanin,0.0,False
CRC-Wu2022,primary_outcome,1,0,1.0,154,42,1,RORgammaT,-0.05127467073615112,True
CRC-Wu2022,primary_outcome,1,0,1.0,154,42,1,S100A4,0.16146824664278958,True
CRC-Wu2022,primary_outcome,1,0,1.0,154,42,1,Siglec8,-0.7476299577962898,True
CRC-Wu2022,primary_outcome,1,0,1.0,154,42,1,TFAM,-0.18271870297392453,True
CRC-Wu2022,primary_outcome,1,0,1.0,154,42,1,TIM3,0.0,False
CRC-Wu2022,primary_outcome,1,0,1.0,154,42,1,Vimentin,-0.42714652682011406,True
CRC-Wu2022,primary_outcome,1,0,1.0,154,42,1,aSMA,0.4562161752180318,True
CRC-Wu2022,primary_outcome,1,1,1.0,157,39,1,CD107a,-0.043581428929700204,True
CRC-Wu2022,primary_outcome,1,1,1.0,157,39,1,CD117,0.26595373595617605,True
CRC-Wu2022,primary_outcome,1,1,1.0,157,39,1,CD11b,-0.16872734382438956,True
CRC-Wu2022,primary_outcome,1,1,1.0,157,39,1,CD11c,0.00651452395707853,True
CRC-Wu2022,primary_outcome,1,1,1.0,157,39,1,CD134,0.0,False
CRC-Wu2022,primary_outcome,1,1,1.0,157,39,1,CD14,-0.42233522382266386,True
CRC-Wu2022,primary_outcome,1,1,1.0,157,39,1,CD15,0.2037117418003168,True
CRC-Wu2022,primary_outcome,1,1,1.0,157,39,1,CD163,0.7332394916511156,True
CRC-Wu2022,primary_outcome,1,1,1.0,157,39,1,CD20,0.03398720942392099,True
CRC-Wu2022,primary_outcome,1,1,1.0,157,39,1,CD21,0.3731943401920072,True
CRC-Wu2022,primary_outcome,1,1,1.0,157,39,1,CD31,-0.37041244042750177,True
CRC-Wu2022,primary_outcome,1,1,1.0,157,39,1,CD38,-1.0328639578304264,True
CRC-Wu2022,primary_outcome,1,1,1.0,157,39,1,CD3e,0.22311559939413575,True
CRC-Wu2022,primary_outcome,1,1,1.0,157,39,1,CD4,-0.43723289398035814,True
CRC-Wu2022,primary_outcome,1,1,1.0,157,39,1,CD45,-0.23526940241800853,True
CRC-Wu2022,primary_outcome,1,1,1.0,157,39,1,CD45RA,0.07341788407834843,True
CRC-Wu2022,primary_outcome,1,1,1.0,157,39,1,CD45RO,-0.2948219706137088,True
CRC-Wu2022,primary_outcome,1,1,1.0,157,39,1,CD49f,0.5808136287117631,True
CRC-Wu2022,primary_outcome,1,1,1.0,157,39,1,CD68,0.5126718904700327,True
CRC-Wu2022,primary_outcome,1,1,1.0,157,39,1,CD8,0.04039607736661463,True
CRC-Wu2022,primary_outcome,1,1,1.0,157,39,1,CollagenIV,0.19898434190659378,True
CRC-Wu2022,primary_outcome,1,1,1.0,157,39,1,DAPI,0.05696439967483222,True
CRC-Wu2022,primary_outcome,1,1,1.0,157,39,1,FoxP3,0.0,False
CRC-Wu2022,primary_outcome,1,1,1.0,157,39,1,Gal3,0.2910515141952553,True
CRC-Wu2022,primary_outcome,1,1,1.0,157,39,1,GranzymeB,0.0,False
CRC-Wu2022,primary_outcome,1,1,1.0,157,39,1,HLA-DR,0.39625703099769183,True
CRC-Wu2022,primary_outcome,1,1,1.0,157,39,1,ICOS,-0.3764069989969065,True
CRC-Wu2022,primary_outcome,1,1,1.0,157,39,1,Ki67,0.0447066874592309,True
CRC-Wu2022,primary_outcome,1,1,1.0,157,39,1,PD1,0.27853979952625285,True
CRC-Wu2022,primary_outcome,1,1,1.0,157,39,1,PDL1,0.025899577132385786,True
CRC-Wu2022,primary_outcome,1,1,1.0,157,39,1,PGP9.5,0.0,False
CRC-Wu2022,primary_outcome,1,1,1.0,157,39,1,PanCK,0.0,False
CRC-Wu2022,primary_outcome,1,1,1.0,157,39,1,Podoplanin,0.0,False
CRC-Wu2022,primary_outcome,1,1,1.0,157,39,1,RORgammaT,-0.10998481645280993,True
CRC-Wu2022,primary_outcome,1,1,1.0,157,39,1,S100A4,0.09066015073263615,True
CRC-Wu2022,primary_outcome,1,1,1.0,157,39,1,Siglec8,-0.16754132358775292,True
CRC-Wu2022,primary_outcome,1,1,1.0,157,39,1,TFAM,-0.4335661657140098,True
CRC-Wu2022,primary_outcome,1,1,1.0,157,39,1,TIM3,0.0,False
CRC-Wu2022,primary_outcome,1,1,1.0,157,39,1,Vimentin,-0.18151658784197983,True
CRC-Wu2022,primary_outcome,1,1,1.0,157,39,1,aSMA,0.2914889838419973,True
CRC-Wu2022,primary_outcome,1,2,1.0,158,38,1,CD107a,0.0,False
CRC-Wu2022,primary_outcome,1,2,1.0,158,38,1,CD117,0.0,False
CRC-Wu2022,primary_outcome,1,2,1.0,158,38,1,CD11b,-0.34576499129916244,True
CRC-Wu2022,primary_outcome,1,2,1.0,158,38,1,CD11c,0.340610568296951,True
CRC-Wu2022,primary_outcome,1,2,1.0,158,38,1,CD134,0.0,False
CRC-Wu2022,primary_outcome,1,2,1.0,158,38,1,CD14,0.08061934700053941,True
CRC-Wu2022,primary_outcome,1,2,1.0,158,38,1,CD15,0.26044754729115965,True
CRC-Wu2022,primary_outcome,1,2,1.0,158,38,1,CD163,0.46776641631166377,True
CRC-Wu2022,primary_outcome,1,2,1.0,158,38,1,CD20,0.0,False
CRC-Wu2022,primary_outcome,1,2,1.0,158,38,1,CD21,0.0,False
CRC-Wu2022,primary_outcome,1,2,1.0,158,38,1,CD31,0.20515769802815753,True
CRC-Wu2022,primary_outcome,1,2,1.0,158,38,1,CD38,-0.35516506744370807,True
CRC-Wu2022,primary_outcome,1,2,1.0,158,38,1,CD3e,0.059012052406561384,True
CRC-Wu2022,primary_outcome,1,2,1.0,158,38,1,CD4,-0.07563981746622007,True
CRC-Wu2022,primary_outcome,1,2,1.0,158,38,1,CD45,-0.07601255281427086,True
CRC-Wu2022,primary_outcome,1,2,1.0,158,38,1,CD45RA,0.0,False
CRC-Wu2022,primary_outcome,1,2,1.0,158,38,1,CD45RO,-0.6614216825831997,True
CRC-Wu2022,primary_outcome,1,2,1.0,158,38,1,CD49f,0.9340915625454038,True
CRC-Wu2022,primary_outcome,1,2,1.0,158,38,1,CD68,0.29477207645116743,True
CRC-Wu2022,primary_outcome,1,2,1.0,158,38,1,CD8,0.0,False
CRC-Wu2022,primary_outcome,1,2,1.0,158,38,1,CollagenIV,0.0,False
CRC-Wu2022,primary_outcome,1,2,1.0,158,38,1,DAPI,-0.26975106775356283,True
CRC-Wu2022,primary_outcome,1,2,1.0,158,38,1,FoxP3,0.0,False
CRC-Wu2022,primary_outcome,1,2,1.0,158,38,1,Gal3,0.3665000042772543,True
CRC-Wu2022,primary_outcome,1,2,1.0,158,38,1,GranzymeB,0.0,False
CRC-Wu2022,primary_outcome,1,2,1.0,158,38,1,HLA-DR,-0.6589690933334073,True
CRC-Wu2022,primary_outcome,1,2,1.0,158,38,1,ICOS,0.0,False
CRC-Wu2022,primary_outcome,1,2,1.0,158,38,1,Ki67,-0.3389318193448062,True
CRC-Wu2022,primary_outcome,1,2,1.0,158,38,1,PD1,0.5505872989455652,True
CRC-Wu2022,primary_outcome,1,2,1.0,158,38,1,PDL1,0.0,False
CRC-Wu2022,primary_outcome,1,2,1.0,158,38,1,PGP9.5,-0.5735132144753484,True
CRC-Wu2022,primary_outcome,1,2,1.0,158,38,1,PanCK,0.24523552672619903,True
CRC-Wu2022,primary_outcome,1,2,1.0,158,38,1,Podoplanin,0.0,False
CRC-Wu2022,primary_outcome,1,2,1.0,158,38,1,RORgammaT,0.3278765000491932,True
CRC-Wu2022,primary_outcome,1,2,1.0,158,38,1,S100A4,-0.0386458476394692,True
CRC-Wu2022,primary_outcome,1,2,1.0,158,38,1,Siglec8,-0.2861582147406991,True
CRC-Wu2022,primary_outcome,1,2,1.0,158,38,1,TFAM,-0.3512358111039099,True
CRC-Wu2022,primary_outcome,1,2,1.0,158,38,1,TIM3,0.17923535432815063,True
CRC-Wu2022,primary_outcome,1,2,1.0,158,38,1,Vimentin,-0.5595212482548478,True
CRC-Wu2022,primary_outcome,1,2,1.0,158,38,1,aSMA,0.16769359777088574,True
CRC-Wu2022,primary_outcome,1,3,1.0,159,37,1,CD107a,0.0,False
CRC-Wu2022,primary_outcome,1,3,1.0,159,37,1,CD117,-0.5474992995550537,True
CRC-Wu2022,primary_outcome,1,3,1.0,159,37,1,CD11b,0.0,False
CRC-Wu2022,primary_outcome,1,3,1.0,159,37,1,CD11c,0.059332345163708916,True
CRC-Wu2022,primary_outcome,1,3,1.0,159,37,1,CD134,0.0,False
CRC-Wu2022,primary_outcome,1,3,1.0,159,37,1,CD14,0.0,False
CRC-Wu2022,primary_outcome,1,3,1.0,159,37,1,CD15,0.6899492177467775,True
CRC-Wu2022,primary_outcome,1,3,1.0,159,37,1,CD163,0.6024792407063986,True
CRC-Wu2022,primary_outcome,1,3,1.0,159,37,1,CD20,0.12196335132672359,True
CRC-Wu2022,primary_outcome,1,3,1.0,159,37,1,CD21,0.37747054152283843,True
CRC-Wu2022,primary_outcome,1,3,1.0,159,37,1,CD31,-0.6511701396242229,True
CRC-Wu2022,primary_outcome,1,3,1.0,159,37,1,CD38,-0.24001077200414478,True
CRC-Wu2022,primary_outcome,1,3,1.0,159,37,1,CD3e,0.04483936907559939,True
CRC-Wu2022,primary_outcome,1,3,1.0,159,37,1,CD4,-0.2987846682507273,True
CRC-Wu2022,primary_outcome,1,3,1.0,159,37,1,CD45,-0.3481685627644348,True
CRC-Wu2022,primary_outcome,1,3,1.0,159,37,1,CD45RA,0.0,False
CRC-Wu2022,primary_outcome,1,3,1.0,159,37,1,CD45RO,-0.32879729459718093,True
CRC-Wu2022,primary_outcome,1,3,1.0,159,37,1,CD49f,0.3825340694139207,True
CRC-Wu2022,primary_outcome,1,3,1.0,159,37,1,CD68,0.47445636467177466,True
CRC-Wu2022,primary_outcome,1,3,1.0,159,37,1,CD8,0.25151822953142733,True
CRC-Wu2022,primary_outcome,1,3,1.0,159,37,1,CollagenIV,-0.024710794293776355,True
CRC-Wu2022,primary_outcome,1,3,1.0,159,37,1,DAPI,-0.012030511272452908,True
CRC-Wu2022,primary_outcome,1,3,1.0,159,37,1,FoxP3,0.0,False
CRC-Wu2022,primary_outcome,1,3,1.0,159,37,1,Gal3,0.29738554552099933,True
CRC-Wu2022,primary_outcome,1,3,1.0,159,37,1,GranzymeB,-0.21223068338036147,True
CRC-Wu2022,primary_outcome,1,3,1.0,159,37,1,HLA-DR,0.2636708673487097,True
CRC-Wu2022,primary_outcome,1,3,1.0,159,37,1,ICOS,-0.021751311883415097,True
CRC-Wu2022,primary_outcome,1,3,1.0,159,37,1,Ki67,-0.009562341425396047,True
CRC-Wu2022,primary_outcome,1,3,1.0,159,37,1,PD1,0.0,False
CRC-Wu2022,primary_outcome,1,3,1.0,159,37,1,PDL1,0.06644339772624033,True
CRC-Wu2022,primary_outcome,1,3,1.0,159,37,1,PGP9.5,-0.4201326090880032,True
CRC-Wu2022,primary_outcome,1,3,1.0,159,37,1,PanCK,0.10974933579194739,True
CRC-Wu2022,primary_outcome,1,3,1.0,159,37,1,Podoplanin,0.18719843910807554,True
CRC-Wu2022,primary_outcome,1,3,1.0,159,37,1,RORgammaT,0.22560230189818525,True
CRC-Wu2022,primary_outcome,1,3,1.0,159,37,1,S100A4,0.04866902681542519,True
CRC-Wu2022,primary_outcome,1,3,1.0,159,37,1,Siglec8,-0.21038558490078724,True
CRC-Wu2022,primary_outcome,1,3,1.0,159,37,1,TFAM,-0.7610697672740774,True
CRC-Wu2022,primary_outcome,1,3,1.0,159,37,1,TIM3,0.0,False
CRC-Wu2022,primary_outcome,1,3,1.0,159,37,1,Vimentin,-0.37195280097679484,True
CRC-Wu2022,primary_outcome,1,3,1.0,159,37,1,aSMA,0.0551904495398046,True
CRC-Wu2022,primary_outcome,1,4,1.0,156,40,1,CD107a,0.0,False
CRC-Wu2022,primary_outcome,1,4,1.0,156,40,1,CD117,0.0,False
CRC-Wu2022,primary_outcome,1,4,1.0,156,40,1,CD11b,-0.219281519055992,True
CRC-Wu2022,primary_outcome,1,4,1.0,156,40,1,CD11c,0.0,False
CRC-Wu2022,primary_outcome,1,4,1.0,156,40,1,CD134,0.0,False
CRC-Wu2022,primary_outcome,1,4,1.0,156,40,1,CD14,-0.6617123639230024,True
CRC-Wu2022,primary_outcome,1,4,1.0,156,40,1,CD15,0.48724789623520287,True
CRC-Wu2022,primary_outcome,1,4,1.0,156,40,1,CD163,0.04747625525454601,True
CRC-Wu2022,primary_outcome,1,4,1.0,156,40,1,CD20,0.0,False
CRC-Wu2022,primary_outcome,1,4,1.0,156,40,1,CD21,0.0,False
CRC-Wu2022,primary_outcome,1,4,1.0,156,40,1,CD31,-0.1638325102711003,True
CRC-Wu2022,primary_outcome,1,4,1.0,156,40,1,CD38,-0.09902038360427429,True
CRC-Wu2022,primary_outcome,1,4,1.0,156,40,1,CD3e,-0.2135622341133262,True
CRC-Wu2022,primary_outcome,1,4,1.0,156,40,1,CD4,-0.6036963952516485,True
CRC-Wu2022,primary_outcome,1,4,1.0,156,40,1,CD45,-0.20857382398967214,True
CRC-Wu2022,primary_outcome,1,4,1.0,156,40,1,CD45RA,0.0523616904623655,True
CRC-Wu2022,primary_outcome,1,4,1.0,156,40,1,CD45RO,-0.21631037384930685,True
CRC-Wu2022,primary_outcome,1,4,1.0,156,40,1,CD49f,1.2321943218697249,True
CRC-Wu2022,primary_outcome,1,4,1.0,156,40,1,CD68,0.8983203523686439,True
CRC-Wu2022,primary_outcome,1,4,1.0,156,40,1,CD8,0.11288201639103952,True
CRC-Wu2022,primary_outcome,1,4,1.0,156,40,1,CollagenIV,0.009642779633290223,True
CRC-Wu2022,primary_outcome,1,4,1.0,156,40,1,DAPI,-0.20430531484441872,True
CRC-Wu2022,primary_outcome,1,4,1.0,156,40,1,FoxP3,0.05956559014436341,True
CRC-Wu2022,primary_outcome,1,4,1.0,156,40,1,Gal3,0.0,False
CRC-Wu2022,primary_outcome,1,4,1.0,156,40,1,GranzymeB,0.07892068338006976,True
CRC-Wu2022,primary_outcome,1,4,1.0,156,40,1,HLA-DR,0.4144285578901283,True
CRC-Wu2022,primary_outcome,1,4,1.0,156,40,1,ICOS,-0.7798939533945212,True
CRC-Wu2022,primary_outcome,1,4,1.0,156,40,1,Ki67,-0.26032483414237934,True
CRC-Wu2022,primary_outcome,1,4,1.0,156,40,1,PD1,0.20904962016992493,True
CRC-Wu2022,primary_outcome,1,4,1.0,156,40,1,PDL1,0.0,False
CRC-Wu2022,primary_outcome,1,4,1.0,156,40,1,PGP9.5,0.0,False
CRC-Wu2022,primary_outcome,1,4,1.0,156,40,1,PanCK,0.0,False
CRC-Wu2022,primary_outcome,1,4,1.0,156,40,1,Podoplanin,-0.08169631832854213,True
CRC-Wu2022,primary_outcome,1,4,1.0,156,40,1,RORgammaT,0.0,False
CRC-Wu2022,primary_outcome,1,4,1.0,156,40,1,S100A4,-0.08622126724463483,True
CRC-Wu2022,primary_outcome,1,4,1.0,156,40,1,Siglec8,-0.04837755240387069,True
CRC-Wu2022,primary_outcome,1,4,1.0,156,40,1,TFAM,-0.202529948048091,True
CRC-Wu2022,primary_outcome,1,4,1.0,156,40,1,TIM3,0.0,False
CRC-Wu2022,primary_outcome,1,4,1.0,156,40,1,Vimentin,0.0,False
CRC-Wu2022,primary_outcome,1,4,1.0,156,40,1,aSMA,-0.11048873276282808,True
CRC-Wu2022,primary_outcome,2,0,1.0,156,40,1,CD107a,0.0,False
CRC-Wu2022,primary_outcome,2,0,1.0,156,40,1,CD117,0.20576117861657392,True
CRC-Wu2022,primary_outcome,2,0,1.0,156,40,1,CD11b,-0.03167255597002186,True
CRC-Wu2022,primary_outcome,2,0,1.0,156,40,1,CD11c,0.0,False
CRC-Wu2022,primary_outcome,2,0,1.0,156,40,1,CD134,-0.1874865776721845,True
CRC-Wu2022,primary_outcome,2,0,1.0,156,40,1,CD14,-0.2400712347196368,True
CRC-Wu2022,primary_outcome,2,0,1.0,156,40,1,CD15,0.5650086445341448,True
CRC-Wu2022,primary_outcome,2,0,1.0,156,40,1,CD163,0.715357245810365,True
CRC-Wu2022,primary_outcome,2,0,1.0,156,40,1,CD20,0.26514768366514957,True
CRC-Wu2022,primary_outcome,2,0,1.0,156,40,1,CD21,0.23017040586783116,True
CRC-Wu2022,primary_outcome,2,0,1.0,156,40,1,CD31,-0.612213910436233,True
CRC-Wu2022,primary_outcome,2,0,1.0,156,40,1,CD38,-0.3053612161760768,True
CRC-Wu2022,primary_outcome,2,0,1.0,156,40,1,CD3e,-0.12744991942295245,True
CRC-Wu2022,primary_outcome,2,0,1.0,156,40,1,CD4,-0.4497733035577819,True
CRC-Wu2022,primary_outcome,2,0,1.0,156,40,1,CD45,0.0,False
CRC-Wu2022,primary_outcome,2,0,1.0,156,40,1,CD45RA,0.0,False
CRC-Wu2022,primary_outcome,2,0,1.0,156,40,1,CD45RO,-0.9407954471552363,True
CRC-Wu2022,primary_outcome,2,0,1.0,156,40,1,CD49f,1.2726446477438318,True
CRC-Wu2022,primary_outcome,2,0,1.0,156,40,1,CD68,0.5785005414246899,True
CRC-Wu2022,primary_outcome,2,0,1.0,156,40,1,CD8,0.13793776460447968,True
CRC-Wu2022,primary_outcome,2,0,1.0,156,40,1,CollagenIV,0.3001281301693357,True
CRC-Wu2022,primary_outcome,2,0,1.0,156,40,1,DAPI,0.0,False
CRC-Wu2022,primary_outcome,2,0,1.0,156,40,1,FoxP3,0.0,False
CRC-Wu2022,primary_outcome,2,0,1.0,156,40,1,Gal3,0.21655604998875458,True
CRC-Wu2022,primary_outcome,2,0,1.0,156,40,1,GranzymeB,0.0,False
CRC-Wu2022,primary_outcome,2,0,1.0,156,40,1,HLA-DR,0.4063940148801291,True
CRC-Wu2022,primary_outcome,2,0,1.0,156,40,1,ICOS,-0.3339137106063383,True
CRC-Wu2022,primary_outcome,2,0,1.0,156,40,1,Ki67,-0.2579088070213507,True
CRC-Wu2022,primary_outcome,2,0,1.0,156,40,1,PD1,0.08278588623404175,True
CRC-Wu2022,primary_outcome,2,0,1.0,156,40,1,PDL1,0.0,False
CRC-Wu2022,primary_outcome,2,0,1.0,156,40,1,PGP9.5,-0.07395447339857018,True
CRC-Wu2022,primary_outcome,2,0,1.0,156,40,1,PanCK,0.0,False
CRC-Wu2022,primary_outcome,2,0,1.0,156,40,1,Podoplanin,0.0,False
CRC-Wu2022,primary_outcome,2,0,1.0,156,40,1,RORgammaT,0.0032839318771092857,True
CRC-Wu2022,primary_outcome,2,0,1.0,156,40,1,S100A4,0.09623478759461528,True
CRC-Wu2022,primary_outcome,2,0,1.0,156,40,1,Siglec8,-0.5344182466704583,True
CRC-Wu2022,primary_outcome,2,0,1.0,156,40,1,TFAM,-0.2830213593802688,True
CRC-Wu2022,primary_outcome,2,0,1.0,156,40,1,TIM3,0.0,False
CRC-Wu2022,primary_outcome,2,0,1.0,156,40,1,Vimentin,-0.601662886430341,True
CRC-Wu2022,primary_outcome,2,0,1.0,156,40,1,aSMA,0.026464465671947997,True
CRC-Wu2022,primary_outcome,2,1,1.0,157,39,1,CD107a,-0.07247881067189714,True
CRC-Wu2022,primary_outcome,2,1,1.0,157,39,1,CD117,0.010572880801938397,True
CRC-Wu2022,primary_outcome,2,1,1.0,157,39,1,CD11b,-0.5692146394927713,True
CRC-Wu2022,primary_outcome,2,1,1.0,157,39,1,CD11c,0.10413420139686018,True
CRC-Wu2022,primary_outcome,2,1,1.0,157,39,1,CD134,0.0,False
CRC-Wu2022,primary_outcome,2,1,1.0,157,39,1,CD14,-0.09427325419353097,True
CRC-Wu2022,primary_outcome,2,1,1.0,157,39,1,CD15,0.4090139371759808,True
CRC-Wu2022,primary_outcome,2,1,1.0,157,39,1,CD163,0.2107528811826545,True
CRC-Wu2022,primary_outcome,2,1,1.0,157,39,1,CD20,0.36803708451940215,True
CRC-Wu2022,primary_outcome,2,1,1.0,157,39,1,CD21,0.01751847635708711,True
CRC-Wu2022,primary_outcome,2,1,1.0,157,39,1,CD31,-0.2585154232990797,True
CRC-Wu2022,primary_outcome,2,1,1.0,157,39,1,CD38,-0.19861909403039613,True
CRC-Wu2022,primary_outcome,2,1,1.0,157,39,1,CD3e,0.0,False
CRC-Wu2022,primary_outcome,2,1,1.0,157,39,1,CD4,0.0,False
CRC-Wu2022,primary_outcome,2,1,1.0,157,39,1,CD45,-0.45347907670545506,True
CRC-Wu2022,primary_outcome,2,1,1.0,157,39,1,CD45RA,0.1342860870967939,True
CRC-Wu2022,primary_outcome,2,1,1.0,157,39,1,CD45RO,-0.30600395991006035,True
CRC-Wu2022,primary_outcome,2,1,1.0,157,39,1,CD49f,0.8476548436064567,True
CRC-Wu2022,primary_outcome,2,1,1.0,157,39,1,CD68,0.5106216720677896,True
CRC-Wu2022,primary_outcome,2,1,1.0,157,39,1,CD8,0.14078461907415743,True
CRC-Wu2022,primary_outcome,2,1,1.0,157,39,1,CollagenIV,-0.010136824864742128,True
CRC-Wu2022,primary_outcome,2,1,1.0,157,39,1,DAPI,-0.3689241560605598,True
CRC-Wu2022,primary_outcome,2,1,1.0,157,39,1,FoxP3,0.21144393614665283,True
CRC-Wu2022,primary_outcome,2,1,1.0,157,39,1,Gal3,0.05494268663514219,True
CRC-Wu2022,primary_outcome,2,1,1.0,157,39,1,GranzymeB,0.03998340883045937,True
CRC-Wu2022,primary_outcome,2,1,1.0,157,39,1,HLA-DR,0.0,False
CRC-Wu2022,primary_outcome,2,1,1.0,157,39,1,ICOS,-0.183830353767269,True
CRC-Wu2022,primary_outcome,2,1,1.0,157,39,1,Ki67,0.021593309250944336,True
CRC-Wu2022,primary_outcome,2,1,1.0,157,39,1,PD1,0.1459427258244055,True
CRC-Wu2022,primary_outcome,2,1,1.0,157,39,1,PDL1,0.0,False
CRC-Wu2022,primary_outcome,2,1,1.0,157,39,1,PGP9.5,0.03775080391285063,True
CRC-Wu2022,primary_outcome,2,1,1.0,157,39,1,PanCK,0.0,False
CRC-Wu2022,primary_outcome,2,1,1.0,157,39,1,Podoplanin,0.0,False
CRC-Wu2022,primary_outcome,2,1,1.0,157,39,1,RORgammaT,0.0,False
CRC-Wu2022,primary_outcome,2,1,1.0,157,39,1,S100A4,-0.04638647236856025,True
CRC-Wu2022,primary_outcome,2,1,1.0,157,39,1,Siglec8,-0.35284571414730564,True
CRC-Wu2022,primary_outcome,2,1,1.0,157,39,1,TFAM,-0.2113861740245627,True
CRC-Wu2022,primary_outcome,2,1,1.0,157,39,1,TIM3,0.10655653012768625,True
CRC-Wu2022,primary_outcome,2,1,1.0,157,39,1,Vimentin,-0.4229969930295245,True
CRC-Wu2022,primary_outcome,2,1,1.0,157,39,1,aSMA,0.38380143823130747,True
CRC-Wu2022,primary_outcome,2,2,1.0,155,41,1,CD107a,-0.19755441990986197,True
CRC-Wu2022,primary_outcome,2,2,1.0,155,41,1,CD117,0.0,False
CRC-Wu2022,primary_outcome,2,2,1.0,155,41,1,CD11b,-0.09142878341786322,True
CRC-Wu2022,primary_outcome,2,2,1.0,155,41,1,CD11c,0.2757215565505134,True
CRC-Wu2022,primary_outcome,2,2,1.0,155,41,1,CD134,0.0,False
CRC-Wu2022,primary_outcome,2,2,1.0,155,41,1,CD14,-0.35764392017469737,True
CRC-Wu2022,primary_outcome,2,2,1.0,155,41,1,CD15,0.6275174385749979,True
CRC-Wu2022,primary_outcome,2,2,1.0,155,41,1,CD163,0.19859245504197004,True
CRC-Wu2022,primary_outcome,2,2,1.0,155,41,1,CD20,0.16468318647005806,True
CRC-Wu2022,primary_outcome,2,2,1.0,155,41,1,CD21,0.08272026852235577,True
CRC-Wu2022,primary_outcome,2,2,1.0,155,41,1,CD31,-0.21373995879590607,True
CRC-Wu2022,primary_outcome,2,2,1.0,155,41,1,CD38,-0.2895075034377679,True
CRC-Wu2022,primary_outcome,2,2,1.0,155,41,1,CD3e,0.0,False
CRC-Wu2022,primary_outcome,2,2,1.0,155,41,1,CD4,-0.06034344219041918,True
CRC-Wu2022,primary_outcome,2,2,1.0,155,41,1,CD45,-0.48976952681239555,True
CRC-Wu2022,primary_outcome,2,2,1.0,155,41,1,CD45RA,0.2712084211767418,True
CRC-Wu2022,primary_outcome,2,2,1.0,155,41,1,CD45RO,-0.5368812188488692,True
CRC-Wu2022,primary_outcome,2,2,1.0,155,41,1,CD49f,0.4634233566364312,True
CRC-Wu2022,primary_outcome,2,2,1.0,155,41,1,CD68,0.5733560770531143,True
CRC-Wu2022,primary_outcome,2,2,1.0,155,41,1,CD8,-0.13337883969828568,True
CRC-Wu2022,primary_outcome,2,2,1.0,155,41,1,CollagenIV,0.0,False
CRC-Wu2022,primary_outcome,2,2,1.0,155,41,1,DAPI,-0.2753707808465824,True
CRC-Wu2022,primary_outcome,2,2,1.0,155,41,1,FoxP3,0.4111824776040234,True
CRC-Wu2022,primary_outcome,2,2,1.0,155,41,1,Gal3,0.027781741238928348,True
CRC-Wu2022,primary_outcome,2,2,1.0,155,41,1,GranzymeB,-0.04407462959358329,True
CRC-Wu2022,primary_outcome,2,2,1.0,155,41,1,HLA-DR,0.119126429951197,True
CRC-Wu2022,primary_outcome,2,2,1.0,155,41,1,ICOS,0.0,False
CRC-Wu2022,primary_outcome,2,2,1.0,155,41,1,Ki67,-0.25100220471100587,True
CRC-Wu2022,primary_outcome,2,2,1.0,155,41,1,PD1,0.0,False
CRC-Wu2022,primary_outcome,2,2,1.0,155,41,1,PDL1,-0.019224173776827117,True
CRC-Wu2022,primary_outcome,2,2,1.0,155,41,1,PGP9.5,0.1124058928224624,True
CRC-Wu2022,primary_outcome,2,2,1.0,155,41,1,PanCK,0.0,False
CRC-Wu2022,primary_outcome,2,2,1.0,155,41,1,Podoplanin,0.0,False
CRC-Wu2022,primary_outcome,2,2,1.0,155,41,1,RORgammaT,0.09393977371049135,True
CRC-Wu2022,primary_outcome,2,2,1.0,155,41,1,S100A4,0.13915350455543873,True
CRC-Wu2022,primary_outcome,2,2,1.0,155,41,1,Siglec8,-0.3803388457033891,True
CRC-Wu2022,primary_outcome,2,2,1.0,155,41,1,TFAM,-0.5647068213343406,True
CRC-Wu2022,primary_outcome,2,2,1.0,155,41,1,TIM3,-0.16277550549554104,True
CRC-Wu2022,primary_outcome,2,2,1.0,155,41,1,Vimentin,-0.03514337807302081,True
CRC-Wu2022,primary_outcome,2,2,1.0,155,41,1,aSMA,0.0,False
CRC-Wu2022,primary_outcome,2,3,1.0,156,40,1,CD107a,0.01336066356887968,True
CRC-Wu2022,primary_outcome,2,3,1.0,156,40,1,CD117,0.0,False
CRC-Wu2022,primary_outcome,2,3,1.0,156,40,1,CD11b,0.0,False
CRC-Wu2022,primary_outcome,2,3,1.0,156,40,1,CD11c,0.0,False
CRC-Wu2022,primary_outcome,2,3,1.0,156,40,1,CD134,0.0,False
CRC-Wu2022,primary_outcome,2,3,1.0,156,40,1,CD14,-0.32304958969353387,True
CRC-Wu2022,primary_outcome,2,3,1.0,156,40,1,CD15,0.4718562532887325,True
CRC-Wu2022,primary_outcome,2,3,1.0,156,40,1,CD163,0.5377492659242399,True
CRC-Wu2022,primary_outcome,2,3,1.0,156,40,1,CD20,-0.0994824340903163,True
CRC-Wu2022,primary_outcome,2,3,1.0,156,40,1,CD21,0.3958963967365836,True
CRC-Wu2022,primary_outcome,2,3,1.0,156,40,1,CD31,-0.22986955360048922,True
CRC-Wu2022,primary_outcome,2,3,1.0,156,40,1,CD38,-0.6378528947602414,True
CRC-Wu2022,primary_outcome,2,3,1.0,156,40,1,CD3e,0.6389146909604649,True
CRC-Wu2022,primary_outcome,2,3,1.0,156,40,1,CD4,-0.22602305463458155,True
CRC-Wu2022,primary_outcome,2,3,1.0,156,40,1,CD45,-0.2649600133927431,True
CRC-Wu2022,primary_outcome,2,3,1.0,156,40,1,CD45RA,0.035138453379443296,True
CRC-Wu2022,primary_outcome,2,3,1.0,156,40,1,CD45RO,-0.6553272682420719,True
CRC-Wu2022,primary_outcome,2,3,1.0,156,40,1,CD49f,0.7955108513792832,True
CRC-Wu2022,primary_outcome,2,3,1.0,156,40,1,CD68,0.43383540174365715,True
CRC-Wu2022,primary_outcome,2,3,1.0,156,40,1,CD8,0.0,False
CRC-Wu2022,primary_outcome,2,3,1.0,156,40,1,CollagenIV,-0.08004753393792279,True
CRC-Wu2022,primary_outcome,2,3,1.0,156,40,1,DAPI,-0.12436701477319362,True
CRC-Wu2022,primary_outcome,2,3,1.0,156,40,1,FoxP3,0.0,False
CRC-Wu2022,primary_outcome,2,3,1.0,156,40,1,Gal3,0.2909671493671869,True
CRC-Wu2022,primary_outcome,2,3,1.0,156,40,1,GranzymeB,0.13386893210725243,True
CRC-Wu2022,primary_outcome,2,3,1.0,156,40,1,HLA-DR,0.0,False
CRC-Wu2022,primary_outcome,2,3,1.0,156,40,1,ICOS,-0.6009098415344111,True
CRC-Wu2022,primary_outcome,2,3,1.0,156,40,1,Ki67,-0.13280640891064385,True
CRC-Wu2022,primary_outcome,2,3,1.0,156,40,1,PD1,0.20140611116220625,True
CRC-Wu2022,primary_outcome,2,3,1.0,156,40,1,PDL1,0.0,False
CRC-Wu2022,primary_outcome,2,3,1.0,156,40,1,PGP9.5,-0.3001452324476281,True
CRC-Wu2022,primary_outcome,2,3,1.0,156,40,1,PanCK,0.0026894877311665934,True
CRC-Wu2022,primary_outcome,2,3,1.0,156,40,1,Podoplanin,-0.01156906358705669,True
CRC-Wu2022,primary_outcome,2,3,1.0,156,40,1,RORgammaT,0.2922410709666493,True
CRC-Wu2022,primary_outcome,2,3,1.0,156,40,1,S100A4,0.0,False
CRC-Wu2022,primary_outcome,2,3,1.0,156,40,1,Siglec8,-0.17588916887757086,True
CRC-Wu2022,primary_outcome,2,3,1.0,156,40,1,TFAM,-0.3799978358645524,True
CRC-Wu2022,primary_outcome,2,3,1.0,156,40,1,TIM3,0.018983469071740387,True
CRC-Wu2022,primary_outcome,2,3,1.0,156,40,1,Vimentin,-0.45025279793957335,True
CRC-Wu2022,primary_outcome,2,3,1.0,156,40,1,aSMA,0.331181691772884,True
CRC-Wu2022,primary_outcome,2,4,1.0,160,36,1,CD107a,0.0,False
CRC-Wu2022,primary_outcome,2,4,1.0,160,36,1,CD117,0.0,False
CRC-Wu2022,primary_outcome,2,4,1.0,160,36,1,CD11b,-0.1185894733147053,True
CRC-Wu2022,primary_outcome,2,4,1.0,160,36,1,CD11c,0.29445011516219216,True
CRC-Wu2022,primary_outcome,2,4,1.0,160,36,1,CD134,0.0,False
CRC-Wu2022,primary_outcome,2,4,1.0,160,36,1,CD14,-0.23631277393205177,True
CRC-Wu2022,primary_outcome,2,4,1.0,160,36,1,CD15,0.22997436205574878,True
CRC-Wu2022,primary_outcome,2,4,1.0,160,36,1,CD163,0.122690026726112,True
CRC-Wu2022,primary_outcome,2,4,1.0,160,36,1,CD20,0.4888476540930423,True
CRC-Wu2022,primary_outcome,2,4,1.0,160,36,1,CD21,-0.2945175234672598,True
CRC-Wu2022,primary_outcome,2,4,1.0,160,36,1,CD31,-0.6086380859614466,True
CRC-Wu2022,primary_outcome,2,4,1.0,160,36,1,CD38,-0.17675676701605075,True
CRC-Wu2022,primary_outcome,2,4,1.0,160,36,1,CD3e,-0.07246974309499941,True
CRC-Wu2022,primary_outcome,2,4,1.0,160,36,1,CD4,-0.7155730818211447,True
CRC-Wu2022,primary_outcome,2,4,1.0,160,36,1,CD45,0.0,False
CRC-Wu2022,primary_outcome,2,4,1.0,160,36,1,CD45RA,0.12162030220065746,True
CRC-Wu2022,primary_outcome,2,4,1.0,160,36,1,CD45RO,-0.4571357841611707,True
CRC-Wu2022,primary_outcome,2,4,1.0,160,36,1,CD49f,1.0730216226790599,True
CRC-Wu2022,primary_outcome,2,4,1.0,160,36,1,CD68,0.6732050138659308,True
CRC-Wu2022,primary_outcome,2,4,1.0,160,36,1,CD8,0.03538456575010629,True
CRC-Wu2022,primary_outcome,2,4,1.0,160,36,1,CollagenIV,0.0,False
CRC-Wu2022,primary_outcome,2,4,1.0,160,36,1,DAPI,-0.046628094592277944,True
CRC-Wu2022,primary_outcome,2,4,1.0,160,36,1,FoxP3,0.0,False
CRC-Wu2022,primary_outcome,2,4,1.0,160,36,1,Gal3,0.24740254743353257,True
CRC-Wu2022,primary_outcome,2,4,1.0,160,36,1,GranzymeB,-0.27175590672923894,True
CRC-Wu2022,primary_outcome,2,4,1.0,160,36,1,HLA-DR,0.45317338411791425,True
CRC-Wu2022,primary_outcome,2,4,1.0,160,36,1,ICOS,-0.9395054183297545,True
CRC-Wu2022,primary_outcome,2,4,1.0,160,36,1,Ki67,-0.35491725362945825,True
CRC-Wu2022,primary_outcome,2,4,1.0,160,36,1,PD1,0.45985192826957993,True
CRC-Wu2022,primary_outcome,2,4,1.0,160,36,1,PDL1,-0.19176816731989937,True
CRC-Wu2022,primary_outcome,2,4,1.0,160,36,1,PGP9.5,-0.38679378630392874,True
CRC-Wu2022,primary_outcome,2,4,1.0,160,36,1,PanCK,0.2715204653977122,True
CRC-Wu2022,primary_outcome,2,4,1.0,160,36,1,Podoplanin,0.0,False
CRC-Wu2022,primary_outcome,2,4,1.0,160,36,1,RORgammaT,-0.052191562188298096,True
CRC-Wu2022,primary_outcome,2,4,1.0,160,36,1,S100A4,-0.07386887756909842,True
CRC-Wu2022,primary_outcome,2,4,1.0,160,36,1,Siglec8,0.0,False
CRC-Wu2022,primary_outcome,2,4,1.0,160,36,1,TFAM,-0.3517430983704399,True
CRC-Wu2022,primary_outcome,2,4,1.0,160,36,1,TIM3,0.6820152705785125,True
CRC-Wu2022,primary_outcome,2,4,1.0,160,36,1,Vimentin,0.0,False
CRC-Wu2022,primary_outcome,2,4,1.0,160,36,1,aSMA,0.0,False
HNC-Wu2022,primary_outcome,0,0,1.0,243,65,1,CD117,-0.5707357418767359,True
HNC-Wu2022,primary_outcome,0,0,1.0,243,65,1,CD11b,0.0,False
HNC-Wu2022,primary_outcome,0,0,1.0,243,65,1,CD11c,0.18428971711522638,True
HNC-Wu2022,primary_outcome,0,0,1.0,243,65,1,CD134,0.04387444741869535,True
HNC-Wu2022,primary_outcome,0,0,1.0,243,65,1,CD14,0.0,False
HNC-Wu2022,primary_outcome,0,0,1.0,243,65,1,CD15,0.5514633748341204,True
HNC-Wu2022,primary_outcome,0,0,1.0,243,65,1,CD152,-0.0062691210720886665,True
HNC-Wu2022,primary_outcome,0,0,1.0,243,65,1,CD16,-0.06712338090886617,True
HNC-Wu2022,primary_outcome,0,0,1.0,243,65,1,CD163,-0.6166150328138722,True
HNC-Wu2022,primary_outcome,0,0,1.0,243,65,1,CD20,0.2835406602870613,True
HNC-Wu2022,primary_outcome,0,0,1.0,243,65,1,CD21,0.0,False
HNC-Wu2022,primary_outcome,0,0,1.0,243,65,1,CD31,0.04962899073647974,True
HNC-Wu2022,primary_outcome,0,0,1.0,243,65,1,CD34,0.08674034416283957,True
HNC-Wu2022,primary_outcome,0,0,1.0,243,65,1,CD38,0.2600221728432866,True
HNC-Wu2022,primary_outcome,0,0,1.0,243,65,1,CD3e,0.37329417053707736,True
HNC-Wu2022,primary_outcome,0,0,1.0,243,65,1,CD4,0.0,False
HNC-Wu2022,primary_outcome,0,0,1.0,243,65,1,CD45,-1.295454848846411,True
HNC-Wu2022,primary_outcome,0,0,1.0,243,65,1,CD45RA,0.05079537902496814,True
HNC-Wu2022,primary_outcome,0,0,1.0,243,65,1,CD45RO,1.0357777326332276,True
HNC-Wu2022,primary_outcome,0,0,1.0,243,65,1,CD47,-0.026966204122469212,True
HNC-Wu2022,primary_outcome,0,0,1.0,243,65,1,CD49f,-0.3466658783524711,True
HNC-Wu2022,primary_outcome,0,0,1.0,243,65,1,CD56,0.0,False
HNC-Wu2022,primary_outcome,0,0,1.0,243,65,1,CD57,0.5308740334756659,True
HNC-Wu2022,primary_outcome,0,0,1.0,243,65,1,CD68,0.027862873183731183,True
HNC-Wu2022,primary_outcome,0,0,1.0,243,65,1,CD69,0.0,False
HNC-Wu2022,primary_outcome,0,0,1.0,243,65,1,CD8,0.2871353626456869,True
HNC-Wu2022,primary_outcome,0,0,1.0,243,65,1,CollagenIV,-0.3351278237090886,True
HNC-Wu2022,primary_outcome,0,0,1.0,243,65,1,DAPI,0.0,False
HNC-Wu2022,primary_outcome,0,0,1.0,243,65,1,FoxP3,-0.8357404940553836,True
HNC-Wu2022,primary_outcome,0,0,1.0,243,65,1,GranzymeB,0.0,False
HNC-Wu2022,primary_outcome,0,0,1.0,243,65,1,HLA-DR,1.191156438772806,True
HNC-Wu2022,primary_outcome,0,0,1.0,243,65,1,ICOS,-0.3593329620371481,True
HNC-Wu2022,primary_outcome,0,0,1.0,243,65,1,Ki67,1.3647039887742094,True
HNC-Wu2022,primary_outcome,0,0,1.0,243,65,1,PD1,-0.13347117403400982,True
HNC-Wu2022,primary_outcome,0,0,1.0,243,65,1,PDL1,0.07899502463485084,True
HNC-Wu2022,primary_outcome,0,0,1.0,243,65,1,PanCK,0.33711126506475436,True
HNC-Wu2022,primary_outcome,0,0,1.0,243,65,1,Podoplanin,0.0,False
HNC-Wu2022,primary_outcome,0,0,1.0,243,65,1,TMEM16A,0.0,False
HNC-Wu2022,primary_outcome,0,0,1.0,243,65,1,Vimentin,0.13584928893199583,True
HNC-Wu2022,primary_outcome,0,0,1.0,243,65,1,aSMA,-0.04953972955437333,True
HNC-Wu2022,primary_outcome,0,0,1.0,243,65,1,p16,0.0,False
HNC-Wu2022,primary_outcome,0,1,1.0,240,68,1,CD117,-0.658634663896499,True
HNC-Wu2022,primary_outcome,0,1,1.0,240,68,1,CD11b,-0.15770861998221344,True
HNC-Wu2022,primary_outcome,0,1,1.0,240,68,1,CD11c,0.0,False
HNC-Wu2022,primary_outcome,0,1,1.0,240,68,1,CD134,0.36247147549435293,True
HNC-Wu2022,primary_outcome,0,1,1.0,240,68,1,CD14,0.3877269623211053,True
HNC-Wu2022,primary_outcome,0,1,1.0,240,68,1,CD15,0.46401926371736524,True
HNC-Wu2022,primary_outcome,0,1,1.0,240,68,1,CD152,0.4198455756903483,True
HNC-Wu2022,primary_outcome,0,1,1.0,240,68,1,CD16,0.0,False
HNC-Wu2022,primary_outcome,0,1,1.0,240,68,1,CD163,-0.2567185776056409,True
HNC-Wu2022,primary_outcome,0,1,1.0,240,68,1,CD20,-0.3746033788010226,True
HNC-Wu2022,primary_outcome,0,1,1.0,240,68,1,CD21,0.0,False
HNC-Wu2022,primary_outcome,0,1,1.0,240,68,1,CD31,0.0,False
HNC-Wu2022,primary_outcome,0,1,1.0,240,68,1,CD34,0.3321341147302558,True
HNC-Wu2022,primary_outcome,0,1,1.0,240,68,1,CD38,0.14805575214559724,True
HNC-Wu2022,primary_outcome,0,1,1.0,240,68,1,CD3e,0.18563929435904347,True
HNC-Wu2022,primary_outcome,0,1,1.0,240,68,1,CD4,0.6720503492739216,True
HNC-Wu2022,primary_outcome,0,1,1.0,240,68,1,CD45,-0.7133208678084435,True
HNC-Wu2022,primary_outcome,0,1,1.0,240,68,1,CD45RA,0.0,False
HNC-Wu2022,primary_outcome,0,1,1.0,240,68,1,CD45RO,1.0539208857260116,True
HNC-Wu2022,primary_outcome,0,1,1.0,240,68,1,CD47,-0.4930570560765439,True
HNC-Wu2022,primary_outcome,0,1,1.0,240,68,1,CD49f,0.0,False
HNC-Wu2022,primary_outcome,0,1,1.0,240,68,1,CD56,1.172920988758279,True
HNC-Wu2022,primary_outcome,0,1,1.0,240,68,1,CD57,0.0,False
HNC-Wu2022,primary_outcome,0,1,1.0,240,68,1,CD68,-0.12081629587911169,True
HNC-Wu2022,primary_outcome,0,1,1.0,240,68,1,CD69,0.0,False
HNC-Wu2022,primary_outcome,0,1,1.0,240,68,1,CD8,0.1643089068377475,True
HNC-Wu2022,primary_outcome,0,1,1.0,240,68,1,CollagenIV,-0.33818555121468874,True
HNC-Wu2022,primary_outcome,0,1,1.0,240,68,1,DAPI,-0.1890179225088694,True
HNC-Wu2022,primary_outcome,0,1,1.0,240,68,1,FoxP3,0.0533928788559644,True
HNC-Wu2022,primary_outcome,0,1,1.0,240,68,1,GranzymeB,-0.25867705857446066,True
HNC-Wu2022,primary_outcome,0,1,1.0,240,68,1,HLA-DR,0.3917618202810055,True
HNC-Wu2022,primary_outcome,0,1,1.0,240,68,1,ICOS,-0.23847531639623837,True
HNC-Wu2022,primary_outcome,0,1,1.0,240,68,1,Ki67,0.8625738505361447,True
HNC-Wu2022,primary_outcome,0,1,1.0,240,68,1,PD1,-0.29217375166492576,True
HNC-Wu2022,primary_outcome,0,1,1.0,240,68,1,PDL1,0.031524063940932205,True
HNC-Wu2022,primary_outcome,0,1,1.0,240,68,1,PanCK,0.17981461119201456,True
HNC-Wu2022,primary_outcome,0,1,1.0,240,68,1,Podoplanin,0.0,False
HNC-Wu2022,primary_outcome,0,1,1.0,240,68,1,TMEM16A,-0.5694230653582999,True
HNC-Wu2022,primary_outcome,0,1,1.0,240,68,1,Vimentin,-0.0326216655729129,True
HNC-Wu2022,primary_outcome,0,1,1.0,240,68,1,aSMA,-0.3862935961638923,True
HNC-Wu2022,primary_outcome,0,1,1.0,240,68,1,p16,0.05431323984372575,True
HNC-Wu2022,primary_outcome,0,2,1.0,245,63,1,CD117,-0.581581723236285,True
HNC-Wu2022,primary_outcome,0,2,1.0,245,63,1,CD11b,0.0,False
HNC-Wu2022,primary_outcome,0,2,1.0,245,63,1,CD11c,0.0,False
HNC-Wu2022,primary_outcome,0,2,1.0,245,63,1,CD134,0.4995809983130585,True
HNC-Wu2022,primary_outcome,0,2,1.0,245,63,1,CD14,0.18281483093978879,True
HNC-Wu2022,primary_outcome,0,2,1.0,245,63,1,CD15,0.21156353474535708,True
HNC-Wu2022,primary_outcome,0,2,1.0,245,63,1,CD152,0.0,False
HNC-Wu2022,primary_outcome,0,2,1.0,245,63,1,CD16,-0.20354979386983688,True
HNC-Wu2022,primary_outcome,0,2,1.0,245,63,1,CD163,-0.25282741344537557,True
HNC-Wu2022,primary_outcome,0,2,1.0,245,63,1,CD20,-0.13077762974594317,True
HNC-Wu2022,primary_outcome,0,2,1.0,245,63,1,CD21,0.0,False
HNC-Wu2022,primary_outcome,0,2,1.0,245,63,1,CD31,0.0,False
HNC-Wu2022,primary_outcome,0,2,1.0,245,63,1,CD34,0.20484616016876017,True
HNC-Wu2022,primary_outcome,0,2,1.0,245,63,1,CD38,0.3354776889313895,True
HNC-Wu2022,primary_outcome,0,2,1.0,245,63,1,CD3e,0.309141018703479,True
HNC-Wu2022,primary_outcome,0,2,1.0,245,63,1,CD4,0.23511898775329348,True
HNC-Wu2022,primary_outcome,0,2,1.0,245,63,1,CD45,-0.9836518699861204,True
HNC-Wu2022,primary_outcome,0,2,1.0,245,63,1,CD45RA,0.04770037662582808,True
HNC-Wu2022,primary_outcome,0,2,1.0,245,63,1,CD45RO,0.6794126218798517,True
HNC-Wu2022,primary_outcome,0,2,1.0,245,63,1,CD47,-0.09066305075789916,True
HNC-Wu2022,primary_outcome,0,2,1.0,245,63,1,CD49f,-0.8931186308431924,True
HNC-Wu2022,primary_outcome,0,2,1.0,245,63,1,CD56,0.03819790188381674,True
HNC-Wu2022,primary_outcome,0,2,1.0,245,63,1,CD57,0.0,False
HNC-Wu2022,primary_outcome,0,2,1.0,245,63,1,CD68,-0.2810256919639757,True
HNC-Wu2022,primary_outcome,0,2,1.0,245,63,1,CD69,0.0,False
HNC-Wu2022,primary_outcome,0,2,1.0,245,63,1,CD8,1.2656485834452658,True
HNC-Wu2022,primary_outcome,0,2,1.0,245,63,1,CollagenIV,0.0,False
HNC-Wu2022,primary_outcome,0,2,1.0,245,63,1,DAPI,-0.16539828660765796,True
HNC-Wu2022,primary_outcome,0,2,1.0,245,63,1,FoxP3,0.20560669891676545,True
HNC-Wu2022,primary_outcome,0,2,1.0,245,63,1,GranzymeB,0.0,False
HNC-Wu2022,primary_outcome,0,2,1.0,245,63,1,HLA-DR,0.36200057455702134,True
HNC-Wu2022,primary_outcome,0,2,1.0,245,63,1,ICOS,0.0,False
HNC-Wu2022,primary_outcome,0,2,1.0,245,63,1,Ki67,0.5123548409511156,True
HNC-Wu2022,primary_outcome,0,2,1.0,245,63,1,PD1,-0.3926315186593009,True
HNC-Wu2022,primary_outcome,0,2,1.0,245,63,1,PDL1,0.2950233913423771,True
HNC-Wu2022,primary_outcome,0,2,1.0,245,63,1,PanCK,0.0,False
HNC-Wu2022,primary_outcome,0,2,1.0,245,63,1,Podoplanin,-0.1229173177039302,True
HNC-Wu2022,primary_outcome,0,2,1.0,245,63,1,TMEM16A,0.0,False
HNC-Wu2022,primary_outcome,0,2,1.0,245,63,1,Vimentin,0.09490090993023508,True
HNC-Wu2022,primary_outcome,0,2,1.0,245,63,1,aSMA,-0.3093038977279478,True
HNC-Wu2022,primary_outcome,0,2,1.0,245,63,1,p16,0.0,False
HNC-Wu2022,primary_outcome,0,3,1.0,248,60,1,CD117,-0.3547155680705646,True
HNC-Wu2022,primary_outcome,0,3,1.0,248,60,1,CD11b,-0.3822352658117191,True
HNC-Wu2022,primary_outcome,0,3,1.0,248,60,1,CD11c,0.0,False
HNC-Wu2022,primary_outcome,0,3,1.0,248,60,1,CD134,0.0,False
HNC-Wu2022,primary_outcome,0,3,1.0,248,60,1,CD14,0.20423688457903602,True
HNC-Wu2022,primary_outcome,0,3,1.0,248,60,1,CD15,0.6095337429974055,True
HNC-Wu2022,primary_outcome,0,3,1.0,248,60,1,CD152,0.0,False
HNC-Wu2022,primary_outcome,0,3,1.0,248,60,1,CD16,-0.2388767994421447,True
HNC-Wu2022,primary_outcome,0,3,1.0,248,60,1,CD163,-0.25441092067743737,True
HNC-Wu2022,primary_outcome,0,3,1.0,248,60,1,CD20,-0.17922419512453575,True
HNC-Wu2022,primary_outcome,0,3,1.0,248,60,1,CD21,0.0,False
HNC-Wu2022,primary_outcome,0,3,1.0,248,60,1,CD31,0.01888977302804745,True
HNC-Wu2022,primary_outcome,0,3,1.0,248,60,1,CD34,0.09838150881520188,True
HNC-Wu2022,primary_outcome,0,3,1.0,248,60,1,CD38,0.47080093165792264,True
HNC-Wu2022,primary_outcome,0,3,1.0,248,60,1,CD3e,0.34686247948876253,True
HNC-Wu2022,primary_outcome,0,3,1.0,248,60,1,CD4,0.13908494923073422,True
HNC-Wu2022,primary_outcome,0,3,1.0,248,60,1,CD45,-0.7517991845985349,True
HNC-Wu2022,primary_outcome,0,3,1.0,248,60,1,CD45RA,0.0,False
HNC-Wu2022,primary_outcome,0,3,1.0,248,60,1,CD45RO,0.9305496079216756,True
HNC-Wu2022,primary_outcome,0,3,1.0,248,60,1,CD47,0.0,False
HNC-Wu2022,primary_outcome,0,3,1.0,248,60,1,CD49f,-0.43058000944004304,True
HNC-Wu2022,primary_outcome,0,3,1.0,248,60,1,CD56,0.34368559366659407,True
HNC-Wu2022,primary_outcome,0,3,1.0,248,60,1,CD57,0.03714926139994624,True
HNC-Wu2022,primary_outcome,0,3,1.0,248,60,1,CD68,-0.10687469136004242,True
HNC-Wu2022,primary_outcome,0,3,1.0,248,60,1,CD69,0.0,False
HNC-Wu2022,primary_outcome,0,3,1.0,248,60,1,CD8,0.4493929601934693,True
HNC-Wu2022,primary_outcome,0,3,1.0,248,60,1,CollagenIV,-0.11017839255560496,True
HNC-Wu2022,primary_outcome,0,3,1.0,248,60,1,DAPI,-0.3735664557122458,True
HNC-Wu2022,primary_outcome,0,3,1.0,248,60,1,FoxP3,0.0,False
HNC-Wu2022,primary_outcome,0,3,1.0,248,60,1,GranzymeB,-0.06002180691355168,True
HNC-Wu2022,primary_outcome,0,3,1.0,248,60,1,HLA-DR,0.5114288781204039,True
HNC-Wu2022,primary_outcome,0,3,1.0,248,60,1,ICOS,-0.3427958244166586,True
HNC-Wu2022,primary_outcome,0,3,1.0,248,60,1,Ki67,0.4841971601122005,True
HNC-Wu2022,primary_outcome,0,3,1.0,248,60,1,PD1,-0.16146106349515918,True
HNC-Wu2022,primary_outcome,0,3,1.0,248,60,1,PDL1,0.2841680238720429,True
HNC-Wu2022,primary_outcome,0,3,1.0,248,60,1,PanCK,0.09039040690272847,True
HNC-Wu2022,primary_outcome,0,3,1.0,248,60,1,Podoplanin,-0.041119091975138446,True
HNC-Wu2022,primary_outcome,0,3,1.0,248,60,1,TMEM16A,-0.02779078138701374,True
HNC-Wu2022,primary_outcome,0,3,1.0,248,60,1,Vimentin,0.0,False
HNC-Wu2022,primary_outcome,0,3,1.0,248,60,1,aSMA,-0.249494996370261,True
HNC-Wu2022,primary_outcome,0,3,1.0,248,60,1,p16,0.019267391373195362,True
HNC-Wu2022,primary_outcome,0,4,1.0,256,52,1,CD117,-0.5525276076867675,True
HNC-Wu2022,primary_outcome,0,4,1.0,256,52,1,CD11b,0.0,False
HNC-Wu2022,primary_outcome,0,4,1.0,256,52,1,CD11c,0.0,False
HNC-Wu2022,primary_outcome,0,4,1.0,256,52,1,CD134,0.0,False
HNC-Wu2022,primary_outcome,0,4,1.0,256,52,1,CD14,0.07987935227606915,True
HNC-Wu2022,primary_outcome,0,4,1.0,256,52,1,CD15,0.4688198076205505,True
HNC-Wu2022,primary_outcome,0,4,1.0,256,52,1,CD152,0.0453557379731686,True
HNC-Wu2022,primary_outcome,0,4,1.0,256,52,1,CD16,-0.25862286162243897,True
HNC-Wu2022,primary_outcome,0,4,1.0,256,52,1,CD163,-0.11568978251719174,True
HNC-Wu2022,primary_outcome,0,4,1.0,256,52,1,CD20,0.0,False
HNC-Wu2022,primary_outcome,0,4,1.0,256,52,1,CD21,-0.6481718581881815,True
HNC-Wu2022,primary_outcome,0,4,1.0,256,52,1,CD31,0.06794951975428394,True
HNC-Wu2022,primary_outcome,0,4,1.0,256,52,1,CD34,0.0,False
HNC-Wu2022,primary_outcome,0,4,1.0,256,52,1,CD38,0.3427934107241152,True
HNC-Wu2022,primary_outcome,0,4,1.0,256,52,1,CD3e,0.3208616909124169,True
HNC-Wu2022,primary_outcome,0,4,1.0,256,52,1,CD4,0.49060689570402805,True
HNC-Wu2022,primary_outcome,0,4,1.0,256,52,1,CD45,-0.9682172367241063,True
HNC-Wu2022,primary_outcome,0,4,1.0,256,52,1,CD45RA,0.0,False
HNC-Wu2022,primary_outcome,0,4,1.0,256,52,1,CD45RO,0.8125660059781035,True
HNC-Wu2022,primary_outcome,0,4,1.0,256,52,1,CD47,0.20323325382282703,True
HNC-Wu2022,primary_outcome,0,4,1.0,256,52,1,CD49f,-0.5435878173600642,True
HNC-Wu2022,primary_outcome,0,4,1.0,256,52,1,CD56,0.20291368671981722,True
HNC-Wu2022,primary_outcome,0,4,1.0,256,52,1,CD57,0.0,False
HNC-Wu2022,primary_outcome,0,4,1.0,256,52,1,CD68,-0.3346865247888327,True
HNC-Wu2022,primary_outcome,0,4,1.0,256,52,1,CD69,0.14033863378657552,True
HNC-Wu2022,primary_outcome,0,4,1.0,256,52,1,CD8,0.5775616629300984,True
HNC-Wu2022,primary_outcome,0,4,1.0,256,52,1,CollagenIV,-0.2798688395846563,True
HNC-Wu2022,primary_outcome,0,4,1.0,256,52,1,DAPI,-0.03604929500076477,True
HNC-Wu2022,primary_outcome,0,4,1.0,256,52,1,FoxP3,0.10062616634430899,True
HNC-Wu2022,primary_outcome,0,4,1.0,256,52,1,GranzymeB,-0.1784800927838712,True
HNC-Wu2022,primary_outcome,0,4,1.0,256,52,1,HLA-DR,0.8790053593473325,True
HNC-Wu2022,primary_outcome,0,4,1.0,256,52,1,ICOS,-0.170423017630844,True
HNC-Wu2022,primary_outcome,0,4,1.0,256,52,1,Ki67,0.6001144159478744,True
HNC-Wu2022,primary_outcome,0,4,1.0,256,52,1,PD1,-0.15582337115817557,True
HNC-Wu2022,primary_outcome,0,4,1.0,256,52,1,PDL1,0.1565696576405377,True
HNC-Wu2022,primary_outcome,0,4,1.0,256,52,1,PanCK,0.0,False
HNC-Wu2022,primary_outcome,0,4,1.0,256,52,1,Podoplanin,-0.012345507162028712,True
HNC-Wu2022,primary_outcome,0,4,1.0,256,52,1,TMEM16A,-0.0010422215737050467,True
HNC-Wu2022,primary_outcome,0,4,1.0,256,52,1,Vimentin,0.030398985764429967,True
HNC-Wu2022,primary_outcome,0,4,1.0,256,52,1,aSMA,0.0,False
HNC-Wu2022,primary_outcome,0,4,1.0,256,52,1,p16,0.0,False
HNC-Wu2022,primary_outcome,1,0,1.0,246,62,1,CD117,-0.2954434045981351,True
HNC-Wu2022,primary_outcome,1,0,1.0,246,62,1,CD11b,0.0,False
HNC-Wu2022,primary_outcome,1,0,1.0,246,62,1,CD11c,0.0,False
HNC-Wu2022,primary_outcome,1,0,1.0,246,62,1,CD134,0.0,False
HNC-Wu2022,primary_outcome,1,0,1.0,246,62,1,CD14,0.2097454794696112,True
HNC-Wu2022,primary_outcome,1,0,1.0,246,62,1,CD15,0.383439038982929,True
HNC-Wu2022,primary_outcome,1,0,1.0,246,62,1,CD152,0.0,False
HNC-Wu2022,primary_outcome,1,0,1.0,246,62,1,CD16,0.06037706290932884,True
HNC-Wu2022,primary_outcome,1,0,1.0,246,62,1,CD163,-0.39059965173809713,True
HNC-Wu2022,primary_outcome,1,0,1.0,246,62,1,CD20,-0.1797778454687257,True
HNC-Wu2022,primary_outcome,1,0,1.0,246,62,1,CD21,-0.108042552046063,True
HNC-Wu2022,primary_outcome,1,0,1.0,246,62,1,CD31,-0.031156743304383817,True
HNC-Wu2022,primary_outcome,1,0,1.0,246,62,1,CD34,0.3649243166642967,True
HNC-Wu2022,primary_outcome,1,0,1.0,246,62,1,CD38,0.46361106267131175,True
HNC-Wu2022,primary_outcome,1,0,1.0,246,62,1,CD3e,0.04580449249449627,True
HNC-Wu2022,primary_outcome,1,0,1.0,246,62,1,CD4,0.40961305638622447,True
HNC-Wu2022,primary_outcome,1,0,1.0,246,62,1,CD45,-0.9459107967474444,True
HNC-Wu2022,primary_outcome,1,0,1.0,246,62,1,CD45RA,0.0,False
HNC-Wu2022,primary_outcome,1,0,1.0,246,62,1,CD45RO,0.7927086054937051,True
HNC-Wu2022,primary_outcome,1,0,1.0,246,62,1,CD47,0.0,False
HNC-Wu2022,primary_outcome,1,0,1.0,246,62,1,CD49f,-0.6001449999304733,True
HNC-Wu2022,primary_outcome,1,0,1.0,246,62,1,CD56,0.0,False
HNC-Wu2022,primary_outcome,1,0,1.0,246,62,1,CD57,0.0,False
HNC-Wu2022,primary_outcome,1,0,1.0,246,62,1,CD68,-0.16054558389905843,True
HNC-Wu2022,primary_outcome,1,0,1.0,246,62,1,CD69,0.0,False
HNC-Wu2022,primary_outcome,1,0,1.0,246,62,1,CD8,0.8056937165960908,True
HNC-Wu2022,primary_outcome,1,0,1.0,246,62,1,CollagenIV,-0.10139688933220246,True
HNC-Wu2022,primary_outcome,1,0,1.0,246,62,1,DAPI,-0.25539535739689884,True
HNC-Wu2022,primary_outcome,1,0,1.0,246,62,1,FoxP3,0.10155037073901078,True
HNC-Wu2022,primary_outcome,1,0,1.0,246,62,1,GranzymeB,0.0,False
HNC-Wu2022,primary_outcome,1,0,1.0,246,62,1,HLA-DR,0.588613389970656,True
HNC-Wu2022,primary_outcome,1,0,1.0,246,62,1,ICOS,-0.07086610539939907,True
HNC-Wu2022,primary_outcome,1,0,1.0,246,62,1,Ki67,0.9161966509543951,True
HNC-Wu2022,primary_outcome,1,0,1.0,246,62,1,PD1,-0.2816687178290464,True
HNC-Wu2022,primary_outcome,1,0,1.0,246,62,1,PDL1,0.17536811365865324,True
HNC-Wu2022,primary_outcome,1,0,1.0,246,62,1,PanCK,0.0,False
HNC-Wu2022,primary_outcome,1,0,1.0,246,62,1,Podoplanin,-0.2418391942762709,True
HNC-Wu2022,primary_outcome,1,0,1.0,246,62,1,TMEM16A,0.0,False
HNC-Wu2022,primary_outcome,1,0,1.0,246,62,1,Vimentin,-0.06605940807168853,True
HNC-Wu2022,primary_outcome,1,0,1.0,246,62,1,aSMA,-0.4375053563190894,True
HNC-Wu2022,primary_outcome,1,0,1.0,246,62,1,p16,0.0,False
HNC-Wu2022,primary_outcome,1,1,1.0,244,64,1,CD117,-0.5173411505469726,True
HNC-Wu2022,primary_outcome,1,1,1.0,244,64,1,CD11b,-0.3057002609770276,True
HNC-Wu2022,primary_outcome,1,1,1.0,244,64,1,CD11c,0.14618499326960363,True
HNC-Wu2022,primary_outcome,1,1,1.0,244,64,1,CD134,0.0,False
HNC-Wu2022,primary_outcome,1,1,1.0,244,64,1,CD14,0.09529545422851834,True
HNC-Wu2022,primary_outcome,1,1,1.0,244,64,1,CD15,0.5229701493201846,True
HNC-Wu2022,primary_outcome,1,1,1.0,244,64,1,CD152,0.4233018322309253,True
HNC-Wu2022,primary_outcome,1,1,1.0,244,64,1,CD16,-0.5629338055924751,True
HNC-Wu2022,primary_outcome,1,1,1.0,244,64,1,CD163,-0.05143907518650302,True
HNC-Wu2022,primary_outcome,1,1,1.0,244,64,1,CD20,-0.014804300668973565,True
HNC-Wu2022,primary_outcome,1,1,1.0,244,64,1,CD21,0.0,False
HNC-Wu2022,primary_outcome,1,1,1.0,244,64,1,CD31,0.1280512046418454,True
HNC-Wu2022,primary_outcome,1,1,1.0,244,64,1,CD34,0.0,False
HNC-Wu2022,primary_outcome,1,1,1.0,244,64,1,CD38,0.4528933895834453,True
HNC-Wu2022,primary_outcome,1,1,1.0,244,64,1,CD3e,0.4295503632805661,True
HNC-Wu2022,primary_outcome,1,1,1.0,244,64,1,CD4,0.45086453789602665,True
HNC-Wu2022,primary_outcome,1,1,1.0,244,64,1,CD45,-0.7153677236103894,True
HNC-Wu2022,primary_outcome,1,1,1.0,244,64,1,CD45RA,0.0,False
HNC-Wu2022,primary_outcome,1,1,1.0,244,64,1,CD45RO,0.6331265239049765,True
HNC-Wu2022,primary_outcome,1,1,1.0,244,64,1,CD47,-0.011950635118475833,True
HNC-Wu2022,primary_outcome,1,1,1.0,244,64,1,CD49f,-0.37063460175983454,True
HNC-Wu2022,primary_outcome,1,1,1.0,244,64,1,CD56,0.5881540166962549,True
HNC-Wu2022,primary_outcome,1,1,1.0,244,64,1,CD57,0.20593392950070669,True
HNC-Wu2022,primary_outcome,1,1,1.0,244,64,1,CD68,-0.12445148157632241,True
HNC-Wu2022,primary_outcome,1,1,1.0,244,64,1,CD69,0.0,False
HNC-Wu2022,primary_outcome,1,1,1.0,244,64,1,CD8,0.19112893404771422,True
HNC-Wu2022,primary_outcome,1,1,1.0,244,64,1,CollagenIV,-0.15072290980228029,True
HNC-Wu2022,primary_outcome,1,1,1.0,244,64,1,DAPI,-0.2016980752473363,True
HNC-Wu2022,primary_outcome,1,1,1.0,244,64,1,FoxP3,0.0,False
HNC-Wu2022,primary_outcome,1,1,1.0,244,64,1,GranzymeB,0.0,False
HNC-Wu2022,primary_outcome,1,1,1.0,244,64,1,HLA-DR,0.6080590044694089,True
HNC-Wu2022,primary_outcome,1,1,1.0,244,64,1,ICOS,0.0,False
HNC-Wu2022,primary_outcome,1,1,1.0,244,64,1,Ki67,0.685078801458681,True
HNC-Wu2022,primary_outcome,1,1,1.0,244,64,1,PD1,-0.4571395123475962,True
HNC-Wu2022,primary_outcome,1,1,1.0,244,64,1,PDL1,0.10821507797729243,True
HNC-Wu2022,primary_outcome,1,1,1.0,244,64,1,PanCK,0.0,False
HNC-Wu2022,primary_outcome,1,1,1.0,244,64,1,Podoplanin,0.0,False
HNC-Wu2022,primary_outcome,1,1,1.0,244,64,1,TMEM16A,-0.4210633383709214,True
HNC-Wu2022,primary_outcome,1,1,1.0,244,64,1,Vimentin,0.0,False
HNC-Wu2022,primary_outcome,1,1,1.0,244,64,1,aSMA,-0.12767666387897988,True
HNC-Wu2022,primary_outcome,1,1,1.0,244,64,1,p16,0.0,False
HNC-Wu2022,primary_outcome,1,2,1.0,250,58,1,CD117,-0.429457280031672,True
HNC-Wu2022,primary_outcome,1,2,1.0,250,58,1,CD11b,-0.3703734587866426,True
HNC-Wu2022,primary_outcome,1,2,1.0,250,58,1,CD11c,-0.056293303223426724,True
HNC-Wu2022,primary_outcome,1,2,1.0,250,58,1,CD134,0.0,False
HNC-Wu2022,primary_outcome,1,2,1.0,250,58,1,CD14,0.2145211398555061,True
HNC-Wu2022,primary_outcome,1,2,1.0,250,58,1,CD15,0.6663384905740121,True
HNC-Wu2022,primary_outcome,1,2,1.0,250,58,1,CD152,0.06995261727074767,True
HNC-Wu2022,primary_outcome,1,2,1.0,250,58,1,CD16,-0.10414480730441393,True
HNC-Wu2022,primary_outcome,1,2,1.0,250,58,1,CD163,-0.3996617746746503,True
HNC-Wu2022,primary_outcome,1,2,1.0,250,58,1,CD20,0.0,False
HNC-Wu2022,primary_outcome,1,2,1.0,250,58,1,CD21,0.0,False
HNC-Wu2022,primary_outcome,1,2,1.0,250,58,1,CD31,0.0012595128963666029,True
HNC-Wu2022,primary_outcome,1,2,1.0,250,58,1,CD34,0.22136749504763764,True
HNC-Wu2022,primary_outcome,1,2,1.0,250,58,1,CD38,0.23801339650534803,True
HNC-Wu2022,primary_outcome,1,2,1.0,250,58,1,CD3e,0.2478778296529852,True
HNC-Wu2022,primary_outcome,1,2,1.0,250,58,1,CD4,0.5365840512762862,True
HNC-Wu2022,primary_outcome,1,2,1.0,250,58,1,CD45,-1.0100396130451716,True
HNC-Wu2022,primary_outcome,1,2,1.0,250,58,1,CD45RA,0.11096319206278135,True
HNC-Wu2022,primary_outcome,1,2,1.0,250,58,1,CD45RO,0.9431447004976538,True
HNC-Wu2022,primary_outcome,1,2,1.0,250,58,1,CD47,-0.38928099848883113,True
HNC-Wu2022,primary_outcome,1,2,1.0,250,58,1,CD49f,0.0,False
HNC-Wu2022,primary_outcome,1,2,1.0,250,58,1,CD56,0.06732266690441938,True
HNC-Wu2022,primary_outcome,1,2,1.0,250,58,1,CD57,0.021437856910336978,True
HNC-Wu2022,primary_outcome,1,2,1.0,250,58,1,CD68,-0.17756658202635714,True
HNC-Wu2022,primary_outcome,1,2,1.0,250,58,1,CD69,0.0,False
HNC-Wu2022,primary_outcome,1,2,1.0,250,58,1,CD8,0.39204863930935396,True
HNC-Wu2022,primary_outcome,1,2,1.0,250,58,1,CollagenIV,-0.07495917781180114,True
HNC-Wu2022,primary_outcome,1,2,1.0,250,58,1,DAPI,-0.11117521866637073,True
HNC-Wu2022,primary_outcome,1,2,1.0,250,58,1,FoxP3,0.0,False
HNC-Wu2022,primary_outcome,1,2,1.0,250,58,1,GranzymeB,-0.14768882661711227,True
HNC-Wu2022,primary_outcome,1,2,1.0,250,58,1,HLA-DR,0.5150472693358467,True
HNC-Wu2022,primary_outcome,1,2,1.0,250,58,1,ICOS,-0.46351992064671715,True
HNC-Wu2022,primary_outcome,1,2,1.0,250,58,1,Ki67,0.7476024679792139,True
HNC-Wu2022,primary_outcome,1,2,1.0,250,58,1,PD1,0.0,False
HNC-Wu2022,primary_outcome,1,2,1.0,250,58,1,PDL1,0.38639256857857035,True
HNC-Wu2022,primary_outcome,1,2,1.0,250,58,1,PanCK,0.3213065814539541,True
HNC-Wu2022,primary_outcome,1,2,1.0,250,58,1,Podoplanin,0.0,False
HNC-Wu2022,primary_outcome,1,2,1.0,250,58,1,TMEM16A,-0.10336418518090004,True
HNC-Wu2022,primary_outcome,1,2,1.0,250,58,1,Vimentin,0.0,False
HNC-Wu2022,primary_outcome,1,2,1.0,250,58,1,aSMA,0.0,False
HNC-Wu2022,primary_outcome,1,2,1.0,250,58,1,p16,0.0,False
HNC-Wu2022,primary_outcome,1,3,1.0,248,60,1,CD117,-0.779505205392499,True
HNC-Wu2022,primary_outcome,1,3,1.0,248,60,1,CD11b,0.0,False
HNC-Wu2022,primary_outcome,1,3,1.0,248,60,1,CD11c,0.0,False
HNC-Wu2022,primary_outcome,1,3,1.0,248,60,1,CD134,0.6759978880148726,True
HNC-Wu2022,primary_outcome,1,3,1.0,248,60,1,CD14,0.19395107822775337,True
HNC-Wu2022,primary_outcome,1,3,1.0,248,60,1,CD15,0.39498884544701834,True
HNC-Wu2022,primary_outcome,1,3,1.0,248,60,1,CD152,-0.18865951815322762,True
HNC-Wu2022,primary_outcome,1,3,1.0,248,60,1,CD16,-0.2841822716567195,True
HNC-Wu2022,primary_outcome,1,3,1.0,248,60,1,CD163,-0.16451636671728814,True
HNC-Wu2022,primary_outcome,1,3,1.0,248,60,1,CD20,-0.1311963591525673,True
HNC-Wu2022,primary_outcome,1,3,1.0,248,60,1,CD21,0.0,False
HNC-Wu2022,primary_outcome,1,3,1.0,248,60,1,CD31,0.0,False
HNC-Wu2022,primary_outcome,1,3,1.0,248,60,1,CD34,0.06121740480675823,True
HNC-Wu2022,primary_outcome,1,3,1.0,248,60,1,CD38,0.2943852434325976,True
HNC-Wu2022,primary_outcome,1,3,1.0,248,60,1,CD3e,0.5966811649647422,True
HNC-Wu2022,primary_outcome,1,3,1.0,248,60,1,CD4,0.0,False
HNC-Wu2022,primary_outcome,1,3,1.0,248,60,1,CD45,-0.7784165677784018,True
HNC-Wu2022,primary_outcome,1,3,1.0,248,60,1,CD45RA,9.66651666315656e-05,True
HNC-Wu2022,primary_outcome,1,3,1.0,248,60,1,CD45RO,0.8668141814055519,True
HNC-Wu2022,primary_outcome,1,3,1.0,248,60,1,CD47,-0.2555405926222473,True
HNC-Wu2022,primary_outcome,1,3,1.0,248,60,1,CD49f,-0.5982849367596348,True
HNC-Wu2022,primary_outcome,1,3,1.0,248,60,1,CD56,0.1911445484393661,True
HNC-Wu2022,primary_outcome,1,3,1.0,248,60,1,CD57,0.0,False
HNC-Wu2022,primary_outcome,1,3,1.0,248,60,1,CD68,-0.1080171813778867,True
HNC-Wu2022,primary_outcome,1,3,1.0,248,60,1,CD69,0.0,False
HNC-Wu2022,primary_outcome,1,3,1.0,248,60,1,CD8,0.7090522989594921,True
HNC-Wu2022,primary_outcome,1,3,1.0,248,60,1,CollagenIV,0.0,False
HNC-Wu2022,primary_outcome,1,3,1.0,248,60,1,DAPI,0.0,False
HNC-Wu2022,primary_outcome,1,3,1.0,248,60,1,FoxP3,0.055277590600599634,True
HNC-Wu2022,primary_outcome,1,3,1.0,248,60,1,GranzymeB,0.0,False
HNC-Wu2022,primary_outcome,1,3,1.0,248,60,1,HLA-DR,0.37551158289429915,True
HNC-Wu2022,primary_outcome,1,3,1.0,248,60,1,ICOS,-0.19321338524103748,True
HNC-Wu2022,primary_outcome,1,3,1.0,248,60,1,Ki67,0.9475230641302211,True
HNC-Wu2022,primary_outcome,1,3,1.0,248,60,1,PD1,-0.23747778716296905,True
HNC-Wu2022,primary_outcome,1,3,1.0,248,60,1,PDL1,0.154190134764891,True
HNC-Wu2022,primary_outcome,1,3,1.0,248,60,1,PanCK,0.021249249116621908,True
HNC-Wu2022,primary_outcome,1,3,1.0,248,60,1,Podoplanin,-0.11085249441532934,True
HNC-Wu2022,primary_outcome,1,3,1.0,248,60,1,TMEM16A,0.0,False
HNC-Wu2022,primary_outcome,1,3,1.0,248,60,1,Vimentin,0.0,False
HNC-Wu2022,primary_outcome,1,3,1.0,248,60,1,aSMA,-0.13886826056821716,True
HNC-Wu2022,primary_outcome,1,3,1.0,248,60,1,p16,0.030529640708879088,True
HNC-Wu2022,primary_outcome,1,4,1.0,244,64,1,CD117,-0.6056669254683087,True
HNC-Wu2022,primary_outcome,1,4,1.0,244,64,1,CD11b,0.044158850971816446,True
HNC-Wu2022,primary_outcome,1,4,1.0,244,64,1,CD11c,0.11361568141467082,True
HNC-Wu2022,primary_outcome,1,4,1.0,244,64,1,CD134,0.0,False
HNC-Wu2022,primary_outcome,1,4,1.0,244,64,1,CD14,0.12293281237603294,True
HNC-Wu2022,primary_outcome,1,4,1.0,244,64,1,CD15,0.3974276716121182,True
HNC-Wu2022,primary_outcome,1,4,1.0,244,64,1,CD152,0.0,False
HNC-Wu2022,primary_outcome,1,4,1.0,244,64,1,CD16,0.0,False
HNC-Wu2022,primary_outcome,1,4,1.0,244,64,1,CD163,-0.3623597792241544,True
HNC-Wu2022,primary_outcome,1,4,1.0,244,64,1,CD20,-0.023246232817390057,True
HNC-Wu2022,primary_outcome,1,4,1.0,244,64,1,CD21,-0.8560167857605099,True
HNC-Wu2022,primary_outcome,1,4,1.0,244,64,1,CD31,0.08685802265135885,True
HNC-Wu2022,primary_outcome,1,4,1.0,244,64,1,CD34,-0.02409715304673245,True
HNC-Wu2022,primary_outcome,1,4,1.0,244,64,1,CD38,0.2700949510208204,True
HNC-Wu2022,primary_outcome,1,4,1.0,244,64,1,CD3e,0.5916923349375228,True
HNC-Wu2022,primary_outcome,1,4,1.0,244,64,1,CD4,0.07704518825071517,True
HNC-Wu2022,primary_outcome,1,4,1.0,244,64,1,CD45,-1.1829431437193891,True
HNC-Wu2022,primary_outcome,1,4,1.0,244,64,1,CD45RA,0.0,False
HNC-Wu2022,primary_outcome,1,4,1.0,244,64,1,CD45RO,1.2796867580283005,True
HNC-Wu2022,primary_outcome,1,4,1.0,244,64,1,CD47,0.48536846876619344,True
HNC-Wu2022,primary_outcome,1,4,1.0,244,64,1,CD49f,-0.5302333715859381,True
HNC-Wu2022,primary_outcome,1,4,1.0,244,64,1,CD56,0.5386635048598815,True
HNC-Wu2022,primary_outcome,1,4,1.0,244,64,1,CD57,0.0,False
HNC-Wu2022,primary_outcome,1,4,1.0,244,64,1,CD68,-0.28837971736913937,True
HNC-Wu2022,primary_outcome,1,4,1.0,244,64,1,CD69,0.0,False
HNC-Wu2022,primary_outcome,1,4,1.0,244,64,1,CD8,0.640827435313795,True
HNC-Wu2022,primary_outcome,1,4,1.0,244,64,1,CollagenIV,-0.2210018813635927,True
HNC-Wu2022,primary_outcome,1,4,1.0,244,64,1,DAPI,-0.3437705999390532,True
HNC-Wu2022,primary_outcome,1,4,1.0,244,64,1,FoxP3,0.0,False
HNC-Wu2022,primary_outcome,1,4,1.0,244,64,1,GranzymeB,-0.473452288640031,True
HNC-Wu2022,primary_outcome,1,4,1.0,244,64,1,HLA-DR,0.8848274980334411,True
HNC-Wu2022,primary_outcome,1,4,1.0,244,64,1,ICOS,-0.06574001598936544,True
HNC-Wu2022,primary_outcome,1,4,1.0,244,64,1,Ki67,0.42138797936815053,True
HNC-Wu2022,primary_outcome,1,4,1.0,244,64,1,PD1,-0.2542554858993527,True
HNC-Wu2022,primary_outcome,1,4,1.0,244,64,1,PDL1,0.38305678803903204,True
HNC-Wu2022,primary_outcome,1,4,1.0,244,64,1,PanCK,0.11557456071889244,True
HNC-Wu2022,primary_outcome,1,4,1.0,244,64,1,Podoplanin,0.0,False
HNC-Wu2022,primary_outcome,1,4,1.0,244,64,1,TMEM16A,0.0,False
HNC-Wu2022,primary_outcome,1,4,1.0,244,64,1,Vimentin,0.347493084348601,True
HNC-Wu2022,primary_outcome,1,4,1.0,244,64,1,aSMA,-0.03172511324847608,True
HNC-Wu2022,primary_outcome,1,4,1.0,244,64,1,p16,-0.350171112324877,True
HNC-Wu2022,primary_outcome,2,0,1.0,246,62,1,CD117,-0.8009535801858316,True
HNC-Wu2022,primary_outcome,2,0,1.0,246,62,1,CD11b,-0.007612678076358043,True
HNC-Wu2022,primary_outcome,2,0,1.0,246,62,1,CD11c,0.0,False
HNC-Wu2022,primary_outcome,2,0,1.0,246,62,1,CD134,0.7994913014276079,True
HNC-Wu2022,primary_outcome,2,0,1.0,246,62,1,CD14,-0.06316338582615343,True
HNC-Wu2022,primary_outcome,2,0,1.0,246,62,1,CD15,0.29347249171301687,True
HNC-Wu2022,primary_outcome,2,0,1.0,246,62,1,CD152,0.0,False
HNC-Wu2022,primary_outcome,2,0,1.0,246,62,1,CD16,-0.3630133207086072,True
HNC-Wu2022,primary_outcome,2,0,1.0,246,62,1,CD163,-0.3228565997705189,True
HNC-Wu2022,primary_outcome,2,0,1.0,246,62,1,CD20,0.1295801252900753,True
HNC-Wu2022,primary_outcome,2,0,1.0,246,62,1,CD21,0.0,False
HNC-Wu2022,primary_outcome,2,0,1.0,246,62,1,CD31,-0.37467602726130655,True
HNC-Wu2022,primary_outcome,2,0,1.0,246,62,1,CD34,0.16806781402261003,True
HNC-Wu2022,primary_outcome,2,0,1.0,246,62,1,CD38,0.3660400539299212,True
HNC-Wu2022,primary_outcome,2,0,1.0,246,62,1,CD3e,0.9651619733202504,True
HNC-Wu2022,primary_outcome,2,0,1.0,246,62,1,CD4,0.0,False
HNC-Wu2022,primary_outcome,2,0,1.0,246,62,1,CD45,-1.1461816558809903,True
HNC-Wu2022,primary_outcome,2,0,1.0,246,62,1,CD45RA,0.14993836497011379,True
HNC-Wu2022,primary_outcome,2,0,1.0,246,62,1,CD45RO,0.5839565621029809,True
HNC-Wu2022,primary_outcome,2,0,1.0,246,62,1,CD47,0.0,False
HNC-Wu2022,primary_outcome,2,0,1.0,246,62,1,CD49f,-0.5011536606947882,True
HNC-Wu2022,primary_outcome,2,0,1.0,246,62,1,CD56,0.38663652939394527,True
HNC-Wu2022,primary_outcome,2,0,1.0,246,62,1,CD57,0.1619946567599177,True
HNC-Wu2022,primary_outcome,2,0,1.0,246,62,1,CD68,0.13730136536089899,True
HNC-Wu2022,primary_outcome,2,0,1.0,246,62,1,CD69,0.0,False
HNC-Wu2022,primary_outcome,2,0,1.0,246,62,1,CD8,0.47692035906432195,True
HNC-Wu2022,primary_outcome,2,0,1.0,246,62,1,CollagenIV,-0.11668491579690621,True
HNC-Wu2022,primary_outcome,2,0,1.0,246,62,1,DAPI,-0.0067253793082093305,True
HNC-Wu2022,primary_outcome,2,0,1.0,246,62,1,FoxP3,0.0,False
HNC-Wu2022,primary_outcome,2,0,1.0,246,62,1,GranzymeB,0.0,False
HNC-Wu2022,primary_outcome,2,0,1.0,246,62,1,HLA-DR,0.6082673599906149,True
HNC-Wu2022,primary_outcome,2,0,1.0,246,62,1,ICOS,-0.2620666677193986,True
HNC-Wu2022,primary_outcome,2,0,1.0,246,62,1,Ki67,0.7074661986009477,True
HNC-Wu2022,primary_outcome,2,0,1.0,246,62,1,PD1,-0.5382168353549934,True
HNC-Wu2022,primary_outcome,2,0,1.0,246,62,1,PDL1,0.23725875554286427,True
HNC-Wu2022,primary_outcome,2,0,1.0,246,62,1,PanCK,0.012149808345151721,True
HNC-Wu2022,primary_outcome,2,0,1.0,246,62,1,Podoplanin,0.1393439267103695,True
HNC-Wu2022,primary_outcome,2,0,1.0,246,62,1,TMEM16A,0.0,False
HNC-Wu2022,primary_outcome,2,0,1.0,246,62,1,Vimentin,0.2639048733093011,True
HNC-Wu2022,primary_outcome,2,0,1.0,246,62,1,aSMA,-0.23607299955118,True
HNC-Wu2022,primary_outcome,2,0,1.0,246,62,1,p16,0.06195184785897382,True
HNC-Wu2022,primary_outcome,2,1,1.0,247,61,1,CD117,-0.33801999334717,True
HNC-Wu2022,primary_outcome,2,1,1.0,247,61,1,CD11b,0.0,False
HNC-Wu2022,primary_outcome,2,1,1.0,247,61,1,CD11c,0.0,False
HNC-Wu2022,primary_outcome,2,1,1.0,247,61,1,CD134,0.3349942998772347,True
HNC-Wu2022,primary_outcome,2,1,1.0,247,61,1,CD14,0.054438401417031525,True
HNC-Wu2022,primary_outcome,2,1,1.0,247,61,1,CD15,0.32665655549904016,True
HNC-Wu2022,primary_outcome,2,1,1.0,247,61,1,CD152,0.0,False
HNC-Wu2022,primary_outcome,2,1,1.0,247,61,1,CD16,0.0,False
HNC-Wu2022,primary_outcome,2,1,1.0,247,61,1,CD163,-0.008510366428031496,True
HNC-Wu2022,primary_outcome,2,1,1.0,247,61,1,CD20,-0.23238605020372946,True
HNC-Wu2022,primary_outcome,2,1,1.0,247,61,1,CD21,-0.0040316330648231605,True
HNC-Wu2022,primary_outcome,2,1,1.0,247,61,1,CD31,0.2714094023749484,True
HNC-Wu2022,primary_outcome,2,1,1.0,247,61,1,CD34,-0.267162304033452,True
HNC-Wu2022,primary_outcome,2,1,1.0,247,61,1,CD38,0.1262469626836445,True
HNC-Wu2022,primary_outcome,2,1,1.0,247,61,1,CD3e,0.5243893822167258,True
HNC-Wu2022,primary_outcome,2,1,1.0,247,61,1,CD4,0.3291586611262195,True
HNC-Wu2022,primary_outcome,2,1,1.0,247,61,1,CD45,-0.9439170783626735,True
HNC-Wu2022,primary_outcome,2,1,1.0,247,61,1,CD45RA,0.05958603651025325,True
HNC-Wu2022,primary_outcome,2,1,1.0,247,61,1,CD45RO,0.8067903929345895,True
HNC-Wu2022,primary_outcome,2,1,1.0,247,61,1,CD47,-0.14251501934237176,True
HNC-Wu2022,primary_outcome,2,1,1.0,247,61,1,CD49f,-0.9425240747364416,True
HNC-Wu2022,primary_outcome,2,1,1.0,247,61,1,CD56,0.2354196697850577,True
HNC-Wu2022,primary_outcome,2,1,1.0,247,61,1,CD57,-0.18740626236438554,True
HNC-Wu2022,primary_outcome,2,1,1.0,247,61,1,CD68,-0.0008753185211926469,True
HNC-Wu2022,primary_outcome,2,1,1.0,247,61,1,CD69,0.0,False
HNC-Wu2022,primary_outcome,2,1,1.0,247,61,1,CD8,1.318434114303879,True
HNC-Wu2022,primary_outcome,2,1,1.0,247,61,1,CollagenIV,-0.19901833882194608,True
HNC-Wu2022,primary_outcome,2,1,1.0,247,61,1,DAPI,-0.4045324389748716,True
HNC-Wu2022,primary_outcome,2,1,1.0,247,61,1,FoxP3,-0.2139150419983644,True
HNC-Wu2022,primary_outcome,2,1,1.0,247,61,1,GranzymeB,0.0,False
HNC-Wu2022,primary_outcome,2,1,1.0,247,61,1,HLA-DR,0.2045817343692056,True
HNC-Wu2022,primary_outcome,2,1,1.0,247,61,1,ICOS,-0.39999743674072913,True
HNC-Wu2022,primary_outcome,2,1,1.0,247,61,1,Ki67,0.7559976684489923,True
HNC-Wu2022,primary_outcome,2,1,1.0,247,61,1,PD1,0.0,False
HNC-Wu2022,primary_outcome,2,1,1.0,247,61,1,PDL1,0.05514874620010063,True
HNC-Wu2022,primary_outcome,2,1,1.0,247,61,1,PanCK,-0.20119863058716245,True
HNC-Wu2022,primary_outcome,2,1,1.0,247,61,1,Podoplanin,0.3211774317493632,True
HNC-Wu2022,primary_outcome,2,1,1.0,247,61,1,TMEM16A,0.0,False
HNC-Wu2022,primary_outcome,2,1,1.0,247,61,1,Vimentin,-0.1904661799848713,True
HNC-Wu2022,primary_outcome,2,1,1.0,247,61,1,aSMA,-0.18469943828513977,True
HNC-Wu2022,primary_outcome,2,1,1.0,247,61,1,p16,0.0,False
HNC-Wu2022,primary_outcome,2,2,1.0,252,56,1,CD117,-0.5258157520424478,True
HNC-Wu2022,primary_outcome,2,2,1.0,252,56,1,CD11b,-0.2081102914009243,True
HNC-Wu2022,primary_outcome,2,2,1.0,252,56,1,CD11c,0.0,False
HNC-Wu2022,primary_outcome,2,2,1.0,252,56,1,CD134,0.0,False
HNC-Wu2022,primary_outcome,2,2,1.0,252,56,1,CD14,0.21763803983705096,True
HNC-Wu2022,primary_outcome,2,2,1.0,252,56,1,CD15,0.671704634856344,True
HNC-Wu2022,primary_outcome,2,2,1.0,252,56,1,CD152,0.0,False
HNC-Wu2022,primary_outcome,2,2,1.0,252,56,1,CD16,-0.1596816394076551,True
HNC-Wu2022,primary_outcome,2,2,1.0,252,56,1,CD163,-0.4743420434023838,True
HNC-Wu2022,primary_outcome,2,2,1.0,252,56,1,CD20,-0.0026032669475826884,True
HNC-Wu2022,primary_outcome,2,2,1.0,252,56,1,CD21,-0.031419065078563936,True
HNC-Wu2022,primary_outcome,2,2,1.0,252,56,1,CD31,0.20330780377420238,True
HNC-Wu2022,primary_outcome,2,2,1.0,252,56,1,CD34,0.0035127379349084364,True
HNC-Wu2022,primary_outcome,2,2,1.0,252,56,1,CD38,0.3205472027830527,True
HNC-Wu2022,primary_outcome,2,2,1.0,252,56,1,CD3e,0.03510114701437871,True
HNC-Wu2022,primary_outcome,2,2,1.0,252,56,1,CD4,0.3593356556118452,True
HNC-Wu2022,primary_outcome,2,2,1.0,252,56,1,CD45,-0.9540185397685285,True
HNC-Wu2022,primary_outcome,2,2,1.0,252,56,1,CD45RA,0.0,False
HNC-Wu2022,primary_outcome,2,2,1.0,252,56,1,CD45RO,1.1407438857941192,True
HNC-Wu2022,primary_outcome,2,2,1.0,252,56,1,CD47,0.030763411176474787,True
HNC-Wu2022,primary_outcome,2,2,1.0,252,56,1,CD49f,-0.34829891530747137,True
HNC-Wu2022,primary_outcome,2,2,1.0,252,56,1,CD56,0.125399617572444,True
HNC-Wu2022,primary_outcome,2,2,1.0,252,56,1,CD57,0.03326373347293937,True
HNC-Wu2022,primary_outcome,2,2,1.0,252,56,1,CD68,-0.11639249473419105,True
HNC-Wu2022,primary_outcome,2,2,1.0,252,56,1,CD69,0.0,False
HNC-Wu2022,primary_outcome,2,2,1.0,252,56,1,CD8,0.31261733799552294,True
HNC-Wu2022,primary_outcome,2,2,1.0,252,56,1,CollagenIV,0.0,False
HNC-Wu2022,primary_outcome,2,2,1.0,252,56,1,DAPI,-0.21141667714424742,True
HNC-Wu2022,primary_outcome,2,2,1.0,252,56,1,FoxP3,0.0,False
HNC-Wu2022,primary_outcome,2,2,1.0,252,56,1,GranzymeB,0.0,False
HNC-Wu2022,primary_outcome,2,2,1.0,252,56,1,HLA-DR,0.4787218423117243,True
HNC-Wu2022,primary_outcome,2,2,1.0,252,56,1,ICOS,-0.30161747473115186,True
HNC-Wu2022,primary_outcome,2,2,1.0,252,56,1,Ki67,0.7617921517297593,True
HNC-Wu2022,primary_outcome,2,2,1.0,252,56,1,PD1,-0.2477841770326323,True
HNC-Wu2022,primary_outcome,2,2,1.0,252,56,1,PDL1,0.3366949982498502,True
HNC-Wu2022,primary_outcome,2,2,1.0,252,56,1,PanCK,0.33634881906538583,True
HNC-Wu2022,primary_outcome,2,2,1.0,252,56,1,Podoplanin,-0.2906989477159283,True
HNC-Wu2022,primary_outcome,2,2,1.0,252,56,1,TMEM16A,0.0,False
HNC-Wu2022,primary_outcome,2,2,1.0,252,56,1,Vimentin,0.06326419542837614,True
HNC-Wu2022,primary_outcome,2,2,1.0,252,56,1,aSMA,-0.0341024391888942,True
HNC-Wu2022,primary_outcome,2,2,1.0,252,56,1,p16,0.013745108517647372,True
HNC-Wu2022,primary_outcome,2,3,1.0,245,63,1,CD117,-0.6306080442624702,True
HNC-Wu2022,primary_outcome,2,3,1.0,245,63,1,CD11b,-0.1476993296264871,True
HNC-Wu2022,primary_outcome,2,3,1.0,245,63,1,CD11c,0.0057023755944106466,True
HNC-Wu2022,primary_outcome,2,3,1.0,245,63,1,CD134,0.0,False
HNC-Wu2022,primary_outcome,2,3,1.0,245,63,1,CD14,0.13760121176215337,True
HNC-Wu2022,primary_outcome,2,3,1.0,245,63,1,CD15,0.4426503140108827,True
HNC-Wu2022,primary_outcome,2,3,1.0,245,63,1,CD152,0.09794308534296699,True
HNC-Wu2022,primary_outcome,2,3,1.0,245,63,1,CD16,-0.31857347947869546,True
HNC-Wu2022,primary_outcome,2,3,1.0,245,63,1,CD163,0.0,False
HNC-Wu2022,primary_outcome,2,3,1.0,245,63,1,CD20,-0.1714211755280273,True
HNC-Wu2022,primary_outcome,2,3,1.0,245,63,1,CD21,0.0,False
HNC-Wu2022,primary_outcome,2,3,1.0,245,63,1,CD31,0.0756566364469043,True
HNC-Wu2022,primary_outcome,2,3,1.0,245,63,1,CD34,0.11874102471691858,True
HNC-Wu2022,primary_outcome,2,3,1.0,245,63,1,CD38,0.39113608826797186,True
HNC-Wu2022,primary_outcome,2,3,1.0,245,63,1,CD3e,0.21174213080602952,True
HNC-Wu2022,primary_outcome,2,3,1.0,245,63,1,CD4,0.5343078895903427,True
HNC-Wu2022,primary_outcome,2,3,1.0,245,63,1,CD45,-1.021780941821049,True
HNC-Wu2022,primary_outcome,2,3,1.0,245,63,1,CD45RA,0.0,False
HNC-Wu2022,primary_outcome,2,3,1.0,245,63,1,CD45RO,1.0986887731137627,True
HNC-Wu2022,primary_outcome,2,3,1.0,245,63,1,CD47,-0.05820459204695384,True
HNC-Wu2022,primary_outcome,2,3,1.0,245,63,1,CD49f,0.0,False
HNC-Wu2022,primary_outcome,2,3,1.0,245,63,1,CD56,0.0,False
HNC-Wu2022,primary_outcome,2,3,1.0,245,63,1,CD57,0.0,False
HNC-Wu2022,primary_outcome,2,3,1.0,245,63,1,CD68,-0.40153551811648563,True
HNC-Wu2022,primary_outcome,2,3,1.0,245,63,1,CD69,0.0,False
HNC-Wu2022,primary_outcome,2,3,1.0,245,63,1,CD8,0.6724093091414024,True
HNC-Wu2022,primary_outcome,2,3,1.0,245,63,1,CollagenIV,-0.24560992279620245,True
HNC-Wu2022,primary_outcome,2,3,1.0,245,63,1,DAPI,-0.07249216903409929,True
HNC-Wu2022,primary_outcome,2,3,1.0,245,63,1,FoxP3,0.042877055082703994,True
HNC-Wu2022,primary_outcome,2,3,1.0,245,63,1,GranzymeB,-0.4873337801716242,True
HNC-Wu2022,primary_outcome,2,3,1.0,245,63,1,HLA-DR,0.7280939812867339,True
HNC-Wu2022,primary_outcome,2,3,1.0,245,63,1,ICOS,-0.2981108733440999,True
HNC-Wu2022,primary_outcome,2,3,1.0,245,63,1,Ki67,0.8499215793946577,True
HNC-Wu2022,primary_outcome,2,3,1.0,245,63,1,PD1,0.0,False
HNC-Wu2022,primary_outcome,2,3,1.0,245,63,1,PDL1,0.22233034582312314,True
HNC-Wu2022,primary_outcome,2,3,1.0,245,63,1,PanCK,0.013675418722842992,True
HNC-Wu2022,primary_outcome,2,3,1.0,245,63,1,Podoplanin,-0.14703792811289385,True
HNC-Wu2022,primary_outcome,2,3,1.0,245,63,1,TMEM16A,-0.042863913990426696,True
HNC-Wu2022,primary_outcome,2,3,1.0,245,63,1,Vimentin,0.270049441849048,True
HNC-Wu2022,primary_outcome,2,3,1.0,245,63,1,aSMA,-0.12711526460042039,True
HNC-Wu2022,primary_outcome,2,3,1.0,245,63,1,p16,0.0,False
HNC-Wu2022,primary_outcome,2,4,1.0,242,66,1,CD117,-0.3730489374221816,True
HNC-Wu2022,primary_outcome,2,4,1.0,242,66,1,CD11b,0.0,False
HNC-Wu2022,primary_outcome,2,4,1.0,242,66,1,CD11c,0.12585283736015335,True
HNC-Wu2022,primary_outcome,2,4,1.0,242,66,1,CD134,0.1514695583189916,True
HNC-Wu2022,primary_outcome,2,4,1.0,242,66,1,CD14,0.7034874754325738,True
HNC-Wu2022,primary_outcome,2,4,1.0,242,66,1,CD15,0.4842697637644217,True
HNC-Wu2022,primary_outcome,2,4,1.0,242,66,1,CD152,0.07405374321608325,True
HNC-Wu2022,primary_outcome,2,4,1.0,242,66,1,CD16,0.0,False
HNC-Wu2022,primary_outcome,2,4,1.0,242,66,1,CD163,-0.4364441959361425,True
HNC-Wu2022,primary_outcome,2,4,1.0,242,66,1,CD20,0.02103337520164673,True
HNC-Wu2022,primary_outcome,2,4,1.0,242,66,1,CD21,-0.5478380202503974,True
HNC-Wu2022,primary_outcome,2,4,1.0,242,66,1,CD31,-0.03190725174437031,True
HNC-Wu2022,primary_outcome,2,4,1.0,242,66,1,CD34,0.3055737256687422,True
HNC-Wu2022,primary_outcome,2,4,1.0,242,66,1,CD38,0.5954822221897075,True
HNC-Wu2022,primary_outcome,2,4,1.0,242,66,1,CD3e,0.09441957161624336,True
HNC-Wu2022,primary_outcome,2,4,1.0,242,66,1,CD4,0.0,False
HNC-Wu2022,primary_outcome,2,4,1.0,242,66,1,CD45,-0.6240522772692411,True
HNC-Wu2022,primary_outcome,2,4,1.0,242,66,1,CD45RA,0.0,False
HNC-Wu2022,primary_outcome,2,4,1.0,242,66,1,CD45RO,0.8114212833081618,True
HNC-Wu2022,primary_outcome,2,4,1.0,242,66,1,CD47,-0.13858239028821387,True
HNC-Wu2022,primary_outcome,2,4,1.0,242,66,1,CD49f,-0.24921023497623399,True
HNC-Wu2022,primary_outcome,2,4,1.0,242,66,1,CD56,0.6175501733970281,True
HNC-Wu2022,primary_outcome,2,4,1.0,242,66,1,CD57,0.0,False
HNC-Wu2022,primary_outcome,2,4,1.0,242,66,1,CD68,-0.42874127984798643,True
HNC-Wu2022,primary_outcome,2,4,1.0,242,66,1,CD69,0.03746276429379832,True
HNC-Wu2022,primary_outcome,2,4,1.0,242,66,1,CD8,0.2086803582806298,True
HNC-Wu2022,primary_outcome,2,4,1.0,242,66,1,CollagenIV,-0.2194229364220127,True
HNC-Wu2022,primary_outcome,2,4,1.0,242,66,1,DAPI,-0.16025461650521491,True
HNC-Wu2022,primary_outcome,2,4,1.0,242,66,1,FoxP3,0.09119882709846647,True
HNC-Wu2022,primary_outcome,2,4,1.0,242,66,1,GranzymeB,-0.0992767077499596,True
HNC-Wu2022,primary_outcome,2,4,1.0,242,66,1,HLA-DR,1.028874884779806,True
HNC-Wu2022,primary_outcome,2,4,1.0,242,66,1,ICOS,0.0,False
HNC-Wu2022,primary_outcome,2,4,1.0,242,66,1,Ki67,0.6939118254701758,True
HNC-Wu2022,primary_outcome,2,4,1.0,242,66,1,PD1,-0.2662993295122721,True
HNC-Wu2022,primary_outcome,2,4,1.0,242,66,1,PDL1,0.0,False
HNC-Wu2022,primary_outcome,2,4,1.0,242,66,1,PanCK,0.14389205979005612,True
HNC-Wu2022,primary_outcome,2,4,1.0,242,66,1,Podoplanin,-0.3345062140372645,True
HNC-Wu2022,primary_outcome,2,4,1.0,242,66,1,TMEM16A,-0.3119004893025155,True
HNC-Wu2022,primary_outcome,2,4,1.0,242,66,1,Vimentin,-0.1063195915551676,True
HNC-Wu2022,primary_outcome,2,4,1.0,242,66,1,aSMA,-0.250977283088352,True
HNC-Wu2022,primary_outcome,2,4,1.0,242,66,1,p16,-0.1097795416461717,True
HNC-Wu2022,hpv_status,0,0,1.0,229,79,1,CD117,-0.03974654702363479,True
HNC-Wu2022,hpv_status,0,0,1.0,229,79,1,CD11b,-0.8413817238936621,True
HNC-Wu2022,hpv_status,0,0,1.0,229,79,1,CD11c,1.4352294277106727,True
HNC-Wu2022,hpv_status,0,0,1.0,229,79,1,CD134,0.0,False
HNC-Wu2022,hpv_status,0,0,1.0,229,79,1,CD14,-0.4548908396669094,True
HNC-Wu2022,hpv_status,0,0,1.0,229,79,1,CD15,0.19301236696324064,True
HNC-Wu2022,hpv_status,0,0,1.0,229,79,1,CD152,0.2012571709869131,True
HNC-Wu2022,hpv_status,0,0,1.0,229,79,1,CD16,0.31359360887862736,True
HNC-Wu2022,hpv_status,0,0,1.0,229,79,1,CD163,0.7161426711007381,True
HNC-Wu2022,hpv_status,0,0,1.0,229,79,1,CD20,0.0,False
HNC-Wu2022,hpv_status,0,0,1.0,229,79,1,CD21,0.0,False
HNC-Wu2022,hpv_status,0,0,1.0,229,79,1,CD31,0.35887973180826827,True
HNC-Wu2022,hpv_status,0,0,1.0,229,79,1,CD34,0.41714387402078795,True
HNC-Wu2022,hpv_status,0,0,1.0,229,79,1,CD38,-0.42462749065549416,True
HNC-Wu2022,hpv_status,0,0,1.0,229,79,1,CD3e,0.4634804555245537,True
HNC-Wu2022,hpv_status,0,0,1.0,229,79,1,CD4,0.3355825267218482,True
HNC-Wu2022,hpv_status,0,0,1.0,229,79,1,CD45,0.1417559383481818,True
HNC-Wu2022,hpv_status,0,0,1.0,229,79,1,CD45RA,0.3327349714178601,True
HNC-Wu2022,hpv_status,0,0,1.0,229,79,1,CD45RO,1.0864173239742467,True
HNC-Wu2022,hpv_status,0,0,1.0,229,79,1,CD47,-1.5783545710898073,True
HNC-Wu2022,hpv_status,0,0,1.0,229,79,1,CD49f,0.0,False
HNC-Wu2022,hpv_status,0,0,1.0,229,79,1,CD56,0.0,False
HNC-Wu2022,hpv_status,0,0,1.0,229,79,1,CD57,0.0,False
HNC-Wu2022,hpv_status,0,0,1.0,229,79,1,CD68,0.0,False
HNC-Wu2022,hpv_status,0,0,1.0,229,79,1,CD69,-0.1285224036472754,True
HNC-Wu2022,hpv_status,0,0,1.0,229,79,1,CD8,0.3856853376718271,True
HNC-Wu2022,hpv_status,0,0,1.0,229,79,1,CollagenIV,-0.7894458679282452,True
HNC-Wu2022,hpv_status,0,0,1.0,229,79,1,DAPI,-0.07095628153528893,True
HNC-Wu2022,hpv_status,0,0,1.0,229,79,1,FoxP3,0.11808270650658353,True
HNC-Wu2022,hpv_status,0,0,1.0,229,79,1,GranzymeB,-0.17881508531457688,True
HNC-Wu2022,hpv_status,0,0,1.0,229,79,1,HLA-DR,-0.2856984511909524,True
HNC-Wu2022,hpv_status,0,0,1.0,229,79,1,ICOS,-0.89499380388851,True
HNC-Wu2022,hpv_status,0,0,1.0,229,79,1,Ki67,1.3963230078938047,True
HNC-Wu2022,hpv_status,0,0,1.0,229,79,1,PD1,0.6001916368559733,True
HNC-Wu2022,hpv_status,0,0,1.0,229,79,1,PDL1,0.0,False
HNC-Wu2022,hpv_status,0,0,1.0,229,79,1,PanCK,0.2634766556416188,True
HNC-Wu2022,hpv_status,0,0,1.0,229,79,1,Podoplanin,-1.0328253221802226,True
HNC-Wu2022,hpv_status,0,0,1.0,229,79,1,TMEM16A,0.0,False
HNC-Wu2022,hpv_status,0,0,1.0,229,79,1,Vimentin,0.0,False
HNC-Wu2022,hpv_status,0,0,1.0,229,79,1,aSMA,0.5483936327364259,True
HNC-Wu2022,hpv_status,0,0,1.0,229,79,1,p16,0.0,False
HNC-Wu2022,hpv_status,0,1,1.0,247,61,1,CD117,0.0,False
HNC-Wu2022,hpv_status,0,1,1.0,247,61,1,CD11b,-0.562968146240634,True
HNC-Wu2022,hpv_status,0,1,1.0,247,61,1,CD11c,1.1680830135447295,True
HNC-Wu2022,hpv_status,0,1,1.0,247,61,1,CD134,0.0,False
HNC-Wu2022,hpv_status,0,1,1.0,247,61,1,CD14,-0.14725209578063297,True
HNC-Wu2022,hpv_status,0,1,1.0,247,61,1,CD15,0.11041888315551274,True
HNC-Wu2022,hpv_status,0,1,1.0,247,61,1,CD152,-0.09396811464215062,True
HNC-Wu2022,hpv_status,0,1,1.0,247,61,1,CD16,0.5488375388719227,True
HNC-Wu2022,hpv_status,0,1,1.0,247,61,1,CD163,0.0,False
HNC-Wu2022,hpv_status,0,1,1.0,247,61,1,CD20,0.1211537246104659,True
HNC-Wu2022,hpv_status,0,1,1.0,247,61,1,CD21,0.0,False
HNC-Wu2022,hpv_status,0,1,1.0,247,61,1,CD31,0.18044493984627633,True
HNC-Wu2022,hpv_status,0,1,1.0,247,61,1,CD34,0.3929404752692746,True
HNC-Wu2022,hpv_status,0,1,1.0,247,61,1,CD38,-0.16546619114893427,True
HNC-Wu2022,hpv_status,0,1,1.0,247,61,1,CD3e,0.5437397347199511,True
HNC-Wu2022,hpv_status,0,1,1.0,247,61,1,CD4,0.15741249631023885,True
HNC-Wu2022,hpv_status,0,1,1.0,247,61,1,CD45,-0.46351053360906314,True
HNC-Wu2022,hpv_status,0,1,1.0,247,61,1,CD45RA,-0.3107600292508995,True
HNC-Wu2022,hpv_status,0,1,1.0,247,61,1,CD45RO,0.18182712221334385,True
HNC-Wu2022,hpv_status,0,1,1.0,247,61,1,CD47,-0.9863442487280927,True
HNC-Wu2022,hpv_status,0,1,1.0,247,61,1,CD49f,-0.9568779797077308,True
HNC-Wu2022,hpv_status,0,1,1.0,247,61,1,CD56,0.18115522644926543,True
HNC-Wu2022,hpv_status,0,1,1.0,247,61,1,CD57,-0.3152853008044036,True
HNC-Wu2022,hpv_status,0,1,1.0,247,61,1,CD68,0.101255961827151,True
HNC-Wu2022,hpv_status,0,1,1.0,247,61,1,CD69,0.0,False
HNC-Wu2022,hpv_status,0,1,1.0,247,61,1,CD8,1.7286598508610063,True
HNC-Wu2022,hpv_status,0,1,1.0,247,61,1,CollagenIV,-0.4047773632543961,True
HNC-Wu2022,hpv_status,0,1,1.0,247,61,1,DAPI,-0.5019572800462563,True
HNC-Wu2022,hpv_status,0,1,1.0,247,61,1,FoxP3,-0.10777161268663435,True
HNC-Wu2022,hpv_status,0,1,1.0,247,61,1,GranzymeB,0.0,False
HNC-Wu2022,hpv_status,0,1,1.0,247,61,1,HLA-DR,0.0,False
HNC-Wu2022,hpv_status,0,1,1.0,247,61,1,ICOS,-1.192170044717236,True
HNC-Wu2022,hpv_status,0,1,1.0,247,61,1,Ki67,1.0622025545367244,True
HNC-Wu2022,hpv_status,0,1,1.0,247,61,1,PD1,0.16592325215260373,True
HNC-Wu2022,hpv_status,0,1,1.0,247,61,1,PDL1,0.0417487291260783,True
HNC-Wu2022,hpv_status,0,1,1.0,247,61,1,PanCK,0.5979352097069107,True
HNC-Wu2022,hpv_status,0,1,1.0,247,61,1,Podoplanin,-0.2988019345074405,True
HNC-Wu2022,hpv_status,0,1,1.0,247,61,1,TMEM16A,0.0,False
HNC-Wu2022,hpv_status,0,1,1.0,247,61,1,Vimentin,0.024956416353229715,True
HNC-Wu2022,hpv_status,0,1,1.0,247,61,1,aSMA,0.11210287867724476,True
HNC-Wu2022,hpv_status,0,1,1.0,247,61,1,p16,0.0918963725371683,True
HNC-Wu2022,hpv_status,0,2,1.0,249,59,1,CD117,0.0,False
HNC-Wu2022,hpv_status,0,2,1.0,249,59,1,CD11b,-0.4354406193005455,True
HNC-Wu2022,hpv_status,0,2,1.0,249,59,1,CD11c,1.4246605293849839,True
HNC-Wu2022,hpv_status,0,2,1.0,249,59,1,CD134,0.0343362348105004,True
HNC-Wu2022,hpv_status,0,2,1.0,249,59,1,CD14,-0.3398992870621511,True
HNC-Wu2022,hpv_status,0,2,1.0,249,59,1,CD15,0.08927906395089996,True
HNC-Wu2022,hpv_status,0,2,1.0,249,59,1,CD152,0.0,False
HNC-Wu2022,hpv_status,0,2,1.0,249,59,1,CD16,-0.2763949088862916,True
HNC-Wu2022,hpv_status,0,2,1.0,249,59,1,CD163,0.23771026249560726,True
HNC-Wu2022,hpv_status,0,2,1.0,249,59,1,CD20,0.09633014615676008,True
HNC-Wu2022,hpv_status,0,2,1.0,249,59,1,CD21,-0.08205282992129813,True
HNC-Wu2022,hpv_status,0,2,1.0,249,59,1,CD31,0.0,False
HNC-Wu2022,hpv_status,0,2,1.0,249,59,1,CD34,0.6436484515567802,True
HNC-Wu2022,hpv_status,0,2,1.0,249,59,1,CD38,-0.10589256715906584,True
HNC-Wu2022,hpv_status,0,2,1.0,249,59,1,CD3e,0.7379978539468156,True
HNC-Wu2022,hpv_status,0,2,1.0,249,59,1,CD4,-0.07886022696290562,True
HNC-Wu2022,hpv_status,0,2,1.0,249,59,1,CD45,-0.05002044474483071,True
HNC-Wu2022,hpv_status,0,2,1.0,249,59,1,CD45RA,-0.34800875469861564,True
HNC-Wu2022,hpv_status,0,2,1.0,249,59,1,CD45RO,0.0,False
HNC-Wu2022,hpv_status,0,2,1.0,249,59,1,CD47,-0.7751936854946685,True
HNC-Wu2022,hpv_status,0,2,1.0,249,59,1,CD49f,-0.6926318618917292,True
HNC-Wu2022,hpv_status,0,2,1.0,249,59,1,CD56,0.0,False
HNC-Wu2022,hpv_status,0,2,1.0,249,59,1,CD57,0.0,False
HNC-Wu2022,hpv_status,0,2,1.0,249,59,1,CD68,-0.13072323697016297,True
HNC-Wu2022,hpv_status,0,2,1.0,249,59,1,CD69,-0.39801298065939933,True
HNC-Wu2022,hpv_status,0,2,1.0,249,59,1,CD8,1.1424582805428587,True
HNC-Wu2022,hpv_status,0,2,1.0,249,59,1,CollagenIV,-0.5518358486041717,True
HNC-Wu2022,hpv_status,0,2,1.0,249,59,1,DAPI,-0.25988127035908354,True
HNC-Wu2022,hpv_status,0,2,1.0,249,59,1,FoxP3,0.3523664117170873,True
HNC-Wu2022,hpv_status,0,2,1.0,249,59,1,GranzymeB,0.0,False
HNC-Wu2022,hpv_status,0,2,1.0,249,59,1,HLA-DR,-0.05098816965312143,True
HNC-Wu2022,hpv_status,0,2,1.0,249,59,1,ICOS,-0.19343173308793157,True
HNC-Wu2022,hpv_status,0,2,1.0,249,59,1,Ki67,0.8185443296167803,True
HNC-Wu2022,hpv_status,0,2,1.0,249,59,1,PD1,0.04766941190887002,True
HNC-Wu2022,hpv_status,0,2,1.0,249,59,1,PDL1,0.28638959049569773,True
HNC-Wu2022,hpv_status,0,2,1.0,249,59,1,PanCK,0.19952940277830422,True
HNC-Wu2022,hpv_status,0,2,1.0,249,59,1,Podoplanin,-0.3541077411954182,True
HNC-Wu2022,hpv_status,0,2,1.0,249,59,1,TMEM16A,0.12651531817400608,True
HNC-Wu2022,hpv_status,0,2,1.0,249,59,1,Vimentin,0.0,False
HNC-Wu2022,hpv_status,0,2,1.0,249,59,1,aSMA,0.1470300327333471,True
HNC-Wu2022,hpv_status,0,2,1.0,249,59,1,p16,0.0,False
HNC-Wu2022,hpv_status,0,3,1.0,255,53,1,CD117,0.0,False
HNC-Wu2022,hpv_status,0,3,1.0,255,53,1,CD11b,-0.7000332453709722,True
HNC-Wu2022,hpv_status,0,3,1.0,255,53,1,CD11c,1.0725120816177622,True
HNC-Wu2022,hpv_status,0,3,1.0,255,53,1,CD134,0.0,False
HNC-Wu2022,hpv_status,0,3,1.0,255,53,1,CD14,-0.052129858107924976,True
HNC-Wu2022,hpv_status,0,3,1.0,255,53,1,CD15,0.3599024640611823,True
HNC-Wu2022,hpv_status,0,3,1.0,255,53,1,CD152,0.20304065959697692,True
HNC-Wu2022,hpv_status,0,3,1.0,255,53,1,CD16,0.29847224912770604,True
HNC-Wu2022,hpv_status,0,3,1.0,255,53,1,CD163,0.0742675098325107,True
HNC-Wu2022,hpv_status,0,3,1.0,255,53,1,CD20,0.0,False
HNC-Wu2022,hpv_status,0,3,1.0,255,53,1,CD21,0.0,False
HNC-Wu2022,hpv_status,0,3,1.0,255,53,1,CD31,0.241981691120793,True
HNC-Wu2022,hpv_status,0,3,1.0,255,53,1,CD34,0.40130838472123326,True
HNC-Wu2022,hpv_status,0,3,1.0,255,53,1,CD38,-0.45343125202114654,True
HNC-Wu2022,hpv_status,0,3,1.0,255,53,1,CD3e,1.0787602863998187,True
HNC-Wu2022,hpv_status,0,3,1.0,255,53,1,CD4,0.0,False
HNC-Wu2022,hpv_status,0,3,1.0,255,53,1,CD45,-0.26433708107289583,True
HNC-Wu2022,hpv_status,0,3,1.0,255,53,1,CD45RA,-0.44704563685431037,True
HNC-Wu2022,hpv_status,0,3,1.0,255,53,1,CD45RO,0.0,False
HNC-Wu2022,hpv_status,0,3,1.0,255,53,1,CD47,-0.8209681081548722,True
HNC-Wu2022,hpv_status,0,3,1.0,255,53,1,CD49f,-0.6367645911954283,True
HNC-Wu2022,hpv_status,0,3,1.0,255,53,1,CD56,0.0,False
HNC-Wu2022,hpv_status,0,3,1.0,255,53,1,CD57,0.0,False
HNC-Wu2022,hpv_status,0,3,1.0,255,53,1,CD68,0.015155220759147384,True
HNC-Wu2022,hpv_status,0,3,1.0,255,53,1,CD69,0.0,False
HNC-Wu2022,hpv_status,0,3,1.0,255,53,1,CD8,0.6768521623118772,True
HNC-Wu2022,hpv_status,0,3,1.0,255,53,1,CollagenIV,-0.3907927900511507,True
HNC-Wu2022,hpv_status,0,3,1.0,255,53,1,DAPI,-0.5420142023733846,True
HNC-Wu2022,hpv_status,0,3,1.0,255,53,1,FoxP3,0.285945216484065,True
HNC-Wu2022,hpv_status,0,3,1.0,255,53,1,GranzymeB,-0.46584407638586545,True
HNC-Wu2022,hpv_status,0,3,1.0,255,53,1,HLA-DR,0.0,False
HNC-Wu2022,hpv_status,0,3,1.0,255,53,1,ICOS,0.2356923294297699,True
HNC-Wu2022,hpv_status,0,3,1.0,255,53,1,Ki67,1.4407830725249793,True
HNC-Wu2022,hpv_status,0,3,1.0,255,53,1,PD1,0.042729336525056165,True
HNC-Wu2022,hpv_status,0,3,1.0,255,53,1,PDL1,0.0285995512471353,True
HNC-Wu2022,hpv_status,0,3,1.0,255,53,1,PanCK,0.17278901812391473,True
HNC-Wu2022,hpv_status,0,3,1.0,255,53,1,Podoplanin,-0.18325866563801282,True
HNC-Wu2022,hpv_status,0,3,1.0,255,53,1,TMEM16A,0.0,False
HNC-Wu2022,hpv_status,0,3,1.0,255,53,1,Vimentin,0.03119005575036442,True
HNC-Wu2022,hpv_status,0,3,1.0,255,53,1,aSMA,0.3190406073802704,True
HNC-Wu2022,hpv_status,0,3,1.0,255,53,1,p16,0.0,False
HNC-Wu2022,hpv_status,0,4,1.0,252,56,1,CD117,0.0,False
HNC-Wu2022,hpv_status,0,4,1.0,252,56,1,CD11b,-0.42416166010084694,True
HNC-Wu2022,hpv_status,0,4,1.0,252,56,1,CD11c,0.6346949711385086,True
HNC-Wu2022,hpv_status,0,4,1.0,252,56,1,CD134,0.0,False
HNC-Wu2022,hpv_status,0,4,1.0,252,56,1,CD14,-0.37587622383553837,True
HNC-Wu2022,hpv_status,0,4,1.0,252,56,1,CD15,0.33063763276007657,True
HNC-Wu2022,hpv_status,0,4,1.0,252,56,1,CD152,0.0,False
HNC-Wu2022,hpv_status,0,4,1.0,252,56,1,CD16,0.0,False
HNC-Wu2022,hpv_status,0,4,1.0,252,56,1,CD163,0.0,False
HNC-Wu2022,hpv_status,0,4,1.0,252,56,1,CD20,0.0,False
HNC-Wu2022,hpv_status,0,4,1.0,252,56,1,CD21,-0.23729545981432565,True
HNC-Wu2022,hpv_status,0,4,1.0,252,56,1,CD31,0.0,False
HNC-Wu2022,hpv_status,0,4,1.0,252,56,1,CD34,0.6152778776971285,True
HNC-Wu2022,hpv_status,0,4,1.0,252,56,1,CD38,-0.2208543325614271,True
HNC-Wu2022,hpv_status,0,4,1.0,252,56,1,CD3e,0.6092978296217115,True
HNC-Wu2022,hpv_status,0,4,1.0,252,56,1,CD4,0.24014719398295625,True
HNC-Wu2022,hpv_status,0,4,1.0,252,56,1,CD45,-0.21062941138764688,True
HNC-Wu2022,hpv_status,0,4,1.0,252,56,1,CD45RA,-0.3393576199950263,True
HNC-Wu2022,hpv_status,0,4,1.0,252,56,1,CD45RO,0.0,False
HNC-Wu2022,hpv_status,0,4,1.0,252,56,1,CD47,-0.4819534342353353,True
HNC-Wu2022,hpv_status,0,4,1.0,252,56,1,CD49f,-0.6361678826264389,True
HNC-Wu2022,hpv_status,0,4,1.0,252,56,1,CD56,0.4072476700990944,True
HNC-Wu2022,hpv_status,0,4,1.0,252,56,1,CD57,0.0,False
HNC-Wu2022,hpv_status,0,4,1.0,252,56,1,CD68,0.17971218382650145,True
HNC-Wu2022,hpv_status,0,4,1.0,252,56,1,CD69,-0.8991770525623184,True
HNC-Wu2022,hpv_status,0,4,1.0,252,56,1,CD8,0.9840503308710152,True
HNC-Wu2022,hpv_status,0,4,1.0,252,56,1,CollagenIV,-0.5434602296502904,True
HNC-Wu2022,hpv_status,0,4,1.0,252,56,1,DAPI,-0.37848249182035865,True
HNC-Wu2022,hpv_status,0,4,1.0,252,56,1,FoxP3,0.757985592279179,True
HNC-Wu2022,hpv_status,0,4,1.0,252,56,1,GranzymeB,0.0,False
HNC-Wu2022,hpv_status,0,4,1.0,252,56,1,HLA-DR,0.19238281090971673,True
HNC-Wu2022,hpv_status,0,4,1.0,252,56,1,ICOS,0.0,False
HNC-Wu2022,hpv_status,0,4,1.0,252,56,1,Ki67,0.9685692540602233,True
HNC-Wu2022,hpv_status,0,4,1.0,252,56,1,PD1,0.0,False
HNC-Wu2022,hpv_status,0,4,1.0,252,56,1,PDL1,0.0,False
HNC-Wu2022,hpv_status,0,4,1.0,252,56,1,PanCK,0.31365366380045606,True
HNC-Wu2022,hpv_status,0,4,1.0,252,56,1,Podoplanin,-0.5014043200398661,True
HNC-Wu2022,hpv_status,0,4,1.0,252,56,1,TMEM16A,0.03569929711699986,True
HNC-Wu2022,hpv_status,0,4,1.0,252,56,1,Vimentin,0.0,False
HNC-Wu2022,hpv_status,0,4,1.0,252,56,1,aSMA,0.3473082348479153,True
HNC-Wu2022,hpv_status,0,4,1.0,252,56,1,p16,0.0,False
HNC-Wu2022,hpv_status,1,0,1.0,248,60,1,CD117,0.0,False
HNC-Wu2022,hpv_status,1,0,1.0,248,60,1,CD11b,-0.7143325406993377,True
HNC-Wu2022,hpv_status,1,0,1.0,248,60,1,CD11c,1.1287672372441238,True
HNC-Wu2022,hpv_status,1,0,1.0,248,60,1,CD134,0.028292653749171198,True
HNC-Wu2022,hpv_status,1,0,1.0,248,60,1,CD14,-0.18028978600496104,True
HNC-Wu2022,hpv_status,1,0,1.0,248,60,1,CD15,0.14385280586268093,True
HNC-Wu2022,hpv_status,1,0,1.0,248,60,1,CD152,0.0,False
HNC-Wu2022,hpv_status,1,0,1.0,248,60,1,CD16,0.0,False
HNC-Wu2022,hpv_status,1,0,1.0,248,60,1,CD163,0.23867651716323135,True
HNC-Wu2022,hpv_status,1,0,1.0,248,60,1,CD20,0.0,False
HNC-Wu2022,hpv_status,1,0,1.0,248,60,1,CD21,0.0,False
HNC-Wu2022,hpv_status,1,0,1.0,248,60,1,CD31,-0.04509193360290927,True
HNC-Wu2022,hpv_status,1,0,1.0,248,60,1,CD34,0.5069290176841003,True
HNC-Wu2022,hpv_status,1,0,1.0,248,60,1,CD38,-0.16013588075615617,True
HNC-Wu2022,hpv_status,1,0,1.0,248,60,1,CD3e,0.9132067549903591,True
HNC-Wu2022,hpv_status,1,0,1.0,248,60,1,CD4,0.0,False
HNC-Wu2022,hpv_status,1,0,1.0,248,60,1,CD45,0.0,False
HNC-Wu2022,hpv_status,1,0,1.0,248,60,1,CD45RA,-0.37417237017444616,True
HNC-Wu2022,hpv_status,1,0,1.0,248,60,1,CD45RO,0.0,False
HNC-Wu2022,hpv_status,1,0,1.0,248,60,1,CD47,-0.7252412842329887,True
HNC-Wu2022,hpv_status,1,0,1.0,248,60,1,CD49f,-0.509916724661083,True
HNC-Wu2022,hpv_status,1,0,1.0,248,60,1,CD56,0.007095903116156307,True
HNC-Wu2022,hpv_status,1,0,1.0,248,60,1,CD57,0.0,False
HNC-Wu2022,hpv_status,1,0,1.0,248,60,1,CD68,0.1786921934546734,True
HNC-Wu2022,hpv_status,1,0,1.0,248,60,1,CD69,-0.3208708464291164,True
HNC-Wu2022,hpv_status,1,0,1.0,248,60,1,CD8,0.7716324029557553,True
HNC-Wu2022,hpv_status,1,0,1.0,248,60,1,CollagenIV,-0.24907845073444723,True
HNC-Wu2022,hpv_status,1,0,1.0,248,60,1,DAPI,-0.6414287649373797,True
HNC-Wu2022,hpv_status,1,0,1.0,248,60,1,FoxP3,0.3515748889277711,True
HNC-Wu2022,hpv_status,1,0,1.0,248,60,1,GranzymeB,0.0,False
HNC-Wu2022,hpv_status,1,0,1.0,248,60,1,HLA-DR,-0.3067111882210491,True
HNC-Wu2022,hpv_status,1,0,1.0,248,60,1,ICOS,-0.4635322186968253,True
HNC-Wu2022,hpv_status,1,0,1.0,248,60,1,Ki67,0.8571853438043736,True
HNC-Wu2022,hpv_status,1,0,1.0,248,60,1,PD1,0.13112641584592002,True
HNC-Wu2022,hpv_status,1,0,1.0,248,60,1,PDL1,-0.15004335970935284,True
HNC-Wu2022,hpv_status,1,0,1.0,248,60,1,PanCK,0.28368690719254075,True
HNC-Wu2022,hpv_status,1,0,1.0,248,60,1,Podoplanin,-0.32238114987295347,True
HNC-Wu2022,hpv_status,1,0,1.0,248,60,1,TMEM16A,0.2332485147593695,True
HNC-Wu2022,hpv_status,1,0,1.0,248,60,1,Vimentin,-0.014601488946191265,True
HNC-Wu2022,hpv_status,1,0,1.0,248,60,1,aSMA,0.45245578784035834,True
HNC-Wu2022,hpv_status,1,0,1.0,248,60,1,p16,0.0,False
HNC-Wu2022,hpv_status,1,1,1.0,243,65,1,CD117,0.0,False
HNC-Wu2022,hpv_status,1,1,1.0,243,65,1,CD11b,-0.8691702721319335,True
HNC-Wu2022,hpv_status,1,1,1.0,243,65,1,CD11c,1.745618538609808,True
HNC-Wu2022,hpv_status,1,1,1.0,243,65,1,CD134,0.0,False
HNC-Wu2022,hpv_status,1,1,1.0,243,65,1,CD14,-0.2963108408181073,True
HNC-Wu2022,hpv_status,1,1,1.0,243,65,1,CD15,0.561518998209669,True
HNC-Wu2022,hpv_status,1,1,1.0,243,65,1,CD152,0.07566965324871308,True
HNC-Wu2022,hpv_status,1,1,1.0,243,65,1,CD16,0.18414345437478827,True
HNC-Wu2022,hpv_status,1,1,1.0,243,65,1,CD163,0.10116213358360575,True
HNC-Wu2022,hpv_status,1,1,1.0,243,65,1,CD20,0.10097404334045217,True
HNC-Wu2022,hpv_status,1,1,1.0,243,65,1,CD21,0.0,False
HNC-Wu2022,hpv_status,1,1,1.0,243,65,1,CD31,0.1890170834211026,True
HNC-Wu2022,hpv_status,1,1,1.0,243,65,1,CD34,0.5871826825334318,True
HNC-Wu2022,hpv_status,1,1,1.0,243,65,1,CD38,-0.6627476219753019,True
HNC-Wu2022,hpv_status,1,1,1.0,243,65,1,CD3e,1.203618735230111,True
HNC-Wu2022,hpv_status,1,1,1.0,243,65,1,CD4,0.1629831939437724,True
HNC-Wu2022,hpv_status,1,1,1.0,243,65,1,CD45,-0.021167077578802675,True
HNC-Wu2022,hpv_status,1,1,1.0,243,65,1,CD45RA,-0.4857459305787876,True
HNC-Wu2022,hpv_status,1,1,1.0,243,65,1,CD45RO,0.0,False
HNC-Wu2022,hpv_status,1,1,1.0,243,65,1,CD47,-1.2771602644855082,True
HNC-Wu2022,hpv_status,1,1,1.0,243,65,1,CD49f,-0.3493677467981111,True
HNC-Wu2022,hpv_status,1,1,1.0,243,65,1,CD56,0.0,False
HNC-Wu2022,hpv_status,1,1,1.0,243,65,1,CD57,0.0,False
HNC-Wu2022,hpv_status,1,1,1.0,243,65,1,CD68,-0.09144099359129103,True
HNC-Wu2022,hpv_status,1,1,1.0,243,65,1,CD69,0.0,False
HNC-Wu2022,hpv_status,1,1,1.0,243,65,1,CD8,0.6739239335794818,True
HNC-Wu2022,hpv_status,1,1,1.0,243,65,1,CollagenIV,0.0,False
HNC-Wu2022,hpv_status,1,1,1.0,243,65,1,DAPI,-0.5165448802967527,True
HNC-Wu2022,hpv_status,1,1,1.0,243,65,1,FoxP3,0.23987404614144908,True
HNC-Wu2022,hpv_status,1,1,1.0,243,65,1,GranzymeB,0.0,False
HNC-Wu2022,hpv_status,1,1,1.0,243,65,1,HLA-DR,0.0,False
HNC-Wu2022,hpv_status,1,1,1.0,243,65,1,ICOS,0.0,False
HNC-Wu2022,hpv_status,1,1,1.0,243,65,1,Ki67,1.365488420947518,True
HNC-Wu2022,hpv_status,1,1,1.0,243,65,1,PD1,0.0,False
HNC-Wu2022,hpv_status,1,1,1.0,243,65,1,PDL1,0.0,False
HNC-Wu2022,hpv_status,1,1,1.0,243,65,1,PanCK,0.0,False
HNC-Wu2022,hpv_status,1,1,1.0,243,65,1,Podoplanin,-0.33640314752514505,True
HNC-Wu2022,hpv_status,1,1,1.0,243,65,1,TMEM16A,0.0,False
HNC-Wu2022,hpv_status,1,1,1.0,243,65,1,Vimentin,0.06612598222971854,True
HNC-Wu2022,hpv_status,1,1,1.0,243,65,1,aSMA,0.381457814226725,True
HNC-Wu2022,hpv_status,1,1,1.0,243,65,1,p16,0.0,False
HNC-Wu2022,hpv_status,1,2,1.0,263,45,1,CD117,0.0,False
HNC-Wu2022,hpv_status,1,2,1.0,263,45,1,CD11b,-0.5569122476260574,True
HNC-Wu2022,hpv_status,1,2,1.0,263,45,1,CD11c,1.6082068375441632,True
HNC-Wu2022,hpv_status,1,2,1.0,263,45,1,CD134,0.0,False
HNC-Wu2022,hpv_status,1,2,1.0,263,45,1,CD14,-0.3611178951348415,True
HNC-Wu2022,hpv_status,1,2,1.0,263,45,1,CD15,0.07380070505013313,True
HNC-Wu2022,hpv_status,1,2,1.0,263,45,1,CD152,0.0,False
HNC-Wu2022,hpv_status,1,2,1.0,263,45,1,CD16,0.1205793859359873,True
HNC-Wu2022,hpv_status,1,2,1.0,263,45,1,CD163,0.23758663477659545,True
HNC-Wu2022,hpv_status,1,2,1.0,263,45,1,CD20,0.0,False
HNC-Wu2022,hpv_status,1,2,1.0,263,45,1,CD21,-0.016196033113125195,True
HNC-Wu2022,hpv_status,1,2,1.0,263,45,1,CD31,0.1633183386739435,True
HNC-Wu2022,hpv_status,1,2,1.0,263,45,1,CD34,0.53428460282335,True
HNC-Wu2022,hpv_status,1,2,1.0,263,45,1,CD38,-0.24270580343509074,True
HNC-Wu2022,hpv_status,1,2,1.0,263,45,1,CD3e,0.5944084371590226,True
HNC-Wu2022,hpv_status,1,2,1.0,263,45,1,CD4,0.27210899238806163,True
HNC-Wu2022,hpv_status,1,2,1.0,263,45,1,CD45,-0.12938859414351833,True
HNC-Wu2022,hpv_status,1,2,1.0,263,45,1,CD45RA,-0.15036128803086618,True
HNC-Wu2022,hpv_status,1,2,1.0,263,45,1,CD45RO,0.020226206887955,True
HNC-Wu2022,hpv_status,1,2,1.0,263,45,1,CD47,-0.9217323345996896,True
HNC-Wu2022,hpv_status,1,2,1.0,263,45,1,CD49f,-0.6838315227980479,True
HNC-Wu2022,hpv_status,1,2,1.0,263,45,1,CD56,0.0,False
HNC-Wu2022,hpv_status,1,2,1.0,263,45,1,CD57,0.0,False
HNC-Wu2022,hpv_status,1,2,1.0,263,45,1,CD68,0.13924294490984762,True
HNC-Wu2022,hpv_status,1,2,1.0,263,45,1,CD69,-0.3213997809719398,True
HNC-Wu2022,hpv_status,1,2,1.0,263,45,1,CD8,0.8963962318853493,True
HNC-Wu2022,hpv_status,1,2,1.0,263,45,1,CollagenIV,-0.5310915718171254,True
HNC-Wu2022,hpv_status,1,2,1.0,263,45,1,DAPI,-0.44099163636882466,True
HNC-Wu2022,hpv_status,1,2,1.0,263,45,1,FoxP3,0.367383925036656,True
HNC-Wu2022,hpv_status,1,2,1.0,263,45,1,GranzymeB,-0.3403515138776028,True
HNC-Wu2022,hpv_status,1,2,1.0,263,45,1,HLA-DR,-0.10046215621855184,True
HNC-Wu2022,hpv_status,1,2,1.0,263,45,1,ICOS,-0.5728460047187752,True
HNC-Wu2022,hpv_status,1,2,1.0,263,45,1,Ki67,1.0404788897548987,True
HNC-Wu2022,hpv_status,1,2,1.0,263,45,1,PD1,0.13708552010189157,True
HNC-Wu2022,hpv_status,1,2,1.0,263,45,1,PDL1,0.21586292394801818,True
HNC-Wu2022,hpv_status,1,2,1.0,263,45,1,PanCK,0.3628034862094876,True
HNC-Wu2022,hpv_status,1,2,1.0,263,45,1,Podoplanin,-0.43299189054293513,True
HNC-Wu2022,hpv_status,1,2,1.0,263,45,1,TMEM16A,0.0,False
HNC-Wu2022,hpv_status,1,2,1.0,263,45,1,Vimentin,-0.12761768367222429,True
HNC-Wu2022,hpv_status,1,2,1.0,263,45,1,aSMA,0.25774914412954725,True
HNC-Wu2022,hpv_status,1,2,1.0,263,45,1,p16,0.0,False
HNC-Wu2022,hpv_status,1,3,1.0,246,62,1,CD117,0.0,False
HNC-Wu2022,hpv_status,1,3,1.0,246,62,1,CD11b,-0.5171278784212057,True
HNC-Wu2022,hpv_status,1,3,1.0,246,62,1,CD11c,0.9613841485317073,True
HNC-Wu2022,hpv_status,1,3,1.0,246,62,1,CD134,0.0,False
HNC-Wu2022,hpv_status,1,3,1.0,246,62,1,CD14,-0.4203282183624818,True
HNC-Wu2022,hpv_status,1,3,1.0,246,62,1,CD15,0.11742490800984944,True
HNC-Wu2022,hpv_status,1,3,1.0,246,62,1,CD152,-0.10698621665695915,True
HNC-Wu2022,hpv_status,1,3,1.0,246,62,1,CD16,-0.08418442496301196,True
HNC-Wu2022,hpv_status,1,3,1.0,246,62,1,CD163,0.10216510703637499,True
HNC-Wu2022,hpv_status,1,3,1.0,246,62,1,CD20,0.12153587247067292,True
HNC-Wu2022,hpv_status,1,3,1.0,246,62,1,CD21,-0.4843480269124777,True
HNC-Wu2022,hpv_status,1,3,1.0,246,62,1,CD31,0.3982181522300917,True
HNC-Wu2022,hpv_status,1,3,1.0,246,62,1,CD34,0.9346809074715693,True
HNC-Wu2022,hpv_status,1,3,1.0,246,62,1,CD38,-0.2569711514341674,True
HNC-Wu2022,hpv_status,1,3,1.0,246,62,1,CD3e,0.2994753042163211,True
HNC-Wu2022,hpv_status,1,3,1.0,246,62,1,CD4,0.0,False
HNC-Wu2022,hpv_status,1,3,1.0,246,62,1,CD45,-0.31144415870225883,True
HNC-Wu2022,hpv_status,1,3,1.0,246,62,1,CD45RA,-0.5230271955738255,True
HNC-Wu2022,hpv_status,1,3,1.0,246,62,1,CD45RO,0.7923499984777448,True
HNC-Wu2022,hpv_status,1,3,1.0,246,62,1,CD47,-0.9099965149466777,True
HNC-Wu2022,hpv_status,1,3,1.0,246,62,1,CD49f,0.0,False
HNC-Wu2022,hpv_status,1,3,1.0,246,62,1,CD56,0.12949961326038645,True
HNC-Wu2022,hpv_status,1,3,1.0,246,62,1,CD57,0.0,False
HNC-Wu2022,hpv_status,1,3,1.0,246,62,1,CD68,0.0,False
HNC-Wu2022,hpv_status,1,3,1.0,246,62,1,CD69,-0.3570456637301981,True
HNC-Wu2022,hpv_status,1,3,1.0,246,62,1,CD8,1.0673528574460158,True
HNC-Wu2022,hpv_status,1,3,1.0,246,62,1,CollagenIV,-0.5502428417083455,True
HNC-Wu2022,hpv_status,1,3,1.0,246,62,1,DAPI,-0.11074134639198034,True
HNC-Wu2022,hpv_status,1,3,1.0,246,62,1,FoxP3,0.3686567159674933,True
HNC-Wu2022,hpv_status,1,3,1.0,246,62,1,GranzymeB,-0.5713476986117928,True
HNC-Wu2022,hpv_status,1,3,1.0,246,62,1,HLA-DR,0.0,False
HNC-Wu2022,hpv_status,1,3,1.0,246,62,1,ICOS,0.0,False
HNC-Wu2022,hpv_status,1,3,1.0,246,62,1,Ki67,1.125057050995148,True
HNC-Wu2022,hpv_status,1,3,1.0,246,62,1,PD1,1.126230724547157,True
HNC-Wu2022,hpv_status,1,3,1.0,246,62,1,PDL1,0.12618931514472054,True
HNC-Wu2022,hpv_status,1,3,1.0,246,62,1,PanCK,0.6008422084952744,True
HNC-Wu2022,hpv_status,1,3,1.0,246,62,1,Podoplanin,-0.44217298611076483,True
HNC-Wu2022,hpv_status,1,3,1.0,246,62,1,TMEM16A,0.0,False
HNC-Wu2022,hpv_status,1,3,1.0,246,62,1,Vimentin,0.0,False
HNC-Wu2022,hpv_status,1,3,1.0,246,62,1,aSMA,-0.06913358452862708,True
HNC-Wu2022,hpv_status,1,3,1.0,246,62,1,p16,0.0,False
HNC-Wu2022,hpv_status,1,4,1.0,232,76,1,CD117,-0.36089108677687043,True
HNC-Wu2022,hpv_status,1,4,1.0,232,76,1,CD11b,-0.1423098767732929,True
HNC-Wu2022,hpv_status,1,4,1.0,232,76,1,CD11c,0.8683843640273489,True
HNC-Wu2022,hpv_status,1,4,1.0,232,76,1,CD134,0.4212243923468165,True
HNC-Wu2022,hpv_status,1,4,1.0,232,76,1,CD14,-0.07230177931723089,True
HNC-Wu2022,hpv_status,1,4,1.0,232,76,1,CD15,0.1616584476962053,True
HNC-Wu2022,hpv_status,1,4,1.0,232,76,1,CD152,-0.22459390097397508,True
HNC-Wu2022,hpv_status,1,4,1.0,232,76,1,CD16,0.6777131651667406,True
HNC-Wu2022,hpv_status,1,4,1.0,232,76,1,CD163,0.04799962277972428,True
HNC-Wu2022,hpv_status,1,4,1.0,232,76,1,CD20,0.0,False
HNC-Wu2022,hpv_status,1,4,1.0,232,76,1,CD21,0.0,False
HNC-Wu2022,hpv_status,1,4,1.0,232,76,1,CD31,0.0,False
HNC-Wu2022,hpv_status,1,4,1.0,232,76,1,CD34,0.06703106316651426,True
HNC-Wu2022,hpv_status,1,4,1.0,232,76,1,CD38,-0.2042511785266778,True
HNC-Wu2022,hpv_status,1,4,1.0,232,76,1,CD3e,0.6245400247274463,True
HNC-Wu2022,hpv_status,1,4,1.0,232,76,1,CD4,0.0,False
HNC-Wu2022,hpv_status,1,4,1.0,232,76,1,CD45,-0.4199377999988863,True
HNC-Wu2022,hpv_status,1,4,1.0,232,76,1,CD45RA,1.3190017891442725,True
HNC-Wu2022,hpv_status,1,4,1.0,232,76,1,CD45RO,0.20867345758130865,True
HNC-Wu2022,hpv_status,1,4,1.0,232,76,1,CD47,-0.8211495280437123,True
HNC-Wu2022,hpv_status,1,4,1.0,232,76,1,CD49f,-0.7104176043972188,True
HNC-Wu2022,hpv_status,1,4,1.0,232,76,1,CD56,0.0,False
HNC-Wu2022,hpv_status,1,4,1.0,232,76,1,CD57,-0.32994594684736966,True
HNC-Wu2022,hpv_status,1,4,1.0,232,76,1,CD68,0.04874726531314974,True
HNC-Wu2022,hpv_status,1,4,1.0,232,76,1,CD69,0.0,False
HNC-Wu2022,hpv_status,1,4,1.0,232,76,1,CD8,1.2346094165492691,True
HNC-Wu2022,hpv_status,1,4,1.0,232,76,1,CollagenIV,-1.3394018951183728,True
HNC-Wu2022,hpv_status,1,4,1.0,232,76,1,DAPI,-0.12040676150595002,True
HNC-Wu2022,hpv_status,1,4,1.0,232,76,1,FoxP3,-0.3075336331054973,True
HNC-Wu2022,hpv_status,1,4,1.0,232,76,1,GranzymeB,0.0,False
HNC-Wu2022,hpv_status,1,4,1.0,232,76,1,HLA-DR,0.1304970717866563,True
HNC-Wu2022,hpv_status,1,4,1.0,232,76,1,ICOS,-1.3711887017506919,True
HNC-Wu2022,hpv_status,1,4,1.0,232,76,1,Ki67,1.2686593191500866,True
HNC-Wu2022,hpv_status,1,4,1.0,232,76,1,PD1,0.037338036845899585,True
HNC-Wu2022,hpv_status,1,4,1.0,232,76,1,PDL1,0.0,False
HNC-Wu2022,hpv_status,1,4,1.0,232,76,1,PanCK,0.40675908975800745,True
HNC-Wu2022,hpv_status,1,4,1.0,232,76,1,Podoplanin,-0.6629444745458712,True
HNC-Wu2022,hpv_status,1,4,1.0,232,76,1,TMEM16A,0.0,False
HNC-Wu2022,hpv_status,1,4,1.0,232,76,1,Vimentin,0.08807773660883939,True
HNC-Wu2022,hpv_status,1,4,1.0,232,76,1,aSMA,0.5896801012392974,True
HNC-Wu2022,hpv_status,1,4,1.0,232,76,1,p16,0.0,False
HNC-Wu2022,hpv_status,2,0,1.0,252,56,1,CD117,0.0,False
HNC-Wu2022,hpv_status,2,0,1.0,252,56,1,CD11b,-0.11754746188254808,True
HNC-Wu2022,hpv_status,2,0,1.0,252,56,1,CD11c,1.3945734042830868,True
HNC-Wu2022,hpv_status,2,0,1.0,252,56,1,CD134,-0.11650972863288786,True
HNC-Wu2022,hpv_status,2,0,1.0,252,56,1,CD14,0.0,False
HNC-Wu2022,hpv_status,2,0,1.0,252,56,1,CD15,0.13367986222409217,True
HNC-Wu2022,hpv_status,2,0,1.0,252,56,1,CD152,0.0,False
HNC-Wu2022,hpv_status,2,0,1.0,252,56,1,CD16,-0.24811402803091331,True
HNC-Wu2022,hpv_status,2,0,1.0,252,56,1,CD163,0.0,False
HNC-Wu2022,hpv_status,2,0,1.0,252,56,1,CD20,0.06147444211734082,True
HNC-Wu2022,hpv_status,2,0,1.0,252,56,1,CD21,0.0,False
HNC-Wu2022,hpv_status,2,0,1.0,252,56,1,CD31,0.0,False
HNC-Wu2022,hpv_status,2,0,1.0,252,56,1,CD34,0.7943405331261687,True
HNC-Wu2022,hpv_status,2,0,1.0,252,56,1,CD38,-0.36773097137115535,True
HNC-Wu2022,hpv_status,2,0,1.0,252,56,1,CD3e,0.500160507369788,True
HNC-Wu2022,hpv_status,2,0,1.0,252,56,1,CD4,-0.05668661753391026,True
HNC-Wu2022,hpv_status,2,0,1.0,252,56,1,CD45,-0.25687546087787994,True
HNC-Wu2022,hpv_status,2,0,1.0,252,56,1,CD45RA,0.835322481480079,True
HNC-Wu2022,hpv_status,2,0,1.0,252,56,1,CD45RO,0.5227368827843807,True
HNC-Wu2022,hpv_status,2,0,1.0,252,56,1,CD47,-0.7151955953059318,True
HNC-Wu2022,hpv_status,2,0,1.0,252,56,1,CD49f,-0.7920900443103446,True
HNC-Wu2022,hpv_status,2,0,1.0,252,56,1,CD56,0.0,False
HNC-Wu2022,hpv_status,2,0,1.0,252,56,1,CD57,0.0,False
HNC-Wu2022,hpv_status,2,0,1.0,252,56,1,CD68,-0.09694264837435183,True
HNC-Wu2022,hpv_status,2,0,1.0,252,56,1,CD69,0.0,False
HNC-Wu2022,hpv_status,2,0,1.0,252,56,1,CD8,1.2666259481935285,True
HNC-Wu2022,hpv_status,2,0,1.0,252,56,1,CollagenIV,-0.5069679949930153,True
HNC-Wu2022,hpv_status,2,0,1.0,252,56,1,DAPI,-0.2297220664244258,True
HNC-Wu2022,hpv_status,2,0,1.0,252,56,1,FoxP3,0.2506272212668366,True
HNC-Wu2022,hpv_status,2,0,1.0,252,56,1,GranzymeB,-0.21529769290502138,True
HNC-Wu2022,hpv_status,2,0,1.0,252,56,1,HLA-DR,-0.013333688786726059,True
HNC-Wu2022,hpv_status,2,0,1.0,252,56,1,ICOS,-0.7631348511147625,True
HNC-Wu2022,hpv_status,2,0,1.0,252,56,1,Ki67,1.3773134650029195,True
HNC-Wu2022,hpv_status,2,0,1.0,252,56,1,PD1,0.5359949204975587,True
HNC-Wu2022,hpv_status,2,0,1.0,252,56,1,PDL1,0.18570940170456468,True
HNC-Wu2022,hpv_status,2,0,1.0,252,56,1,PanCK,0.34345864305352936,True
HNC-Wu2022,hpv_status,2,0,1.0,252,56,1,Podoplanin,-0.8999805421558411,True
HNC-Wu2022,hpv_status,2,0,1.0,252,56,1,TMEM16A,0.0,False
HNC-Wu2022,hpv_status,2,0,1.0,252,56,1,Vimentin,-0.028179256178214405,True
HNC-Wu2022,hpv_status,2,0,1.0,252,56,1,aSMA,0.20132698605718755,True
HNC-Wu2022,hpv_status,2,0,1.0,252,56,1,p16,0.0,False
HNC-Wu2022,hpv_status,2,1,1.0,250,58,1,CD117,-0.06741895616756685,True
HNC-Wu2022,hpv_status,2,1,1.0,250,58,1,CD11b,-0.4339581432416878,True
HNC-Wu2022,hpv_status,2,1,1.0,250,58,1,CD11c,1.5320336071268903,True
HNC-Wu2022,hpv_status,2,1,1.0,250,58,1,CD134,0.0,False
HNC-Wu2022,hpv_status,2,1,1.0,250,58,1,CD14,-0.4185188737968113,True
HNC-Wu2022,hpv_status,2,1,1.0,250,58,1,CD15,0.021815414782680547,True
HNC-Wu2022,hpv_status,2,1,1.0,250,58,1,CD152,0.0,False
HNC-Wu2022,hpv_status,2,1,1.0,250,58,1,CD16,0.0,False
HNC-Wu2022,hpv_status,2,1,1.0,250,58,1,CD163,0.29567566032502657,True
HNC-Wu2022,hpv_status,2,1,1.0,250,58,1,CD20,0.03350185507372305,True
HNC-Wu2022,hpv_status,2,1,1.0,250,58,1,CD21,0.0,False
HNC-Wu2022,hpv_status,2,1,1.0,250,58,1,CD31,0.0,False
HNC-Wu2022,hpv_status,2,1,1.0,250,58,1,CD34,0.6410666472088998,True
HNC-Wu2022,hpv_status,2,1,1.0,250,58,1,CD38,-0.3171920059432392,True
HNC-Wu2022,hpv_status,2,1,1.0,250,58,1,CD3e,0.9333766255677775,True
HNC-Wu2022,hpv_status,2,1,1.0,250,58,1,CD4,0.20838483981389253,True
HNC-Wu2022,hpv_status,2,1,1.0,250,58,1,CD45,-0.27324382287471993,True
HNC-Wu2022,hpv_status,2,1,1.0,250,58,1,CD45RA,-0.23212490447964787,True
HNC-Wu2022,hpv_status,2,1,1.0,250,58,1,CD45RO,0.0,False
HNC-Wu2022,hpv_status,2,1,1.0,250,58,1,CD47,-0.8709051056533287,True
HNC-Wu2022,hpv_status,2,1,1.0,250,58,1,CD49f,-0.5315601223396454,True
HNC-Wu2022,hpv_status,2,1,1.0,250,58,1,CD56,0.0,False
HNC-Wu2022,hpv_status,2,1,1.0,250,58,1,CD57,0.0,False
HNC-Wu2022,hpv_status,2,1,1.0,250,58,1,CD68,0.18094705181552734,True
HNC-Wu2022,hpv_status,2,1,1.0,250,58,1,CD69,-0.3112645610007238,True
HNC-Wu2022,hpv_status,2,1,1.0,250,58,1,CD8,0.7708555210159888,True
HNC-Wu2022,hpv_status,2,1,1.0,250,58,1,CollagenIV,-0.4886915028860407,True
HNC-Wu2022,hpv_status,2,1,1.0,250,58,1,DAPI,-0.39674478070391095,True
HNC-Wu2022,hpv_status,2,1,1.0,250,58,1,FoxP3,0.3760563139747882,True
HNC-Wu2022,hpv_status,2,1,1.0,250,58,1,GranzymeB,-0.09804806462314011,True
HNC-Wu2022,hpv_status,2,1,1.0,250,58,1,HLA-DR,-0.21892411193280698,True
HNC-Wu2022,hpv_status,2,1,1.0,250,58,1,ICOS,-0.5086401412172783,True
HNC-Wu2022,hpv_status,2,1,1.0,250,58,1,Ki67,0.9742612266254983,True
HNC-Wu2022,hpv_status,2,1,1.0,250,58,1,PD1,0.0,False
HNC-Wu2022,hpv_status,2,1,1.0,250,58,1,PDL1,0.1192257162584088,True
HNC-Wu2022,hpv_status,2,1,1.0,250,58,1,PanCK,0.48336937751492276,True
HNC-Wu2022,hpv_status,2,1,1.0,250,58,1,Podoplanin,-0.47312397674538886,True
HNC-Wu2022,hpv_status,2,1,1.0,250,58,1,TMEM16A,0.0,False
HNC-Wu2022,hpv_status,2,1,1.0,250,58,1,Vimentin,-0.0838196263248537,True
HNC-Wu2022,hpv_status,2,1,1.0,250,58,1,aSMA,0.4324054840143144,True
HNC-Wu2022,hpv_status,2,1,1.0,250,58,1,p16,0.0,False
HNC-Wu2022,hpv_status,2,2,1.0,244,64,1,CD117,0.0,False
HNC-Wu2022,hpv_status,2,2,1.0,244,64,1,CD11b,-0.708176485774367,True
HNC-Wu2022,hpv_status,2,2,1.0,244,64,1,CD11c,0.8946431913477372,True
HNC-Wu2022,hpv_status,2,2,1.0,244,64,1,CD134,0.0,False
HNC-Wu2022,hpv_status,2,2,1.0,244,64,1,CD14,-0.4910277770921304,True
HNC-Wu2022,hpv_status,2,2,1.0,244,64,1,CD15,0.3978057583067502,True
HNC-Wu2022,hpv_status,2,2,1.0,244,64,1,CD152,0.0,False
HNC-Wu2022,hpv_status,2,2,1.0,244,64,1,CD16,0.30971192513069334,True
HNC-Wu2022,hpv_status,2,2,1.0,244,64,1,CD163,0.24399846167126427,True
HNC-Wu2022,hpv_status,2,2,1.0,244,64,1,CD20,0.0347800361052656,True
HNC-Wu2022,hpv_status,2,2,1.0,244,64,1,CD21,-0.20807757922956638,True
HNC-Wu2022,hpv_status,2,2,1.0,244,64,1,CD31,0.36184287293775397,True
HNC-Wu2022,hpv_status,2,2,1.0,244,64,1,CD34,0.48881191966598264,True
HNC-Wu2022,hpv_status,2,2,1.0,244,64,1,CD38,-0.47768337345578993,True
HNC-Wu2022,hpv_status,2,2,1.0,244,64,1,CD3e,0.8953725258623683,True
HNC-Wu2022,hpv_status,2,2,1.0,244,64,1,CD4,0.08647983574341458,True
HNC-Wu2022,hpv_status,2,2,1.0,244,64,1,CD45,0.0,False
HNC-Wu2022,hpv_status,2,2,1.0,244,64,1,CD45RA,-0.16465651831592015,True
HNC-Wu2022,hpv_status,2,2,1.0,244,64,1,CD45RO,0.20189184740074395,True
HNC-Wu2022,hpv_status,2,2,1.0,244,64,1,CD47,-0.99599641604374,True
HNC-Wu2022,hpv_status,2,2,1.0,244,64,1,CD49f,-0.42506605818074783,True
HNC-Wu2022,hpv_status,2,2,1.0,244,64,1,CD56,0.0,False
HNC-Wu2022,hpv_status,2,2,1.0,244,64,1,CD57,0.0,False
HNC-Wu2022,hpv_status,2,2,1.0,244,64,1,CD68,-0.011591893623718501,True
HNC-Wu2022,hpv_status,2,2,1.0,244,64,1,CD69,-0.03176188482222083,True
HNC-Wu2022,hpv_status,2,2,1.0,244,64,1,CD8,0.7698458910385262,True
HNC-Wu2022,hpv_status,2,2,1.0,244,64,1,CollagenIV,-0.25543899375823004,True
HNC-Wu2022,hpv_status,2,2,1.0,244,64,1,DAPI,-0.5011685901814101,True
HNC-Wu2022,hpv_status,2,2,1.0,244,64,1,FoxP3,0.38597917109226015,True
HNC-Wu2022,hpv_status,2,2,1.0,244,64,1,GranzymeB,0.0,False
HNC-Wu2022,hpv_status,2,2,1.0,244,64,1,HLA-DR,0.0,False
HNC-Wu2022,hpv_status,2,2,1.0,244,64,1,ICOS,-0.7612691904900254,True
HNC-Wu2022,hpv_status,2,2,1.0,244,64,1,Ki67,0.9593541247704539,True
HNC-Wu2022,hpv_status,2,2,1.0,244,64,1,PD1,0.13087112211005963,True
HNC-Wu2022,hpv_status,2,2,1.0,244,64,1,PDL1,0.0,False
HNC-Wu2022,hpv_status,2,2,1.0,244,64,1,PanCK,0.14987414983540276,True
HNC-Wu2022,hpv_status,2,2,1.0,244,64,1,Podoplanin,-0.5029657061770032,True
HNC-Wu2022,hpv_status,2,2,1.0,244,64,1,TMEM16A,0.05049264869762659,True
HNC-Wu2022,hpv_status,2,2,1.0,244,64,1,Vimentin,0.14536284392810858,True
HNC-Wu2022,hpv_status,2,2,1.0,244,64,1,aSMA,0.28633204654268435,True
HNC-Wu2022,hpv_status,2,2,1.0,244,64,1,p16,-0.003785865682832227,True
HNC-Wu2022,hpv_status,2,3,1.0,245,63,1,CD117,0.0,False
HNC-Wu2022,hpv_status,2,3,1.0,245,63,1,CD11b,-0.9683156999845363,True
HNC-Wu2022,hpv_status,2,3,1.0,245,63,1,CD11c,0.7643544900892222,True
HNC-Wu2022,hpv_status,2,3,1.0,245,63,1,CD134,0.45370192047341307,True
HNC-Wu2022,hpv_status,2,3,1.0,245,63,1,CD14,-0.33541210413548384,True
HNC-Wu2022,hpv_status,2,3,1.0,245,63,1,CD15,0.2728378355608605,True
HNC-Wu2022,hpv_status,2,3,1.0,245,63,1,CD152,0.015945875302138708,True
HNC-Wu2022,hpv_status,2,3,1.0,245,63,1,CD16,-0.03854296362398942,True
HNC-Wu2022,hpv_status,2,3,1.0,245,63,1,CD163,0.37888476231117973,True
HNC-Wu2022,hpv_status,2,3,1.0,245,63,1,CD20,-0.27218672648853265,True
HNC-Wu2022,hpv_status,2,3,1.0,245,63,1,CD21,0.0,False
HNC-Wu2022,hpv_status,2,3,1.0,245,63,1,CD31,0.15325012405561966,True
HNC-Wu2022,hpv_status,2,3,1.0,245,63,1,CD34,0.425395850613238,True
HNC-Wu2022,hpv_status,2,3,1.0,245,63,1,CD38,-0.07893713214867014,True
HNC-Wu2022,hpv_status,2,3,1.0,245,63,1,CD3e,0.7784439819866923,True
HNC-Wu2022,hpv_status,2,3,1.0,245,63,1,CD4,0.3258298263571594,True
HNC-Wu2022,hpv_status,2,3,1.0,245,63,1,CD45,-0.028561022301530428,True
HNC-Wu2022,hpv_status,2,3,1.0,245,63,1,CD45RA,-0.2959703008053836,True
HNC-Wu2022,hpv_status,2,3,1.0,245,63,1,CD45RO,0.0,False
HNC-Wu2022,hpv_status,2,3,1.0,245,63,1,CD47,-1.1647705976779177,True
HNC-Wu2022,hpv_status,2,3,1.0,245,63,1,CD49f,0.0,False
HNC-Wu2022,hpv_status,2,3,1.0,245,63,1,CD56,0.0,False
HNC-Wu2022,hpv_status,2,3,1.0,245,63,1,CD57,0.0,False
HNC-Wu2022,hpv_status,2,3,1.0,245,63,1,CD68,0.27110959078394714,True
HNC-Wu2022,hpv_status,2,3,1.0,245,63,1,CD69,-0.39824875264206183,True
HNC-Wu2022,hpv_status,2,3,1.0,245,63,1,CD8,0.9046458663480232,True
HNC-Wu2022,hpv_status,2,3,1.0,245,63,1,CollagenIV,-0.12789156469532578,True
HNC-Wu2022,hpv_status,2,3,1.0,245,63,1,DAPI,-0.5201197213773947,True
HNC-Wu2022,hpv_status,2,3,1.0,245,63,1,FoxP3,0.2618336449082371,True
HNC-Wu2022,hpv_status,2,3,1.0,245,63,1,GranzymeB,-0.5424544220101556,True
HNC-Wu2022,hpv_status,2,3,1.0,245,63,1,HLA-DR,-0.062208820270735925,True
HNC-Wu2022,hpv_status,2,3,1.0,245,63,1,ICOS,-0.40276222328362393,True
HNC-Wu2022,hpv_status,2,3,1.0,245,63,1,Ki67,1.2658846597816822,True
HNC-Wu2022,hpv_status,2,3,1.0,245,63,1,PD1,0.43977289200314745,True
HNC-Wu2022,hpv_status,2,3,1.0,245,63,1,PDL1,0.0,False
HNC-Wu2022,hpv_status,2,3,1.0,245,63,1,PanCK,0.0,False
HNC-Wu2022,hpv_status,2,3,1.0,245,63,1,Podoplanin,-0.07084491657193116,True
HNC-Wu2022,hpv_status,2,3,1.0,245,63,1,TMEM16A,0.0,False
HNC-Wu2022,hpv_status,2,3,1.0,245,63,1,Vimentin,0.0,False
HNC-Wu2022,hpv_status,2,3,1.0,245,63,1,aSMA,0.10940474690298162,True
HNC-Wu2022,hpv_status,2,3,1.0,245,63,1,p16,0.0,False
HNC-Wu2022,hpv_status,2,4,1.0,241,67,1,CD117,0.0,False
HNC-Wu2022,hpv_status,2,4,1.0,241,67,1,CD11b,-0.5534511811511901,True
HNC-Wu2022,hpv_status,2,4,1.0,241,67,1,CD11c,1.1361825930880403,True
HNC-Wu2022,hpv_status,2,4,1.0,241,67,1,CD134,0.11145779247236952,True
HNC-Wu2022,hpv_status,2,4,1.0,241,67,1,CD14,-0.07099366977103508,True
HNC-Wu2022,hpv_status,2,4,1.0,241,67,1,CD15,0.1861966777996993,True
HNC-Wu2022,hpv_status,2,4,1.0,241,67,1,CD152,0.0,False
HNC-Wu2022,hpv_status,2,4,1.0,241,67,1,CD16,0.8105114725558075,True
HNC-Wu2022,hpv_status,2,4,1.0,241,67,1,CD163,0.0,False
HNC-Wu2022,hpv_status,2,4,1.0,241,67,1,CD20,0.15886389426129885,True
HNC-Wu2022,hpv_status,2,4,1.0,241,67,1,CD21,0.0,False
HNC-Wu2022,hpv_status,2,4,1.0,241,67,1,CD31,0.21381850445992062,True
HNC-Wu2022,hpv_status,2,4,1.0,241,67,1,CD34,0.16068407167863769,True
HNC-Wu2022,hpv_status,2,4,1.0,241,67,1,CD38,-0.18640846180561685,True
HNC-Wu2022,hpv_status,2,4,1.0,241,67,1,CD3e,0.4171075610357428,True
HNC-Wu2022,hpv_status,2,4,1.0,241,67,1,CD4,0.0,False
HNC-Wu2022,hpv_status,2,4,1.0,241,67,1,CD45,-0.17158379230680942,True
HNC-Wu2022,hpv_status,2,4,1.0,241,67,1,CD45RA,-0.5112727441344087,True
HNC-Wu2022,hpv_status,2,4,1.0,241,67,1,CD45RO,0.1365013748428509,True
HNC-Wu2022,hpv_status,2,4,1.0,241,67,1,CD47,-1.0061469930097284,True
HNC-Wu2022,hpv_status,2,4,1.0,241,67,1,CD49f,-0.8360216382544505,True
HNC-Wu2022,hpv_status,2,4,1.0,241,67,1,CD56,0.0,False
HNC-Wu2022,hpv_status,2,4,1.0,241,67,1,CD57,-0.3273300163154602,True
HNC-Wu2022,hpv_status,2,4,1.0,241,67,1,CD68,0.0,False
HNC-Wu2022,hpv_status,2,4,1.0,241,67,1,CD69,0.0,False
HNC-Wu2022,hpv_status,2,4,1.0,241,67,1,CD8,1.2323582082931523,True
HNC-Wu2022,hpv_status,2,4,1.0,241,67,1,CollagenIV,-1.3721644173031717,True
HNC-Wu2022,hpv_status,2,4,1.0,241,67,1,DAPI,-0.24578975234726821,True
HNC-Wu2022,hpv_status,2,4,1.0,241,67,1,FoxP3,-0.06170772354393054,True
HNC-Wu2022,hpv_status,2,4,1.0,241,67,1,GranzymeB,-0.03741049063497246,True
HNC-Wu2022,hpv_status,2,4,1.0,241,67,1,HLA-DR,0.10656305091557977,True
HNC-Wu2022,hpv_status,2,4,1.0,241,67,1,ICOS,0.6205540177466008,True
HNC-Wu2022,hpv_status,2,4,1.0,241,67,1,Ki67,1.0672126046023542,True
HNC-Wu2022,hpv_status,2,4,1.0,241,67,1,PD1,-0.15929685663774204,True
HNC-Wu2022,hpv_status,2,4,1.0,241,67,1,PDL1,0.0,False
HNC-Wu2022,hpv_status,2,4,1.0,241,67,1,PanCK,0.5060688935483179,True
HNC-Wu2022,hpv_status,2,4,1.0,241,67,1,Podoplanin,-0.49368927153031644,True
HNC-Wu2022,hpv_status,2,4,1.0,241,67,1,TMEM16A,0.0,False
HNC-Wu2022,hpv_status,2,4,1.0,241,67,1,Vimentin,0.034704197160832465,True
HNC-Wu2022,hpv_status,2,4,1.0,241,67,1,aSMA,0.4135578598955913,True
HNC-Wu2022,hpv_status,2,4,1.0,241,67,1,p16,0.0,False
LUAD-Sorin2023,progression,0,0,1.0,323,81,1,CD117,-0.2212843742762272,True
LUAD-Sorin2023,progression,0,0,1.0,323,81,1,CD11c,-0.09817965748230056,True
LUAD-Sorin2023,progression,0,0,1.0,323,81,1,CD14,-0.2195508801513157,True
LUAD-Sorin2023,progression,0,0,1.0,323,81,1,CD16,0.06544793255953599,True
LUAD-Sorin2023,progression,0,0,1.0,323,81,1,CD163,-0.010635919118831914,True
LUAD-Sorin2023,progression,0,0,1.0,323,81,1,CD20,0.18706365253327797,True
LUAD-Sorin2023,progression,0,0,1.0,323,81,1,CD3,0.0,False
LUAD-Sorin2023,progression,0,0,1.0,323,81,1,CD31,-0.0677260747858304,True
LUAD-Sorin2023,progression,0,0,1.0,323,81,1,CD4,-0.16885997389359136,True
LUAD-Sorin2023,progression,0,0,1.0,323,81,1,CD68,0.0,False
LUAD-Sorin2023,progression,0,0,1.0,323,81,1,CD8a,0.33920680091102823,True
LUAD-Sorin2023,progression,0,0,1.0,323,81,1,CD94,-0.08516966045580257,True
LUAD-Sorin2023,progression,0,0,1.0,323,81,1,DNA1,-0.3134808892533753,True
LUAD-Sorin2023,progression,0,0,1.0,323,81,1,FoxP3,-0.1484145362807853,True
LUAD-Sorin2023,progression,0,0,1.0,323,81,1,HLA-DR,0.004255465402279424,True
LUAD-Sorin2023,progression,0,0,1.0,323,81,1,MPO,-0.22485497073131522,True
LUAD-Sorin2023,progression,0,0,1.0,323,81,1,Pancytokeratin,0.4723140627144272,True
LUAD-Sorin2023,progression,0,0,1.0,323,81,1,TTF1,-0.28036390338509126,True
LUAD-Sorin2023,progression,0,1,1.0,323,81,1,CD117,-0.28341444089715473,True
LUAD-Sorin2023,progression,0,1,1.0,323,81,1,CD11c,-0.00017237699677408256,True
LUAD-Sorin2023,progression,0,1,1.0,323,81,1,CD14,-0.38010145189232536,True
LUAD-Sorin2023,progression,0,1,1.0,323,81,1,CD16,-0.021219365451104925,True
LUAD-Sorin2023,progression,0,1,1.0,323,81,1,CD163,0.09672913008895043,True
LUAD-Sorin2023,progression,0,1,1.0,323,81,1,CD20,0.07027081503148153,True
LUAD-Sorin2023,progression,0,1,1.0,323,81,1,CD3,-0.38667281221294547,True
LUAD-Sorin2023,progression,0,1,1.0,323,81,1,CD31,0.16291995421393068,True
LUAD-Sorin2023,progression,0,1,1.0,323,81,1,CD4,0.0,False
LUAD-Sorin2023,progression,0,1,1.0,323,81,1,CD68,0.0,False
LUAD-Sorin2023,progression,0,1,1.0,323,81,1,CD8a,0.5037918841163019,True
LUAD-Sorin2023,progression,0,1,1.0,323,81,1,CD94,-0.10913939574228501,True
LUAD-Sorin2023,progression,0,1,1.0,323,81,1,DNA1,-0.33194318687161073,True
LUAD-Sorin2023,progression,0,1,1.0,323,81,1,FoxP3,0.031213778966863753,True
LUAD-Sorin2023,progression,0,1,1.0,323,81,1,HLA-DR,0.1623082981193695,True
LUAD-Sorin2023,progression,0,1,1.0,323,81,1,MPO,-0.35949332182404903,True
LUAD-Sorin2023,progression,0,1,1.0,323,81,1,Pancytokeratin,0.32311660031392575,True
LUAD-Sorin2023,progression,0,1,1.0,323,81,1,TTF1,-0.41856874846286385,True
LUAD-Sorin2023,progression,0,2,1.0,323,81,1,CD117,-0.07511793778183169,True
LUAD-Sorin2023,progression,0,2,1.0,323,81,1,CD11c,0.0,False
LUAD-Sorin2023,progression,0,2,1.0,323,81,1,CD14,0.02683256053134998,True
LUAD-Sorin2023,progression,0,2,1.0,323,81,1,CD16,0.0,False
LUAD-Sorin2023,progression,0,2,1.0,323,81,1,CD163,0.003043188068822691,True
LUAD-Sorin2023,progression,0,2,1.0,323,81,1,CD20,0.12237404519572048,True
LUAD-Sorin2023,progression,0,2,1.0,323,81,1,CD3,-0.11082116538825411,True
LUAD-Sorin2023,progression,0,2,1.0,323,81,1,CD31,0.18401764888352345,True
LUAD-Sorin2023,progression,0,2,1.0,323,81,1,CD4,-0.11592312769991608,True
LUAD-Sorin2023,progression,0,2,1.0,323,81,1,CD68,0.0,False
LUAD-Sorin2023,progression,0,2,1.0,323,81,1,CD8a,0.30816758208273476,True
LUAD-Sorin2023,progression,0,2,1.0,323,81,1,CD94,0.0,False
LUAD-Sorin2023,progression,0,2,1.0,323,81,1,DNA1,-0.3829072476014355,True
LUAD-Sorin2023,progression,0,2,1.0,323,81,1,FoxP3,-0.08420669603119736,True
LUAD-Sorin2023,progression,0,2,1.0,323,81,1,HLA-DR,0.08852504295011292,True
LUAD-Sorin2023,progression,0,2,1.0,323,81,1,MPO,-0.2369356149160256,True
LUAD-Sorin2023,progression,0,2,1.0,323,81,1,Pancytokeratin,0.4945431868732202,True
LUAD-Sorin2023,progression,0,2,1.0,323,81,1,TTF1,-0.38987898465823245,True
LUAD-Sorin2023,progression,0,3,1.0,323,81,1,CD117,-0.23633806975494837,True
LUAD-Sorin2023,progression,0,3,1.0,323,81,1,CD11c,0.06166741017313306,True
LUAD-Sorin2023,progression,0,3,1.0,323,81,1,CD14,0.028673770982858917,True
LUAD-Sorin2023,progression,0,3,1.0,323,81,1,CD16,-0.1770340088101785,True
LUAD-Sorin2023,progression,0,3,1.0,323,81,1,CD163,-0.03657230663253139,True
LUAD-Sorin2023,progression,0,3,1.0,323,81,1,CD20,0.2549393399831327,True
LUAD-Sorin2023,progression,0,3,1.0,323,81,1,CD3,-0.0684199168386232,True
LUAD-Sorin2023,progression,0,3,1.0,323,81,1,CD31,0.07665630499236938,True
LUAD-Sorin2023,progression,0,3,1.0,323,81,1,CD4,0.0670625097287891,True
LUAD-Sorin2023,progression,0,3,1.0,323,81,1,CD68,-0.053418483729546634,True
LUAD-Sorin2023,progression,0,3,1.0,323,81,1,CD8a,0.2232661723435029,True
LUAD-Sorin2023,progression,0,3,1.0,323,81,1,CD94,-0.04354540512317525,True
LUAD-Sorin2023,progression,0,3,1.0,323,81,1,DNA1,-0.5516937376904093,True
LUAD-Sorin2023,progression,0,3,1.0,323,81,1,FoxP3,-0.33459657047319746,True
LUAD-Sorin2023,progression,0,3,1.0,323,81,1,HLA-DR,-0.036169310917494625,True
LUAD-Sorin2023,progression,0,3,1.0,323,81,1,MPO,-0.13442287678514167,True
LUAD-Sorin2023,progression,0,3,1.0,323,81,1,Pancytokeratin,0.5513314192902781,True
LUAD-Sorin2023,progression,0,3,1.0,323,81,1,TTF1,-0.1653339866629734,True
LUAD-Sorin2023,progression,0,4,1.0,324,80,1,CD117,-0.15262960761157884,True
LUAD-Sorin2023,progression,0,4,1.0,324,80,1,CD11c,-0.05425424062939187,True
LUAD-Sorin2023,progression,0,4,1.0,324,80,1,CD14,0.08156688414564649,True
LUAD-Sorin2023,progression,0,4,1.0,324,80,1,CD16,-0.26394873322756474,True
LUAD-Sorin2023,progression,0,4,1.0,324,80,1,CD163,-0.08637040196565995,True
LUAD-Sorin2023,progression,0,4,1.0,324,80,1,CD20,-0.2421465608953131,True
LUAD-Sorin2023,progression,0,4,1.0,324,80,1,CD3,0.0,False
LUAD-Sorin2023,progression,0,4,1.0,324,80,1,CD31,-0.028094427708370836,True
LUAD-Sorin2023,progression,0,4,1.0,324,80,1,CD4,0.09573062833389262,True
LUAD-Sorin2023,progression,0,4,1.0,324,80,1,CD68,-0.059523910888103285,True
LUAD-Sorin2023,progression,0,4,1.0,324,80,1,CD8a,0.3180226616684514,True
LUAD-Sorin2023,progression,0,4,1.0,324,80,1,CD94,-0.04444584341302678,True
LUAD-Sorin2023,progression,0,4,1.0,324,80,1,DNA1,-0.26987374354533555,True
LUAD-Sorin2023,progression,0,4,1.0,324,80,1,FoxP3,-0.13084442532502535,True
LUAD-Sorin2023,progression,0,4,1.0,324,80,1,HLA-DR,0.1458188562605389,True
LUAD-Sorin2023,progression,0,4,1.0,324,80,1,MPO,-0.2807849452561653,True
LUAD-Sorin2023,progression,0,4,1.0,324,80,1,Pancytokeratin,0.5338375507203325,True
LUAD-Sorin2023,progression,0,4,1.0,324,80,1,TTF1,-0.5306234432688545,True
LUAD-Sorin2023,progression,1,0,1.0,323,81,1,CD117,-0.24943823999771395,True
LUAD-Sorin2023,progression,1,0,1.0,323,81,1,CD11c,-0.06628580577574208,True
LUAD-Sorin2023,progression,1,0,1.0,323,81,1,CD14,-0.12339602054413884,True
LUAD-Sorin2023,progression,1,0,1.0,323,81,1,CD16,-0.2321502562530518,True
LUAD-Sorin2023,progression,1,0,1.0,323,81,1,CD163,0.0855157953345491,True
LUAD-Sorin2023,progression,1,0,1.0,323,81,1,CD20,-0.22525142186104202,True
LUAD-Sorin2023,progression,1,0,1.0,323,81,1,CD3,0.0,False
LUAD-Sorin2023,progression,1,0,1.0,323,81,1,CD31,0.09009078522901068,True
LUAD-Sorin2023,progression,1,0,1.0,323,81,1,CD4,0.0,False
LUAD-Sorin2023,progression,1,0,1.0,323,81,1,CD68,-0.009031447029220678,True
LUAD-Sorin2023,progression,1,0,1.0,323,81,1,CD8a,0.3746185477332092,True
LUAD-Sorin2023,progression,1,0,1.0,323,81,1,CD94,-0.02913528793413698,True
LUAD-Sorin2023,progression,1,0,1.0,323,81,1,DNA1,-0.2613927234604977,True
LUAD-Sorin2023,progression,1,0,1.0,323,81,1,FoxP3,0.003124166724114055,True
LUAD-Sorin2023,progression,1,0,1.0,323,81,1,HLA-DR,0.05035488117414674,True
LUAD-Sorin2023,progression,1,0,1.0,323,81,1,MPO,-0.2220792287367231,True
LUAD-Sorin2023,progression,1,0,1.0,323,81,1,Pancytokeratin,0.5134817922921493,True
LUAD-Sorin2023,progression,1,0,1.0,323,81,1,TTF1,-0.37876447889674036,True
LUAD-Sorin2023,progression,1,1,1.0,323,81,1,CD117,-0.13903217625281927,True
LUAD-Sorin2023,progression,1,1,1.0,323,81,1,CD11c,0.0,False
LUAD-Sorin2023,progression,1,1,1.0,323,81,1,CD14,-0.20801492354248652,True
LUAD-Sorin2023,progression,1,1,1.0,323,81,1,CD16,-0.06888888298472823,True
LUAD-Sorin2023,progression,1,1,1.0,323,81,1,CD163,0.0981813765770357,True
LUAD-Sorin2023,progression,1,1,1.0,323,81,1,CD20,0.05286139189132365,True
LUAD-Sorin2023,progression,1,1,1.0,323,81,1,CD3,-0.027284974542400427,True
LUAD-Sorin2023,progression,1,1,1.0,323,81,1,CD31,0.0,False
LUAD-Sorin2023,progression,1,1,1.0,323,81,1,CD4,0.0,False
LUAD-Sorin2023,progression,1,1,1.0,323,81,1,CD68,0.021929903608238346,True
LUAD-Sorin2023,progression,1,1,1.0,323,81,1,CD8a,0.3230499364764108,True
LUAD-Sorin2023,progression,1,1,1.0,323,81,1,CD94,-0.14273570442115632,True
LUAD-Sorin2023,progression,1,1,1.0,323,81,1,DNA1,-0.3249173497888785,True
LUAD-Sorin2023,progression,1,1,1.0,323,81,1,FoxP3,-0.1985784253850284,True
LUAD-Sorin2023,progression,1,1,1.0,323,81,1,HLA-DR,0.15606728174631054,True
LUAD-Sorin2023,progression,1,1,1.0,323,81,1,MPO,-0.32759236604981573,True
LUAD-Sorin2023,progression,1,1,1.0,323,81,1,Pancytokeratin,0.4417644849191774,True
LUAD-Sorin2023,progression,1,1,1.0,323,81,1,TTF1,-0.4067365126267957,True
LUAD-Sorin2023,progression,1,2,1.0,323,81,1,CD117,-0.22161728357674013,True
LUAD-Sorin2023,progression,1,2,1.0,323,81,1,CD11c,0.0,False
LUAD-Sorin2023,progression,1,2,1.0,323,81,1,CD14,0.0,False
LUAD-Sorin2023,progression,1,2,1.0,323,81,1,CD16,-0.056564368061972854,True
LUAD-Sorin2023,progression,1,2,1.0,323,81,1,CD163,-0.05765610068239502,True
LUAD-Sorin2023,progression,1,2,1.0,323,81,1,CD20,0.26167208085974525,True
LUAD-Sorin2023,progression,1,2,1.0,323,81,1,CD3,-0.020387025612953108,True
LUAD-Sorin2023,progression,1,2,1.0,323,81,1,CD31,-0.019983469150184584,True
LUAD-Sorin2023,progression,1,2,1.0,323,81,1,CD4,0.0,False
LUAD-Sorin2023,progression,1,2,1.0,323,81,1,CD68,0.012667625953811358,True
LUAD-Sorin2023,progression,1,2,1.0,323,81,1,CD8a,0.31070553739618484,True
LUAD-Sorin2023,progression,1,2,1.0,323,81,1,CD94,0.0004151914842498062,True
LUAD-Sorin2023,progression,1,2,1.0,323,81,1,DNA1,-0.4697890728446375,True
LUAD-Sorin2023,progression,1,2,1.0,323,81,1,FoxP3,-0.35762418442098026,True
LUAD-Sorin2023,progression,1,2,1.0,323,81,1,HLA-DR,-0.19022093456826705,True
LUAD-Sorin2023,progression,1,2,1.0,323,81,1,MPO,-0.24075654149343453,True
LUAD-Sorin2023,progression,1,2,1.0,323,81,1,Pancytokeratin,0.48150735845324316,True
LUAD-Sorin2023,progression,1,2,1.0,323,81,1,TTF1,-0.22617532114791358,True
LUAD-Sorin2023,progression,1,3,1.0,323,81,1,CD117,-0.22342443898243228,True
LUAD-Sorin2023,progression,1,3,1.0,323,81,1,CD11c,0.0,False
LUAD-Sorin2023,progression,1,3,1.0,323,81,1,CD14,0.0,False
LUAD-Sorin2023,progression,1,3,1.0,323,81,1,CD16,-0.04891333246201487,True
LUAD-Sorin2023,progression,1,3,1.0,323,81,1,CD163,-0.23171500435939102,True
LUAD-Sorin2023,progression,1,3,1.0,323,81,1,CD20,0.1662768406959749,True
LUAD-Sorin2023,progression,1,3,1.0,323,81,1,CD3,-0.47540955626924275,True
LUAD-Sorin2023,progression,1,3,1.0,323,81,1,CD31,0.15469937004041626,True
LUAD-Sorin2023,progression,1,3,1.0,323,81,1,CD4,0.0,False
LUAD-Sorin2023,progression,1,3,1.0,323,81,1,CD68,-0.09749374047817694,True
LUAD-Sorin2023,progression,1,3,1.0,323,81,1,CD8a,0.34809005885159927,True
LUAD-Sorin2023,progression,1,3,1.0,323,81,1,CD94,-0.07702193739083628,True
LUAD-Sorin2023,progression,1,3,1.0,323,81,1,DNA1,-0.2468131106376526,True
LUAD-Sorin2023,progression,1,3,1.0,323,81,1,FoxP3,0.15815543133355833,True
LUAD-Sorin2023,progression,1,3,1.0,323,81,1,HLA-DR,0.17578449696577927,True
LUAD-Sorin2023,progression,1,3,1.0,323,81,1,MPO,-0.3293146195006337,True
LUAD-Sorin2023,progression,1,3,1.0,323,81,1,Pancytokeratin,0.44130446060219075,True
LUAD-Sorin2023,progression,1,3,1.0,323,81,1,TTF1,-0.6141137960217234,True
LUAD-Sorin2023,progression,1,4,1.0,324,80,1,CD117,-0.15536818803008914,True
LUAD-Sorin2023,progression,1,4,1.0,324,80,1,CD11c,0.0,False
LUAD-Sorin2023,progression,1,4,1.0,324,80,1,CD14,0.04395305702079112,True
LUAD-Sorin2023,progression,1,4,1.0,324,80,1,CD16,-0.07786825986500479,True
LUAD-Sorin2023,progression,1,4,1.0,324,80,1,CD163,0.0037308988650734225,True
LUAD-Sorin2023,progression,1,4,1.0,324,80,1,CD20,0.1728134547554777,True
LUAD-Sorin2023,progression,1,4,1.0,324,80,1,CD3,-0.044556324383517504,True
LUAD-Sorin2023,progression,1,4,1.0,324,80,1,CD31,0.07341128919251665,True
LUAD-Sorin2023,progression,1,4,1.0,324,80,1,CD4,-0.10285023035016046,True
LUAD-Sorin2023,progression,1,4,1.0,324,80,1,CD68,-0.011644365916270227,True
LUAD-Sorin2023,progression,1,4,1.0,324,80,1,CD8a,0.36763286147135804,True
LUAD-Sorin2023,progression,1,4,1.0,324,80,1,CD94,-0.029667698682891055,True
LUAD-Sorin2023,progression,1,4,1.0,324,80,1,DNA1,-0.571303385061356,True
LUAD-Sorin2023,progression,1,4,1.0,324,80,1,FoxP3,-0.3672065951308602,True
LUAD-Sorin2023,progression,1,4,1.0,324,80,1,HLA-DR,0.17275901453944797,True
LUAD-Sorin2023,progression,1,4,1.0,324,80,1,MPO,-0.11575213240077656,True
LUAD-Sorin2023,progression,1,4,1.0,324,80,1,Pancytokeratin,0.5520684429685593,True
LUAD-Sorin2023,progression,1,4,1.0,324,80,1,TTF1,-0.16844499276045583,True
LUAD-Sorin2023,progression,2,0,1.0,323,81,1,CD117,-0.17043043937285962,True
LUAD-Sorin2023,progression,2,0,1.0,323,81,1,CD11c,-0.07270722651663963,True
LUAD-Sorin2023,progression,2,0,1.0,323,81,1,CD14,-0.12262150007606958,True
LUAD-Sorin2023,progression,2,0,1.0,323,81,1,CD16,0.0,False
LUAD-Sorin2023,progression,2,0,1.0,323,81,1,CD163,-0.1284792558407278,True
LUAD-Sorin2023,progression,2,0,1.0,323,81,1,CD20,0.0,False
LUAD-Sorin2023,progression,2,0,1.0,323,81,1,CD3,-0.1437030315401946,True
LUAD-Sorin2023,progression,2,0,1.0,323,81,1,CD31,0.14792645690749384,True
LUAD-Sorin2023,progression,2,0,1.0,323,81,1,CD4,0.043287824143414214,True
LUAD-Sorin2023,progression,2,0,1.0,323,81,1,CD68,-0.038682028627700774,True
LUAD-Sorin2023,progression,2,0,1.0,323,81,1,CD8a,0.45154692400560803,True
LUAD-Sorin2023,progression,2,0,1.0,323,81,1,CD94,-0.11583552581434992,True
LUAD-Sorin2023,progression,2,0,1.0,323,81,1,DNA1,-0.31099840051331656,True
LUAD-Sorin2023,progression,2,0,1.0,323,81,1,FoxP3,0.0,False
LUAD-Sorin2023,progression,2,0,1.0,323,81,1,HLA-DR,0.08556497534919218,True
LUAD-Sorin2023,progression,2,0,1.0,323,81,1,MPO,-0.16530644173638306,True
LUAD-Sorin2023,progression,2,0,1.0,323,81,1,Pancytokeratin,0.5863529588362376,True
LUAD-Sorin2023,progression,2,0,1.0,323,81,1,TTF1,-0.3955732280981652,True
LUAD-Sorin2023,progression,2,1,1.0,323,81,1,CD117,-0.13793757000396295,True
LUAD-Sorin2023,progression,2,1,1.0,323,81,1,CD11c,-0.08047616497428556,True
LUAD-Sorin2023,progression,2,1,1.0,323,81,1,CD14,0.0,False
LUAD-Sorin2023,progression,2,1,1.0,323,81,1,CD16,-0.1784004414679854,True
LUAD-Sorin2023,progression,2,1,1.0,323,81,1,CD163,0.0,False
LUAD-Sorin2023,progression,2,1,1.0,323,81,1,CD20,0.025062571542186697,True
LUAD-Sorin2023,progression,2,1,1.0,323,81,1,CD3,0.0,False
LUAD-Sorin2023,progression,2,1,1.0,323,81,1,CD31,0.07845675584740008,True
LUAD-Sorin2023,progression,2,1,1.0,323,81,1,CD4,0.014050422976532402,True
LUAD-Sorin2023,progression,2,1,1.0,323,81,1,CD68,0.01198704411536965,True
LUAD-Sorin2023,progression,2,1,1.0,323,81,1,CD8a,0.23900621945598724,True
LUAD-Sorin2023,progression,2,1,1.0,323,81,1,CD94,-0.05839275770643259,True
LUAD-Sorin2023,progression,2,1,1.0,323,81,1,DNA1,-0.28765593322136007,True
LUAD-Sorin2023,progression,2,1,1.0,323,81,1,FoxP3,-0.21603210175935525,True
LUAD-Sorin2023,progression,2,1,1.0,323,81,1,HLA-DR,0.1761231930830146,True
LUAD-Sorin2023,progression,2,1,1.0,323,81,1,MPO,-0.1415650883081938,True
LUAD-Sorin2023,progression,2,1,1.0,323,81,1,Pancytokeratin,0.41756073359539486,True
LUAD-Sorin2023,progression,2,1,1.0,323,81,1,TTF1,-0.3226481664201515,True
LUAD-Sorin2023,progression,2,2,1.0,323,81,1,CD117,-0.23850459635239257,True
LUAD-Sorin2023,progression,2,2,1.0,323,81,1,CD11c,0.0,False
LUAD-Sorin2023,progression,2,2,1.0,323,81,1,CD14,-0.38644407777221307,True
LUAD-Sorin2023,progression,2,2,1.0,323,81,1,CD16,0.057991647934607385,True
LUAD-Sorin2023,progression,2,2,1.0,323,81,1,CD163,0.3251311701498583,True
LUAD-Sorin2023,progression,2,2,1.0,323,81,1,CD20,0.37218331482105443,True
LUAD-Sorin2023,progression,2,2,1.0,323,81,1,CD3,-0.2690625387647941,True
LUAD-Sorin2023,progression,2,2,1.0,323,81,1,CD31,-0.014820992814975415,True
LUAD-Sorin2023,progression,2,2,1.0,323,81,1,CD4,-0.03897769570483277,True
LUAD-Sorin2023,progression,2,2,1.0,323,81,1,CD68,0.0,False
LUAD-Sorin2023,progression,2,2,1.0,323,81,1,CD8a,0.2826635019264866,True
LUAD-Sorin2023,progression,2,2,1.0,323,81,1,CD94,-0.05738007229670891,True
LUAD-Sorin2023,progression,2,2,1.0,323,81,1,DNA1,-0.37434889541280203,True
LUAD-Sorin2023,progression,2,2,1.0,323,81,1,FoxP3,-0.32855180059348305,True
LUAD-Sorin2023,progression,2,2,1.0,323,81,1,HLA-DR,0.09711302880229891,True
LUAD-Sorin2023,progression,2,2,1.0,323,81,1,MPO,-0.35398517841895183,True
LUAD-Sorin2023,progression,2,2,1.0,323,81,1,Pancytokeratin,0.611625433542631,True
LUAD-Sorin2023,progression,2,2,1.0,323,81,1,TTF1,-0.4166054794642693,True
LUAD-Sorin2023,progression,2,3,1.0,323,81,1,CD117,-0.17620263463154018,True
LUAD-Sorin2023,progression,2,3,1.0,323,81,1,CD11c,0.0216389017768917,True
LUAD-Sorin2023,progression,2,3,1.0,323,81,1,CD14,0.027535976033026672,True
LUAD-Sorin2023,progression,2,3,1.0,323,81,1,CD16,-0.11649074193241715,True
LUAD-Sorin2023,progression,2,3,1.0,323,81,1,CD163,-0.01973413599964948,True
LUAD-Sorin2023,progression,2,3,1.0,323,81,1,CD20,-0.007794512325992559,True
LUAD-Sorin2023,progression,2,3,1.0,323,81,1,CD3,0.0,False
LUAD-Sorin2023,progression,2,3,1.0,323,81,1,CD31,0.04023864076025116,True
LUAD-Sorin2023,progression,2,3,1.0,323,81,1,CD4,-0.11833828795643109,True
LUAD-Sorin2023,progression,2,3,1.0,323,81,1,CD68,0.0,False
LUAD-Sorin2023,progression,2,3,1.0,323,81,1,CD8a,0.24517583882938926,True
LUAD-Sorin2023,progression,2,3,1.0,323,81,1,CD94,0.0,False
LUAD-Sorin2023,progression,2,3,1.0,323,81,1,DNA1,-0.33467991538832537,True
LUAD-Sorin2023,progression,2,3,1.0,323,81,1,FoxP3,-0.14677867325002436,True
LUAD-Sorin2023,progression,2,3,1.0,323,81,1,HLA-DR,0.0,False
LUAD-Sorin2023,progression,2,3,1.0,323,81,1,MPO,-0.278116641549529,True
LUAD-Sorin2023,progression,2,3,1.0,323,81,1,Pancytokeratin,0.2957224269933972,True
LUAD-Sorin2023,progression,2,3,1.0,323,81,1,TTF1,-0.3712890827396594,True
LUAD-Sorin2023,progression,2,4,1.0,324,80,1,CD117,-0.2099517069798258,True
LUAD-Sorin2023,progression,2,4,1.0,324,80,1,CD11c,0.0,False
LUAD-Sorin2023,progression,2,4,1.0,324,80,1,CD14,0.0,False
LUAD-Sorin2023,progression,2,4,1.0,324,80,1,CD16,-0.15784111381791444,True
LUAD-Sorin2023,progression,2,4,1.0,324,80,1,CD163,-0.08727884513934567,True
LUAD-Sorin2023,progression,2,4,1.0,324,80,1,CD20,0.04396945925982952,True
LUAD-Sorin2023,progression,2,4,1.0,324,80,1,CD3,-0.2841511857096753,True
LUAD-Sorin2023,progression,2,4,1.0,324,80,1,CD31,0.025721635484651735,True
LUAD-Sorin2023,progression,2,4,1.0,324,80,1,CD4,-0.009247441790472447,True
LUAD-Sorin2023,progression,2,4,1.0,324,80,1,CD68,-0.1789328756933613,True
LUAD-Sorin2023,progression,2,4,1.0,324,80,1,CD8a,0.6302092426974042,True
LUAD-Sorin2023,progression,2,4,1.0,324,80,1,CD94,-0.07319581041779946,True
LUAD-Sorin2023,progression,2,4,1.0,324,80,1,DNA1,-0.5529949077841146,True
LUAD-Sorin2023,progression,2,4,1.0,324,80,1,FoxP3,0.015375400322764047,True
LUAD-Sorin2023,progression,2,4,1.0,324,80,1,HLA-DR,0.047607196296346584,True
LUAD-Sorin2023,progression,2,4,1.0,324,80,1,MPO,-0.26502124861582343,True
LUAD-Sorin2023,progression,2,4,1.0,324,80,1,Pancytokeratin,0.5865834649952562,True
LUAD-Sorin2023,progression,2,4,1.0,324,80,1,TTF1,-0.3544283650447402,True
NSCLC-Aung2025,immunotherapy_response,0,0,1.0,25,7,1,ASCT2,0.0,False
NSCLC-Aung2025,immunotherapy_response,0,0,1.0,25,7,1,ATPA5,2.2740813786351217,True
NSCLC-Aung2025,immunotherapy_response,0,0,1.0,25,7,1,CD11b,-0.32231228435625087,True
NSCLC-Aung2025,immunotherapy_response,0,0,1.0,25,7,1,CD11c,0.0,False
NSCLC-Aung2025,immunotherapy_response,0,0,1.0,25,7,1,CD14,0.0,False
NSCLC-Aung2025,immunotherapy_response,0,0,1.0,25,7,1,CD163,0.0,False
NSCLC-Aung2025,immunotherapy_response,0,0,1.0,25,7,1,CD19,0.0,False
NSCLC-Aung2025,immunotherapy_response,0,0,1.0,25,7,1,CD20,-1.1087117390168353,True
NSCLC-Aung2025,immunotherapy_response,0,0,1.0,25,7,1,CD21,-0.9024651406972687,True
NSCLC-Aung2025,immunotherapy_response,0,0,1.0,25,7,1,CD31,0.0,False
NSCLC-Aung2025,immunotherapy_response,0,0,1.0,25,7,1,CD34,0.0,False
NSCLC-Aung2025,immunotherapy_response,0,0,1.0,25,7,1,CD3e,0.0,False
NSCLC-Aung2025,immunotherapy_response,0,0,1.0,25,7,1,CD4,0.0,False
NSCLC-Aung2025,immunotherapy_response,0,0,1.0,25,7,1,CD44,0.0,False
NSCLC-Aung2025,immunotherapy_response,0,0,1.0,25,7,1,CD45,0.0,False
NSCLC-Aung2025,immunotherapy_response,0,0,1.0,25,7,1,CD45RO,0.0,False
NSCLC-Aung2025,immunotherapy_response,0,0,1.0,25,7,1,CD57,0.0,False
NSCLC-Aung2025,immunotherapy_response,0,0,1.0,25,7,1,CD68,0.0,False
NSCLC-Aung2025,immunotherapy_response,0,0,1.0,25,7,1,CD8,0.0,False
NSCLC-Aung2025,immunotherapy_response,0,0,1.0,25,7,1,CPT1A,0.06183447061621118,True
NSCLC-Aung2025,immunotherapy_response,0,0,1.0,25,7,1,Citrate Synthase,0.0,False
NSCLC-Aung2025,immunotherapy_response,0,0,1.0,25,7,1,Collagen IV,0.0,False
NSCLC-Aung2025,immunotherapy_response,0,0,1.0,25,7,1,DAPI,0.0,False
NSCLC-Aung2025,immunotherapy_response,0,0,1.0,25,7,1,E-cadherin,0.0,False
NSCLC-Aung2025,immunotherapy_response,0,0,1.0,25,7,1,FOXP3,0.0,False
NSCLC-Aung2025,immunotherapy_response,0,0,1.0,25,7,1,G6PD,0.0,False
NSCLC-Aung2025,immunotherapy_response,0,0,1.0,25,7,1,GLUT1,0.4679358663435726,True
NSCLC-Aung2025,immunotherapy_response,0,0,1.0,25,7,1,Granzyme B,0.0,False
NSCLC-Aung2025,immunotherapy_response,0,0,1.0,25,7,1,HK1,0.0,False
NSCLC-Aung2025,immunotherapy_response,0,0,1.0,25,7,1,HLA-A,0.0,False
NSCLC-Aung2025,immunotherapy_response,0,0,1.0,25,7,1,ICOS,0.0,False
NSCLC-Aung2025,immunotherapy_response,0,0,1.0,25,7,1,IDH2,0.0,False
NSCLC-Aung2025,immunotherapy_response,0,0,1.0,25,7,1,Ki67,0.0,False
NSCLC-Aung2025,immunotherapy_response,0,0,1.0,25,7,1,LAG3,0.0,False
NSCLC-Aung2025,immunotherapy_response,0,0,1.0,25,7,1,LDHA,0.0,False
NSCLC-Aung2025,immunotherapy_response,0,0,1.0,25,7,1,NakATPase,0.0,False
NSCLC-Aung2025,immunotherapy_response,0,0,1.0,25,7,1,PAX5,0.0,False
NSCLC-Aung2025,immunotherapy_response,0,0,1.0,25,7,1,PD-1,0.0,False
NSCLC-Aung2025,immunotherapy_response,0,0,1.0,25,7,1,PD-L1,0.0,False
NSCLC-Aung2025,immunotherapy_response,0,0,1.0,25,7,1,Pan-Cytokeratin,0.0,False
NSCLC-Aung2025,immunotherapy_response,0,0,1.0,25,7,1,SDHA,0.0,False
NSCLC-Aung2025,immunotherapy_response,0,0,1.0,25,7,1,SMA,0.0,False
NSCLC-Aung2025,immunotherapy_response,0,0,1.0,25,7,1,Vimentin,0.0,False
NSCLC-Aung2025,immunotherapy_response,0,0,1.0,25,7,1,pNRFR2,-0.12445421918716863,True
NSCLC-Aung2025,immunotherapy_response,0,1,1.0,25,7,1,ASCT2,-0.26499138027550967,True
NSCLC-Aung2025,immunotherapy_response,0,1,1.0,25,7,1,ATPA5,1.9638836724063493,True
NSCLC-Aung2025,immunotherapy_response,0,1,1.0,25,7,1,CD11b,-0.36026031115509494,True
NSCLC-Aung2025,immunotherapy_response,0,1,1.0,25,7,1,CD11c,0.0,False
NSCLC-Aung2025,immunotherapy_response,0,1,1.0,25,7,1,CD14,0.0,False
NSCLC-Aung2025,immunotherapy_response,0,1,1.0,25,7,1,CD163,0.0,False
NSCLC-Aung2025,immunotherapy_response,0,1,1.0,25,7,1,CD19,0.0,False
NSCLC-Aung2025,immunotherapy_response,0,1,1.0,25,7,1,CD20,0.0,False
NSCLC-Aung2025,immunotherapy_response,0,1,1.0,25,7,1,CD21,-0.8797922071562825,True
NSCLC-Aung2025,immunotherapy_response,0,1,1.0,25,7,1,CD31,0.14649804233309277,True
NSCLC-Aung2025,immunotherapy_response,0,1,1.0,25,7,1,CD34,0.36044238031034675,True
NSCLC-Aung2025,immunotherapy_response,0,1,1.0,25,7,1,CD3e,0.0,False
NSCLC-Aung2025,immunotherapy_response,0,1,1.0,25,7,1,CD4,0.0,False
NSCLC-Aung2025,immunotherapy_response,0,1,1.0,25,7,1,CD44,0.0,False
NSCLC-Aung2025,immunotherapy_response,0,1,1.0,25,7,1,CD45,0.0,False
NSCLC-Aung2025,immunotherapy_response,0,1,1.0,25,7,1,CD45RO,0.0,False
NSCLC-Aung2025,immunotherapy_response,0,1,1.0,25,7,1,CD57,0.0,False
NSCLC-Aung2025,immunotherapy_response,0,1,1.0,25,7,1,CD68,0.0,False
NSCLC-Aung2025,immunotherapy_response,0,1,1.0,25,7,1,CD8,0.0,False
NSCLC-Aung2025,immunotherapy_response,0,1,1.0,25,7,1,CPT1A,0.0,False
NSCLC-Aung2025,immunotherapy_response,0,1,1.0,25,7,1,Citrate Synthase,0.0,False
NSCLC-Aung2025,immunotherapy_response,0,1,1.0,25,7,1,Collagen IV,0.0,False
NSCLC-Aung2025,immunotherapy_response,0,1,1.0,25,7,1,DAPI,0.0,False
NSCLC-Aung2025,immunotherapy_response,0,1,1.0,25,7,1,E-cadherin,0.0,False
NSCLC-Aung2025,immunotherapy_response,0,1,1.0,25,7,1,FOXP3,0.0,False
NSCLC-Aung2025,immunotherapy_response,0,1,1.0,25,7,1,G6PD,-0.30144127867677883,True
NSCLC-Aung2025,immunotherapy_response,0,1,1.0,25,7,1,GLUT1,0.6793547198554462,True
NSCLC-Aung2025,immunotherapy_response,0,1,1.0,25,7,1,Granzyme B,-0.24773584227488923,True
NSCLC-Aung2025,immunotherapy_response,0,1,1.0,25,7,1,HK1,0.0,False
NSCLC-Aung2025,immunotherapy_response,0,1,1.0,25,7,1,HLA-A,0.0,False
NSCLC-Aung2025,immunotherapy_response,0,1,1.0,25,7,1,ICOS,0.0,False
NSCLC-Aung2025,immunotherapy_response,0,1,1.0,25,7,1,IDH2,0.03916851748786824,True
NSCLC-Aung2025,immunotherapy_response,0,1,1.0,25,7,1,Ki67,0.0,False
NSCLC-Aung2025,immunotherapy_response,0,1,1.0,25,7,1,LAG3,0.0,False
NSCLC-Aung2025,immunotherapy_response,0,1,1.0,25,7,1,LDHA,0.0,False
NSCLC-Aung2025,immunotherapy_response,0,1,1.0,25,7,1,NakATPase,0.0,False
NSCLC-Aung2025,immunotherapy_response,0,1,1.0,25,7,1,PAX5,0.0,False
NSCLC-Aung2025,immunotherapy_response,0,1,1.0,25,7,1,PD-1,0.0,False
NSCLC-Aung2025,immunotherapy_response,0,1,1.0,25,7,1,PD-L1,0.0,False
NSCLC-Aung2025,immunotherapy_response,0,1,1.0,25,7,1,Pan-Cytokeratin,0.0,False
NSCLC-Aung2025,immunotherapy_response,0,1,1.0,25,7,1,SDHA,0.0,False
NSCLC-Aung2025,immunotherapy_response,0,1,1.0,25,7,1,SMA,0.02612794462705018,True
NSCLC-Aung2025,immunotherapy_response,0,1,1.0,25,7,1,Vimentin,0.0,False
NSCLC-Aung2025,immunotherapy_response,0,1,1.0,25,7,1,pNRFR2,0.0,False
NSCLC-Aung2025,immunotherapy_response,0,2,1.0,26,6,1,ASCT2,0.0,False
NSCLC-Aung2025,immunotherapy_response,0,2,1.0,26,6,1,ATPA5,1.2691448086475507,True
NSCLC-Aung2025,immunotherapy_response,0,2,1.0,26,6,1,CD11b,-0.651547929421895,True
NSCLC-Aung2025,immunotherapy_response,0,2,1.0,26,6,1,CD11c,0.0,False
NSCLC-Aung2025,immunotherapy_response,0,2,1.0,26,6,1,CD14,0.0,False
NSCLC-Aung2025,immunotherapy_response,0,2,1.0,26,6,1,CD163,0.0,False
NSCLC-Aung2025,immunotherapy_response,0,2,1.0,26,6,1,CD19,0.0,False
NSCLC-Aung2025,immunotherapy_response,0,2,1.0,26,6,1,CD20,0.0,False
NSCLC-Aung2025,immunotherapy_response,0,2,1.0,26,6,1,CD21,-1.5156501212375084,True
NSCLC-Aung2025,immunotherapy_response,0,2,1.0,26,6,1,CD31,0.0,False
NSCLC-Aung2025,immunotherapy_response,0,2,1.0,26,6,1,CD34,0.0,False
NSCLC-Aung2025,immunotherapy_response,0,2,1.0,26,6,1,CD3e,0.0,False
NSCLC-Aung2025,immunotherapy_response,0,2,1.0,26,6,1,CD4,0.5933028445185843,True
NSCLC-Aung2025,immunotherapy_response,0,2,1.0,26,6,1,CD44,0.8158179154630436,True
NSCLC-Aung2025,immunotherapy_response,0,2,1.0,26,6,1,CD45,0.0,False
NSCLC-Aung2025,immunotherapy_response,0,2,1.0,26,6,1,CD45RO,0.0,False
NSCLC-Aung2025,immunotherapy_response,0,2,1.0,26,6,1,CD57,0.0,False
NSCLC-Aung2025,immunotherapy_response,0,2,1.0,26,6,1,CD68,0.0,False
NSCLC-Aung2025,immunotherapy_response,0,2,1.0,26,6,1,CD8,0.0,False
NSCLC-Aung2025,immunotherapy_response,0,2,1.0,26,6,1,CPT1A,0.1737375438623464,True
NSCLC-Aung2025,immunotherapy_response,0,2,1.0,26,6,1,Citrate Synthase,0.0,False
NSCLC-Aung2025,immunotherapy_response,0,2,1.0,26,6,1,Collagen IV,0.0,False
NSCLC-Aung2025,immunotherapy_response,0,2,1.0,26,6,1,DAPI,0.0,False
NSCLC-Aung2025,immunotherapy_response,0,2,1.0,26,6,1,E-cadherin,0.0,False
NSCLC-Aung2025,immunotherapy_response,0,2,1.0,26,6,1,FOXP3,0.0,False
NSCLC-Aung2025,immunotherapy_response,0,2,1.0,26,6,1,G6PD,-0.17859321198930472,True
NSCLC-Aung2025,immunotherapy_response,0,2,1.0,26,6,1,GLUT1,0.0,False
NSCLC-Aung2025,immunotherapy_response,0,2,1.0,26,6,1,Granzyme B,-0.06864054250957698,True
NSCLC-Aung2025,immunotherapy_response,0,2,1.0,26,6,1,HK1,-0.054048870785204754,True
NSCLC-Aung2025,immunotherapy_response,0,2,1.0,26,6,1,HLA-A,0.0,False
NSCLC-Aung2025,immunotherapy_response,0,2,1.0,26,6,1,ICOS,0.0,False
NSCLC-Aung2025,immunotherapy_response,0,2,1.0,26,6,1,IDH2,0.0,False
NSCLC-Aung2025,immunotherapy_response,0,2,1.0,26,6,1,Ki67,0.0,False
NSCLC-Aung2025,immunotherapy_response,0,2,1.0,26,6,1,LAG3,0.0,False
NSCLC-Aung2025,immunotherapy_response,0,2,1.0,26,6,1,LDHA,0.0,False
NSCLC-Aung2025,immunotherapy_response,0,2,1.0,26,6,1,NakATPase,0.0,False
NSCLC-Aung2025,immunotherapy_response,0,2,1.0,26,6,1,PAX5,0.0,False
NSCLC-Aung2025,immunotherapy_response,0,2,1.0,26,6,1,PD-1,0.0,False
NSCLC-Aung2025,immunotherapy_response,0,2,1.0,26,6,1,PD-L1,0.0,False
NSCLC-Aung2025,immunotherapy_response,0,2,1.0,26,6,1,Pan-Cytokeratin,0.0,False
NSCLC-Aung2025,immunotherapy_response,0,2,1.0,26,6,1,SDHA,0.0,False
NSCLC-Aung2025,immunotherapy_response,0,2,1.0,26,6,1,SMA,-0.26617324886150573,True
NSCLC-Aung2025,immunotherapy_response,0,2,1.0,26,6,1,Vimentin,0.0,False
NSCLC-Aung2025,immunotherapy_response,0,2,1.0,26,6,1,pNRFR2,0.0,False
NSCLC-Aung2025,immunotherapy_response,0,3,1.0,26,6,1,ASCT2,-0.3360411096620022,True
NSCLC-Aung2025,immunotherapy_response,0,3,1.0,26,6,1,ATPA5,1.2889738495286318,True
NSCLC-Aung2025,immunotherapy_response,0,3,1.0,26,6,1,CD11b,-0.2993324774776533,True
NSCLC-Aung2025,immunotherapy_response,0,3,1.0,26,6,1,CD11c,0.0,False
NSCLC-Aung2025,immunotherapy_response,0,3,1.0,26,6,1,CD14,0.0,False
NSCLC-Aung2025,immunotherapy_response,0,3,1.0,26,6,1,CD163,0.0,False
NSCLC-Aung2025,immunotherapy_response,0,3,1.0,26,6,1,CD19,0.0,False
NSCLC-Aung2025,immunotherapy_response,0,3,1.0,26,6,1,CD20,0.0,False
NSCLC-Aung2025,immunotherapy_response,0,3,1.0,26,6,1,CD21,-0.8234467181858901,True
NSCLC-Aung2025,immunotherapy_response,0,3,1.0,26,6,1,CD31,0.4777633126580167,True
NSCLC-Aung2025,immunotherapy_response,0,3,1.0,26,6,1,CD34,0.20560528605499093,True
NSCLC-Aung2025,immunotherapy_response,0,3,1.0,26,6,1,CD3e,0.0,False
NSCLC-Aung2025,immunotherapy_response,0,3,1.0,26,6,1,CD4,0.0,False
NSCLC-Aung2025,immunotherapy_response,0,3,1.0,26,6,1,CD44,0.37861048098483197,True
NSCLC-Aung2025,immunotherapy_response,0,3,1.0,26,6,1,CD45,0.0,False
NSCLC-Aung2025,immunotherapy_response,0,3,1.0,26,6,1,CD45RO,0.0,False
NSCLC-Aung2025,immunotherapy_response,0,3,1.0,26,6,1,CD57,0.0,False
NSCLC-Aung2025,immunotherapy_response,0,3,1.0,26,6,1,CD68,0.0,False
NSCLC-Aung2025,immunotherapy_response,0,3,1.0,26,6,1,CD8,0.0,False
NSCLC-Aung2025,immunotherapy_response,0,3,1.0,26,6,1,CPT1A,0.0,False
NSCLC-Aung2025,immunotherapy_response,0,3,1.0,26,6,1,Citrate Synthase,0.0,False
NSCLC-Aung2025,immunotherapy_response,0,3,1.0,26,6,1,Collagen IV,-0.4578248440465705,True
NSCLC-Aung2025,immunotherapy_response,0,3,1.0,26,6,1,DAPI,0.0,False
NSCLC-Aung2025,immunotherapy_response,0,3,1.0,26,6,1,E-cadherin,0.0,False
NSCLC-Aung2025,immunotherapy_response,0,3,1.0,26,6,1,FOXP3,0.0,False
NSCLC-Aung2025,immunotherapy_response,0,3,1.0,26,6,1,G6PD,0.0,False
NSCLC-Aung2025,immunotherapy_response,0,3,1.0,26,6,1,GLUT1,0.0,False
NSCLC-Aung2025,immunotherapy_response,0,3,1.0,26,6,1,Granzyme B,-0.0975986416785901,True
NSCLC-Aung2025,immunotherapy_response,0,3,1.0,26,6,1,HK1,0.0,False
NSCLC-Aung2025,immunotherapy_response,0,3,1.0,26,6,1,HLA-A,0.0,False
NSCLC-Aung2025,immunotherapy_response,0,3,1.0,26,6,1,ICOS,0.0,False
NSCLC-Aung2025,immunotherapy_response,0,3,1.0,26,6,1,IDH2,0.0,False
NSCLC-Aung2025,immunotherapy_response,0,3,1.0,26,6,1,Ki67,0.0,False
NSCLC-Aung2025,immunotherapy_response,0,3,1.0,26,6,1,LAG3,0.0,False
NSCLC-Aung2025,immunotherapy_response,0,3,1.0,26,6,1,LDHA,0.0,False
NSCLC-Aung2025,immunotherapy_response,0,3,1.0,26,6,1,NakATPase,0.0,False
NSCLC-Aung2025,immunotherapy_response,0,3,1.0,26,6,1,PAX5,0.0,False
NSCLC-Aung2025,immunotherapy_response,0,3,1.0,26,6,1,PD-1,0.0,False
NSCLC-Aung2025,immunotherapy_response,0,3,1.0,26,6,1,PD-L1,0.0,False
NSCLC-Aung2025,immunotherapy_response,0,3,1.0,26,6,1,Pan-Cytokeratin,0.36920799145924305,True
NSCLC-Aung2025,immunotherapy_response,0,3,1.0,26,6,1,SDHA,0.0,False
NSCLC-Aung2025,immunotherapy_response,0,3,1.0,26,6,1,SMA,0.0,False
NSCLC-Aung2025,immunotherapy_response,0,3,1.0,26,6,1,Vimentin,0.21787740000980896,True
NSCLC-Aung2025,immunotherapy_response,0,3,1.0,26,6,1,pNRFR2,-0.765715462212109,True
NSCLC-Aung2025,immunotherapy_response,0,4,1.0,26,6,1,ASCT2,0.0,False
NSCLC-Aung2025,immunotherapy_response,0,4,1.0,26,6,1,ATPA5,0.7323724956309126,True
NSCLC-Aung2025,immunotherapy_response,0,4,1.0,26,6,1,CD11b,-0.31739453177782123,True
NSCLC-Aung2025,immunotherapy_response,0,4,1.0,26,6,1,CD11c,0.06289683700286058,True
NSCLC-Aung2025,immunotherapy_response,0,4,1.0,26,6,1,CD14,0.0,False
NSCLC-Aung2025,immunotherapy_response,0,4,1.0,26,6,1,CD163,0.0,False
NSCLC-Aung2025,immunotherapy_response,0,4,1.0,26,6,1,CD19,0.0,False
NSCLC-Aung2025,immunotherapy_response,0,4,1.0,26,6,1,CD20,0.0,False
NSCLC-Aung2025,immunotherapy_response,0,4,1.0,26,6,1,CD21,-0.3065933778986438,True
NSCLC-Aung2025,immunotherapy_response,0,4,1.0,26,6,1,CD31,0.0,False
NSCLC-Aung2025,immunotherapy_response,0,4,1.0,26,6,1,CD34,0.0,False
NSCLC-Aung2025,immunotherapy_response,0,4,1.0,26,6,1,CD3e,0.0,False
NSCLC-Aung2025,immunotherapy_response,0,4,1.0,26,6,1,CD4,0.0,False
NSCLC-Aung2025,immunotherapy_response,0,4,1.0,26,6,1,CD44,1.20141597033212,True
NSCLC-Aung2025,immunotherapy_response,0,4,1.0,26,6,1,CD45,0.0,False
NSCLC-Aung2025,immunotherapy_response,0,4,1.0,26,6,1,CD45RO,0.0,False
NSCLC-Aung2025,immunotherapy_response,0,4,1.0,26,6,1,CD57,0.0,False
NSCLC-Aung2025,immunotherapy_response,0,4,1.0,26,6,1,CD68,0.0,False
NSCLC-Aung2025,immunotherapy_response,0,4,1.0,26,6,1,CD8,0.0,False
NSCLC-Aung2025,immunotherapy_response,0,4,1.0,26,6,1,CPT1A,0.0,False
NSCLC-Aung2025,immunotherapy_response,0,4,1.0,26,6,1,Citrate Synthase,0.0,False
NSCLC-Aung2025,immunotherapy_response,0,4,1.0,26,6,1,Collagen IV,0.0,False
NSCLC-Aung2025,immunotherapy_response,0,4,1.0,26,6,1,DAPI,0.1859687566936634,True
NSCLC-Aung2025,immunotherapy_response,0,4,1.0,26,6,1,E-cadherin,0.0,False
NSCLC-Aung2025,immunotherapy_response,0,4,1.0,26,6,1,FOXP3,0.0,False
NSCLC-Aung2025,immunotherapy_response,0,4,1.0,26,6,1,G6PD,-0.2708089167764452,True
NSCLC-Aung2025,immunotherapy_response,0,4,1.0,26,6,1,GLUT1,0.0,False
NSCLC-Aung2025,immunotherapy_response,0,4,1.0,26,6,1,Granzyme B,0.0,False
NSCLC-Aung2025,immunotherapy_response,0,4,1.0,26,6,1,HK1,0.0,False
NSCLC-Aung2025,immunotherapy_response,0,4,1.0,26,6,1,HLA-A,0.0,False
NSCLC-Aung2025,immunotherapy_response,0,4,1.0,26,6,1,ICOS,0.0,False
NSCLC-Aung2025,immunotherapy_response,0,4,1.0,26,6,1,IDH2,0.0,False
NSCLC-Aung2025,immunotherapy_response,0,4,1.0,26,6,1,Ki67,0.0769590372676244,True
NSCLC-Aung2025,immunotherapy_response,0,4,1.0,26,6,1,LAG3,0.0,False
NSCLC-Aung2025,immunotherapy_response,0,4,1.0,26,6,1,LDHA,0.0,False
NSCLC-Aung2025,immunotherapy_response,0,4,1.0,26,6,1,NakATPase,0.5255963566560728,True
NSCLC-Aung2025,immunotherapy_response,0,4,1.0,26,6,1,PAX5,-0.113537906625895,True
NSCLC-Aung2025,immunotherapy_response,0,4,1.0,26,6,1,PD-1,0.0,False
NSCLC-Aung2025,immunotherapy_response,0,4,1.0,26,6,1,PD-L1,0.0,False
NSCLC-Aung2025,immunotherapy_response,0,4,1.0,26,6,1,Pan-Cytokeratin,0.0,False
NSCLC-Aung2025,immunotherapy_response,0,4,1.0,26,6,1,SDHA,0.0,False
NSCLC-Aung2025,immunotherapy_response,0,4,1.0,26,6,1,SMA,-0.5352180427778961,True
NSCLC-Aung2025,immunotherapy_response,0,4,1.0,26,6,1,Vimentin,0.1855218134738142,True
NSCLC-Aung2025,immunotherapy_response,0,4,1.0,26,6,1,pNRFR2,0.0,False
NSCLC-Aung2025,immunotherapy_response,1,0,1.0,25,7,1,ASCT2,0.0,False
NSCLC-Aung2025,immunotherapy_response,1,0,1.0,25,7,1,ATPA5,1.1947875234414704,True
NSCLC-Aung2025,immunotherapy_response,1,0,1.0,25,7,1,CD11b,-0.7941974660164163,True
NSCLC-Aung2025,immunotherapy_response,1,0,1.0,25,7,1,CD11c,0.0,False
NSCLC-Aung2025,immunotherapy_response,1,0,1.0,25,7,1,CD14,0.0,False
NSCLC-Aung2025,immunotherapy_response,1,0,1.0,25,7,1,CD163,0.0,False
NSCLC-Aung2025,immunotherapy_response,1,0,1.0,25,7,1,CD19,0.0,False
NSCLC-Aung2025,immunotherapy_response,1,0,1.0,25,7,1,CD20,0.0,False
NSCLC-Aung2025,immunotherapy_response,1,0,1.0,25,7,1,CD21,0.0,False
NSCLC-Aung2025,immunotherapy_response,1,0,1.0,25,7,1,CD31,0.0,False
NSCLC-Aung2025,immunotherapy_response,1,0,1.0,25,7,1,CD34,0.0,False
NSCLC-Aung2025,immunotherapy_response,1,0,1.0,25,7,1,CD3e,0.0,False
NSCLC-Aung2025,immunotherapy_response,1,0,1.0,25,7,1,CD4,0.0,False
NSCLC-Aung2025,immunotherapy_response,1,0,1.0,25,7,1,CD44,0.8845895330007887,True
NSCLC-Aung2025,immunotherapy_response,1,0,1.0,25,7,1,CD45,0.0,False
NSCLC-Aung2025,immunotherapy_response,1,0,1.0,25,7,1,CD45RO,0.0,False
NSCLC-Aung2025,immunotherapy_response,1,0,1.0,25,7,1,CD57,0.0,False
NSCLC-Aung2025,immunotherapy_response,1,0,1.0,25,7,1,CD68,0.0,False
NSCLC-Aung2025,immunotherapy_response,1,0,1.0,25,7,1,CD8,0.0,False
NSCLC-Aung2025,immunotherapy_response,1,0,1.0,25,7,1,CPT1A,0.05917840725598461,True
NSCLC-Aung2025,immunotherapy_response,1,0,1.0,25,7,1,Citrate Synthase,0.0,False
NSCLC-Aung2025,immunotherapy_response,1,0,1.0,25,7,1,Collagen IV,0.0,False
NSCLC-Aung2025,immunotherapy_response,1,0,1.0,25,7,1,DAPI,0.0,False
NSCLC-Aung2025,immunotherapy_response,1,0,1.0,25,7,1,E-cadherin,0.0,False
NSCLC-Aung2025,immunotherapy_response,1,0,1.0,25,7,1,FOXP3,0.0,False
NSCLC-Aung2025,immunotherapy_response,1,0,1.0,25,7,1,G6PD,0.0,False
NSCLC-Aung2025,immunotherapy_response,1,0,1.0,25,7,1,GLUT1,0.2342531066169019,True
NSCLC-Aung2025,immunotherapy_response,1,0,1.0,25,7,1,Granzyme B,-0.5599149205124705,True
NSCLC-Aung2025,immunotherapy_response,1,0,1.0,25,7,1,HK1,-0.5660421628906707,True
NSCLC-Aung2025,immunotherapy_response,1,0,1.0,25,7,1,HLA-A,0.0,False
NSCLC-Aung2025,immunotherapy_response,1,0,1.0,25,7,1,ICOS,0.0,False
NSCLC-Aung2025,immunotherapy_response,1,0,1.0,25,7,1,IDH2,0.0,False
NSCLC-Aung2025,immunotherapy_response,1,0,1.0,25,7,1,Ki67,0.0,False
NSCLC-Aung2025,immunotherapy_response,1,0,1.0,25,7,1,LAG3,0.0,False
NSCLC-Aung2025,immunotherapy_response,1,0,1.0,25,7,1,LDHA,0.0,False
NSCLC-Aung2025,immunotherapy_response,1,0,1.0,25,7,1,NakATPase,0.27176277776131486,True
NSCLC-Aung2025,immunotherapy_response,1,0,1.0,25,7,1,PAX5,0.0,False
NSCLC-Aung2025,immunotherapy_response,1,0,1.0,25,7,1,PD-1,0.0,False
NSCLC-Aung2025,immunotherapy_response,1,0,1.0,25,7,1,PD-L1,0.0,False
NSCLC-Aung2025,immunotherapy_response,1,0,1.0,25,7,1,Pan-Cytokeratin,0.0,False
NSCLC-Aung2025,immunotherapy_response,1,0,1.0,25,7,1,SDHA,0.0,False
NSCLC-Aung2025,immunotherapy_response,1,0,1.0,25,7,1,SMA,0.0,False
NSCLC-Aung2025,immunotherapy_response,1,0,1.0,25,7,1,Vimentin,0.0,False
NSCLC-Aung2025,immunotherapy_response,1,0,1.0,25,7,1,pNRFR2,-0.08585000528821707,True
NSCLC-Aung2025,immunotherapy_response,1,1,1.0,25,7,1,ASCT2,-0.44623844551327874,True
NSCLC-Aung2025,immunotherapy_response,1,1,1.0,25,7,1,ATPA5,0.5698887051250233,True
NSCLC-Aung2025,immunotherapy_response,1,1,1.0,25,7,1,CD11b,0.0,False
NSCLC-Aung2025,immunotherapy_response,1,1,1.0,25,7,1,CD11c,0.0,False
NSCLC-Aung2025,immunotherapy_response,1,1,1.0,25,7,1,CD14,0.0,False
NSCLC-Aung2025,immunotherapy_response,1,1,1.0,25,7,1,CD163,0.0,False
NSCLC-Aung2025,immunotherapy_response,1,1,1.0,25,7,1,CD19,0.0,False
NSCLC-Aung2025,immunotherapy_response,1,1,1.0,25,7,1,CD20,0.0,False
NSCLC-Aung2025,immunotherapy_response,1,1,1.0,25,7,1,CD21,-2.149837915063756,True
NSCLC-Aung2025,immunotherapy_response,1,1,1.0,25,7,1,CD31,0.0,False
NSCLC-Aung2025,immunotherapy_response,1,1,1.0,25,7,1,CD34,0.0,False
NSCLC-Aung2025,immunotherapy_response,1,1,1.0,25,7,1,CD3e,0.0,False
NSCLC-Aung2025,immunotherapy_response,1,1,1.0,25,7,1,CD4,0.0,False
NSCLC-Aung2025,immunotherapy_response,1,1,1.0,25,7,1,CD44,0.12777953957588176,True
NSCLC-Aung2025,immunotherapy_response,1,1,1.0,25,7,1,CD45,0.0,False
NSCLC-Aung2025,immunotherapy_response,1,1,1.0,25,7,1,CD45RO,0.0,False
NSCLC-Aung2025,immunotherapy_response,1,1,1.0,25,7,1,CD57,0.0,False
NSCLC-Aung2025,immunotherapy_response,1,1,1.0,25,7,1,CD68,0.0,False
NSCLC-Aung2025,immunotherapy_response,1,1,1.0,25,7,1,CD8,0.0,False
NSCLC-Aung2025,immunotherapy_response,1,1,1.0,25,7,1,CPT1A,0.0,False
NSCLC-Aung2025,immunotherapy_response,1,1,1.0,25,7,1,Citrate Synthase,0.0,False
NSCLC-Aung2025,immunotherapy_response,1,1,1.0,25,7,1,Collagen IV,-0.4355152318982607,True
NSCLC-Aung2025,immunotherapy_response,1,1,1.0,25,7,1,DAPI,0.0,False
NSCLC-Aung2025,immunotherapy_response,1,1,1.0,25,7,1,E-cadherin,0.0,False
NSCLC-Aung2025,immunotherapy_response,1,1,1.0,25,7,1,FOXP3,0.0,False
NSCLC-Aung2025,immunotherapy_response,1,1,1.0,25,7,1,G6PD,0.0,False
NSCLC-Aung2025,immunotherapy_response,1,1,1.0,25,7,1,GLUT1,0.0,False
NSCLC-Aung2025,immunotherapy_response,1,1,1.0,25,7,1,Granzyme B,0.0,False
NSCLC-Aung2025,immunotherapy_response,1,1,1.0,25,7,1,HK1,0.0,False
NSCLC-Aung2025,immunotherapy_response,1,1,1.0,25,7,1,HLA-A,0.0,False
NSCLC-Aung2025,immunotherapy_response,1,1,1.0,25,7,1,ICOS,0.0,False
NSCLC-Aung2025,immunotherapy_response,1,1,1.0,25,7,1,IDH2,0.0945099799339527,True
NSCLC-Aung2025,immunotherapy_response,1,1,1.0,25,7,1,Ki67,0.0,False
NSCLC-Aung2025,immunotherapy_response,1,1,1.0,25,7,1,LAG3,0.0,False
NSCLC-Aung2025,immunotherapy_response,1,1,1.0,25,7,1,LDHA,0.4060915596354934,True
NSCLC-Aung2025,immunotherapy_response,1,1,1.0,25,7,1,NakATPase,0.0,False
NSCLC-Aung2025,immunotherapy_response,1,1,1.0,25,7,1,PAX5,0.0,False
NSCLC-Aung2025,immunotherapy_response,1,1,1.0,25,7,1,PD-1,0.0,False
NSCLC-Aung2025,immunotherapy_response,1,1,1.0,25,7,1,PD-L1,0.0,False
NSCLC-Aung2025,immunotherapy_response,1,1,1.0,25,7,1,Pan-Cytokeratin,0.0,False
NSCLC-Aung2025,immunotherapy_response,1,1,1.0,25,7,1,SDHA,1.5716771154643543,True
NSCLC-Aung2025,immunotherapy_response,1,1,1.0,25,7,1,SMA,0.0,False
NSCLC-Aung2025,immunotherapy_response,1,1,1.0,25,7,1,Vimentin,0.0,False
NSCLC-Aung2025,immunotherapy_response,1,1,1.0,25,7,1,pNRFR2,0.0,False
NSCLC-Aung2025,immunotherapy_response,1,2,1.0,26,6,1,ASCT2,0.0,False
NSCLC-Aung2025,immunotherapy_response,1,2,1.0,26,6,1,ATPA5,1.4353323100003932,True
NSCLC-Aung2025,immunotherapy_response,1,2,1.0,26,6,1,CD11b,-0.3347975217883356,True
NSCLC-Aung2025,immunotherapy_response,1,2,1.0,26,6,1,CD11c,0.0,False
NSCLC-Aung2025,immunotherapy_response,1,2,1.0,26,6,1,CD14,0.0,False
NSCLC-Aung2025,immunotherapy_response,1,2,1.0,26,6,1,CD163,0.0,False
NSCLC-Aung2025,immunotherapy_response,1,2,1.0,26,6,1,CD19,0.0,False
NSCLC-Aung2025,immunotherapy_response,1,2,1.0,26,6,1,CD20,-0.4665560419408808,True
NSCLC-Aung2025,immunotherapy_response,1,2,1.0,26,6,1,CD21,-0.8303463442272676,True
NSCLC-Aung2025,immunotherapy_response,1,2,1.0,26,6,1,CD31,0.0,False
NSCLC-Aung2025,immunotherapy_response,1,2,1.0,26,6,1,CD34,0.32347564897506303,True
NSCLC-Aung2025,immunotherapy_response,1,2,1.0,26,6,1,CD3e,0.0,False
NSCLC-Aung2025,immunotherapy_response,1,2,1.0,26,6,1,CD4,0.0,False
NSCLC-Aung2025,immunotherapy_response,1,2,1.0,26,6,1,CD44,0.3290354844129966,True
NSCLC-Aung2025,immunotherapy_response,1,2,1.0,26,6,1,CD45,0.0,False
NSCLC-Aung2025,immunotherapy_response,1,2,1.0,26,6,1,CD45RO,0.0,False
NSCLC-Aung2025,immunotherapy_response,1,2,1.0,26,6,1,CD57,0.0,False
NSCLC-Aung2025,immunotherapy_response,1,2,1.0,26,6,1,CD68,0.0,False
NSCLC-Aung2025,immunotherapy_response,1,2,1.0,26,6,1,CD8,0.0,False
NSCLC-Aung2025,immunotherapy_response,1,2,1.0,26,6,1,CPT1A,0.14030150077510456,True
NSCLC-Aung2025,immunotherapy_response,1,2,1.0,26,6,1,Citrate Synthase,0.0,False
NSCLC-Aung2025,immunotherapy_response,1,2,1.0,26,6,1,Collagen IV,-0.023294242829215186,True
NSCLC-Aung2025,immunotherapy_response,1,2,1.0,26,6,1,DAPI,0.0,False
NSCLC-Aung2025,immunotherapy_response,1,2,1.0,26,6,1,E-cadherin,0.0,False
NSCLC-Aung2025,immunotherapy_response,1,2,1.0,26,6,1,FOXP3,0.0,False
NSCLC-Aung2025,immunotherapy_response,1,2,1.0,26,6,1,G6PD,0.0,False
NSCLC-Aung2025,immunotherapy_response,1,2,1.0,26,6,1,GLUT1,0.4975622167122434,True
NSCLC-Aung2025,immunotherapy_response,1,2,1.0,26,6,1,Granzyme B,0.4252608685616992,True
NSCLC-Aung2025,immunotherapy_response,1,2,1.0,26,6,1,HK1,0.0,False
NSCLC-Aung2025,immunotherapy_response,1,2,1.0,26,6,1,HLA-A,0.0,False
NSCLC-Aung2025,immunotherapy_response,1,2,1.0,26,6,1,ICOS,0.0,False
NSCLC-Aung2025,immunotherapy_response,1,2,1.0,26,6,1,IDH2,0.0,False
NSCLC-Aung2025,immunotherapy_response,1,2,1.0,26,6,1,Ki67,0.0,False
NSCLC-Aung2025,immunotherapy_response,1,2,1.0,26,6,1,LAG3,0.049675158733910874,True
NSCLC-Aung2025,immunotherapy_response,1,2,1.0,26,6,1,LDHA,0.0,False
NSCLC-Aung2025,immunotherapy_response,1,2,1.0,26,6,1,NakATPase,0.0,False
NSCLC-Aung2025,immunotherapy_response,1,2,1.0,26,6,1,PAX5,0.0,False
NSCLC-Aung2025,immunotherapy_response,1,2,1.0,26,6,1,PD-1,0.0,False
NSCLC-Aung2025,immunotherapy_response,1,2,1.0,26,6,1,PD-L1,0.0,False
NSCLC-Aung2025,immunotherapy_response,1,2,1.0,26,6,1,Pan-Cytokeratin,0.0,False
NSCLC-Aung2025,immunotherapy_response,1,2,1.0,26,6,1,SDHA,0.0,False
NSCLC-Aung2025,immunotherapy_response,1,2,1.0,26,6,1,SMA,0.0,False
NSCLC-Aung2025,immunotherapy_response,1,2,1.0,26,6,1,Vimentin,0.2836511504380243,True
NSCLC-Aung2025,immunotherapy_response,1,2,1.0,26,6,1,pNRFR2,0.0,False
NSCLC-Aung2025,immunotherapy_response,1,3,1.0,26,6,1,ASCT2,0.0,False
NSCLC-Aung2025,immunotherapy_response,1,3,1.0,26,6,1,ATPA5,1.5698775355900985,True
NSCLC-Aung2025,immunotherapy_response,1,3,1.0,26,6,1,CD11b,0.0,False
NSCLC-Aung2025,immunotherapy_response,1,3,1.0,26,6,1,CD11c,0.0,False
NSCLC-Aung2025,immunotherapy_response,1,3,1.0,26,6,1,CD14,0.0,False
NSCLC-Aung2025,immunotherapy_response,1,3,1.0,26,6,1,CD163,0.0,False
NSCLC-Aung2025,immunotherapy_response,1,3,1.0,26,6,1,CD19,0.0,False
NSCLC-Aung2025,immunotherapy_response,1,3,1.0,26,6,1,CD20,0.0,False
NSCLC-Aung2025,immunotherapy_response,1,3,1.0,26,6,1,CD21,-1.0954280046532778,True
NSCLC-Aung2025,immunotherapy_response,1,3,1.0,26,6,1,CD31,0.0,False
NSCLC-Aung2025,immunotherapy_response,1,3,1.0,26,6,1,CD34,0.0913002695018501,True
NSCLC-Aung2025,immunotherapy_response,1,3,1.0,26,6,1,CD3e,0.0,False
NSCLC-Aung2025,immunotherapy_response,1,3,1.0,26,6,1,CD4,0.3152350637323972,True
NSCLC-Aung2025,immunotherapy_response,1,3,1.0,26,6,1,CD44,0.7388374648122001,True
NSCLC-Aung2025,immunotherapy_response,1,3,1.0,26,6,1,CD45,0.0,False
NSCLC-Aung2025,immunotherapy_response,1,3,1.0,26,6,1,CD45RO,0.0,False
NSCLC-Aung2025,immunotherapy_response,1,3,1.0,26,6,1,CD57,0.0,False
NSCLC-Aung2025,immunotherapy_response,1,3,1.0,26,6,1,CD68,0.0,False
NSCLC-Aung2025,immunotherapy_response,1,3,1.0,26,6,1,CD8,0.0,False
NSCLC-Aung2025,immunotherapy_response,1,3,1.0,26,6,1,CPT1A,0.0,False
NSCLC-Aung2025,immunotherapy_response,1,3,1.0,26,6,1,Citrate Synthase,0.0,False
NSCLC-Aung2025,immunotherapy_response,1,3,1.0,26,6,1,Collagen IV,0.0,False
NSCLC-Aung2025,immunotherapy_response,1,3,1.0,26,6,1,DAPI,0.0,False
NSCLC-Aung2025,immunotherapy_response,1,3,1.0,26,6,1,E-cadherin,0.0,False
NSCLC-Aung2025,immunotherapy_response,1,3,1.0,26,6,1,FOXP3,0.0,False
NSCLC-Aung2025,immunotherapy_response,1,3,1.0,26,6,1,G6PD,-0.5099716420696913,True
NSCLC-Aung2025,immunotherapy_response,1,3,1.0,26,6,1,GLUT1,0.13522963187491208,True
NSCLC-Aung2025,immunotherapy_response,1,3,1.0,26,6,1,Granzyme B,-0.11951265512503181,True
NSCLC-Aung2025,immunotherapy_response,1,3,1.0,26,6,1,HK1,0.0,False
NSCLC-Aung2025,immunotherapy_response,1,3,1.0,26,6,1,HLA-A,0.0,False
NSCLC-Aung2025,immunotherapy_response,1,3,1.0,26,6,1,ICOS,0.0,False
NSCLC-Aung2025,immunotherapy_response,1,3,1.0,26,6,1,IDH2,0.0,False
NSCLC-Aung2025,immunotherapy_response,1,3,1.0,26,6,1,Ki67,0.0,False
NSCLC-Aung2025,immunotherapy_response,1,3,1.0,26,6,1,LAG3,0.0,False
NSCLC-Aung2025,immunotherapy_response,1,3,1.0,26,6,1,LDHA,0.0,False
NSCLC-Aung2025,immunotherapy_response,1,3,1.0,26,6,1,NakATPase,0.0,False
NSCLC-Aung2025,immunotherapy_response,1,3,1.0,26,6,1,PAX5,0.0,False
NSCLC-Aung2025,immunotherapy_response,1,3,1.0,26,6,1,PD-1,0.0,False
NSCLC-Aung2025,immunotherapy_response,1,3,1.0,26,6,1,PD-L1,0.0,False
NSCLC-Aung2025,immunotherapy_response,1,3,1.0,26,6,1,Pan-Cytokeratin,0.0,False
NSCLC-Aung2025,immunotherapy_response,1,3,1.0,26,6,1,SDHA,0.0,False
NSCLC-Aung2025,immunotherapy_response,1,3,1.0,26,6,1,SMA,-0.333896145839038,True
NSCLC-Aung2025,immunotherapy_response,1,3,1.0,26,6,1,Vimentin,0.03656615914074984,True
NSCLC-Aung2025,immunotherapy_response,1,3,1.0,26,6,1,pNRFR2,-0.39902531928093893,True
NSCLC-Aung2025,immunotherapy_response,1,4,1.0,26,6,1,ASCT2,0.0,False
NSCLC-Aung2025,immunotherapy_response,1,4,1.0,26,6,1,ATPA5,1.4743933866487726,True
NSCLC-Aung2025,immunotherapy_response,1,4,1.0,26,6,1,CD11b,-0.2866140950762047,True
NSCLC-Aung2025,immunotherapy_response,1,4,1.0,26,6,1,CD11c,0.0,False
NSCLC-Aung2025,immunotherapy_response,1,4,1.0,26,6,1,CD14,0.0,False
NSCLC-Aung2025,immunotherapy_response,1,4,1.0,26,6,1,CD163,0.0,False
NSCLC-Aung2025,immunotherapy_response,1,4,1.0,26,6,1,CD19,0.0,False
NSCLC-Aung2025,immunotherapy_response,1,4,1.0,26,6,1,CD20,0.0,False
NSCLC-Aung2025,immunotherapy_response,1,4,1.0,26,6,1,CD21,-0.7131909299402813,True
NSCLC-Aung2025,immunotherapy_response,1,4,1.0,26,6,1,CD31,0.0,False
NSCLC-Aung2025,immunotherapy_response,1,4,1.0,26,6,1,CD34,0.49644092098510456,True
NSCLC-Aung2025,immunotherapy_response,1,4,1.0,26,6,1,CD3e,0.0,False
NSCLC-Aung2025,immunotherapy_response,1,4,1.0,26,6,1,CD4,0.0,False
NSCLC-Aung2025,immunotherapy_response,1,4,1.0,26,6,1,CD44,0.0,False
NSCLC-Aung2025,immunotherapy_response,1,4,1.0,26,6,1,CD45,0.0,False
NSCLC-Aung2025,immunotherapy_response,1,4,1.0,26,6,1,CD45RO,0.0,False
NSCLC-Aung2025,immunotherapy_response,1,4,1.0,26,6,1,CD57,-0.4860386221300204,True
NSCLC-Aung2025,immunotherapy_response,1,4,1.0,26,6,1,CD68,0.0,False
NSCLC-Aung2025,immunotherapy_response,1,4,1.0,26,6,1,CD8,0.0,False
NSCLC-Aung2025,immunotherapy_response,1,4,1.0,26,6,1,CPT1A,0.0,False
NSCLC-Aung2025,immunotherapy_response,1,4,1.0,26,6,1,Citrate Synthase,0.0,False
NSCLC-Aung2025,immunotherapy_response,1,4,1.0,26,6,1,Collagen IV,-0.1397082798746554,True
NSCLC-Aung2025,immunotherapy_response,1,4,1.0,26,6,1,DAPI,0.0,False
NSCLC-Aung2025,immunotherapy_response,1,4,1.0,26,6,1,E-cadherin,0.0,False
NSCLC-Aung2025,immunotherapy_response,1,4,1.0,26,6,1,FOXP3,0.0,False
NSCLC-Aung2025,immunotherapy_response,1,4,1.0,26,6,1,G6PD,0.0,False
NSCLC-Aung2025,immunotherapy_response,1,4,1.0,26,6,1,GLUT1,1.0500285904445459,True
NSCLC-Aung2025,immunotherapy_response,1,4,1.0,26,6,1,Granzyme B,0.0,False
NSCLC-Aung2025,immunotherapy_response,1,4,1.0,26,6,1,HK1,0.0,False
NSCLC-Aung2025,immunotherapy_response,1,4,1.0,26,6,1,HLA-A,-0.23229379643468498,True
NSCLC-Aung2025,immunotherapy_response,1,4,1.0,26,6,1,ICOS,0.0,False
NSCLC-Aung2025,immunotherapy_response,1,4,1.0,26,6,1,IDH2,0.0,False
NSCLC-Aung2025,immunotherapy_response,1,4,1.0,26,6,1,Ki67,0.0,False
NSCLC-Aung2025,immunotherapy_response,1,4,1.0,26,6,1,LAG3,0.0,False
NSCLC-Aung2025,immunotherapy_response,1,4,1.0,26,6,1,LDHA,0.0,False
NSCLC-Aung2025,immunotherapy_response,1,4,1.0,26,6,1,NakATPase,0.0,False
NSCLC-Aung2025,immunotherapy_response,1,4,1.0,26,6,1,PAX5,0.0,False
NSCLC-Aung2025,immunotherapy_response,1,4,1.0,26,6,1,PD-1,0.0,False
NSCLC-Aung2025,immunotherapy_response,1,4,1.0,26,6,1,PD-L1,0.0,False
NSCLC-Aung2025,immunotherapy_response,1,4,1.0,26,6,1,Pan-Cytokeratin,0.0,False
NSCLC-Aung2025,immunotherapy_response,1,4,1.0,26,6,1,SDHA,0.0,False
NSCLC-Aung2025,immunotherapy_response,1,4,1.0,26,6,1,SMA,0.0,False
NSCLC-Aung2025,immunotherapy_response,1,4,1.0,26,6,1,Vimentin,0.08228309088755799,True
NSCLC-Aung2025,immunotherapy_response,1,4,1.0,26,6,1,pNRFR2,-0.37173416870190795,True
NSCLC-Aung2025,immunotherapy_response,2,0,1.0,25,7,1,ASCT2,0.0,False
NSCLC-Aung2025,immunotherapy_response,2,0,1.0,25,7,1,ATPA5,1.0674958043613934,True
NSCLC-Aung2025,immunotherapy_response,2,0,1.0,25,7,1,CD11b,-0.4961644295221485,True
NSCLC-Aung2025,immunotherapy_response,2,0,1.0,25,7,1,CD11c,0.0,False
NSCLC-Aung2025,immunotherapy_response,2,0,1.0,25,7,1,CD14,0.0,False
NSCLC-Aung2025,immunotherapy_response,2,0,1.0,25,7,1,CD163,0.0,False
NSCLC-Aung2025,immunotherapy_response,2,0,1.0,25,7,1,CD19,0.0,False
NSCLC-Aung2025,immunotherapy_response,2,0,1.0,25,7,1,CD20,-0.6188662536758115,True
NSCLC-Aung2025,immunotherapy_response,2,0,1.0,25,7,1,CD21,-0.1947766579998299,True
NSCLC-Aung2025,immunotherapy_response,2,0,1.0,25,7,1,CD31,0.1766888678339531,True
NSCLC-Aung2025,immunotherapy_response,2,0,1.0,25,7,1,CD34,0.0,False
NSCLC-Aung2025,immunotherapy_response,2,0,1.0,25,7,1,CD3e,0.0,False
NSCLC-Aung2025,immunotherapy_response,2,0,1.0,25,7,1,CD4,0.0,False
NSCLC-Aung2025,immunotherapy_response,2,0,1.0,25,7,1,CD44,0.0,False
NSCLC-Aung2025,immunotherapy_response,2,0,1.0,25,7,1,CD45,0.0,False
NSCLC-Aung2025,immunotherapy_response,2,0,1.0,25,7,1,CD45RO,0.0,False
NSCLC-Aung2025,immunotherapy_response,2,0,1.0,25,7,1,CD57,0.0,False
NSCLC-Aung2025,immunotherapy_response,2,0,1.0,25,7,1,CD68,0.0,False
NSCLC-Aung2025,immunotherapy_response,2,0,1.0,25,7,1,CD8,0.0,False
NSCLC-Aung2025,immunotherapy_response,2,0,1.0,25,7,1,CPT1A,0.0,False
NSCLC-Aung2025,immunotherapy_response,2,0,1.0,25,7,1,Citrate Synthase,0.0,False
NSCLC-Aung2025,immunotherapy_response,2,0,1.0,25,7,1,Collagen IV,-0.32480237767595366,True
NSCLC-Aung2025,immunotherapy_response,2,0,1.0,25,7,1,DAPI,0.0,False
NSCLC-Aung2025,immunotherapy_response,2,0,1.0,25,7,1,E-cadherin,0.0,False
NSCLC-Aung2025,immunotherapy_response,2,0,1.0,25,7,1,FOXP3,0.0,False
NSCLC-Aung2025,immunotherapy_response,2,0,1.0,25,7,1,G6PD,0.0,False
NSCLC-Aung2025,immunotherapy_response,2,0,1.0,25,7,1,GLUT1,0.10182002565326091,True
NSCLC-Aung2025,immunotherapy_response,2,0,1.0,25,7,1,Granzyme B,0.9088790213752083,True
NSCLC-Aung2025,immunotherapy_response,2,0,1.0,25,7,1,HK1,0.0,False
NSCLC-Aung2025,immunotherapy_response,2,0,1.0,25,7,1,HLA-A,-1.147028368495193,True
NSCLC-Aung2025,immunotherapy_response,2,0,1.0,25,7,1,ICOS,0.0,False
NSCLC-Aung2025,immunotherapy_response,2,0,1.0,25,7,1,IDH2,0.0,False
NSCLC-Aung2025,immunotherapy_response,2,0,1.0,25,7,1,Ki67,0.0,False
NSCLC-Aung2025,immunotherapy_response,2,0,1.0,25,7,1,LAG3,0.0,False
NSCLC-Aung2025,immunotherapy_response,2,0,1.0,25,7,1,LDHA,0.0,False
NSCLC-Aung2025,immunotherapy_response,2,0,1.0,25,7,1,NakATPase,0.0,False
NSCLC-Aung2025,immunotherapy_response,2,0,1.0,25,7,1,PAX5,0.0,False
NSCLC-Aung2025,immunotherapy_response,2,0,1.0,25,7,1,PD-1,0.0,False
NSCLC-Aung2025,immunotherapy_response,2,0,1.0,25,7,1,PD-L1,0.0,False
NSCLC-Aung2025,immunotherapy_response,2,0,1.0,25,7,1,Pan-Cytokeratin,0.0,False
NSCLC-Aung2025,immunotherapy_response,2,0,1.0,25,7,1,SDHA,0.0,False
NSCLC-Aung2025,immunotherapy_response,2,0,1.0,25,7,1,SMA,0.0,False
NSCLC-Aung2025,immunotherapy_response,2,0,1.0,25,7,1,Vimentin,0.4410625340666615,True
NSCLC-Aung2025,immunotherapy_response,2,0,1.0,25,7,1,pNRFR2,-0.1605560324865647,True
NSCLC-Aung2025,immunotherapy_response,2,1,1.0,25,7,1,ASCT2,0.0,False
NSCLC-Aung2025,immunotherapy_response,2,1,1.0,25,7,1,ATPA5,1.681500042573129,True
NSCLC-Aung2025,immunotherapy_response,2,1,1.0,25,7,1,CD11b,-0.3167811314342683,True
NSCLC-Aung2025,immunotherapy_response,2,1,1.0,25,7,1,CD11c,0.0,False
NSCLC-Aung2025,immunotherapy_response,2,1,1.0,25,7,1,CD14,0.0,False
NSCLC-Aung2025,immunotherapy_response,2,1,1.0,25,7,1,CD163,0.0,False
NSCLC-Aung2025,immunotherapy_response,2,1,1.0,25,7,1,CD19,0.0,False
NSCLC-Aung2025,immunotherapy_response,2,1,1.0,25,7,1,CD20,0.0,False
NSCLC-Aung2025,immunotherapy_response,2,1,1.0,25,7,1,CD21,-1.0570733134371144,True
NSCLC-Aung2025,immunotherapy_response,2,1,1.0,25,7,1,CD31,0.0,False
NSCLC-Aung2025,immunotherapy_response,2,1,1.0,25,7,1,CD34,0.0,False
NSCLC-Aung2025,immunotherapy_response,2,1,1.0,25,7,1,CD3e,0.0,False
NSCLC-Aung2025,immunotherapy_response,2,1,1.0,25,7,1,CD4,0.1016975046019834,True
NSCLC-Aung2025,immunotherapy_response,2,1,1.0,25,7,1,CD44,0.757590350749929,True
NSCLC-Aung2025,immunotherapy_response,2,1,1.0,25,7,1,CD45,0.0,False
NSCLC-Aung2025,immunotherapy_response,2,1,1.0,25,7,1,CD45RO,0.0,False
NSCLC-Aung2025,immunotherapy_response,2,1,1.0,25,7,1,CD57,0.0,False
NSCLC-Aung2025,immunotherapy_response,2,1,1.0,25,7,1,CD68,0.0,False
NSCLC-Aung2025,immunotherapy_response,2,1,1.0,25,7,1,CD8,0.0,False
NSCLC-Aung2025,immunotherapy_response,2,1,1.0,25,7,1,CPT1A,0.0,False
NSCLC-Aung2025,immunotherapy_response,2,1,1.0,25,7,1,Citrate Synthase,0.0,False
NSCLC-Aung2025,immunotherapy_response,2,1,1.0,25,7,1,Collagen IV,0.5658427588017685,True
NSCLC-Aung2025,immunotherapy_response,2,1,1.0,25,7,1,DAPI,0.0,False
NSCLC-Aung2025,immunotherapy_response,2,1,1.0,25,7,1,E-cadherin,0.0,False
NSCLC-Aung2025,immunotherapy_response,2,1,1.0,25,7,1,FOXP3,0.0,False
NSCLC-Aung2025,immunotherapy_response,2,1,1.0,25,7,1,G6PD,0.0,False
NSCLC-Aung2025,immunotherapy_response,2,1,1.0,25,7,1,GLUT1,0.24553385321858773,True
NSCLC-Aung2025,immunotherapy_response,2,1,1.0,25,7,1,Granzyme B,-0.6094439219742224,True
NSCLC-Aung2025,immunotherapy_response,2,1,1.0,25,7,1,HK1,0.0,False
NSCLC-Aung2025,immunotherapy_response,2,1,1.0,25,7,1,HLA-A,0.0,False
NSCLC-Aung2025,immunotherapy_response,2,1,1.0,25,7,1,ICOS,0.0,False
NSCLC-Aung2025,immunotherapy_response,2,1,1.0,25,7,1,IDH2,0.0,False
NSCLC-Aung2025,immunotherapy_response,2,1,1.0,25,7,1,Ki67,0.0,False
NSCLC-Aung2025,immunotherapy_response,2,1,1.0,25,7,1,LAG3,0.0,False
NSCLC-Aung2025,immunotherapy_response,2,1,1.0,25,7,1,LDHA,0.0,False
NSCLC-Aung2025,immunotherapy_response,2,1,1.0,25,7,1,NakATPase,0.0,False
NSCLC-Aung2025,immunotherapy_response,2,1,1.0,25,7,1,PAX5,0.0,False
NSCLC-Aung2025,immunotherapy_response,2,1,1.0,25,7,1,PD-1,0.0,False
NSCLC-Aung2025,immunotherapy_response,2,1,1.0,25,7,1,PD-L1,0.0,False
NSCLC-Aung2025,immunotherapy_response,2,1,1.0,25,7,1,Pan-Cytokeratin,0.0,False
NSCLC-Aung2025,immunotherapy_response,2,1,1.0,25,7,1,SDHA,0.0,False
NSCLC-Aung2025,immunotherapy_response,2,1,1.0,25,7,1,SMA,0.0,False
NSCLC-Aung2025,immunotherapy_response,2,1,1.0,25,7,1,Vimentin,0.0,False
NSCLC-Aung2025,immunotherapy_response,2,1,1.0,25,7,1,pNRFR2,-0.5449601152608572,True
NSCLC-Aung2025,immunotherapy_response,2,2,1.0,26,6,1,ASCT2,0.0,False
NSCLC-Aung2025,immunotherapy_response,2,2,1.0,26,6,1,ATPA5,1.5910065599106809,True
NSCLC-Aung2025,immunotherapy_response,2,2,1.0,26,6,1,CD11b,-0.2532396100287456,True
NSCLC-Aung2025,immunotherapy_response,2,2,1.0,26,6,1,CD11c,0.0,False
NSCLC-Aung2025,immunotherapy_response,2,2,1.0,26,6,1,CD14,0.0,False
NSCLC-Aung2025,immunotherapy_response,2,2,1.0,26,6,1,CD163,0.0,False
NSCLC-Aung2025,immunotherapy_response,2,2,1.0,26,6,1,CD19,0.0,False
NSCLC-Aung2025,immunotherapy_response,2,2,1.0,26,6,1,CD20,0.0,False
NSCLC-Aung2025,immunotherapy_response,2,2,1.0,26,6,1,CD21,-1.7532470140207284,True
NSCLC-Aung2025,immunotherapy_response,2,2,1.0,26,6,1,CD31,0.0,False
NSCLC-Aung2025,immunotherapy_response,2,2,1.0,26,6,1,CD34,0.0,False
NSCLC-Aung2025,immunotherapy_response,2,2,1.0,26,6,1,CD3e,0.0,False
NSCLC-Aung2025,immunotherapy_response,2,2,1.0,26,6,1,CD4,0.416933264986983,True
NSCLC-Aung2025,immunotherapy_response,2,2,1.0,26,6,1,CD44,0.1966857922066383,True
NSCLC-Aung2025,immunotherapy_response,2,2,1.0,26,6,1,CD45,0.0,False
NSCLC-Aung2025,immunotherapy_response,2,2,1.0,26,6,1,CD45RO,0.0,False
NSCLC-Aung2025,immunotherapy_response,2,2,1.0,26,6,1,CD57,0.0,False
NSCLC-Aung2025,immunotherapy_response,2,2,1.0,26,6,1,CD68,0.0,False
NSCLC-Aung2025,immunotherapy_response,2,2,1.0,26,6,1,CD8,0.0,False
NSCLC-Aung2025,immunotherapy_response,2,2,1.0,26,6,1,CPT1A,0.5568052635159986,True
NSCLC-Aung2025,immunotherapy_response,2,2,1.0,26,6,1,Citrate Synthase,0.0,False
NSCLC-Aung2025,immunotherapy_response,2,2,1.0,26,6,1,Collagen IV,-0.2908393829271335,True
NSCLC-Aung2025,immunotherapy_response,2,2,1.0,26,6,1,DAPI,0.0,False
NSCLC-Aung2025,immunotherapy_response,2,2,1.0,26,6,1,E-cadherin,0.0,False
NSCLC-Aung2025,immunotherapy_response,2,2,1.0,26,6,1,FOXP3,0.0,False
NSCLC-Aung2025,immunotherapy_response,2,2,1.0,26,6,1,G6PD,0.0,False
NSCLC-Aung2025,immunotherapy_response,2,2,1.0,26,6,1,GLUT1,0.0,False
NSCLC-Aung2025,immunotherapy_response,2,2,1.0,26,6,1,Granzyme B,-0.10294960834088336,True
NSCLC-Aung2025,immunotherapy_response,2,2,1.0,26,6,1,HK1,0.0,False
NSCLC-Aung2025,immunotherapy_response,2,2,1.0,26,6,1,HLA-A,0.0,False
NSCLC-Aung2025,immunotherapy_response,2,2,1.0,26,6,1,ICOS,0.0,False
NSCLC-Aung2025,immunotherapy_response,2,2,1.0,26,6,1,IDH2,0.0,False
NSCLC-Aung2025,immunotherapy_response,2,2,1.0,26,6,1,Ki67,0.0,False
NSCLC-Aung2025,immunotherapy_response,2,2,1.0,26,6,1,LAG3,0.0,False
NSCLC-Aung2025,immunotherapy_response,2,2,1.0,26,6,1,LDHA,0.0,False
NSCLC-Aung2025,immunotherapy_response,2,2,1.0,26,6,1,NakATPase,0.0,False
NSCLC-Aung2025,immunotherapy_response,2,2,1.0,26,6,1,PAX5,-0.1596764438104397,True
NSCLC-Aung2025,immunotherapy_response,2,2,1.0,26,6,1,PD-1,0.0,False
NSCLC-Aung2025,immunotherapy_response,2,2,1.0,26,6,1,PD-L1,0.3717647162568516,True
NSCLC-Aung2025,immunotherapy_response,2,2,1.0,26,6,1,Pan-Cytokeratin,0.0,False
NSCLC-Aung2025,immunotherapy_response,2,2,1.0,26,6,1,SDHA,0.15161774321549337,True
NSCLC-Aung2025,immunotherapy_response,2,2,1.0,26,6,1,SMA,0.0,False
NSCLC-Aung2025,immunotherapy_response,2,2,1.0,26,6,1,Vimentin,0.015780190399779757,True
NSCLC-Aung2025,immunotherapy_response,2,2,1.0,26,6,1,pNRFR2,0.0,False
NSCLC-Aung2025,immunotherapy_response,2,3,1.0,26,6,1,ASCT2,0.0,False
NSCLC-Aung2025,immunotherapy_response,2,3,1.0,26,6,1,ATPA5,1.6739724829907914,True
NSCLC-Aung2025,immunotherapy_response,2,3,1.0,26,6,1,CD11b,-0.043204357018281146,True
NSCLC-Aung2025,immunotherapy_response,2,3,1.0,26,6,1,CD11c,0.0,False
NSCLC-Aung2025,immunotherapy_response,2,3,1.0,26,6,1,CD14,0.0,False
NSCLC-Aung2025,immunotherapy_response,2,3,1.0,26,6,1,CD163,0.0,False
NSCLC-Aung2025,immunotherapy_response,2,3,1.0,26,6,1,CD19,0.0,False
NSCLC-Aung2025,immunotherapy_response,2,3,1.0,26,6,1,CD20,0.0,False
NSCLC-Aung2025,immunotherapy_response,2,3,1.0,26,6,1,CD21,-0.6490341408991468,True
NSCLC-Aung2025,immunotherapy_response,2,3,1.0,26,6,1,CD31,0.01434840611700782,True
NSCLC-Aung2025,immunotherapy_response,2,3,1.0,26,6,1,CD34,0.4039617618721015,True
NSCLC-Aung2025,immunotherapy_response,2,3,1.0,26,6,1,CD3e,0.0,False
NSCLC-Aung2025,immunotherapy_response,2,3,1.0,26,6,1,CD4,0.0,False
NSCLC-Aung2025,immunotherapy_response,2,3,1.0,26,6,1,CD44,0.0,False
NSCLC-Aung2025,immunotherapy_response,2,3,1.0,26,6,1,CD45,0.0,False
NSCLC-Aung2025,immunotherapy_response,2,3,1.0,26,6,1,CD45RO,0.0,False
NSCLC-Aung2025,immunotherapy_response,2,3,1.0,26,6,1,CD57,-0.08333401344553,True
NSCLC-Aung2025,immunotherapy_response,2,3,1.0,26,6,1,CD68,0.0,False
NSCLC-Aung2025,immunotherapy_response,2,3,1.0,26,6,1,CD8,0.0,False
NSCLC-Aung2025,immunotherapy_response,2,3,1.0,26,6,1,CPT1A,0.0,False
NSCLC-Aung2025,immunotherapy_response,2,3,1.0,26,6,1,Citrate Synthase,0.0,False
NSCLC-Aung2025,immunotherapy_response,2,3,1.0,26,6,1,Collagen IV,-0.11487944488801807,True
NSCLC-Aung2025,immunotherapy_response,2,3,1.0,26,6,1,DAPI,0.0,False
NSCLC-Aung2025,immunotherapy_response,2,3,1.0,26,6,1,E-cadherin,0.0,False
NSCLC-Aung2025,immunotherapy_response,2,3,1.0,26,6,1,FOXP3,0.0,False
NSCLC-Aung2025,immunotherapy_response,2,3,1.0,26,6,1,G6PD,-0.9422021921306819,True
NSCLC-Aung2025,immunotherapy_response,2,3,1.0,26,6,1,GLUT1,1.156152805016164,True
NSCLC-Aung2025,immunotherapy_response,2,3,1.0,26,6,1,Granzyme B,0.0,False
NSCLC-Aung2025,immunotherapy_response,2,3,1.0,26,6,1,HK1,0.0,False
NSCLC-Aung2025,immunotherapy_response,2,3,1.0,26,6,1,HLA-A,0.0,False
NSCLC-Aung2025,immunotherapy_response,2,3,1.0,26,6,1,ICOS,0.0,False
NSCLC-Aung2025,immunotherapy_response,2,3,1.0,26,6,1,IDH2,0.15686415917452126,True
NSCLC-Aung2025,immunotherapy_response,2,3,1.0,26,6,1,Ki67,0.0,False
NSCLC-Aung2025,immunotherapy_response,2,3,1.0,26,6,1,LAG3,0.0,False
NSCLC-Aung2025,immunotherapy_response,2,3,1.0,26,6,1,LDHA,0.0,False
NSCLC-Aung2025,immunotherapy_response,2,3,1.0,26,6,1,NakATPase,0.0,False
NSCLC-Aung2025,immunotherapy_response,2,3,1.0,26,6,1,PAX5,0.0,False
NSCLC-Aung2025,immunotherapy_response,2,3,1.0,26,6,1,PD-1,0.0,False
NSCLC-Aung2025,immunotherapy_response,2,3,1.0,26,6,1,PD-L1,0.0,False
NSCLC-Aung2025,immunotherapy_response,2,3,1.0,26,6,1,Pan-Cytokeratin,0.0,False
NSCLC-Aung2025,immunotherapy_response,2,3,1.0,26,6,1,SDHA,0.0,False
NSCLC-Aung2025,immunotherapy_response,2,3,1.0,26,6,1,SMA,0.0,False
NSCLC-Aung2025,immunotherapy_response,2,3,1.0,26,6,1,Vimentin,0.0,False
NSCLC-Aung2025,immunotherapy_response,2,3,1.0,26,6,1,pNRFR2,0.0,False
NSCLC-Aung2025,immunotherapy_response,2,4,1.0,26,6,1,ASCT2,0.0,False
NSCLC-Aung2025,immunotherapy_response,2,4,1.0,26,6,1,ATPA5,0.622838329335007,True
NSCLC-Aung2025,immunotherapy_response,2,4,1.0,26,6,1,CD11b,-0.6732113240552396,True
NSCLC-Aung2025,immunotherapy_response,2,4,1.0,26,6,1,CD11c,0.0,False
NSCLC-Aung2025,immunotherapy_response,2,4,1.0,26,6,1,CD14,0.0,False
NSCLC-Aung2025,immunotherapy_response,2,4,1.0,26,6,1,CD163,0.0,False
NSCLC-Aung2025,immunotherapy_response,2,4,1.0,26,6,1,CD19,0.0,False
NSCLC-Aung2025,immunotherapy_response,2,4,1.0,26,6,1,CD20,0.0,False
NSCLC-Aung2025,immunotherapy_response,2,4,1.0,26,6,1,CD21,0.0,False
NSCLC-Aung2025,immunotherapy_response,2,4,1.0,26,6,1,CD31,0.0,False
NSCLC-Aung2025,immunotherapy_response,2,4,1.0,26,6,1,CD34,0.0,False
NSCLC-Aung2025,immunotherapy_response,2,4,1.0,26,6,1,CD3e,0.0,False
NSCLC-Aung2025,immunotherapy_response,2,4,1.0,26,6,1,CD4,0.0,False
NSCLC-Aung2025,immunotherapy_response,2,4,1.0,26,6,1,CD44,0.4816079542773159,True
NSCLC-Aung2025,immunotherapy_response,2,4,1.0,26,6,1,CD45,0.0,False
NSCLC-Aung2025,immunotherapy_response,2,4,1.0,26,6,1,CD45RO,0.0,False
NSCLC-Aung2025,immunotherapy_response,2,4,1.0,26,6,1,CD57,0.0,False
NSCLC-Aung2025,immunotherapy_response,2,4,1.0,26,6,1,CD68,0.0,False
NSCLC-Aung2025,immunotherapy_response,2,4,1.0,26,6,1,CD8,0.0,False
NSCLC-Aung2025,immunotherapy_response,2,4,1.0,26,6,1,CPT1A,0.0,False
NSCLC-Aung2025,immunotherapy_response,2,4,1.0,26,6,1,Citrate Synthase,0.0,False
NSCLC-Aung2025,immunotherapy_response,2,4,1.0,26,6,1,Collagen IV,-0.0979425991559144,True
NSCLC-Aung2025,immunotherapy_response,2,4,1.0,26,6,1,DAPI,0.1029632447710908,True
NSCLC-Aung2025,immunotherapy_response,2,4,1.0,26,6,1,E-cadherin,0.0,False
NSCLC-Aung2025,immunotherapy_response,2,4,1.0,26,6,1,FOXP3,0.0,False
NSCLC-Aung2025,immunotherapy_response,2,4,1.0,26,6,1,G6PD,-0.3967875349196423,True
NSCLC-Aung2025,immunotherapy_response,2,4,1.0,26,6,1,GLUT1,0.0,False
NSCLC-Aung2025,immunotherapy_response,2,4,1.0,26,6,1,Granzyme B,-0.1367562892903991,True
NSCLC-Aung2025,immunotherapy_response,2,4,1.0,26,6,1,HK1,-0.5840800687927222,True
NSCLC-Aung2025,immunotherapy_response,2,4,1.0,26,6,1,HLA-A,0.0,False
NSCLC-Aung2025,immunotherapy_response,2,4,1.0,26,6,1,ICOS,0.0,False
NSCLC-Aung2025,immunotherapy_response,2,4,1.0,26,6,1,IDH2,0.0,False
NSCLC-Aung2025,immunotherapy_response,2,4,1.0,26,6,1,Ki67,0.0,False
NSCLC-Aung2025,immunotherapy_response,2,4,1.0,26,6,1,LAG3,0.0,False
NSCLC-Aung2025,immunotherapy_response,2,4,1.0,26,6,1,LDHA,0.0,False
NSCLC-Aung2025,immunotherapy_response,2,4,1.0,26,6,1,NakATPase,0.9718747973403643,True
NSCLC-Aung2025,immunotherapy_response,2,4,1.0,26,6,1,PAX5,0.0,False
NSCLC-Aung2025,immunotherapy_response,2,4,1.0,26,6,1,PD-1,0.0,False
NSCLC-Aung2025,immunotherapy_response,2,4,1.0,26,6,1,PD-L1,0.2546973430894064,True
NSCLC-Aung2025,immunotherapy_response,2,4,1.0,26,6,1,Pan-Cytokeratin,0.0,False
NSCLC-Aung2025,immunotherapy_response,2,4,1.0,26,6,1,SDHA,0.0,False
NSCLC-Aung2025,immunotherapy_response,2,4,1.0,26,6,1,SMA,-0.12013225848472026,True
NSCLC-Aung2025,immunotherapy_response,2,4,1.0,26,6,1,Vimentin,0.25391349248064,True
NSCLC-Aung2025,immunotherapy_response,2,4,1.0,26,6,1,pNRFR2,-0.3066583900646129,True
NSCLC-GNN-Hoebel2026,stage_binary,0,0,1.0,2285,563,1,CD8,-0.288020954021566,True
NSCLC-GNN-Hoebel2026,stage_binary,0,0,1.0,2285,563,1,CK,0.3456629837665262,True
NSCLC-GNN-Hoebel2026,stage_binary,0,0,1.0,2285,563,1,FOXP3,0.41722742791674433,True
NSCLC-GNN-Hoebel2026,stage_binary,0,0,1.0,2285,563,1,PD-1,-0.1455859093221638,True
NSCLC-GNN-Hoebel2026,stage_binary,0,0,1.0,2285,563,1,PD-L1,0.46653064006190964,True
NSCLC-GNN-Hoebel2026,stage_binary,0,1,1.0,2279,569,1,CD8,-0.4342651194555366,True
NSCLC-GNN-Hoebel2026,stage_binary,0,1,1.0,2279,569,1,CK,0.41075170132240796,True
NSCLC-GNN-Hoebel2026,stage_binary,0,1,1.0,2279,569,1,FOXP3,0.5168239237953238,True
NSCLC-GNN-Hoebel2026,stage_binary,0,1,1.0,2279,569,1,PD-1,-0.20068491163885488,True
NSCLC-GNN-Hoebel2026,stage_binary,0,1,1.0,2279,569,1,PD-L1,0.4684226983494287,True
NSCLC-GNN-Hoebel2026,stage_binary,0,2,1.0,2262,586,1,CD8,-0.23940211729389857,True
NSCLC-GNN-Hoebel2026,stage_binary,0,2,1.0,2262,586,1,CK,0.43821356028270736,True
NSCLC-GNN-Hoebel2026,stage_binary,0,2,1.0,2262,586,1,FOXP3,0.4546201990536271,True
NSCLC-GNN-Hoebel2026,stage_binary,0,2,1.0,2262,586,1,PD-1,-0.23278913977211996,True
NSCLC-GNN-Hoebel2026,stage_binary,0,2,1.0,2262,586,1,PD-L1,0.3982918357506824,True
NSCLC-GNN-Hoebel2026,stage_binary,0,3,1.0,2278,570,1,CD8,-0.31359686654911006,True
NSCLC-GNN-Hoebel2026,stage_binary,0,3,1.0,2278,570,1,CK,0.4810422160517903,True
NSCLC-GNN-Hoebel2026,stage_binary,0,3,1.0,2278,570,1,FOXP3,0.5315840129766434,True
NSCLC-GNN-Hoebel2026,stage_binary,0,3,1.0,2278,570,1,PD-1,-0.21662383563438803,True
NSCLC-GNN-Hoebel2026,stage_binary,0,3,1.0,2278,570,1,PD-L1,0.40469116908914887,True
NSCLC-GNN-Hoebel2026,stage_binary,0,4,1.0,2288,560,1,CD8,-0.35427210071729537,True
NSCLC-GNN-Hoebel2026,stage_binary,0,4,1.0,2288,560,1,CK,0.39711380203967195,True
NSCLC-GNN-Hoebel2026,stage_binary,0,4,1.0,2288,560,1,FOXP3,0.5028497016034831,True
NSCLC-GNN-Hoebel2026,stage_binary,0,4,1.0,2288,560,1,PD-1,-0.09974631607088646,True
NSCLC-GNN-Hoebel2026,stage_binary,0,4,1.0,2288,560,1,PD-L1,0.45803846087843647,True
NSCLC-GNN-Hoebel2026,stage_binary,1,0,1.0,2265,583,1,CD8,-0.45925047030111876,True
NSCLC-GNN-Hoebel2026,stage_binary,1,0,1.0,2265,583,1,CK,0.3311584764692236,True
NSCLC-GNN-Hoebel2026,stage_binary,1,0,1.0,2265,583,1,FOXP3,0.5047395800183855,True
NSCLC-GNN-Hoebel2026,stage_binary,1,0,1.0,2265,583,1,PD-1,-0.139385579260201,True
NSCLC-GNN-Hoebel2026,stage_binary,1,0,1.0,2265,583,1,PD-L1,0.39096269707975656,True
NSCLC-GNN-Hoebel2026,stage_binary,1,1,1.0,2281,567,1,CD8,-0.37406909157773194,True
NSCLC-GNN-Hoebel2026,stage_binary,1,1,1.0,2281,567,1,CK,0.408952547620274,True
NSCLC-GNN-Hoebel2026,stage_binary,1,1,1.0,2281,567,1,FOXP3,0.4420858514551575,True
NSCLC-GNN-Hoebel2026,stage_binary,1,1,1.0,2281,567,1,PD-1,-0.17264432975969504,True
NSCLC-GNN-Hoebel2026,stage_binary,1,1,1.0,2281,567,1,PD-L1,0.5020641146468198,True
NSCLC-GNN-Hoebel2026,stage_binary,1,2,1.0,2275,573,1,CD8,-0.19101592869912387,True
NSCLC-GNN-Hoebel2026,stage_binary,1,2,1.0,2275,573,1,CK,0.46386180697952545,True
NSCLC-GNN-Hoebel2026,stage_binary,1,2,1.0,2275,573,1,FOXP3,0.39711705361730265,True
NSCLC-GNN-Hoebel2026,stage_binary,1,2,1.0,2275,573,1,PD-1,-0.20528164825126813,True
NSCLC-GNN-Hoebel2026,stage_binary,1,2,1.0,2275,573,1,PD-L1,0.35569194008493,True
NSCLC-GNN-Hoebel2026,stage_binary,1,3,1.0,2288,560,1,CD8,-0.3649683597797783,True
NSCLC-GNN-Hoebel2026,stage_binary,1,3,1.0,2288,560,1,CK,0.39009037166466415,True
NSCLC-GNN-Hoebel2026,stage_binary,1,3,1.0,2288,560,1,FOXP3,0.5077495102036563,True
NSCLC-GNN-Hoebel2026,stage_binary,1,3,1.0,2288,560,1,PD-1,-0.18927355310180052,True
NSCLC-GNN-Hoebel2026,stage_binary,1,3,1.0,2288,560,1,PD-L1,0.509785541091332,True
NSCLC-GNN-Hoebel2026,stage_binary,1,4,1.0,2283,565,1,CD8,-0.24110844681950871,True
NSCLC-GNN-Hoebel2026,stage_binary,1,4,1.0,2283,565,1,CK,0.48890403959426937,True
NSCLC-GNN-Hoebel2026,stage_binary,1,4,1.0,2283,565,1,FOXP3,0.5665265942944987,True
NSCLC-GNN-Hoebel2026,stage_binary,1,4,1.0,2283,565,1,PD-1,-0.1832314641474741,True
NSCLC-GNN-Hoebel2026,stage_binary,1,4,1.0,2283,565,1,PD-L1,0.43560694388881416,True
NSCLC-GNN-Hoebel2026,stage_binary,2,0,1.0,2278,570,1,CD8,-0.40179123969082686,True
NSCLC-GNN-Hoebel2026,stage_binary,2,0,1.0,2278,570,1,CK,0.38224867685864033,True
NSCLC-GNN-Hoebel2026,stage_binary,2,0,1.0,2278,570,1,FOXP3,0.4149069567488406,True
NSCLC-GNN-Hoebel2026,stage_binary,2,0,1.0,2278,570,1,PD-1,-0.14271356785939307,True
NSCLC-GNN-Hoebel2026,stage_binary,2,0,1.0,2278,570,1,PD-L1,0.4837339458899647,True
NSCLC-GNN-Hoebel2026,stage_binary,2,1,1.0,2300,548,1,CD8,-0.2971185650189271,True
NSCLC-GNN-Hoebel2026,stage_binary,2,1,1.0,2300,548,1,CK,0.3451638147849654,True
NSCLC-GNN-Hoebel2026,stage_binary,2,1,1.0,2300,548,1,FOXP3,0.45804645842029246,True
NSCLC-GNN-Hoebel2026,stage_binary,2,1,1.0,2300,548,1,PD-1,-0.18675985118475416,True
NSCLC-GNN-Hoebel2026,stage_binary,2,1,1.0,2300,548,1,PD-L1,0.4291092334223116,True
NSCLC-GNN-Hoebel2026,stage_binary,2,2,1.0,2273,575,1,CD8,-0.3187802378946534,True
NSCLC-GNN-Hoebel2026,stage_binary,2,2,1.0,2273,575,1,CK,0.41643785344726447,True
NSCLC-GNN-Hoebel2026,stage_binary,2,2,1.0,2273,575,1,FOXP3,0.46930332371624794,True
NSCLC-GNN-Hoebel2026,stage_binary,2,2,1.0,2273,575,1,PD-1,-0.20380503562138078,True
NSCLC-GNN-Hoebel2026,stage_binary,2,2,1.0,2273,575,1,PD-L1,0.44060458185025075,True
NSCLC-GNN-Hoebel2026,stage_binary,2,3,1.0,2266,582,1,CD8,-0.24146972433005312,True
NSCLC-GNN-Hoebel2026,stage_binary,2,3,1.0,2266,582,1,CK,0.49203597651643166,True
NSCLC-GNN-Hoebel2026,stage_binary,2,3,1.0,2266,582,1,FOXP3,0.536850053412545,True
NSCLC-GNN-Hoebel2026,stage_binary,2,3,1.0,2266,582,1,PD-1,-0.1552915690712869,True
NSCLC-GNN-Hoebel2026,stage_binary,2,3,1.0,2266,582,1,PD-L1,0.49267632699068364,True
NSCLC-GNN-Hoebel2026,stage_binary,2,4,1.0,2275,573,1,CD8,-0.36641447033389957,True
NSCLC-GNN-Hoebel2026,stage_binary,2,4,1.0,2275,573,1,CK,0.4335922502357335,True
NSCLC-GNN-Hoebel2026,stage_binary,2,4,1.0,2275,573,1,FOXP3,0.5373873399737232,True
NSCLC-GNN-Hoebel2026,stage_binary,2,4,1.0,2275,573,1,PD-1,-0.1923968646929844,True
NSCLC-GNN-Hoebel2026,stage_binary,2,4,1.0,2275,573,1,PD-L1,0.35100697616223,True
NSCLC-ICI-Monkman2024,immunotherapy_response,0,0,1.0,28,7,1,CD107a,-0.9464230912649001,True
NSCLC-ICI-Monkman2024,immunotherapy_response,0,0,1.0,28,7,1,CD117,0.0,False
NSCLC-ICI-Monkman2024,immunotherapy_response,0,0,1.0,28,7,1,CD11b,0.9751589770716534,True
NSCLC-ICI-Monkman2024,immunotherapy_response,0,0,1.0,28,7,1,CD14,0.0,False
NSCLC-ICI-Monkman2024,immunotherapy_response,0,0,1.0,28,7,1,CD141,0.0,False
NSCLC-ICI-Monkman2024,immunotherapy_response,0,0,1.0,28,7,1,CD15,-0.6924676248018823,True
NSCLC-ICI-Monkman2024,immunotherapy_response,0,0,1.0,28,7,1,CD163,0.44369349472544395,True
NSCLC-ICI-Monkman2024,immunotherapy_response,0,0,1.0,28,7,1,CD197,0.0,False
NSCLC-ICI-Monkman2024,immunotherapy_response,0,0,1.0,28,7,1,CD20,-0.09444469898149523,True
NSCLC-ICI-Monkman2024,immunotherapy_response,0,0,1.0,28,7,1,CD25,0.0,False
NSCLC-ICI-Monkman2024,immunotherapy_response,0,0,1.0,28,7,1,CD31,0.02268376567987454,True
NSCLC-ICI-Monkman2024,immunotherapy_response,0,0,1.0,28,7,1,CD34,0.0,False
NSCLC-ICI-Monkman2024,immunotherapy_response,0,0,1.0,28,7,1,CD3e,0.0,False
NSCLC-ICI-Monkman2024,immunotherapy_response,0,0,1.0,28,7,1,CD4,0.0,False
NSCLC-ICI-Monkman2024,immunotherapy_response,0,0,1.0,28,7,1,CD44,0.0,False
NSCLC-ICI-Monkman2024,immunotherapy_response,0,0,1.0,28,7,1,CD45,-0.6109883020555263,True
NSCLC-ICI-Monkman2024,immunotherapy_response,0,0,1.0,28,7,1,CD45RA,-0.24246052917609948,True
NSCLC-ICI-Monkman2024,immunotherapy_response,0,0,1.0,28,7,1,CD45RO,0.0,False
NSCLC-ICI-Monkman2024,immunotherapy_response,0,0,1.0,28,7,1,CD68,0.0,False
NSCLC-ICI-Monkman2024,immunotherapy_response,0,0,1.0,28,7,1,CD8,0.0,False
NSCLC-ICI-Monkman2024,immunotherapy_response,0,0,1.0,28,7,1,FoxP3,0.27404819826372906,True
NSCLC-ICI-Monkman2024,immunotherapy_response,0,0,1.0,28,7,1,HLA-DR,0.0,False
NSCLC-ICI-Monkman2024,immunotherapy_response,0,0,1.0,28,7,1,Ki67,0.163983895471136,True
NSCLC-ICI-Monkman2024,immunotherapy_response,0,0,1.0,28,7,1,PanCK,-0.2589118707565368,True
NSCLC-ICI-Monkman2024,immunotherapy_response,0,0,1.0,28,7,1,Podoplanin,-0.7579857387624502,True
NSCLC-ICI-Monkman2024,immunotherapy_response,0,0,1.0,28,7,1,Vimentin,0.0,False
NSCLC-ICI-Monkman2024,immunotherapy_response,0,1,1.0,28,7,1,CD107a,-0.322102122057165,True
NSCLC-ICI-Monkman2024,immunotherapy_response,0,1,1.0,28,7,1,CD117,0.0,False
NSCLC-ICI-Monkman2024,immunotherapy_response,0,1,1.0,28,7,1,CD11b,0.5041282674833818,True
NSCLC-ICI-Monkman2024,immunotherapy_response,0,1,1.0,28,7,1,CD14,0.0,False
NSCLC-ICI-Monkman2024,immunotherapy_response,0,1,1.0,28,7,1,CD141,0.03629074521906825,True
NSCLC-ICI-Monkman2024,immunotherapy_response,0,1,1.0,28,7,1,CD15,-0.4026419056426041,True
NSCLC-ICI-Monkman2024,immunotherapy_response,0,1,1.0,28,7,1,CD163,0.324337426050966,True
NSCLC-ICI-Monkman2024,immunotherapy_response,0,1,1.0,28,7,1,CD197,0.0,False
NSCLC-ICI-Monkman2024,immunotherapy_response,0,1,1.0,28,7,1,CD20,-0.48457919974461094,True
NSCLC-ICI-Monkman2024,immunotherapy_response,0,1,1.0,28,7,1,CD25,-0.09480182030977832,True
NSCLC-ICI-Monkman2024,immunotherapy_response,0,1,1.0,28,7,1,CD31,0.0,False
NSCLC-ICI-Monkman2024,immunotherapy_response,0,1,1.0,28,7,1,CD34,-0.08316818222790665,True
NSCLC-ICI-Monkman2024,immunotherapy_response,0,1,1.0,28,7,1,CD3e,0.0,False
NSCLC-ICI-Monkman2024,immunotherapy_response,0,1,1.0,28,7,1,CD4,-0.7008149527066271,True
NSCLC-ICI-Monkman2024,immunotherapy_response,0,1,1.0,28,7,1,CD44,0.0,False
NSCLC-ICI-Monkman2024,immunotherapy_response,0,1,1.0,28,7,1,CD45,0.0,False
NSCLC-ICI-Monkman2024,immunotherapy_response,0,1,1.0,28,7,1,CD45RA,0.0,False
NSCLC-ICI-Monkman2024,immunotherapy_response,0,1,1.0,28,7,1,CD45RO,0.0,False
NSCLC-ICI-Monkman2024,immunotherapy_response,0,1,1.0,28,7,1,CD68,-0.1980088155325129,True
NSCLC-ICI-Monkman2024,immunotherapy_response,0,1,1.0,28,7,1,CD8,0.0,False
NSCLC-ICI-Monkman2024,immunotherapy_response,0,1,1.0,28,7,1,FoxP3,0.0,False
NSCLC-ICI-Monkman2024,immunotherapy_response,0,1,1.0,28,7,1,HLA-DR,0.3350500129750698,True
NSCLC-ICI-Monkman2024,immunotherapy_response,0,1,1.0,28,7,1,Ki67,0.3695559747221798,True
NSCLC-ICI-Monkman2024,immunotherapy_response,0,1,1.0,28,7,1,PanCK,-0.2712540573735331,True
NSCLC-ICI-Monkman2024,immunotherapy_response,0,1,1.0,28,7,1,Podoplanin,-1.4948256650309313,True
NSCLC-ICI-Monkman2024,immunotherapy_response,0,1,1.0,28,7,1,Vimentin,0.0,False
NSCLC-ICI-Monkman2024,immunotherapy_response,0,2,1.0,28,7,1,CD107a,-0.19013038179200356,True
NSCLC-ICI-Monkman2024,immunotherapy_response,0,2,1.0,28,7,1,CD117,0.019277717073242835,True
NSCLC-ICI-Monkman2024,immunotherapy_response,0,2,1.0,28,7,1,CD11b,0.7618405773122646,True
NSCLC-ICI-Monkman2024,immunotherapy_response,0,2,1.0,28,7,1,CD14,0.0,False
NSCLC-ICI-Monkman2024,immunotherapy_response,0,2,1.0,28,7,1,CD141,0.0,False
NSCLC-ICI-Monkman2024,immunotherapy_response,0,2,1.0,28,7,1,CD15,0.0,False
NSCLC-ICI-Monkman2024,immunotherapy_response,0,2,1.0,28,7,1,CD163,0.1966438424119475,True
NSCLC-ICI-Monkman2024,immunotherapy_response,0,2,1.0,28,7,1,CD197,0.0,False
NSCLC-ICI-Monkman2024,immunotherapy_response,0,2,1.0,28,7,1,CD20,-0.19439759461722111,True
NSCLC-ICI-Monkman2024,immunotherapy_response,0,2,1.0,28,7,1,CD25,-0.01067947085601952,True
NSCLC-ICI-Monkman2024,immunotherapy_response,0,2,1.0,28,7,1,CD31,-0.04431879966973525,True
NSCLC-ICI-Monkman2024,immunotherapy_response,0,2,1.0,28,7,1,CD34,0.0,False
NSCLC-ICI-Monkman2024,immunotherapy_response,0,2,1.0,28,7,1,CD3e,0.0,False
NSCLC-ICI-Monkman2024,immunotherapy_response,0,2,1.0,28,7,1,CD4,-0.6466934083828113,True
NSCLC-ICI-Monkman2024,immunotherapy_response,0,2,1.0,28,7,1,CD44,0.0,False
NSCLC-ICI-Monkman2024,immunotherapy_response,0,2,1.0,28,7,1,CD45,-0.38094571222172335,True
NSCLC-ICI-Monkman2024,immunotherapy_response,0,2,1.0,28,7,1,CD45RA,0.0,False
NSCLC-ICI-Monkman2024,immunotherapy_response,0,2,1.0,28,7,1,CD45RO,0.0,False
NSCLC-ICI-Monkman2024,immunotherapy_response,0,2,1.0,28,7,1,CD68,-0.8277182338322951,True
NSCLC-ICI-Monkman2024,immunotherapy_response,0,2,1.0,28,7,1,CD8,0.3379961183438988,True
NSCLC-ICI-Monkman2024,immunotherapy_response,0,2,1.0,28,7,1,FoxP3,0.0,False
NSCLC-ICI-Monkman2024,immunotherapy_response,0,2,1.0,28,7,1,HLA-DR,0.07518311275157141,True
NSCLC-ICI-Monkman2024,immunotherapy_response,0,2,1.0,28,7,1,Ki67,0.3381834860588288,True
NSCLC-ICI-Monkman2024,immunotherapy_response,0,2,1.0,28,7,1,PanCK,-0.2703644603863959,True
NSCLC-ICI-Monkman2024,immunotherapy_response,0,2,1.0,28,7,1,Podoplanin,-1.422269105985104,True
NSCLC-ICI-Monkman2024,immunotherapy_response,0,2,1.0,28,7,1,Vimentin,0.0,False
NSCLC-ICI-Monkman2024,immunotherapy_response,0,3,1.0,28,7,1,CD107a,-0.5335179070045667,True
NSCLC-ICI-Monkman2024,immunotherapy_response,0,3,1.0,28,7,1,CD117,0.0,False
NSCLC-ICI-Monkman2024,immunotherapy_response,0,3,1.0,28,7,1,CD11b,0.8290865484039811,True
NSCLC-ICI-Monkman2024,immunotherapy_response,0,3,1.0,28,7,1,CD14,0.0,False
NSCLC-ICI-Monkman2024,immunotherapy_response,0,3,1.0,28,7,1,CD141,0.0,False
NSCLC-ICI-Monkman2024,immunotherapy_response,0,3,1.0,28,7,1,CD15,-0.33960436380539855,True
NSCLC-ICI-Monkman2024,immunotherapy_response,0,3,1.0,28,7,1,CD163,0.0,False
NSCLC-ICI-Monkman2024,immunotherapy_response,0,3,1.0,28,7,1,CD197,0.0,False
NSCLC-ICI-Monkman2024,immunotherapy_response,0,3,1.0,28,7,1,CD20,-0.39292480788761786,True
NSCLC-ICI-Monkman2024,immunotherapy_response,0,3,1.0,28,7,1,CD25,0.0,False
NSCLC-ICI-Monkman2024,immunotherapy_response,0,3,1.0,28,7,1,CD31,0.0,False
NSCLC-ICI-Monkman2024,immunotherapy_response,0,3,1.0,28,7,1,CD34,-0.1831836942441665,True
NSCLC-ICI-Monkman2024,immunotherapy_response,0,3,1.0,28,7,1,CD3e,0.515745104840376,True
NSCLC-ICI-Monkman2024,immunotherapy_response,0,3,1.0,28,7,1,CD4,-1.4661828979556826,True
NSCLC-ICI-Monkman2024,immunotherapy_response,0,3,1.0,28,7,1,CD44,0.0,False
NSCLC-ICI-Monkman2024,immunotherapy_response,0,3,1.0,28,7,1,CD45,0.0,False
NSCLC-ICI-Monkman2024,immunotherapy_response,0,3,1.0,28,7,1,CD45RA,0.0,False
NSCLC-ICI-Monkman2024,immunotherapy_response,0,3,1.0,28,7,1,CD45RO,0.2457812439261609,True
NSCLC-ICI-Monkman2024,immunotherapy_response,0,3,1.0,28,7,1,CD68,-0.35320762301327785,True
NSCLC-ICI-Monkman2024,immunotherapy_response,0,3,1.0,28,7,1,CD8,0.0,False
NSCLC-ICI-Monkman2024,immunotherapy_response,0,3,1.0,28,7,1,FoxP3,0.0,False
NSCLC-ICI-Monkman2024,immunotherapy_response,0,3,1.0,28,7,1,HLA-DR,0.7069749615591174,True
NSCLC-ICI-Monkman2024,immunotherapy_response,0,3,1.0,28,7,1,Ki67,0.0,False
NSCLC-ICI-Monkman2024,immunotherapy_response,0,3,1.0,28,7,1,PanCK,-0.30894466640741913,True
NSCLC-ICI-Monkman2024,immunotherapy_response,0,3,1.0,28,7,1,Podoplanin,-0.3101399956633706,True
NSCLC-ICI-Monkman2024,immunotherapy_response,0,3,1.0,28,7,1,Vimentin,0.0,False
NSCLC-ICI-Monkman2024,immunotherapy_response,0,4,1.0,28,7,1,CD107a,-0.49139699903488937,True
NSCLC-ICI-Monkman2024,immunotherapy_response,0,4,1.0,28,7,1,CD117,0.0,False
NSCLC-ICI-Monkman2024,immunotherapy_response,0,4,1.0,28,7,1,CD11b,0.6682206007125172,True
NSCLC-ICI-Monkman2024,immunotherapy_response,0,4,1.0,28,7,1,CD14,0.0,False
NSCLC-ICI-Monkman2024,immunotherapy_response,0,4,1.0,28,7,1,CD141,0.0,False
NSCLC-ICI-Monkman2024,immunotherapy_response,0,4,1.0,28,7,1,CD15,-0.0736528721657772,True
NSCLC-ICI-Monkman2024,immunotherapy_response,0,4,1.0,28,7,1,CD163,0.26404052447522197,True
NSCLC-ICI-Monkman2024,immunotherapy_response,0,4,1.0,28,7,1,CD197,0.0,False
NSCLC-ICI-Monkman2024,immunotherapy_response,0,4,1.0,28,7,1,CD20,-0.5875187356809766,True
NSCLC-ICI-Monkman2024,immunotherapy_response,0,4,1.0,28,7,1,CD25,-0.13809693506126017,True
NSCLC-ICI-Monkman2024,immunotherapy_response,0,4,1.0,28,7,1,CD31,-0.09317258317482889,True
NSCLC-ICI-Monkman2024,immunotherapy_response,0,4,1.0,28,7,1,CD34,-0.4018323951492125,True
NSCLC-ICI-Monkman2024,immunotherapy_response,0,4,1.0,28,7,1,CD3e,0.0,False
NSCLC-ICI-Monkman2024,immunotherapy_response,0,4,1.0,28,7,1,CD4,-0.2771160348543403,True
NSCLC-ICI-Monkman2024,immunotherapy_response,0,4,1.0,28,7,1,CD44,0.0,False
NSCLC-ICI-Monkman2024,immunotherapy_response,0,4,1.0,28,7,1,CD45,-0.9327624842087476,True
NSCLC-ICI-Monkman2024,immunotherapy_response,0,4,1.0,28,7,1,CD45RA,0.0,False
NSCLC-ICI-Monkman2024,immunotherapy_response,0,4,1.0,28,7,1,CD45RO,0.0,False
NSCLC-ICI-Monkman2024,immunotherapy_response,0,4,1.0,28,7,1,CD68,-0.03376989643275431,True
NSCLC-ICI-Monkman2024,immunotherapy_response,0,4,1.0,28,7,1,CD8,0.0,False
NSCLC-ICI-Monkman2024,immunotherapy_response,0,4,1.0,28,7,1,FoxP3,0.7350171704469108,True
NSCLC-ICI-Monkman2024,immunotherapy_response,0,4,1.0,28,7,1,HLA-DR,0.38842703597779826,True
NSCLC-ICI-Monkman2024,immunotherapy_response,0,4,1.0,28,7,1,Ki67,0.0,False
NSCLC-ICI-Monkman2024,immunotherapy_response,0,4,1.0,28,7,1,PanCK,0.0,False
NSCLC-ICI-Monkman2024,immunotherapy_response,0,4,1.0,28,7,1,Podoplanin,-0.7363745333819102,True
NSCLC-ICI-Monkman2024,immunotherapy_response,0,4,1.0,28,7,1,Vimentin,0.37803180620518906,True
NSCLC-ICI-Monkman2024,immunotherapy_response,1,0,1.0,28,7,1,CD107a,-0.6740742856066919,True
NSCLC-ICI-Monkman2024,immunotherapy_response,1,0,1.0,28,7,1,CD117,0.0,False
NSCLC-ICI-Monkman2024,immunotherapy_response,1,0,1.0,28,7,1,CD11b,0.9631345276215675,True
NSCLC-ICI-Monkman2024,immunotherapy_response,1,0,1.0,28,7,1,CD14,0.0,False
NSCLC-ICI-Monkman2024,immunotherapy_response,1,0,1.0,28,7,1,CD141,0.0,False
NSCLC-ICI-Monkman2024,immunotherapy_response,1,0,1.0,28,7,1,CD15,-0.48574417589896274,True
NSCLC-ICI-Monkman2024,immunotherapy_response,1,0,1.0,28,7,1,CD163,0.1375374220910908,True
NSCLC-ICI-Monkman2024,immunotherapy_response,1,0,1.0,28,7,1,CD197,0.0,False
NSCLC-ICI-Monkman2024,immunotherapy_response,1,0,1.0,28,7,1,CD20,0.0,False
NSCLC-ICI-Monkman2024,immunotherapy_response,1,0,1.0,28,7,1,CD25,0.0,False
NSCLC-ICI-Monkman2024,immunotherapy_response,1,0,1.0,28,7,1,CD31,0.0,False
NSCLC-ICI-Monkman2024,immunotherapy_response,1,0,1.0,28,7,1,CD34,-0.1698589826731595,True
NSCLC-ICI-Monkman2024,immunotherapy_response,1,0,1.0,28,7,1,CD3e,0.0,False
NSCLC-ICI-Monkman2024,immunotherapy_response,1,0,1.0,28,7,1,CD4,-0.99321377715398,True
NSCLC-ICI-Monkman2024,immunotherapy_response,1,0,1.0,28,7,1,CD44,0.0,False
NSCLC-ICI-Monkman2024,immunotherapy_response,1,0,1.0,28,7,1,CD45,0.0,False
NSCLC-ICI-Monkman2024,immunotherapy_response,1,0,1.0,28,7,1,CD45RA,-0.38856711654292336,True
NSCLC-ICI-Monkman2024,immunotherapy_response,1,0,1.0,28,7,1,CD45RO,0.0,False
NSCLC-ICI-Monkman2024,immunotherapy_response,1,0,1.0,28,7,1,CD68,-0.19627604040774038,True
NSCLC-ICI-Monkman2024,immunotherapy_response,1,0,1.0,28,7,1,CD8,0.24397287735812284,True
NSCLC-ICI-Monkman2024,immunotherapy_response,1,0,1.0,28,7,1,FoxP3,0.0,False
NSCLC-ICI-Monkman2024,immunotherapy_response,1,0,1.0,28,7,1,HLA-DR,0.855884369187431,True
NSCLC-ICI-Monkman2024,immunotherapy_response,1,0,1.0,28,7,1,Ki67,0.0,False
NSCLC-ICI-Monkman2024,immunotherapy_response,1,0,1.0,28,7,1,PanCK,-0.23954799250447562,True
NSCLC-ICI-Monkman2024,immunotherapy_response,1,0,1.0,28,7,1,Podoplanin,-0.7795726012572094,True
NSCLC-ICI-Monkman2024,immunotherapy_response,1,0,1.0,28,7,1,Vimentin,0.0,False
NSCLC-ICI-Monkman2024,immunotherapy_response,1,1,1.0,28,7,1,CD107a,-0.48839948472273315,True
NSCLC-ICI-Monkman2024,immunotherapy_response,1,1,1.0,28,7,1,CD117,0.0,False
NSCLC-ICI-Monkman2024,immunotherapy_response,1,1,1.0,28,7,1,CD11b,0.9805165417481843,True
NSCLC-ICI-Monkman2024,immunotherapy_response,1,1,1.0,28,7,1,CD14,0.0,False
NSCLC-ICI-Monkman2024,immunotherapy_response,1,1,1.0,28,7,1,CD141,0.01627504967708513,True
NSCLC-ICI-Monkman2024,immunotherapy_response,1,1,1.0,28,7,1,CD15,0.0,False
NSCLC-ICI-Monkman2024,immunotherapy_response,1,1,1.0,28,7,1,CD163,0.0,False
NSCLC-ICI-Monkman2024,immunotherapy_response,1,1,1.0,28,7,1,CD197,0.0,False
NSCLC-ICI-Monkman2024,immunotherapy_response,1,1,1.0,28,7,1,CD20,-0.5303484037687497,True
NSCLC-ICI-Monkman2024,immunotherapy_response,1,1,1.0,28,7,1,CD25,-0.4697327955535108,True
NSCLC-ICI-Monkman2024,immunotherapy_response,1,1,1.0,28,7,1,CD31,0.0,False
NSCLC-ICI-Monkman2024,immunotherapy_response,1,1,1.0,28,7,1,CD34,0.0,False
NSCLC-ICI-Monkman2024,immunotherapy_response,1,1,1.0,28,7,1,CD3e,0.0,False
NSCLC-ICI-Monkman2024,immunotherapy_response,1,1,1.0,28,7,1,CD4,-0.03573483973236258,True
NSCLC-ICI-Monkman2024,immunotherapy_response,1,1,1.0,28,7,1,CD44,0.0,False
NSCLC-ICI-Monkman2024,immunotherapy_response,1,1,1.0,28,7,1,CD45,-0.5544424463724896,True
NSCLC-ICI-Monkman2024,immunotherapy_response,1,1,1.0,28,7,1,CD45RA,0.0,False
NSCLC-ICI-Monkman2024,immunotherapy_response,1,1,1.0,28,7,1,CD45RO,0.0,False
NSCLC-ICI-Monkman2024,immunotherapy_response,1,1,1.0,28,7,1,CD68,-0.1715788653364687,True
NSCLC-ICI-Monkman2024,immunotherapy_response,1,1,1.0,28,7,1,CD8,0.0,False
NSCLC-ICI-Monkman2024,immunotherapy_response,1,1,1.0,28,7,1,FoxP3,0.8972690870728961,True
NSCLC-ICI-Monkman2024,immunotherapy_response,1,1,1.0,28,7,1,HLA-DR,0.2669863776186666,True
NSCLC-ICI-Monkman2024,immunotherapy_response,1,1,1.0,28,7,1,Ki67,0.0,False
NSCLC-ICI-Monkman2024,immunotherapy_response,1,1,1.0,28,7,1,PanCK,0.0,False
NSCLC-ICI-Monkman2024,immunotherapy_response,1,1,1.0,28,7,1,Podoplanin,-0.9920468857898435,True
NSCLC-ICI-Monkman2024,immunotherapy_response,1,1,1.0,28,7,1,Vimentin,0.0,False
NSCLC-ICI-Monkman2024,immunotherapy_response,1,2,1.0,28,7,1,CD107a,-0.753379041469291,True
NSCLC-ICI-Monkman2024,immunotherapy_response,1,2,1.0,28,7,1,CD117,0.0,False
NSCLC-ICI-Monkman2024,immunotherapy_response,1,2,1.0,28,7,1,CD11b,0.6926652327103556,True
NSCLC-ICI-Monkman2024,immunotherapy_response,1,2,1.0,28,7,1,CD14,0.0,False
NSCLC-ICI-Monkman2024,immunotherapy_response,1,2,1.0,28,7,1,CD141,0.0,False
NSCLC-ICI-Monkman2024,immunotherapy_response,1,2,1.0,28,7,1,CD15,0.0,False
NSCLC-ICI-Monkman2024,immunotherapy_response,1,2,1.0,28,7,1,CD163,0.42537281279780315,True
NSCLC-ICI-Monkman2024,immunotherapy_response,1,2,1.0,28,7,1,CD197,0.0,False
NSCLC-ICI-Monkman2024,immunotherapy_response,1,2,1.0,28,7,1,CD20,-0.3113605772170906,True
NSCLC-ICI-Monkman2024,immunotherapy_response,1,2,1.0,28,7,1,CD25,0.0,False
NSCLC-ICI-Monkman2024,immunotherapy_response,1,2,1.0,28,7,1,CD31,0.0,False
NSCLC-ICI-Monkman2024,immunotherapy_response,1,2,1.0,28,7,1,CD34,-0.4508941235902866,True
NSCLC-ICI-Monkman2024,immunotherapy_response,1,2,1.0,28,7,1,CD3e,0.0,False
NSCLC-ICI-Monkman2024,immunotherapy_response,1,2,1.0,28,7,1,CD4,-0.533872312855827,True
NSCLC-ICI-Monkman2024,immunotherapy_response,1,2,1.0,28,7,1,CD44,0.0,False
NSCLC-ICI-Monkman2024,immunotherapy_response,1,2,1.0,28,7,1,CD45,-0.34778078082764224,True
NSCLC-ICI-Monkman2024,immunotherapy_response,1,2,1.0,28,7,1,CD45RA,0.0,False
NSCLC-ICI-Monkman2024,immunotherapy_response,1,2,1.0,28,7,1,CD45RO,0.0,False
NSCLC-ICI-Monkman2024,immunotherapy_response,1,2,1.0,28,7,1,CD68,-0.30141156259804014,True
NSCLC-ICI-Monkman2024,immunotherapy_response,1,2,1.0,28,7,1,CD8,0.43789650285243303,True
NSCLC-ICI-Monkman2024,immunotherapy_response,1,2,1.0,28,7,1,FoxP3,0.0,False
NSCLC-ICI-Monkman2024,immunotherapy_response,1,2,1.0,28,7,1,HLA-DR,0.0,False
NSCLC-ICI-Monkman2024,immunotherapy_response,1,2,1.0,28,7,1,Ki67,0.6682559262873924,True
NSCLC-ICI-Monkman2024,immunotherapy_response,1,2,1.0,28,7,1,PanCK,-0.9160536065449433,True
NSCLC-ICI-Monkman2024,immunotherapy_response,1,2,1.0,28,7,1,Podoplanin,-1.0594586962218415,True
NSCLC-ICI-Monkman2024,immunotherapy_response,1,2,1.0,28,7,1,Vimentin,0.0,False
NSCLC-ICI-Monkman2024,immunotherapy_response,1,3,1.0,28,7,1,CD107a,-0.2965171261007547,True
NSCLC-ICI-Monkman2024,immunotherapy_response,1,3,1.0,28,7,1,CD117,0.0,False
NSCLC-ICI-Monkman2024,immunotherapy_response,1,3,1.0,28,7,1,CD11b,0.7328530696577823,True
NSCLC-ICI-Monkman2024,immunotherapy_response,1,3,1.0,28,7,1,CD14,0.0,False
NSCLC-ICI-Monkman2024,immunotherapy_response,1,3,1.0,28,7,1,CD141,0.0,False
NSCLC-ICI-Monkman2024,immunotherapy_response,1,3,1.0,28,7,1,CD15,-0.2552919745085296,True
NSCLC-ICI-Monkman2024,immunotherapy_response,1,3,1.0,28,7,1,CD163,0.6327192725947678,True
NSCLC-ICI-Monkman2024,immunotherapy_response,1,3,1.0,28,7,1,CD197,0.0,False
NSCLC-ICI-Monkman2024,immunotherapy_response,1,3,1.0,28,7,1,CD20,-0.056850660951898106,True
NSCLC-ICI-Monkman2024,immunotherapy_response,1,3,1.0,28,7,1,CD25,-0.03700257990124212,True
NSCLC-ICI-Monkman2024,immunotherapy_response,1,3,1.0,28,7,1,CD31,0.0,False
NSCLC-ICI-Monkman2024,immunotherapy_response,1,3,1.0,28,7,1,CD34,-0.10126873810231242,True
NSCLC-ICI-Monkman2024,immunotherapy_response,1,3,1.0,28,7,1,CD3e,0.0,False
NSCLC-ICI-Monkman2024,immunotherapy_response,1,3,1.0,28,7,1,CD4,-0.7705641566196509,True
NSCLC-ICI-Monkman2024,immunotherapy_response,1,3,1.0,28,7,1,CD44,0.0,False
NSCLC-ICI-Monkman2024,immunotherapy_response,1,3,1.0,28,7,1,CD45,-0.3615697524731251,True
NSCLC-ICI-Monkman2024,immunotherapy_response,1,3,1.0,28,7,1,CD45RA,0.0,False
NSCLC-ICI-Monkman2024,immunotherapy_response,1,3,1.0,28,7,1,CD45RO,0.0,False
NSCLC-ICI-Monkman2024,immunotherapy_response,1,3,1.0,28,7,1,CD68,-0.4311367610611435,True
NSCLC-ICI-Monkman2024,immunotherapy_response,1,3,1.0,28,7,1,CD8,0.0,False
NSCLC-ICI-Monkman2024,immunotherapy_response,1,3,1.0,28,7,1,FoxP3,0.0,False
NSCLC-ICI-Monkman2024,immunotherapy_response,1,3,1.0,28,7,1,HLA-DR,0.411957853394507,True
NSCLC-ICI-Monkman2024,immunotherapy_response,1,3,1.0,28,7,1,Ki67,0.0,False
NSCLC-ICI-Monkman2024,immunotherapy_response,1,3,1.0,28,7,1,PanCK,0.0,False
NSCLC-ICI-Monkman2024,immunotherapy_response,1,3,1.0,28,7,1,Podoplanin,-1.1716234621008201,True
NSCLC-ICI-Monkman2024,immunotherapy_response,1,3,1.0,28,7,1,Vimentin,0.0,False
NSCLC-ICI-Monkman2024,immunotherapy_response,1,4,1.0,28,7,1,CD107a,-0.23395203036147674,True
NSCLC-ICI-Monkman2024,immunotherapy_response,1,4,1.0,28,7,1,CD117,0.0,False
NSCLC-ICI-Monkman2024,immunotherapy_response,1,4,1.0,28,7,1,CD11b,0.7403120175247381,True
NSCLC-ICI-Monkman2024,immunotherapy_response,1,4,1.0,28,7,1,CD14,-0.4378234963479941,True
NSCLC-ICI-Monkman2024,immunotherapy_response,1,4,1.0,28,7,1,CD141,0.0,False
NSCLC-ICI-Monkman2024,immunotherapy_response,1,4,1.0,28,7,1,CD15,-0.9752552847735544,True
NSCLC-ICI-Monkman2024,immunotherapy_response,1,4,1.0,28,7,1,CD163,0.0,False
NSCLC-ICI-Monkman2024,immunotherapy_response,1,4,1.0,28,7,1,CD197,0.0,False
NSCLC-ICI-Monkman2024,immunotherapy_response,1,4,1.0,28,7,1,CD20,0.0,False
NSCLC-ICI-Monkman2024,immunotherapy_response,1,4,1.0,28,7,1,CD25,0.0,False
NSCLC-ICI-Monkman2024,immunotherapy_response,1,4,1.0,28,7,1,CD31,0.0,False
NSCLC-ICI-Monkman2024,immunotherapy_response,1,4,1.0,28,7,1,CD34,0.0,False
NSCLC-ICI-Monkman2024,immunotherapy_response,1,4,1.0,28,7,1,CD3e,0.0,False
NSCLC-ICI-Monkman2024,immunotherapy_response,1,4,1.0,28,7,1,CD4,-1.1897216758188534,True
NSCLC-ICI-Monkman2024,immunotherapy_response,1,4,1.0,28,7,1,CD44,0.0,False
NSCLC-ICI-Monkman2024,immunotherapy_response,1,4,1.0,28,7,1,CD45,0.0,False
NSCLC-ICI-Monkman2024,immunotherapy_response,1,4,1.0,28,7,1,CD45RA,0.0,False
NSCLC-ICI-Monkman2024,immunotherapy_response,1,4,1.0,28,7,1,CD45RO,0.0,False
NSCLC-ICI-Monkman2024,immunotherapy_response,1,4,1.0,28,7,1,CD68,-0.36669028335691284,True
NSCLC-ICI-Monkman2024,immunotherapy_response,1,4,1.0,28,7,1,CD8,0.0,False
NSCLC-ICI-Monkman2024,immunotherapy_response,1,4,1.0,28,7,1,FoxP3,0.6154425349310177,True
NSCLC-ICI-Monkman2024,immunotherapy_response,1,4,1.0,28,7,1,HLA-DR,0.09552872341312225,True
NSCLC-ICI-Monkman2024,immunotherapy_response,1,4,1.0,28,7,1,Ki67,0.2837728961083114,True
NSCLC-ICI-Monkman2024,immunotherapy_response,1,4,1.0,28,7,1,PanCK,0.0,False
NSCLC-ICI-Monkman2024,immunotherapy_response,1,4,1.0,28,7,1,Podoplanin,-0.948833130283105,True
NSCLC-ICI-Monkman2024,immunotherapy_response,1,4,1.0,28,7,1,Vimentin,0.0,False
NSCLC-ICI-Monkman2024,immunotherapy_response,2,0,1.0,28,7,1,CD107a,-0.18788009784498394,True
NSCLC-ICI-Monkman2024,immunotherapy_response,2,0,1.0,28,7,1,CD117,0.0,False
NSCLC-ICI-Monkman2024,immunotherapy_response,2,0,1.0,28,7,1,CD11b,0.8478335125062907,True
NSCLC-ICI-Monkman2024,immunotherapy_response,2,0,1.0,28,7,1,CD14,0.0,False
NSCLC-ICI-Monkman2024,immunotherapy_response,2,0,1.0,28,7,1,CD141,0.43155993372665163,True
NSCLC-ICI-Monkman2024,immunotherapy_response,2,0,1.0,28,7,1,CD15,-0.8097617824457439,True
NSCLC-ICI-Monkman2024,immunotherapy_response,2,0,1.0,28,7,1,CD163,0.0,False
NSCLC-ICI-Monkman2024,immunotherapy_response,2,0,1.0,28,7,1,CD197,0.0,False
NSCLC-ICI-Monkman2024,immunotherapy_response,2,0,1.0,28,7,1,CD20,-0.6341952906960255,True
NSCLC-ICI-Monkman2024,immunotherapy_response,2,0,1.0,28,7,1,CD25,0.0,False
NSCLC-ICI-Monkman2024,immunotherapy_response,2,0,1.0,28,7,1,CD31,0.0,False
NSCLC-ICI-Monkman2024,immunotherapy_response,2,0,1.0,28,7,1,CD34,0.0,False
NSCLC-ICI-Monkman2024,immunotherapy_response,2,0,1.0,28,7,1,CD3e,0.0,False
NSCLC-ICI-Monkman2024,immunotherapy_response,2,0,1.0,28,7,1,CD4,-0.9665851272873792,True
NSCLC-ICI-Monkman2024,immunotherapy_response,2,0,1.0,28,7,1,CD44,0.0,False
NSCLC-ICI-Monkman2024,immunotherapy_response,2,0,1.0,28,7,1,CD45,0.0,False
NSCLC-ICI-Monkman2024,immunotherapy_response,2,0,1.0,28,7,1,CD45RA,0.0,False
NSCLC-ICI-Monkman2024,immunotherapy_response,2,0,1.0,28,7,1,CD45RO,0.0,False
NSCLC-ICI-Monkman2024,immunotherapy_response,2,0,1.0,28,7,1,CD68,-0.4974698790504905,True
NSCLC-ICI-Monkman2024,immunotherapy_response,2,0,1.0,28,7,1,CD8,0.0,False
NSCLC-ICI-Monkman2024,immunotherapy_response,2,0,1.0,28,7,1,FoxP3,0.0,False
NSCLC-ICI-Monkman2024,immunotherapy_response,2,0,1.0,28,7,1,HLA-DR,0.7548996057361897,True
NSCLC-ICI-Monkman2024,immunotherapy_response,2,0,1.0,28,7,1,Ki67,0.0,False
NSCLC-ICI-Monkman2024,immunotherapy_response,2,0,1.0,28,7,1,PanCK,-0.07114162444460584,True
NSCLC-ICI-Monkman2024,immunotherapy_response,2,0,1.0,28,7,1,Podoplanin,-1.1098743532084872,True
NSCLC-ICI-Monkman2024,immunotherapy_response,2,0,1.0,28,7,1,Vimentin,0.0,False
NSCLC-ICI-Monkman2024,immunotherapy_response,2,1,1.0,28,7,1,CD107a,-0.053716801008600934,True
NSCLC-ICI-Monkman2024,immunotherapy_response,2,1,1.0,28,7,1,CD117,0.0,False
NSCLC-ICI-Monkman2024,immunotherapy_response,2,1,1.0,28,7,1,CD11b,0.7717819801892811,True
NSCLC-ICI-Monkman2024,immunotherapy_response,2,1,1.0,28,7,1,CD14,0.0,False
NSCLC-ICI-Monkman2024,immunotherapy_response,2,1,1.0,28,7,1,CD141,0.0,False
NSCLC-ICI-Monkman2024,immunotherapy_response,2,1,1.0,28,7,1,CD15,-9.896695819090837e-07,True
NSCLC-ICI-Monkman2024,immunotherapy_response,2,1,1.0,28,7,1,CD163,0.12233137337431349,True
NSCLC-ICI-Monkman2024,immunotherapy_response,2,1,1.0,28,7,1,CD197,0.0,False
NSCLC-ICI-Monkman2024,immunotherapy_response,2,1,1.0,28,7,1,CD20,-0.4983055893814542,True
NSCLC-ICI-Monkman2024,immunotherapy_response,2,1,1.0,28,7,1,CD25,-0.5856236054902709,True
NSCLC-ICI-Monkman2024,immunotherapy_response,2,1,1.0,28,7,1,CD31,0.0,False
NSCLC-ICI-Monkman2024,immunotherapy_response,2,1,1.0,28,7,1,CD34,-0.6456413844003001,True
NSCLC-ICI-Monkman2024,immunotherapy_response,2,1,1.0,28,7,1,CD3e,0.0,False
NSCLC-ICI-Monkman2024,immunotherapy_response,2,1,1.0,28,7,1,CD4,0.0,False
NSCLC-ICI-Monkman2024,immunotherapy_response,2,1,1.0,28,7,1,CD44,0.0,False
NSCLC-ICI-Monkman2024,immunotherapy_response,2,1,1.0,28,7,1,CD45,0.0,False
NSCLC-ICI-Monkman2024,immunotherapy_response,2,1,1.0,28,7,1,CD45RA,0.0,False
NSCLC-ICI-Monkman2024,immunotherapy_response,2,1,1.0,28,7,1,CD45RO,0.0,False
NSCLC-ICI-Monkman2024,immunotherapy_response,2,1,1.0,28,7,1,CD68,-0.4490211590470807,True
NSCLC-ICI-Monkman2024,immunotherapy_response,2,1,1.0,28,7,1,CD8,0.0,False
NSCLC-ICI-Monkman2024,immunotherapy_response,2,1,1.0,28,7,1,FoxP3,0.0,False
NSCLC-ICI-Monkman2024,immunotherapy_response,2,1,1.0,28,7,1,HLA-DR,0.0,False
NSCLC-ICI-Monkman2024,immunotherapy_response,2,1,1.0,28,7,1,Ki67,0.45562462321305663,True
NSCLC-ICI-Monkman2024,immunotherapy_response,2,1,1.0,28,7,1,PanCK,-0.48430154527331964,True
NSCLC-ICI-Monkman2024,immunotherapy_response,2,1,1.0,28,7,1,Podoplanin,-1.416474585070311,True
NSCLC-ICI-Monkman2024,immunotherapy_response,2,1,1.0,28,7,1,Vimentin,0.0,False
NSCLC-ICI-Monkman2024,immunotherapy_response,2,2,1.0,28,7,1,CD107a,-1.2548497220830535,True
NSCLC-ICI-Monkman2024,immunotherapy_response,2,2,1.0,28,7,1,CD117,0.0,False
NSCLC-ICI-Monkman2024,immunotherapy_response,2,2,1.0,28,7,1,CD11b,1.1805487002169168,True
NSCLC-ICI-Monkman2024,immunotherapy_response,2,2,1.0,28,7,1,CD14,0.0,False
NSCLC-ICI-Monkman2024,immunotherapy_response,2,2,1.0,28,7,1,CD141,0.0,False
NSCLC-ICI-Monkman2024,immunotherapy_response,2,2,1.0,28,7,1,CD15,-0.22953952802335853,True
NSCLC-ICI-Monkman2024,immunotherapy_response,2,2,1.0,28,7,1,CD163,0.8381275185033248,True
NSCLC-ICI-Monkman2024,immunotherapy_response,2,2,1.0,28,7,1,CD197,0.0,False
NSCLC-ICI-Monkman2024,immunotherapy_response,2,2,1.0,28,7,1,CD20,-0.33803285045067444,True
NSCLC-ICI-Monkman2024,immunotherapy_response,2,2,1.0,28,7,1,CD25,0.0,False
NSCLC-ICI-Monkman2024,immunotherapy_response,2,2,1.0,28,7,1,CD31,0.0,False
NSCLC-ICI-Monkman2024,immunotherapy_response,2,2,1.0,28,7,1,CD34,0.0,False
NSCLC-ICI-Monkman2024,immunotherapy_response,2,2,1.0,28,7,1,CD3e,0.0,False
NSCLC-ICI-Monkman2024,immunotherapy_response,2,2,1.0,28,7,1,CD4,-0.000644474571995741,True
NSCLC-ICI-Monkman2024,immunotherapy_response,2,2,1.0,28,7,1,CD44,0.0,False
NSCLC-ICI-Monkman2024,immunotherapy_response,2,2,1.0,28,7,1,CD45,-1.0874565245723233,True
NSCLC-ICI-Monkman2024,immunotherapy_response,2,2,1.0,28,7,1,CD45RA,0.0,False
NSCLC-ICI-Monkman2024,immunotherapy_response,2,2,1.0,28,7,1,CD45RO,0.0,False
NSCLC-ICI-Monkman2024,immunotherapy_response,2,2,1.0,28,7,1,CD68,0.0,False
NSCLC-ICI-Monkman2024,immunotherapy_response,2,2,1.0,28,7,1,CD8,0.0,False
NSCLC-ICI-Monkman2024,immunotherapy_response,2,2,1.0,28,7,1,FoxP3,0.26604573142114646,True
NSCLC-ICI-Monkman2024,immunotherapy_response,2,2,1.0,28,7,1,HLA-DR,0.10211153347955168,True
NSCLC-ICI-Monkman2024,immunotherapy_response,2,2,1.0,28,7,1,Ki67,0.0,False
NSCLC-ICI-Monkman2024,immunotherapy_response,2,2,1.0,28,7,1,PanCK,-0.12740085137689577,True
NSCLC-ICI-Monkman2024,immunotherapy_response,2,2,1.0,28,7,1,Podoplanin,-0.5474188802737041,True
NSCLC-ICI-Monkman2024,immunotherapy_response,2,2,1.0,28,7,1,Vimentin,0.0,False
NSCLC-ICI-Monkman2024,immunotherapy_response,2,3,1.0,28,7,1,CD107a,-0.4895070411189026,True
NSCLC-ICI-Monkman2024,immunotherapy_response,2,3,1.0,28,7,1,CD117,0.0,False
NSCLC-ICI-Monkman2024,immunotherapy_response,2,3,1.0,28,7,1,CD11b,0.6641441598820327,True
NSCLC-ICI-Monkman2024,immunotherapy_response,2,3,1.0,28,7,1,CD14,-0.110380378414589,True
NSCLC-ICI-Monkman2024,immunotherapy_response,2,3,1.0,28,7,1,CD141,0.0,False
NSCLC-ICI-Monkman2024,immunotherapy_response,2,3,1.0,28,7,1,CD15,-0.36892602780763273,True
NSCLC-ICI-Monkman2024,immunotherapy_response,2,3,1.0,28,7,1,CD163,0.0,False
NSCLC-ICI-Monkman2024,immunotherapy_response,2,3,1.0,28,7,1,CD197,0.0,False
NSCLC-ICI-Monkman2024,immunotherapy_response,2,3,1.0,28,7,1,CD20,0.0,False
NSCLC-ICI-Monkman2024,immunotherapy_response,2,3,1.0,28,7,1,CD25,0.0,False
NSCLC-ICI-Monkman2024,immunotherapy_response,2,3,1.0,28,7,1,CD31,-0.284862380323305,True
NSCLC-ICI-Monkman2024,immunotherapy_response,2,3,1.0,28,7,1,CD34,0.0,False
NSCLC-ICI-Monkman2024,immunotherapy_response,2,3,1.0,28,7,1,CD3e,0.0,False
NSCLC-ICI-Monkman2024,immunotherapy_response,2,3,1.0,28,7,1,CD4,-1.0582831574025306,True
NSCLC-ICI-Monkman2024,immunotherapy_response,2,3,1.0,28,7,1,CD44,0.0,False
NSCLC-ICI-Monkman2024,immunotherapy_response,2,3,1.0,28,7,1,CD45,-0.08258620349720122,True
NSCLC-ICI-Monkman2024,immunotherapy_response,2,3,1.0,28,7,1,CD45RA,0.0,False
NSCLC-ICI-Monkman2024,immunotherapy_response,2,3,1.0,28,7,1,CD45RO,0.0,False
NSCLC-ICI-Monkman2024,immunotherapy_response,2,3,1.0,28,7,1,CD68,0.0,False
NSCLC-ICI-Monkman2024,immunotherapy_response,2,3,1.0,28,7,1,CD8,0.0,False
NSCLC-ICI-Monkman2024,immunotherapy_response,2,3,1.0,28,7,1,FoxP3,0.26975769982386716,True
NSCLC-ICI-Monkman2024,immunotherapy_response,2,3,1.0,28,7,1,HLA-DR,0.0,False
NSCLC-ICI-Monkman2024,immunotherapy_response,2,3,1.0,28,7,1,Ki67,0.4752389610067026,True
NSCLC-ICI-Monkman2024,immunotherapy_response,2,3,1.0,28,7,1,PanCK,0.0,False
NSCLC-ICI-Monkman2024,immunotherapy_response,2,3,1.0,28,7,1,Podoplanin,-1.0376789996729026,True
NSCLC-ICI-Monkman2024,immunotherapy_response,2,3,1.0,28,7,1,Vimentin,0.5058752018436976,True
NSCLC-ICI-Monkman2024,immunotherapy_response,2,4,1.0,28,7,1,CD107a,-0.5539035145814577,True
NSCLC-ICI-Monkman2024,immunotherapy_response,2,4,1.0,28,7,1,CD117,0.0,False
NSCLC-ICI-Monkman2024,immunotherapy_response,2,4,1.0,28,7,1,CD11b,0.6962779040575188,True
NSCLC-ICI-Monkman2024,immunotherapy_response,2,4,1.0,28,7,1,CD14,0.0,False
NSCLC-ICI-Monkman2024,immunotherapy_response,2,4,1.0,28,7,1,CD141,0.0,False
NSCLC-ICI-Monkman2024,immunotherapy_response,2,4,1.0,28,7,1,CD15,-0.32766560531932265,True
NSCLC-ICI-Monkman2024,immunotherapy_response,2,4,1.0,28,7,1,CD163,0.418238632987013,True
NSCLC-ICI-Monkman2024,immunotherapy_response,2,4,1.0,28,7,1,CD197,0.0,False
NSCLC-ICI-Monkman2024,immunotherapy_response,2,4,1.0,28,7,1,CD20,0.0,False
NSCLC-ICI-Monkman2024,immunotherapy_response,2,4,1.0,28,7,1,CD25,0.0,False
NSCLC-ICI-Monkman2024,immunotherapy_response,2,4,1.0,28,7,1,CD31,0.0,False
NSCLC-ICI-Monkman2024,immunotherapy_response,2,4,1.0,28,7,1,CD34,-0.09127423287232662,True
NSCLC-ICI-Monkman2024,immunotherapy_response,2,4,1.0,28,7,1,CD3e,0.0,False
NSCLC-ICI-Monkman2024,immunotherapy_response,2,4,1.0,28,7,1,CD4,-0.6233380692512642,True
NSCLC-ICI-Monkman2024,immunotherapy_response,2,4,1.0,28,7,1,CD44,0.0,False
NSCLC-ICI-Monkman2024,immunotherapy_response,2,4,1.0,28,7,1,CD45,0.0,False
NSCLC-ICI-Monkman2024,immunotherapy_response,2,4,1.0,28,7,1,CD45RA,-0.2997277602422284,True
NSCLC-ICI-Monkman2024,immunotherapy_response,2,4,1.0,28,7,1,CD45RO,0.0,False
NSCLC-ICI-Monkman2024,immunotherapy_response,2,4,1.0,28,7,1,CD68,-0.28502028977727845,True
NSCLC-ICI-Monkman2024,immunotherapy_response,2,4,1.0,28,7,1,CD8,0.13576833416379253,True
NSCLC-ICI-Monkman2024,immunotherapy_response,2,4,1.0,28,7,1,FoxP3,0.03716583571344668,True
NSCLC-ICI-Monkman2024,immunotherapy_response,2,4,1.0,28,7,1,HLA-DR,0.44504389434545066,True
NSCLC-ICI-Monkman2024,immunotherapy_response,2,4,1.0,28,7,1,Ki67,0.4269282197441811,True
NSCLC-ICI-Monkman2024,immunotherapy_response,2,4,1.0,28,7,1,PanCK,-0.322958727003178,True
NSCLC-ICI-Monkman2024,immunotherapy_response,2,4,1.0,28,7,1,Podoplanin,-1.2905882757926035,True
NSCLC-ICI-Monkman2024,immunotherapy_response,2,4,1.0,28,7,1,Vimentin,0.0,False
TNBC-Wang2023,pCR_arm_C,0,0,1.0,301,71,1,AR,-0.42537833320678864,True
TNBC-Wang2023,pCR_arm_C,0,0,1.0,301,71,1,CA9,-0.2766844633573019,True
TNBC-Wang2023,pCR_arm_C,0,0,1.0,301,71,1,CD11c,-0.09496824029374888,True
TNBC-Wang2023,pCR_arm_C,0,0,1.0,301,71,1,CD15,-0.06452741119842961,True
TNBC-Wang2023,pCR_arm_C,0,0,1.0,301,71,1,CD163,0.08713529349116164,True
TNBC-Wang2023,pCR_arm_C,0,0,1.0,301,71,1,CD20,-0.45511239944615484,True
TNBC-Wang2023,pCR_arm_C,0,0,1.0,301,71,1,CD3,0.0,False
TNBC-Wang2023,pCR_arm_C,0,0,1.0,301,71,1,CD31,-0.11740519759733889,True
TNBC-Wang2023,pCR_arm_C,0,0,1.0,301,71,1,CD4,-0.44390409192595476,True
TNBC-Wang2023,pCR_arm_C,0,0,1.0,301,71,1,CD45,0.3975904408858272,True
TNBC-Wang2023,pCR_arm_C,0,0,1.0,301,71,1,CD56,0.0,False
TNBC-Wang2023,pCR_arm_C,0,0,1.0,301,71,1,CD68,0.3104926211542129,True
TNBC-Wang2023,pCR_arm_C,0,0,1.0,301,71,1,CD79a,0.27119970383611874,True
TNBC-Wang2023,pCR_arm_C,0,0,1.0,301,71,1,CD8,-0.017628653987077577,True
TNBC-Wang2023,pCR_arm_C,0,0,1.0,301,71,1,CK5/14,0.3304821394448455,True
TNBC-Wang2023,pCR_arm_C,0,0,1.0,301,71,1,CK8/18,-0.39714709266845366,True
TNBC-Wang2023,pCR_arm_C,0,0,1.0,301,71,1,Calponin,-0.3272984895246402,True
TNBC-Wang2023,pCR_arm_C,0,0,1.0,301,71,1,Carboplatin,0.4798753454011167,True
TNBC-Wang2023,pCR_arm_C,0,0,1.0,301,71,1,Caveolin-1,-0.11859571139288055,True
TNBC-Wang2023,pCR_arm_C,0,0,1.0,301,71,1,DNA1,0.706034907629731,True
TNBC-Wang2023,pCR_arm_C,0,0,1.0,301,71,1,DNA2,-0.21254737109932792,True
TNBC-Wang2023,pCR_arm_C,0,0,1.0,301,71,1,FOXP3,-0.2952823155215873,True
TNBC-Wang2023,pCR_arm_C,0,0,1.0,301,71,1,GATA3,0.6978223228511399,True
TNBC-Wang2023,pCR_arm_C,0,0,1.0,301,71,1,GZMB,0.3864156278130036,True
TNBC-Wang2023,pCR_arm_C,0,0,1.0,301,71,1,H3,0.0,False
TNBC-Wang2023,pCR_arm_C,0,0,1.0,301,71,1,HLA-ABC,-0.23217563782818473,True
TNBC-Wang2023,pCR_arm_C,0,0,1.0,301,71,1,HLA-DR,0.6953829478223096,True
TNBC-Wang2023,pCR_arm_C,0,0,1.0,301,71,1,Helios,-0.33859348024999336,True
TNBC-Wang2023,pCR_arm_C,0,0,1.0,301,71,1,ICOS,0.0,False
TNBC-Wang2023,pCR_arm_C,0,0,1.0,301,71,1,IDO,-0.038106724535358544,True
TNBC-Wang2023,pCR_arm_C,0,0,1.0,301,71,1,Ki67,0.08422307595207472,True
TNBC-Wang2023,pCR_arm_C,0,0,1.0,301,71,1,MPO,0.2058600823959337,True
TNBC-Wang2023,pCR_arm_C,0,0,1.0,301,71,1,OX40,0.37572763850481544,True
TNBC-Wang2023,pCR_arm_C,0,0,1.0,301,71,1,PD-1,0.0,False
TNBC-Wang2023,pCR_arm_C,0,0,1.0,301,71,1,PD-L1 (73-10),-0.05760995809807485,True
TNBC-Wang2023,pCR_arm_C,0,0,1.0,301,71,1,PD-L1 (SP142),-0.21002089618351089,True
TNBC-Wang2023,pCR_arm_C,0,0,1.0,301,71,1,PDGFRB,-0.48394210103827556,True
TNBC-Wang2023,pCR_arm_C,0,0,1.0,301,71,1,PDPN,0.15814319479514977,True
TNBC-Wang2023,pCR_arm_C,0,0,1.0,301,71,1,SMA,-0.5780164306108294,True
TNBC-Wang2023,pCR_arm_C,0,0,1.0,301,71,1,T-bet,0.0,False
TNBC-Wang2023,pCR_arm_C,0,0,1.0,301,71,1,TCF1,-0.11411844670029216,True
TNBC-Wang2023,pCR_arm_C,0,0,1.0,301,71,1,TOX,0.1510516992760288,True
TNBC-Wang2023,pCR_arm_C,0,0,1.0,301,71,1,Vimentin,-0.357756108071269,True
TNBC-Wang2023,pCR_arm_C,0,0,1.0,301,71,1,c-PARP,0.544559353768291,True
TNBC-Wang2023,pCR_arm_C,0,0,1.0,301,71,1,pH2AX,-0.08572180629881972,True
TNBC-Wang2023,pCR_arm_C,0,0,1.0,301,71,1,panCK,0.0,False
TNBC-Wang2023,pCR_arm_C,0,1,1.0,291,81,1,AR,-0.3369908119117724,True
TNBC-Wang2023,pCR_arm_C,0,1,1.0,291,81,1,CA9,-0.10302295968059745,True
TNBC-Wang2023,pCR_arm_C,0,1,1.0,291,81,1,CD11c,-0.283927040431181,True
TNBC-Wang2023,pCR_arm_C,0,1,1.0,291,81,1,CD15,-0.22558105972592746,True
TNBC-Wang2023,pCR_arm_C,0,1,1.0,291,81,1,CD163,-0.04067246919424526,True
TNBC-Wang2023,pCR_arm_C,0,1,1.0,291,81,1,CD20,-0.5983056558632954,True
TNBC-Wang2023,pCR_arm_C,0,1,1.0,291,81,1,CD3,0.47162680091653497,True
TNBC-Wang2023,pCR_arm_C,0,1,1.0,291,81,1,CD31,-0.41985195639372463,True
TNBC-Wang2023,pCR_arm_C,0,1,1.0,291,81,1,CD4,0.04098638789773054,True
TNBC-Wang2023,pCR_arm_C,0,1,1.0,291,81,1,CD45,-0.08725562280649651,True
TNBC-Wang2023,pCR_arm_C,0,1,1.0,291,81,1,CD56,0.0,False
TNBC-Wang2023,pCR_arm_C,0,1,1.0,291,81,1,CD68,0.31354563019967757,True
TNBC-Wang2023,pCR_arm_C,0,1,1.0,291,81,1,CD79a,0.4337329183981332,True
TNBC-Wang2023,pCR_arm_C,0,1,1.0,291,81,1,CD8,-0.3077014427419587,True
TNBC-Wang2023,pCR_arm_C,0,1,1.0,291,81,1,CK5/14,0.28604238761955714,True
TNBC-Wang2023,pCR_arm_C,0,1,1.0,291,81,1,CK8/18,0.0,False
TNBC-Wang2023,pCR_arm_C,0,1,1.0,291,81,1,Calponin,-0.249108930537004,True
TNBC-Wang2023,pCR_arm_C,0,1,1.0,291,81,1,Carboplatin,-0.2494560622907583,True
TNBC-Wang2023,pCR_arm_C,0,1,1.0,291,81,1,Caveolin-1,0.17918229789575957,True
TNBC-Wang2023,pCR_arm_C,0,1,1.0,291,81,1,DNA1,0.06610704715783727,True
TNBC-Wang2023,pCR_arm_C,0,1,1.0,291,81,1,DNA2,-0.18083038211367802,True
TNBC-Wang2023,pCR_arm_C,0,1,1.0,291,81,1,FOXP3,0.0,False
TNBC-Wang2023,pCR_arm_C,0,1,1.0,291,81,1,GATA3,0.0,False
TNBC-Wang2023,pCR_arm_C,0,1,1.0,291,81,1,GZMB,0.4146717583035707,True
TNBC-Wang2023,pCR_arm_C,0,1,1.0,291,81,1,H3,0.02279056233311454,True
TNBC-Wang2023,pCR_arm_C,0,1,1.0,291,81,1,HLA-ABC,0.001463304344543643,True
TNBC-Wang2023,pCR_arm_C,0,1,1.0,291,81,1,HLA-DR,0.4222667733628534,True
TNBC-Wang2023,pCR_arm_C,0,1,1.0,291,81,1,Helios,-0.22000045923117986,True
TNBC-Wang2023,pCR_arm_C,0,1,1.0,291,81,1,ICOS,-0.5046716565527898,True
TNBC-Wang2023,pCR_arm_C,0,1,1.0,291,81,1,IDO,0.05956767826452167,True
TNBC-Wang2023,pCR_arm_C,0,1,1.0,291,81,1,Ki67,0.08274811438760633,True
TNBC-Wang2023,pCR_arm_C,0,1,1.0,291,81,1,MPO,0.3222111948998077,True
TNBC-Wang2023,pCR_arm_C,0,1,1.0,291,81,1,OX40,0.13330129243626243,True
TNBC-Wang2023,pCR_arm_C,0,1,1.0,291,81,1,PD-1,0.0,False
TNBC-Wang2023,pCR_arm_C,0,1,1.0,291,81,1,PD-L1 (73-10),0.0,False
TNBC-Wang2023,pCR_arm_C,0,1,1.0,291,81,1,PD-L1 (SP142),0.0,False
TNBC-Wang2023,pCR_arm_C,0,1,1.0,291,81,1,PDGFRB,-0.25195612217643654,True
TNBC-Wang2023,pCR_arm_C,0,1,1.0,291,81,1,PDPN,0.39547056259393215,True
TNBC-Wang2023,pCR_arm_C,0,1,1.0,291,81,1,SMA,-0.36009736934421255,True
TNBC-Wang2023,pCR_arm_C,0,1,1.0,291,81,1,T-bet,0.583048251352404,True
TNBC-Wang2023,pCR_arm_C,0,1,1.0,291,81,1,TCF1,-0.10771791219984102,True
TNBC-Wang2023,pCR_arm_C,0,1,1.0,291,81,1,TOX,0.08978643701236996,True
TNBC-Wang2023,pCR_arm_C,0,1,1.0,291,81,1,Vimentin,-0.11692024573840566,True
TNBC-Wang2023,pCR_arm_C,0,1,1.0,291,81,1,c-PARP,0.31785288545146295,True
TNBC-Wang2023,pCR_arm_C,0,1,1.0,291,81,1,pH2AX,0.07677200040335916,True
TNBC-Wang2023,pCR_arm_C,0,1,1.0,291,81,1,panCK,0.029877063142987558,True
TNBC-Wang2023,pCR_arm_C,0,2,1.0,299,73,1,AR,-0.5281958736518798,True
TNBC-Wang2023,pCR_arm_C,0,2,1.0,299,73,1,CA9,0.05515096374016684,True
TNBC-Wang2023,pCR_arm_C,0,2,1.0,299,73,1,CD11c,0.0,False
TNBC-Wang2023,pCR_arm_C,0,2,1.0,299,73,1,CD15,-0.06150799178097864,True
TNBC-Wang2023,pCR_arm_C,0,2,1.0,299,73,1,CD163,0.2641505881532177,True
TNBC-Wang2023,pCR_arm_C,0,2,1.0,299,73,1,CD20,-0.4739767070636376,True
TNBC-Wang2023,pCR_arm_C,0,2,1.0,299,73,1,CD3,0.696790399542792,True
TNBC-Wang2023,pCR_arm_C,0,2,1.0,299,73,1,CD31,0.0,False
TNBC-Wang2023,pCR_arm_C,0,2,1.0,299,73,1,CD4,0.13727388768454254,True
TNBC-Wang2023,pCR_arm_C,0,2,1.0,299,73,1,CD45,-0.30637125944102767,True
TNBC-Wang2023,pCR_arm_C,0,2,1.0,299,73,1,CD56,0.07305925296715493,True
TNBC-Wang2023,pCR_arm_C,0,2,1.0,299,73,1,CD68,0.0,False
TNBC-Wang2023,pCR_arm_C,0,2,1.0,299,73,1,CD79a,0.3694628566634071,True
TNBC-Wang2023,pCR_arm_C,0,2,1.0,299,73,1,CD8,0.11635002736910093,True
TNBC-Wang2023,pCR_arm_C,0,2,1.0,299,73,1,CK5/14,0.177448743801815,True
TNBC-Wang2023,pCR_arm_C,0,2,1.0,299,73,1,CK8/18,-0.28721678239787746,True
TNBC-Wang2023,pCR_arm_C,0,2,1.0,299,73,1,Calponin,-0.8420019776495581,True
TNBC-Wang2023,pCR_arm_C,0,2,1.0,299,73,1,Carboplatin,0.0,False
TNBC-Wang2023,pCR_arm_C,0,2,1.0,299,73,1,Caveolin-1,0.2912984184057078,True
TNBC-Wang2023,pCR_arm_C,0,2,1.0,299,73,1,DNA1,0.3965139443593986,True
TNBC-Wang2023,pCR_arm_C,0,2,1.0,299,73,1,DNA2,0.015433812074462282,True
TNBC-Wang2023,pCR_arm_C,0,2,1.0,299,73,1,FOXP3,-0.09174989663582678,True
TNBC-Wang2023,pCR_arm_C,0,2,1.0,299,73,1,GATA3,0.471707739592765,True
TNBC-Wang2023,pCR_arm_C,0,2,1.0,299,73,1,GZMB,0.38525496756310307,True
TNBC-Wang2023,pCR_arm_C,0,2,1.0,299,73,1,H3,-0.08515361449928206,True
TNBC-Wang2023,pCR_arm_C,0,2,1.0,299,73,1,HLA-ABC,0.0,False
TNBC-Wang2023,pCR_arm_C,0,2,1.0,299,73,1,HLA-DR,0.2936408280689529,True
TNBC-Wang2023,pCR_arm_C,0,2,1.0,299,73,1,Helios,-0.7180108582557138,True
TNBC-Wang2023,pCR_arm_C,0,2,1.0,299,73,1,ICOS,-0.4986508635080575,True
TNBC-Wang2023,pCR_arm_C,0,2,1.0,299,73,1,IDO,0.12171686369741147,True
TNBC-Wang2023,pCR_arm_C,0,2,1.0,299,73,1,Ki67,0.0,False
TNBC-Wang2023,pCR_arm_C,0,2,1.0,299,73,1,MPO,0.09207391250912321,True
TNBC-Wang2023,pCR_arm_C,0,2,1.0,299,73,1,OX40,-0.14456333435356045,True
TNBC-Wang2023,pCR_arm_C,0,2,1.0,299,73,1,PD-1,0.0,False
TNBC-Wang2023,pCR_arm_C,0,2,1.0,299,73,1,PD-L1 (73-10),-0.1460419280534094,True
TNBC-Wang2023,pCR_arm_C,0,2,1.0,299,73,1,PD-L1 (SP142),-0.24583981395674168,True
TNBC-Wang2023,pCR_arm_C,0,2,1.0,299,73,1,PDGFRB,-0.2600473243339233,True
TNBC-Wang2023,pCR_arm_C,0,2,1.0,299,73,1,PDPN,0.4074493863035463,True
TNBC-Wang2023,pCR_arm_C,0,2,1.0,299,73,1,SMA,-0.5743521131543734,True
TNBC-Wang2023,pCR_arm_C,0,2,1.0,299,73,1,T-bet,0.0,False
TNBC-Wang2023,pCR_arm_C,0,2,1.0,299,73,1,TCF1,0.07758205251344935,True
TNBC-Wang2023,pCR_arm_C,0,2,1.0,299,73,1,TOX,0.053937666592074954,True
TNBC-Wang2023,pCR_arm_C,0,2,1.0,299,73,1,Vimentin,-0.05069404655102831,True
TNBC-Wang2023,pCR_arm_C,0,2,1.0,299,73,1,c-PARP,0.6197676307711898,True
TNBC-Wang2023,pCR_arm_C,0,2,1.0,299,73,1,pH2AX,0.0,False
TNBC-Wang2023,pCR_arm_C,0,2,1.0,299,73,1,panCK,0.21993756529716324,True
TNBC-Wang2023,pCR_arm_C,0,3,1.0,301,71,1,AR,-0.9587283958882813,True
TNBC-Wang2023,pCR_arm_C,0,3,1.0,301,71,1,CA9,0.0,False
TNBC-Wang2023,pCR_arm_C,0,3,1.0,301,71,1,CD11c,-0.521715326243484,True
TNBC-Wang2023,pCR_arm_C,0,3,1.0,301,71,1,CD15,0.055057220634501365,True
TNBC-Wang2023,pCR_arm_C,0,3,1.0,301,71,1,CD163,0.07802743745565308,True
TNBC-Wang2023,pCR_arm_C,0,3,1.0,301,71,1,CD20,-0.5720488506667578,True
TNBC-Wang2023,pCR_arm_C,0,3,1.0,301,71,1,CD3,0.3508400823681427,True
TNBC-Wang2023,pCR_arm_C,0,3,1.0,301,71,1,CD31,-0.024494771320736908,True
TNBC-Wang2023,pCR_arm_C,0,3,1.0,301,71,1,CD4,0.15676307753950516,True
TNBC-Wang2023,pCR_arm_C,0,3,1.0,301,71,1,CD45,0.02635924058131133,True
TNBC-Wang2023,pCR_arm_C,0,3,1.0,301,71,1,CD56,0.2292819377273912,True
TNBC-Wang2023,pCR_arm_C,0,3,1.0,301,71,1,CD68,0.4458532255074087,True
TNBC-Wang2023,pCR_arm_C,0,3,1.0,301,71,1,CD79a,0.38368768790425933,True
TNBC-Wang2023,pCR_arm_C,0,3,1.0,301,71,1,CD8,0.0414936546994756,True
TNBC-Wang2023,pCR_arm_C,0,3,1.0,301,71,1,CK5/14,0.14055427866774983,True
TNBC-Wang2023,pCR_arm_C,0,3,1.0,301,71,1,CK8/18,-0.14251228534826518,True
TNBC-Wang2023,pCR_arm_C,0,3,1.0,301,71,1,Calponin,-0.5444217249955978,True
TNBC-Wang2023,pCR_arm_C,0,3,1.0,301,71,1,Carboplatin,0.24934656987404352,True
TNBC-Wang2023,pCR_arm_C,0,3,1.0,301,71,1,Caveolin-1,0.0,False
TNBC-Wang2023,pCR_arm_C,0,3,1.0,301,71,1,DNA1,0.5914128821007383,True
TNBC-Wang2023,pCR_arm_C,0,3,1.0,301,71,1,DNA2,-0.17033103380253845,True
TNBC-Wang2023,pCR_arm_C,0,3,1.0,301,71,1,FOXP3,0.0,False
TNBC-Wang2023,pCR_arm_C,0,3,1.0,301,71,1,GATA3,0.15634938111341118,True
TNBC-Wang2023,pCR_arm_C,0,3,1.0,301,71,1,GZMB,0.3107730525302204,True
TNBC-Wang2023,pCR_arm_C,0,3,1.0,301,71,1,H3,0.05443401736346638,True
TNBC-Wang2023,pCR_arm_C,0,3,1.0,301,71,1,HLA-ABC,-0.1683142669302836,True
TNBC-Wang2023,pCR_arm_C,0,3,1.0,301,71,1,HLA-DR,-0.1066085303591357,True
TNBC-Wang2023,pCR_arm_C,0,3,1.0,301,71,1,Helios,-0.026505491168965847,True
TNBC-Wang2023,pCR_arm_C,0,3,1.0,301,71,1,ICOS,-0.3461518583419831,True
TNBC-Wang2023,pCR_arm_C,0,3,1.0,301,71,1,IDO,-0.00762165049407536,True
TNBC-Wang2023,pCR_arm_C,0,3,1.0,301,71,1,Ki67,0.11489249070840027,True
TNBC-Wang2023,pCR_arm_C,0,3,1.0,301,71,1,MPO,0.0,False
TNBC-Wang2023,pCR_arm_C,0,3,1.0,301,71,1,OX40,0.10541869050566832,True
TNBC-Wang2023,pCR_arm_C,0,3,1.0,301,71,1,PD-1,0.05907392573705889,True
TNBC-Wang2023,pCR_arm_C,0,3,1.0,301,71,1,PD-L1 (73-10),0.0,False
TNBC-Wang2023,pCR_arm_C,0,3,1.0,301,71,1,PD-L1 (SP142),-0.39508289017332004,True
TNBC-Wang2023,pCR_arm_C,0,3,1.0,301,71,1,PDGFRB,-0.001100702042474814,True
TNBC-Wang2023,pCR_arm_C,0,3,1.0,301,71,1,PDPN,0.47183588998642745,True
TNBC-Wang2023,pCR_arm_C,0,3,1.0,301,71,1,SMA,-0.1607156083857808,True
TNBC-Wang2023,pCR_arm_C,0,3,1.0,301,71,1,T-bet,0.03558445538594558,True
TNBC-Wang2023,pCR_arm_C,0,3,1.0,301,71,1,TCF1,-0.037069119397692,True
TNBC-Wang2023,pCR_arm_C,0,3,1.0,301,71,1,TOX,0.16463314277742558,True
TNBC-Wang2023,pCR_arm_C,0,3,1.0,301,71,1,Vimentin,0.3598492927766829,True
TNBC-Wang2023,pCR_arm_C,0,3,1.0,301,71,1,c-PARP,0.2917278566810141,True
TNBC-Wang2023,pCR_arm_C,0,3,1.0,301,71,1,pH2AX,0.19060713390921846,True
TNBC-Wang2023,pCR_arm_C,0,3,1.0,301,71,1,panCK,-0.026546626616328638,True
TNBC-Wang2023,pCR_arm_C,0,4,1.0,296,76,1,AR,-0.24727891798409343,True
TNBC-Wang2023,pCR_arm_C,0,4,1.0,296,76,1,CA9,0.1900749370710173,True
TNBC-Wang2023,pCR_arm_C,0,4,1.0,296,76,1,CD11c,-0.45387439081978603,True
TNBC-Wang2023,pCR_arm_C,0,4,1.0,296,76,1,CD15,0.0,False
TNBC-Wang2023,pCR_arm_C,0,4,1.0,296,76,1,CD163,0.0,False
TNBC-Wang2023,pCR_arm_C,0,4,1.0,296,76,1,CD20,-0.4514488372598795,True
TNBC-Wang2023,pCR_arm_C,0,4,1.0,296,76,1,CD3,0.47441160631441187,True
TNBC-Wang2023,pCR_arm_C,0,4,1.0,296,76,1,CD31,0.06961877787307598,True
TNBC-Wang2023,pCR_arm_C,0,4,1.0,296,76,1,CD4,0.2894816239829598,True
TNBC-Wang2023,pCR_arm_C,0,4,1.0,296,76,1,CD45,-0.06416288866445685,True
TNBC-Wang2023,pCR_arm_C,0,4,1.0,296,76,1,CD56,0.0,False
TNBC-Wang2023,pCR_arm_C,0,4,1.0,296,76,1,CD68,0.4025718689246725,True
TNBC-Wang2023,pCR_arm_C,0,4,1.0,296,76,1,CD79a,0.21490579096765458,True
TNBC-Wang2023,pCR_arm_C,0,4,1.0,296,76,1,CD8,0.0,False
TNBC-Wang2023,pCR_arm_C,0,4,1.0,296,76,1,CK5/14,0.39147218577000353,True
TNBC-Wang2023,pCR_arm_C,0,4,1.0,296,76,1,CK8/18,-0.23007802469310643,True
TNBC-Wang2023,pCR_arm_C,0,4,1.0,296,76,1,Calponin,-0.1635135076722489,True
TNBC-Wang2023,pCR_arm_C,0,4,1.0,296,76,1,Carboplatin,0.125751247667695,True
TNBC-Wang2023,pCR_arm_C,0,4,1.0,296,76,1,Caveolin-1,0.01677492370893637,True
TNBC-Wang2023,pCR_arm_C,0,4,1.0,296,76,1,DNA1,0.2790189703270532,True
TNBC-Wang2023,pCR_arm_C,0,4,1.0,296,76,1,DNA2,-0.1353573195786339,True
TNBC-Wang2023,pCR_arm_C,0,4,1.0,296,76,1,FOXP3,-0.4822451180064011,True
TNBC-Wang2023,pCR_arm_C,0,4,1.0,296,76,1,GATA3,0.24172208585911498,True
TNBC-Wang2023,pCR_arm_C,0,4,1.0,296,76,1,GZMB,0.0,False
TNBC-Wang2023,pCR_arm_C,0,4,1.0,296,76,1,H3,-0.1638511464418929,True
TNBC-Wang2023,pCR_arm_C,0,4,1.0,296,76,1,HLA-ABC,0.0,False
TNBC-Wang2023,pCR_arm_C,0,4,1.0,296,76,1,HLA-DR,0.12644596516541542,True
TNBC-Wang2023,pCR_arm_C,0,4,1.0,296,76,1,Helios,0.0,False
TNBC-Wang2023,pCR_arm_C,0,4,1.0,296,76,1,ICOS,-0.0473038274302148,True
TNBC-Wang2023,pCR_arm_C,0,4,1.0,296,76,1,IDO,-0.01515370397038377,True
TNBC-Wang2023,pCR_arm_C,0,4,1.0,296,76,1,Ki67,-0.06681931714034352,True
TNBC-Wang2023,pCR_arm_C,0,4,1.0,296,76,1,MPO,0.1980517777072098,True
TNBC-Wang2023,pCR_arm_C,0,4,1.0,296,76,1,OX40,0.22370123360830668,True
TNBC-Wang2023,pCR_arm_C,0,4,1.0,296,76,1,PD-1,0.0,False
TNBC-Wang2023,pCR_arm_C,0,4,1.0,296,76,1,PD-L1 (73-10),0.16252093899270284,True
TNBC-Wang2023,pCR_arm_C,0,4,1.0,296,76,1,PD-L1 (SP142),0.0,False
TNBC-Wang2023,pCR_arm_C,0,4,1.0,296,76,1,PDGFRB,-0.24350964203243416,True
TNBC-Wang2023,pCR_arm_C,0,4,1.0,296,76,1,PDPN,-0.15682021869751128,True
TNBC-Wang2023,pCR_arm_C,0,4,1.0,296,76,1,SMA,-0.2847418403246407,True
TNBC-Wang2023,pCR_arm_C,0,4,1.0,296,76,1,T-bet,0.051891914452537005,True
TNBC-Wang2023,pCR_arm_C,0,4,1.0,296,76,1,TCF1,-0.05487886640733096,True
TNBC-Wang2023,pCR_arm_C,0,4,1.0,296,76,1,TOX,0.14685798455071364,True
TNBC-Wang2023,pCR_arm_C,0,4,1.0,296,76,1,Vimentin,-0.14898213348901815,True
TNBC-Wang2023,pCR_arm_C,0,4,1.0,296,76,1,c-PARP,0.4873915204256477,True
TNBC-Wang2023,pCR_arm_C,0,4,1.0,296,76,1,pH2AX,-0.038249509418109506,True
TNBC-Wang2023,pCR_arm_C,0,4,1.0,296,76,1,panCK,0.20942522393595414,True
TNBC-Wang2023,pCR_arm_C,1,0,1.0,294,78,1,AR,-0.42879012270079164,True
TNBC-Wang2023,pCR_arm_C,1,0,1.0,294,78,1,CA9,-0.013549271568798666,True
TNBC-Wang2023,pCR_arm_C,1,0,1.0,294,78,1,CD11c,0.0,False
TNBC-Wang2023,pCR_arm_C,1,0,1.0,294,78,1,CD15,-0.21521656099984676,True
TNBC-Wang2023,pCR_arm_C,1,0,1.0,294,78,1,CD163,0.024749799276001506,True
TNBC-Wang2023,pCR_arm_C,1,0,1.0,294,78,1,CD20,-0.7984463713669173,True
TNBC-Wang2023,pCR_arm_C,1,0,1.0,294,78,1,CD3,0.105895541694013,True
TNBC-Wang2023,pCR_arm_C,1,0,1.0,294,78,1,CD31,-0.2130618146782399,True
TNBC-Wang2023,pCR_arm_C,1,0,1.0,294,78,1,CD4,0.0,False
TNBC-Wang2023,pCR_arm_C,1,0,1.0,294,78,1,CD45,0.0,False
TNBC-Wang2023,pCR_arm_C,1,0,1.0,294,78,1,CD56,0.00785127316487643,True
TNBC-Wang2023,pCR_arm_C,1,0,1.0,294,78,1,CD68,0.16689116975484128,True
TNBC-Wang2023,pCR_arm_C,1,0,1.0,294,78,1,CD79a,0.42705906141430283,True
TNBC-Wang2023,pCR_arm_C,1,0,1.0,294,78,1,CD8,0.0,False
TNBC-Wang2023,pCR_arm_C,1,0,1.0,294,78,1,CK5/14,0.2739725912549036,True
TNBC-Wang2023,pCR_arm_C,1,0,1.0,294,78,1,CK8/18,0.01537291734251001,True
TNBC-Wang2023,pCR_arm_C,1,0,1.0,294,78,1,Calponin,-0.8034335815764218,True
TNBC-Wang2023,pCR_arm_C,1,0,1.0,294,78,1,Carboplatin,-0.1221534953575046,True
TNBC-Wang2023,pCR_arm_C,1,0,1.0,294,78,1,Caveolin-1,0.3905991525557977,True
TNBC-Wang2023,pCR_arm_C,1,0,1.0,294,78,1,DNA1,0.4831202488610941,True
TNBC-Wang2023,pCR_arm_C,1,0,1.0,294,78,1,DNA2,-0.1744309779316994,True
TNBC-Wang2023,pCR_arm_C,1,0,1.0,294,78,1,FOXP3,-0.05673276782387589,True
TNBC-Wang2023,pCR_arm_C,1,0,1.0,294,78,1,GATA3,0.40478690317991867,True
TNBC-Wang2023,pCR_arm_C,1,0,1.0,294,78,1,GZMB,0.1168195747140745,True
TNBC-Wang2023,pCR_arm_C,1,0,1.0,294,78,1,H3,0.2070614913313005,True
TNBC-Wang2023,pCR_arm_C,1,0,1.0,294,78,1,HLA-ABC,-0.07816593941666124,True
TNBC-Wang2023,pCR_arm_C,1,0,1.0,294,78,1,HLA-DR,0.4927874954423301,True
TNBC-Wang2023,pCR_arm_C,1,0,1.0,294,78,1,Helios,-0.12645375866145486,True
TNBC-Wang2023,pCR_arm_C,1,0,1.0,294,78,1,ICOS,-0.19353136156838846,True
TNBC-Wang2023,pCR_arm_C,1,0,1.0,294,78,1,IDO,-0.23356816049210516,True
TNBC-Wang2023,pCR_arm_C,1,0,1.0,294,78,1,Ki67,-0.16251980304101876,True
TNBC-Wang2023,pCR_arm_C,1,0,1.0,294,78,1,MPO,0.38447678923293477,True
TNBC-Wang2023,pCR_arm_C,1,0,1.0,294,78,1,OX40,0.0,False
TNBC-Wang2023,pCR_arm_C,1,0,1.0,294,78,1,PD-1,0.0,False
TNBC-Wang2023,pCR_arm_C,1,0,1.0,294,78,1,PD-L1 (73-10),0.09730667353285266,True
TNBC-Wang2023,pCR_arm_C,1,0,1.0,294,78,1,PD-L1 (SP142),-0.04851806190177824,True
TNBC-Wang2023,pCR_arm_C,1,0,1.0,294,78,1,PDGFRB,-0.14050556649807186,True
TNBC-Wang2023,pCR_arm_C,1,0,1.0,294,78,1,PDPN,0.3292739633770741,True
TNBC-Wang2023,pCR_arm_C,1,0,1.0,294,78,1,SMA,-0.5050620975904414,True
TNBC-Wang2023,pCR_arm_C,1,0,1.0,294,78,1,T-bet,0.5483976764934897,True
TNBC-Wang2023,pCR_arm_C,1,0,1.0,294,78,1,TCF1,0.0,False
TNBC-Wang2023,pCR_arm_C,1,0,1.0,294,78,1,TOX,0.07649441562839872,True
TNBC-Wang2023,pCR_arm_C,1,0,1.0,294,78,1,Vimentin,-0.21042140514850075,True
TNBC-Wang2023,pCR_arm_C,1,0,1.0,294,78,1,c-PARP,0.783740355544477,True
TNBC-Wang2023,pCR_arm_C,1,0,1.0,294,78,1,pH2AX,0.21110837662463874,True
TNBC-Wang2023,pCR_arm_C,1,0,1.0,294,78,1,panCK,0.018229046580035983,True
TNBC-Wang2023,pCR_arm_C,1,1,1.0,298,74,1,AR,-0.45142348066740157,True
TNBC-Wang2023,pCR_arm_C,1,1,1.0,298,74,1,CA9,-0.38171244492921375,True
TNBC-Wang2023,pCR_arm_C,1,1,1.0,298,74,1,CD11c,-0.10417491667176887,True
TNBC-Wang2023,pCR_arm_C,1,1,1.0,298,74,1,CD15,0.055041794593410145,True
TNBC-Wang2023,pCR_arm_C,1,1,1.0,298,74,1,CD163,0.10249386669967124,True
TNBC-Wang2023,pCR_arm_C,1,1,1.0,298,74,1,CD20,-0.6621480449210003,True
TNBC-Wang2023,pCR_arm_C,1,1,1.0,298,74,1,CD3,0.5181434386426883,True
TNBC-Wang2023,pCR_arm_C,1,1,1.0,298,74,1,CD31,0.0009982510736450101,True
TNBC-Wang2023,pCR_arm_C,1,1,1.0,298,74,1,CD4,0.21654271649545345,True
TNBC-Wang2023,pCR_arm_C,1,1,1.0,298,74,1,CD45,0.0011871127769488951,True
TNBC-Wang2023,pCR_arm_C,1,1,1.0,298,74,1,CD56,-0.08471055083670458,True
TNBC-Wang2023,pCR_arm_C,1,1,1.0,298,74,1,CD68,0.0028420320010700737,True
TNBC-Wang2023,pCR_arm_C,1,1,1.0,298,74,1,CD79a,0.2647416316777551,True
TNBC-Wang2023,pCR_arm_C,1,1,1.0,298,74,1,CD8,0.0,False
TNBC-Wang2023,pCR_arm_C,1,1,1.0,298,74,1,CK5/14,0.3753370679016313,True
TNBC-Wang2023,pCR_arm_C,1,1,1.0,298,74,1,CK8/18,-0.6129970831518556,True
TNBC-Wang2023,pCR_arm_C,1,1,1.0,298,74,1,Calponin,-0.28792636620744616,True
TNBC-Wang2023,pCR_arm_C,1,1,1.0,298,74,1,Carboplatin,0.0,False
TNBC-Wang2023,pCR_arm_C,1,1,1.0,298,74,1,Caveolin-1,0.13795404613227474,True
TNBC-Wang2023,pCR_arm_C,1,1,1.0,298,74,1,DNA1,0.24207607681885585,True
TNBC-Wang2023,pCR_arm_C,1,1,1.0,298,74,1,DNA2,-0.2604967393981921,True
TNBC-Wang2023,pCR_arm_C,1,1,1.0,298,74,1,FOXP3,-0.3049334770260926,True
TNBC-Wang2023,pCR_arm_C,1,1,1.0,298,74,1,GATA3,0.0,False
TNBC-Wang2023,pCR_arm_C,1,1,1.0,298,74,1,GZMB,0.18579388618531859,True
TNBC-Wang2023,pCR_arm_C,1,1,1.0,298,74,1,H3,-0.012646900040475665,True
TNBC-Wang2023,pCR_arm_C,1,1,1.0,298,74,1,HLA-ABC,0.0,False
TNBC-Wang2023,pCR_arm_C,1,1,1.0,298,74,1,HLA-DR,0.35064366905883054,True
TNBC-Wang2023,pCR_arm_C,1,1,1.0,298,74,1,Helios,-0.5204610447033572,True
TNBC-Wang2023,pCR_arm_C,1,1,1.0,298,74,1,ICOS,-0.10185721553185541,True
TNBC-Wang2023,pCR_arm_C,1,1,1.0,298,74,1,IDO,0.4787839144212979,True
TNBC-Wang2023,pCR_arm_C,1,1,1.0,298,74,1,Ki67,-0.15342364630721048,True
TNBC-Wang2023,pCR_arm_C,1,1,1.0,298,74,1,MPO,0.10454908956766745,True
TNBC-Wang2023,pCR_arm_C,1,1,1.0,298,74,1,OX40,0.1453721881208315,True
TNBC-Wang2023,pCR_arm_C,1,1,1.0,298,74,1,PD-1,0.0,False
TNBC-Wang2023,pCR_arm_C,1,1,1.0,298,74,1,PD-L1 (73-10),0.016825840492682063,True
TNBC-Wang2023,pCR_arm_C,1,1,1.0,298,74,1,PD-L1 (SP142),0.0,False
TNBC-Wang2023,pCR_arm_C,1,1,1.0,298,74,1,PDGFRB,-0.21050636754024102,True
TNBC-Wang2023,pCR_arm_C,1,1,1.0,298,74,1,PDPN,0.26926715638066057,True
TNBC-Wang2023,pCR_arm_C,1,1,1.0,298,74,1,SMA,-0.6294495113733598,True
TNBC-Wang2023,pCR_arm_C,1,1,1.0,298,74,1,T-bet,0.05500860054975589,True
TNBC-Wang2023,pCR_arm_C,1,1,1.0,298,74,1,TCF1,-0.1848120521885761,True
TNBC-Wang2023,pCR_arm_C,1,1,1.0,298,74,1,TOX,0.32916191978201415,True
TNBC-Wang2023,pCR_arm_C,1,1,1.0,298,74,1,Vimentin,0.14679784345018476,True
TNBC-Wang2023,pCR_arm_C,1,1,1.0,298,74,1,c-PARP,0.3085959459545497,True
TNBC-Wang2023,pCR_arm_C,1,1,1.0,298,74,1,pH2AX,-0.0571125360195016,True
TNBC-Wang2023,pCR_arm_C,1,1,1.0,298,74,1,panCK,0.18745952471761515,True
TNBC-Wang2023,pCR_arm_C,1,2,1.0,301,71,1,AR,-0.31448060630524355,True
TNBC-Wang2023,pCR_arm_C,1,2,1.0,301,71,1,CA9,-0.03913113599250134,True
TNBC-Wang2023,pCR_arm_C,1,2,1.0,301,71,1,CD11c,-0.31060486929285763,True
TNBC-Wang2023,pCR_arm_C,1,2,1.0,301,71,1,CD15,-0.31767789119327383,True
TNBC-Wang2023,pCR_arm_C,1,2,1.0,301,71,1,CD163,0.0661657093068523,True
TNBC-Wang2023,pCR_arm_C,1,2,1.0,301,71,1,CD20,-0.45070203756817595,True
TNBC-Wang2023,pCR_arm_C,1,2,1.0,301,71,1,CD3,0.37788642487127666,True
TNBC-Wang2023,pCR_arm_C,1,2,1.0,301,71,1,CD31,-0.07007535571169138,True
TNBC-Wang2023,pCR_arm_C,1,2,1.0,301,71,1,CD4,0.0072661428281843975,True
TNBC-Wang2023,pCR_arm_C,1,2,1.0,301,71,1,CD45,0.0,False
TNBC-Wang2023,pCR_arm_C,1,2,1.0,301,71,1,CD56,-0.06401614642743676,True
TNBC-Wang2023,pCR_arm_C,1,2,1.0,301,71,1,CD68,0.5447279199463859,True
TNBC-Wang2023,pCR_arm_C,1,2,1.0,301,71,1,CD79a,0.26282893039421673,True
TNBC-Wang2023,pCR_arm_C,1,2,1.0,301,71,1,CD8,0.0,False
TNBC-Wang2023,pCR_arm_C,1,2,1.0,301,71,1,CK5/14,0.3291010556852736,True
TNBC-Wang2023,pCR_arm_C,1,2,1.0,301,71,1,CK8/18,-0.3379250290200767,True
TNBC-Wang2023,pCR_arm_C,1,2,1.0,301,71,1,Calponin,-0.4591980583700082,True
TNBC-Wang2023,pCR_arm_C,1,2,1.0,301,71,1,Carboplatin,0.15720200910474244,True
TNBC-Wang2023,pCR_arm_C,1,2,1.0,301,71,1,Caveolin-1,-0.03580700356518826,True
TNBC-Wang2023,pCR_arm_C,1,2,1.0,301,71,1,DNA1,0.38380279442023324,True
TNBC-Wang2023,pCR_arm_C,1,2,1.0,301,71,1,DNA2,-0.19914060193127311,True
TNBC-Wang2023,pCR_arm_C,1,2,1.0,301,71,1,FOXP3,0.0,False
TNBC-Wang2023,pCR_arm_C,1,2,1.0,301,71,1,GATA3,0.246423110404611,True
TNBC-Wang2023,pCR_arm_C,1,2,1.0,301,71,1,GZMB,0.4030387966209221,True
TNBC-Wang2023,pCR_arm_C,1,2,1.0,301,71,1,H3,-0.24240180552817428,True
TNBC-Wang2023,pCR_arm_C,1,2,1.0,301,71,1,HLA-ABC,0.23171609367652668,True
TNBC-Wang2023,pCR_arm_C,1,2,1.0,301,71,1,HLA-DR,0.002396408515873874,True
TNBC-Wang2023,pCR_arm_C,1,2,1.0,301,71,1,Helios,-0.015079058314825346,True
TNBC-Wang2023,pCR_arm_C,1,2,1.0,301,71,1,ICOS,-0.5541348555017507,True
TNBC-Wang2023,pCR_arm_C,1,2,1.0,301,71,1,IDO,0.06720123359507678,True
TNBC-Wang2023,pCR_arm_C,1,2,1.0,301,71,1,Ki67,0.07724408545377927,True
TNBC-Wang2023,pCR_arm_C,1,2,1.0,301,71,1,MPO,0.4344872624206933,True
TNBC-Wang2023,pCR_arm_C,1,2,1.0,301,71,1,OX40,0.1284783646870559,True
TNBC-Wang2023,pCR_arm_C,1,2,1.0,301,71,1,PD-1,-0.04869855710865639,True
TNBC-Wang2023,pCR_arm_C,1,2,1.0,301,71,1,PD-L1 (73-10),-0.46084197700243,True
TNBC-Wang2023,pCR_arm_C,1,2,1.0,301,71,1,PD-L1 (SP142),0.0,False
TNBC-Wang2023,pCR_arm_C,1,2,1.0,301,71,1,PDGFRB,-0.29678161546667975,True
TNBC-Wang2023,pCR_arm_C,1,2,1.0,301,71,1,PDPN,0.36638560163355105,True
TNBC-Wang2023,pCR_arm_C,1,2,1.0,301,71,1,SMA,-0.23577969228433393,True
TNBC-Wang2023,pCR_arm_C,1,2,1.0,301,71,1,T-bet,0.07575956403316146,True
TNBC-Wang2023,pCR_arm_C,1,2,1.0,301,71,1,TCF1,-0.20497167497631857,True
TNBC-Wang2023,pCR_arm_C,1,2,1.0,301,71,1,TOX,0.1923751717683998,True
TNBC-Wang2023,pCR_arm_C,1,2,1.0,301,71,1,Vimentin,0.0,False
TNBC-Wang2023,pCR_arm_C,1,2,1.0,301,71,1,c-PARP,0.5587657975853592,True
TNBC-Wang2023,pCR_arm_C,1,2,1.0,301,71,1,pH2AX,0.0001712025093211332,True
TNBC-Wang2023,pCR_arm_C,1,2,1.0,301,71,1,panCK,0.002239134263147387,True
TNBC-Wang2023,pCR_arm_C,1,3,1.0,292,80,1,AR,-0.26250362465932614,True
TNBC-Wang2023,pCR_arm_C,1,3,1.0,292,80,1,CA9,0.031674060410708575,True
TNBC-Wang2023,pCR_arm_C,1,3,1.0,292,80,1,CD11c,-0.11128281702750316,True
TNBC-Wang2023,pCR_arm_C,1,3,1.0,292,80,1,CD15,0.27251969638539547,True
TNBC-Wang2023,pCR_arm_C,1,3,1.0,292,80,1,CD163,0.0,False
TNBC-Wang2023,pCR_arm_C,1,3,1.0,292,80,1,CD20,-0.352433848093377,True
TNBC-Wang2023,pCR_arm_C,1,3,1.0,292,80,1,CD3,0.4040913005069406,True
TNBC-Wang2023,pCR_arm_C,1,3,1.0,292,80,1,CD31,-0.2138190930359327,True
TNBC-Wang2023,pCR_arm_C,1,3,1.0,292,80,1,CD4,0.0,False
TNBC-Wang2023,pCR_arm_C,1,3,1.0,292,80,1,CD45,0.0,False
TNBC-Wang2023,pCR_arm_C,1,3,1.0,292,80,1,CD56,0.40393916412449365,True
TNBC-Wang2023,pCR_arm_C,1,3,1.0,292,80,1,CD68,0.37280994014975305,True
TNBC-Wang2023,pCR_arm_C,1,3,1.0,292,80,1,CD79a,0.4827119617493917,True
TNBC-Wang2023,pCR_arm_C,1,3,1.0,292,80,1,CD8,0.0,False
TNBC-Wang2023,pCR_arm_C,1,3,1.0,292,80,1,CK5/14,0.22764720342896252,True
TNBC-Wang2023,pCR_arm_C,1,3,1.0,292,80,1,CK8/18,-0.23452919063402078,True
TNBC-Wang2023,pCR_arm_C,1,3,1.0,292,80,1,Calponin,-0.33914696298449204,True
TNBC-Wang2023,pCR_arm_C,1,3,1.0,292,80,1,Carboplatin,0.27460373819132544,True
TNBC-Wang2023,pCR_arm_C,1,3,1.0,292,80,1,Caveolin-1,0.23936692661694853,True
TNBC-Wang2023,pCR_arm_C,1,3,1.0,292,80,1,DNA1,0.4557554629434014,True
TNBC-Wang2023,pCR_arm_C,1,3,1.0,292,80,1,DNA2,0.0,False
TNBC-Wang2023,pCR_arm_C,1,3,1.0,292,80,1,FOXP3,-0.2909033201172341,True
TNBC-Wang2023,pCR_arm_C,1,3,1.0,292,80,1,GATA3,0.4380612308269469,True
TNBC-Wang2023,pCR_arm_C,1,3,1.0,292,80,1,GZMB,0.21691085535242124,True
TNBC-Wang2023,pCR_arm_C,1,3,1.0,292,80,1,H3,0.0,False
TNBC-Wang2023,pCR_arm_C,1,3,1.0,292,80,1,HLA-ABC,-0.03622977865999166,True
TNBC-Wang2023,pCR_arm_C,1,3,1.0,292,80,1,HLA-DR,0.0,False
TNBC-Wang2023,pCR_arm_C,1,3,1.0,292,80,1,Helios,-0.28225773584831537,True
TNBC-Wang2023,pCR_arm_C,1,3,1.0,292,80,1,ICOS,0.0,False
TNBC-Wang2023,pCR_arm_C,1,3,1.0,292,80,1,IDO,0.0,False
TNBC-Wang2023,pCR_arm_C,1,3,1.0,292,80,1,Ki67,0.2931194385786353,True
TNBC-Wang2023,pCR_arm_C,1,3,1.0,292,80,1,MPO,0.0,False
TNBC-Wang2023,pCR_arm_C,1,3,1.0,292,80,1,OX40,0.2798415655401982,True
TNBC-Wang2023,pCR_arm_C,1,3,1.0,292,80,1,PD-1,0.0,False
TNBC-Wang2023,pCR_arm_C,1,3,1.0,292,80,1,PD-L1 (73-10),-0.07563636964684818,True
TNBC-Wang2023,pCR_arm_C,1,3,1.0,292,80,1,PD-L1 (SP142),-0.19240137544858626,True
TNBC-Wang2023,pCR_arm_C,1,3,1.0,292,80,1,PDGFRB,-0.2579822173909016,True
TNBC-Wang2023,pCR_arm_C,1,3,1.0,292,80,1,PDPN,0.16134746370721625,True
TNBC-Wang2023,pCR_arm_C,1,3,1.0,292,80,1,SMA,-0.38644341515259345,True
TNBC-Wang2023,pCR_arm_C,1,3,1.0,292,80,1,T-bet,0.24391033364503803,True
TNBC-Wang2023,pCR_arm_C,1,3,1.0,292,80,1,TCF1,0.0,False
TNBC-Wang2023,pCR_arm_C,1,3,1.0,292,80,1,TOX,-0.26368972673239355,True
TNBC-Wang2023,pCR_arm_C,1,3,1.0,292,80,1,Vimentin,-0.15644441993316938,True
TNBC-Wang2023,pCR_arm_C,1,3,1.0,292,80,1,c-PARP,0.0,False
TNBC-Wang2023,pCR_arm_C,1,3,1.0,292,80,1,pH2AX,0.06941994214193824,True
TNBC-Wang2023,pCR_arm_C,1,3,1.0,292,80,1,panCK,0.0,False
TNBC-Wang2023,pCR_arm_C,1,4,1.0,303,69,1,AR,-0.9271908419145034,True
TNBC-Wang2023,pCR_arm_C,1,4,1.0,303,69,1,CA9,0.19175635527109305,True
TNBC-Wang2023,pCR_arm_C,1,4,1.0,303,69,1,CD11c,-0.28396662948656526,True
TNBC-Wang2023,pCR_arm_C,1,4,1.0,303,69,1,CD15,-0.24912987123243296,True
TNBC-Wang2023,pCR_arm_C,1,4,1.0,303,69,1,CD163,0.1772661145582475,True
TNBC-Wang2023,pCR_arm_C,1,4,1.0,303,69,1,CD20,-0.41245754412922153,True
TNBC-Wang2023,pCR_arm_C,1,4,1.0,303,69,1,CD3,0.5382806109427494,True
TNBC-Wang2023,pCR_arm_C,1,4,1.0,303,69,1,CD31,0.0,False
TNBC-Wang2023,pCR_arm_C,1,4,1.0,303,69,1,CD4,0.29970868224515185,True
TNBC-Wang2023,pCR_arm_C,1,4,1.0,303,69,1,CD45,-0.27930674693523394,True
TNBC-Wang2023,pCR_arm_C,1,4,1.0,303,69,1,CD56,0.2350249217291096,True
TNBC-Wang2023,pCR_arm_C,1,4,1.0,303,69,1,CD68,0.17931395941740422,True
TNBC-Wang2023,pCR_arm_C,1,4,1.0,303,69,1,CD79a,0.11395800742195283,True
TNBC-Wang2023,pCR_arm_C,1,4,1.0,303,69,1,CD8,0.0,False
TNBC-Wang2023,pCR_arm_C,1,4,1.0,303,69,1,CK5/14,0.2348744638198571,True
TNBC-Wang2023,pCR_arm_C,1,4,1.0,303,69,1,CK8/18,-0.06751218053608235,True
TNBC-Wang2023,pCR_arm_C,1,4,1.0,303,69,1,Calponin,-0.31593830962533664,True
TNBC-Wang2023,pCR_arm_C,1,4,1.0,303,69,1,Carboplatin,0.19119693182902964,True
TNBC-Wang2023,pCR_arm_C,1,4,1.0,303,69,1,Caveolin-1,-0.0016573912909227943,True
TNBC-Wang2023,pCR_arm_C,1,4,1.0,303,69,1,DNA1,0.5397418418466854,True
TNBC-Wang2023,pCR_arm_C,1,4,1.0,303,69,1,DNA2,0.0,False
TNBC-Wang2023,pCR_arm_C,1,4,1.0,303,69,1,FOXP3,-0.4352508672757184,True
TNBC-Wang2023,pCR_arm_C,1,4,1.0,303,69,1,GATA3,0.4728980441288212,True
TNBC-Wang2023,pCR_arm_C,1,4,1.0,303,69,1,GZMB,0.1134664411451038,True
TNBC-Wang2023,pCR_arm_C,1,4,1.0,303,69,1,H3,-0.043706352189825215,True
TNBC-Wang2023,pCR_arm_C,1,4,1.0,303,69,1,HLA-ABC,-0.3213115664840998,True
TNBC-Wang2023,pCR_arm_C,1,4,1.0,303,69,1,HLA-DR,0.3182615686335753,True
TNBC-Wang2023,pCR_arm_C,1,4,1.0,303,69,1,Helios,-0.20413014087055856,True
TNBC-Wang2023,pCR_arm_C,1,4,1.0,303,69,1,ICOS,-0.10380317113773964,True
TNBC-Wang2023,pCR_arm_C,1,4,1.0,303,69,1,IDO,0.010490323017749568,True
TNBC-Wang2023,pCR_arm_C,1,4,1.0,303,69,1,Ki67,0.1667121384676032,True
TNBC-Wang2023,pCR_arm_C,1,4,1.0,303,69,1,MPO,0.015048420907371362,True
TNBC-Wang2023,pCR_arm_C,1,4,1.0,303,69,1,OX40,0.22445035690207174,True
TNBC-Wang2023,pCR_arm_C,1,4,1.0,303,69,1,PD-1,0.0,False
TNBC-Wang2023,pCR_arm_C,1,4,1.0,303,69,1,PD-L1 (73-10),0.2831222054877684,True
TNBC-Wang2023,pCR_arm_C,1,4,1.0,303,69,1,PD-L1 (SP142),-0.5686887954814153,True
TNBC-Wang2023,pCR_arm_C,1,4,1.0,303,69,1,PDGFRB,-0.30091186412086357,True
TNBC-Wang2023,pCR_arm_C,1,4,1.0,303,69,1,PDPN,0.37916216819242404,True
TNBC-Wang2023,pCR_arm_C,1,4,1.0,303,69,1,SMA,-0.21203184945102602,True
TNBC-Wang2023,pCR_arm_C,1,4,1.0,303,69,1,T-bet,0.05098229597081543,True
TNBC-Wang2023,pCR_arm_C,1,4,1.0,303,69,1,TCF1,-0.23504435274241567,True
TNBC-Wang2023,pCR_arm_C,1,4,1.0,303,69,1,TOX,0.302163349694793,True
TNBC-Wang2023,pCR_arm_C,1,4,1.0,303,69,1,Vimentin,0.0038571905882529437,True
TNBC-Wang2023,pCR_arm_C,1,4,1.0,303,69,1,c-PARP,0.3842747435005826,True
TNBC-Wang2023,pCR_arm_C,1,4,1.0,303,69,1,pH2AX,-0.07093259449630113,True
TNBC-Wang2023,pCR_arm_C,1,4,1.0,303,69,1,panCK,0.030781183702365277,True
TNBC-Wang2023,pCR_arm_C,2,0,1.0,293,79,1,AR,-0.2529985464010392,True
TNBC-Wang2023,pCR_arm_C,2,0,1.0,293,79,1,CA9,0.21527519393942265,True
TNBC-Wang2023,pCR_arm_C,2,0,1.0,293,79,1,CD11c,-0.014310417010230708,True
TNBC-Wang2023,pCR_arm_C,2,0,1.0,293,79,1,CD15,0.04786930994497152,True
TNBC-Wang2023,pCR_arm_C,2,0,1.0,293,79,1,CD163,-0.05314045696350024,True
TNBC-Wang2023,pCR_arm_C,2,0,1.0,293,79,1,CD20,-0.6935972100091126,True
TNBC-Wang2023,pCR_arm_C,2,0,1.0,293,79,1,CD3,0.43100868183377955,True
TNBC-Wang2023,pCR_arm_C,2,0,1.0,293,79,1,CD31,0.0,False
TNBC-Wang2023,pCR_arm_C,2,0,1.0,293,79,1,CD4,-0.23419219510459133,True
TNBC-Wang2023,pCR_arm_C,2,0,1.0,293,79,1,CD45,0.13834245810237833,True
TNBC-Wang2023,pCR_arm_C,2,0,1.0,293,79,1,CD56,-0.04909357406145073,True
TNBC-Wang2023,pCR_arm_C,2,0,1.0,293,79,1,CD68,0.23942739553799608,True
TNBC-Wang2023,pCR_arm_C,2,0,1.0,293,79,1,CD79a,0.2563692108046541,True
TNBC-Wang2023,pCR_arm_C,2,0,1.0,293,79,1,CD8,0.0,False
TNBC-Wang2023,pCR_arm_C,2,0,1.0,293,79,1,CK5/14,0.3394242640854129,True
TNBC-Wang2023,pCR_arm_C,2,0,1.0,293,79,1,CK8/18,-0.20006467267301142,True
TNBC-Wang2023,pCR_arm_C,2,0,1.0,293,79,1,Calponin,-0.12349799533563037,True
TNBC-Wang2023,pCR_arm_C,2,0,1.0,293,79,1,Carboplatin,0.0,False
TNBC-Wang2023,pCR_arm_C,2,0,1.0,293,79,1,Caveolin-1,0.3155852908781186,True
TNBC-Wang2023,pCR_arm_C,2,0,1.0,293,79,1,DNA1,0.386891670965684,True
TNBC-Wang2023,pCR_arm_C,2,0,1.0,293,79,1,DNA2,-0.14634243410612024,True
TNBC-Wang2023,pCR_arm_C,2,0,1.0,293,79,1,FOXP3,0.0,False
TNBC-Wang2023,pCR_arm_C,2,0,1.0,293,79,1,GATA3,0.41036842017511665,True
TNBC-Wang2023,pCR_arm_C,2,0,1.0,293,79,1,GZMB,0.3875673302325639,True
TNBC-Wang2023,pCR_arm_C,2,0,1.0,293,79,1,H3,0.0347428332550494,True
TNBC-Wang2023,pCR_arm_C,2,0,1.0,293,79,1,HLA-ABC,0.0,False
TNBC-Wang2023,pCR_arm_C,2,0,1.0,293,79,1,HLA-DR,0.04178066210737569,True
TNBC-Wang2023,pCR_arm_C,2,0,1.0,293,79,1,Helios,-0.26328185102638757,True
TNBC-Wang2023,pCR_arm_C,2,0,1.0,293,79,1,ICOS,0.0,False
TNBC-Wang2023,pCR_arm_C,2,0,1.0,293,79,1,IDO,-0.15654336941351552,True
TNBC-Wang2023,pCR_arm_C,2,0,1.0,293,79,1,Ki67,0.3122845071416855,True
TNBC-Wang2023,pCR_arm_C,2,0,1.0,293,79,1,MPO,0.1902183774469202,True
TNBC-Wang2023,pCR_arm_C,2,0,1.0,293,79,1,OX40,0.025879296728660642,True
TNBC-Wang2023,pCR_arm_C,2,0,1.0,293,79,1,PD-1,0.0,False
TNBC-Wang2023,pCR_arm_C,2,0,1.0,293,79,1,PD-L1 (73-10),0.0,False
TNBC-Wang2023,pCR_arm_C,2,0,1.0,293,79,1,PD-L1 (SP142),0.0,False
TNBC-Wang2023,pCR_arm_C,2,0,1.0,293,79,1,PDGFRB,-0.25860060014020253,True
TNBC-Wang2023,pCR_arm_C,2,0,1.0,293,79,1,PDPN,0.2566555222319877,True
TNBC-Wang2023,pCR_arm_C,2,0,1.0,293,79,1,SMA,-0.41405883922628145,True
TNBC-Wang2023,pCR_arm_C,2,0,1.0,293,79,1,T-bet,0.09464025975449931,True
TNBC-Wang2023,pCR_arm_C,2,0,1.0,293,79,1,TCF1,0.10272866766741726,True
TNBC-Wang2023,pCR_arm_C,2,0,1.0,293,79,1,TOX,-0.06774736278186873,True
TNBC-Wang2023,pCR_arm_C,2,0,1.0,293,79,1,Vimentin,-0.13728397486360291,True
TNBC-Wang2023,pCR_arm_C,2,0,1.0,293,79,1,c-PARP,0.0,False
TNBC-Wang2023,pCR_arm_C,2,0,1.0,293,79,1,pH2AX,-0.012214200624233042,True
TNBC-Wang2023,pCR_arm_C,2,0,1.0,293,79,1,panCK,-0.05862009152923809,True
TNBC-Wang2023,pCR_arm_C,2,1,1.0,301,71,1,AR,-0.7608591924069812,True
TNBC-Wang2023,pCR_arm_C,2,1,1.0,301,71,1,CA9,-0.22146440173438267,True
TNBC-Wang2023,pCR_arm_C,2,1,1.0,301,71,1,CD11c,-0.263225497483198,True
TNBC-Wang2023,pCR_arm_C,2,1,1.0,301,71,1,CD15,-0.11561130591703592,True
TNBC-Wang2023,pCR_arm_C,2,1,1.0,301,71,1,CD163,0.15288116027366708,True
TNBC-Wang2023,pCR_arm_C,2,1,1.0,301,71,1,CD20,-0.3936233557651698,True
TNBC-Wang2023,pCR_arm_C,2,1,1.0,301,71,1,CD3,0.0830924797719694,True
TNBC-Wang2023,pCR_arm_C,2,1,1.0,301,71,1,CD31,0.0,False
TNBC-Wang2023,pCR_arm_C,2,1,1.0,301,71,1,CD4,0.0,False
TNBC-Wang2023,pCR_arm_C,2,1,1.0,301,71,1,CD45,0.0,False
TNBC-Wang2023,pCR_arm_C,2,1,1.0,301,71,1,CD56,0.07982737371283777,True
TNBC-Wang2023,pCR_arm_C,2,1,1.0,301,71,1,CD68,0.4049296410229667,True
TNBC-Wang2023,pCR_arm_C,2,1,1.0,301,71,1,CD79a,0.3100664174485034,True
TNBC-Wang2023,pCR_arm_C,2,1,1.0,301,71,1,CD8,0.261354741455801,True
TNBC-Wang2023,pCR_arm_C,2,1,1.0,301,71,1,CK5/14,0.48625030626109905,True
TNBC-Wang2023,pCR_arm_C,2,1,1.0,301,71,1,CK8/18,-0.39020671525835565,True
TNBC-Wang2023,pCR_arm_C,2,1,1.0,301,71,1,Calponin,-0.2599669970628993,True
TNBC-Wang2023,pCR_arm_C,2,1,1.0,301,71,1,Carboplatin,0.16463171493620316,True
TNBC-Wang2023,pCR_arm_C,2,1,1.0,301,71,1,Caveolin-1,0.020117682703196766,True
TNBC-Wang2023,pCR_arm_C,2,1,1.0,301,71,1,DNA1,0.5415663319732346,True
TNBC-Wang2023,pCR_arm_C,2,1,1.0,301,71,1,DNA2,-0.31340799936116265,True
TNBC-Wang2023,pCR_arm_C,2,1,1.0,301,71,1,FOXP3,-0.29595346310016474,True
TNBC-Wang2023,pCR_arm_C,2,1,1.0,301,71,1,GATA3,0.17026481182577602,True
TNBC-Wang2023,pCR_arm_C,2,1,1.0,301,71,1,GZMB,0.039251703420408575,True
TNBC-Wang2023,pCR_arm_C,2,1,1.0,301,71,1,H3,-0.14930268595001414,True
TNBC-Wang2023,pCR_arm_C,2,1,1.0,301,71,1,HLA-ABC,-0.32751313412853844,True
TNBC-Wang2023,pCR_arm_C,2,1,1.0,301,71,1,HLA-DR,0.4882158449272452,True
TNBC-Wang2023,pCR_arm_C,2,1,1.0,301,71,1,Helios,0.017444972575803498,True
TNBC-Wang2023,pCR_arm_C,2,1,1.0,301,71,1,ICOS,-0.5001965222944849,True
TNBC-Wang2023,pCR_arm_C,2,1,1.0,301,71,1,IDO,0.10051655794588435,True
TNBC-Wang2023,pCR_arm_C,2,1,1.0,301,71,1,Ki67,-0.22463949099914515,True
TNBC-Wang2023,pCR_arm_C,2,1,1.0,301,71,1,MPO,0.020265724508418168,True
TNBC-Wang2023,pCR_arm_C,2,1,1.0,301,71,1,OX40,0.2898375211993295,True
TNBC-Wang2023,pCR_arm_C,2,1,1.0,301,71,1,PD-1,0.0,False
TNBC-Wang2023,pCR_arm_C,2,1,1.0,301,71,1,PD-L1 (73-10),0.0,False
TNBC-Wang2023,pCR_arm_C,2,1,1.0,301,71,1,PD-L1 (SP142),-0.03351170994653361,True
TNBC-Wang2023,pCR_arm_C,2,1,1.0,301,71,1,PDGFRB,-0.6682491181271264,True
TNBC-Wang2023,pCR_arm_C,2,1,1.0,301,71,1,PDPN,0.5862387754124065,True
TNBC-Wang2023,pCR_arm_C,2,1,1.0,301,71,1,SMA,-0.33894634944126634,True
TNBC-Wang2023,pCR_arm_C,2,1,1.0,301,71,1,T-bet,0.09322095412555317,True
TNBC-Wang2023,pCR_arm_C,2,1,1.0,301,71,1,TCF1,-0.21903691027220668,True
TNBC-Wang2023,pCR_arm_C,2,1,1.0,301,71,1,TOX,0.27236105179908604,True
TNBC-Wang2023,pCR_arm_C,2,1,1.0,301,71,1,Vimentin,0.5331714325455816,True
TNBC-Wang2023,pCR_arm_C,2,1,1.0,301,71,1,c-PARP,0.3112122895447976,True
TNBC-Wang2023,pCR_arm_C,2,1,1.0,301,71,1,pH2AX,0.09018247128683315,True
TNBC-Wang2023,pCR_arm_C,2,1,1.0,301,71,1,panCK,-0.1041328264054798,True
TNBC-Wang2023,pCR_arm_C,2,2,1.0,299,73,1,AR,-0.5225802317646309,True
TNBC-Wang2023,pCR_arm_C,2,2,1.0,299,73,1,CA9,-0.056071372703979494,True
TNBC-Wang2023,pCR_arm_C,2,2,1.0,299,73,1,CD11c,0.0,False
TNBC-Wang2023,pCR_arm_C,2,2,1.0,299,73,1,CD15,-0.14600333709704985,True
TNBC-Wang2023,pCR_arm_C,2,2,1.0,299,73,1,CD163,0.03718531937035944,True
TNBC-Wang2023,pCR_arm_C,2,2,1.0,299,73,1,CD20,-0.39521260975152384,True
TNBC-Wang2023,pCR_arm_C,2,2,1.0,299,73,1,CD3,0.46518849202381857,True
TNBC-Wang2023,pCR_arm_C,2,2,1.0,299,73,1,CD31,-0.38057881585323716,True
TNBC-Wang2023,pCR_arm_C,2,2,1.0,299,73,1,CD4,0.20551169249529097,True
TNBC-Wang2023,pCR_arm_C,2,2,1.0,299,73,1,CD45,-0.1936179694230131,True
TNBC-Wang2023,pCR_arm_C,2,2,1.0,299,73,1,CD56,0.19292142690873348,True
TNBC-Wang2023,pCR_arm_C,2,2,1.0,299,73,1,CD68,0.27734107391634305,True
TNBC-Wang2023,pCR_arm_C,2,2,1.0,299,73,1,CD79a,0.13856063983230002,True
TNBC-Wang2023,pCR_arm_C,2,2,1.0,299,73,1,CD8,-0.0977102462321363,True
TNBC-Wang2023,pCR_arm_C,2,2,1.0,299,73,1,CK5/14,0.15881228407384362,True
TNBC-Wang2023,pCR_arm_C,2,2,1.0,299,73,1,CK8/18,0.0,False
TNBC-Wang2023,pCR_arm_C,2,2,1.0,299,73,1,Calponin,-0.30117302614829555,True
TNBC-Wang2023,pCR_arm_C,2,2,1.0,299,73,1,Carboplatin,0.08041770667220698,True
TNBC-Wang2023,pCR_arm_C,2,2,1.0,299,73,1,Caveolin-1,0.20591491147718133,True
TNBC-Wang2023,pCR_arm_C,2,2,1.0,299,73,1,DNA1,0.20058616506989885,True
TNBC-Wang2023,pCR_arm_C,2,2,1.0,299,73,1,DNA2,0.41900385040457316,True
TNBC-Wang2023,pCR_arm_C,2,2,1.0,299,73,1,FOXP3,-0.19207254917545424,True
TNBC-Wang2023,pCR_arm_C,2,2,1.0,299,73,1,GATA3,0.02219775878659208,True
TNBC-Wang2023,pCR_arm_C,2,2,1.0,299,73,1,GZMB,0.08704276345591322,True
TNBC-Wang2023,pCR_arm_C,2,2,1.0,299,73,1,H3,-0.17425390315812814,True
TNBC-Wang2023,pCR_arm_C,2,2,1.0,299,73,1,HLA-ABC,0.1804474298031699,True
TNBC-Wang2023,pCR_arm_C,2,2,1.0,299,73,1,HLA-DR,0.13124171193903286,True
TNBC-Wang2023,pCR_arm_C,2,2,1.0,299,73,1,Helios,-0.11874806729081828,True
TNBC-Wang2023,pCR_arm_C,2,2,1.0,299,73,1,ICOS,0.0,False
TNBC-Wang2023,pCR_arm_C,2,2,1.0,299,73,1,IDO,0.2870461548280884,True
TNBC-Wang2023,pCR_arm_C,2,2,1.0,299,73,1,Ki67,0.055021274236691294,True
TNBC-Wang2023,pCR_arm_C,2,2,1.0,299,73,1,MPO,0.06397788533217351,True
TNBC-Wang2023,pCR_arm_C,2,2,1.0,299,73,1,OX40,0.20908345761625177,True
TNBC-Wang2023,pCR_arm_C,2,2,1.0,299,73,1,PD-1,-0.09172510694327177,True
TNBC-Wang2023,pCR_arm_C,2,2,1.0,299,73,1,PD-L1 (73-10),-0.176429513208573,True
TNBC-Wang2023,pCR_arm_C,2,2,1.0,299,73,1,PD-L1 (SP142),0.0,False
TNBC-Wang2023,pCR_arm_C,2,2,1.0,299,73,1,PDGFRB,-0.17984788538313035,True
TNBC-Wang2023,pCR_arm_C,2,2,1.0,299,73,1,PDPN,0.31128751168182356,True
TNBC-Wang2023,pCR_arm_C,2,2,1.0,299,73,1,SMA,-0.7617625860647472,True
TNBC-Wang2023,pCR_arm_C,2,2,1.0,299,73,1,T-bet,0.0,False
TNBC-Wang2023,pCR_arm_C,2,2,1.0,299,73,1,TCF1,0.0,False
TNBC-Wang2023,pCR_arm_C,2,2,1.0,299,73,1,TOX,0.0,False
TNBC-Wang2023,pCR_arm_C,2,2,1.0,299,73,1,Vimentin,-0.28342159381322507,True
TNBC-Wang2023,pCR_arm_C,2,2,1.0,299,73,1,c-PARP,0.6638249958863943,True
TNBC-Wang2023,pCR_arm_C,2,2,1.0,299,73,1,pH2AX,0.0,False
TNBC-Wang2023,pCR_arm_C,2,2,1.0,299,73,1,panCK,0.16095662340326716,True
TNBC-Wang2023,pCR_arm_C,2,3,1.0,299,73,1,AR,-0.6253590498950813,True
TNBC-Wang2023,pCR_arm_C,2,3,1.0,299,73,1,CA9,0.0,False
TNBC-Wang2023,pCR_arm_C,2,3,1.0,299,73,1,CD11c,0.0,False
TNBC-Wang2023,pCR_arm_C,2,3,1.0,299,73,1,CD15,0.0059008027018594,True
TNBC-Wang2023,pCR_arm_C,2,3,1.0,299,73,1,CD163,0.27078260650206265,True
TNBC-Wang2023,pCR_arm_C,2,3,1.0,299,73,1,CD20,-0.5308900902585427,True
TNBC-Wang2023,pCR_arm_C,2,3,1.0,299,73,1,CD3,0.5162512471121734,True
TNBC-Wang2023,pCR_arm_C,2,3,1.0,299,73,1,CD31,-0.14211498679676804,True
TNBC-Wang2023,pCR_arm_C,2,3,1.0,299,73,1,CD4,0.0,False
TNBC-Wang2023,pCR_arm_C,2,3,1.0,299,73,1,CD45,-0.02628926996647809,True
TNBC-Wang2023,pCR_arm_C,2,3,1.0,299,73,1,CD56,0.0,False
TNBC-Wang2023,pCR_arm_C,2,3,1.0,299,73,1,CD68,0.32727288214167094,True
TNBC-Wang2023,pCR_arm_C,2,3,1.0,299,73,1,CD79a,0.5467557235301352,True
TNBC-Wang2023,pCR_arm_C,2,3,1.0,299,73,1,CD8,0.055987975867030707,True
TNBC-Wang2023,pCR_arm_C,2,3,1.0,299,73,1,CK5/14,0.0,False
TNBC-Wang2023,pCR_arm_C,2,3,1.0,299,73,1,CK8/18,-0.22470437390117948,True
TNBC-Wang2023,pCR_arm_C,2,3,1.0,299,73,1,Calponin,-0.9851274208578877,True
TNBC-Wang2023,pCR_arm_C,2,3,1.0,299,73,1,Carboplatin,0.10569853825846355,True
TNBC-Wang2023,pCR_arm_C,2,3,1.0,299,73,1,Caveolin-1,0.16741943847597174,True
TNBC-Wang2023,pCR_arm_C,2,3,1.0,299,73,1,DNA1,0.3444624389779075,True
TNBC-Wang2023,pCR_arm_C,2,3,1.0,299,73,1,DNA2,-0.1905200132968626,True
TNBC-Wang2023,pCR_arm_C,2,3,1.0,299,73,1,FOXP3,-0.17931260843310173,True
TNBC-Wang2023,pCR_arm_C,2,3,1.0,299,73,1,GATA3,0.35087971976309246,True
TNBC-Wang2023,pCR_arm_C,2,3,1.0,299,73,1,GZMB,0.6690783194294518,True
TNBC-Wang2023,pCR_arm_C,2,3,1.0,299,73,1,H3,0.01846893032854012,True
TNBC-Wang2023,pCR_arm_C,2,3,1.0,299,73,1,HLA-ABC,0.0,False
TNBC-Wang2023,pCR_arm_C,2,3,1.0,299,73,1,HLA-DR,0.0,False
TNBC-Wang2023,pCR_arm_C,2,3,1.0,299,73,1,Helios,-0.2758956910597853,True
TNBC-Wang2023,pCR_arm_C,2,3,1.0,299,73,1,ICOS,-0.7426244208038644,True
TNBC-Wang2023,pCR_arm_C,2,3,1.0,299,73,1,IDO,-0.05016040650939991,True
TNBC-Wang2023,pCR_arm_C,2,3,1.0,299,73,1,Ki67,0.013217264425479713,True
TNBC-Wang2023,pCR_arm_C,2,3,1.0,299,73,1,MPO,0.16854528865656954,True
TNBC-Wang2023,pCR_arm_C,2,3,1.0,299,73,1,OX40,0.23357164710014905,True
TNBC-Wang2023,pCR_arm_C,2,3,1.0,299,73,1,PD-1,-0.05866960672025651,True
TNBC-Wang2023,pCR_arm_C,2,3,1.0,299,73,1,PD-L1 (73-10),0.0,False
TNBC-Wang2023,pCR_arm_C,2,3,1.0,299,73,1,PD-L1 (SP142),-0.549014966304854,True
TNBC-Wang2023,pCR_arm_C,2,3,1.0,299,73,1,PDGFRB,-0.1904415555522882,True
TNBC-Wang2023,pCR_arm_C,2,3,1.0,299,73,1,PDPN,0.14194120588810624,True
TNBC-Wang2023,pCR_arm_C,2,3,1.0,299,73,1,SMA,-0.17085072862814982,True
TNBC-Wang2023,pCR_arm_C,2,3,1.0,299,73,1,T-bet,0.0,False
TNBC-Wang2023,pCR_arm_C,2,3,1.0,299,73,1,TCF1,-0.154218462496618,True
TNBC-Wang2023,pCR_arm_C,2,3,1.0,299,73,1,TOX,0.4369928524941118,True
TNBC-Wang2023,pCR_arm_C,2,3,1.0,299,73,1,Vimentin,-0.027712925393622072,True
TNBC-Wang2023,pCR_arm_C,2,3,1.0,299,73,1,c-PARP,0.24608864598892566,True
TNBC-Wang2023,pCR_arm_C,2,3,1.0,299,73,1,pH2AX,0.04901685992759096,True
TNBC-Wang2023,pCR_arm_C,2,3,1.0,299,73,1,panCK,0.34177291561981804,True
TNBC-Wang2023,pCR_arm_C,2,4,1.0,296,76,1,AR,-0.3908982334035474,True
TNBC-Wang2023,pCR_arm_C,2,4,1.0,296,76,1,CA9,-0.07305194640814136,True
TNBC-Wang2023,pCR_arm_C,2,4,1.0,296,76,1,CD11c,-0.7963391305643859,True
TNBC-Wang2023,pCR_arm_C,2,4,1.0,296,76,1,CD15,-0.07514695435314524,True
TNBC-Wang2023,pCR_arm_C,2,4,1.0,296,76,1,CD163,0.09069546195913478,True
TNBC-Wang2023,pCR_arm_C,2,4,1.0,296,76,1,CD20,-0.40705310132113914,True
TNBC-Wang2023,pCR_arm_C,2,4,1.0,296,76,1,CD3,0.0,False
TNBC-Wang2023,pCR_arm_C,2,4,1.0,296,76,1,CD31,0.0,False
TNBC-Wang2023,pCR_arm_C,2,4,1.0,296,76,1,CD4,0.7044992171197074,True
TNBC-Wang2023,pCR_arm_C,2,4,1.0,296,76,1,CD45,-0.1410337424183711,True
TNBC-Wang2023,pCR_arm_C,2,4,1.0,296,76,1,CD56,0.07755427949655183,True
TNBC-Wang2023,pCR_arm_C,2,4,1.0,296,76,1,CD68,0.1970071587262497,True
TNBC-Wang2023,pCR_arm_C,2,4,1.0,296,76,1,CD79a,0.3699417757135311,True
TNBC-Wang2023,pCR_arm_C,2,4,1.0,296,76,1,CD8,0.0,False
TNBC-Wang2023,pCR_arm_C,2,4,1.0,296,76,1,CK5/14,0.3547113146656424,True
TNBC-Wang2023,pCR_arm_C,2,4,1.0,296,76,1,CK8/18,-0.2561721188256009,True
TNBC-Wang2023,pCR_arm_C,2,4,1.0,296,76,1,Calponin,-0.47689204479279806,True
TNBC-Wang2023,pCR_arm_C,2,4,1.0,296,76,1,Carboplatin,0.03954077130925165,True
TNBC-Wang2023,pCR_arm_C,2,4,1.0,296,76,1,Caveolin-1,0.0,False
TNBC-Wang2023,pCR_arm_C,2,4,1.0,296,76,1,DNA1,0.4735959989480681,True
TNBC-Wang2023,pCR_arm_C,2,4,1.0,296,76,1,DNA2,-0.14211418711176163,True
TNBC-Wang2023,pCR_arm_C,2,4,1.0,296,76,1,FOXP3,0.0,False
TNBC-Wang2023,pCR_arm_C,2,4,1.0,296,76,1,GATA3,0.5731164089018919,True
TNBC-Wang2023,pCR_arm_C,2,4,1.0,296,76,1,GZMB,0.17538866927434532,True
TNBC-Wang2023,pCR_arm_C,2,4,1.0,296,76,1,H3,-0.0686798076487319,True
TNBC-Wang2023,pCR_arm_C,2,4,1.0,296,76,1,HLA-ABC,-0.17660159047985985,True
TNBC-Wang2023,pCR_arm_C,2,4,1.0,296,76,1,HLA-DR,0.5544759632283361,True
TNBC-Wang2023,pCR_arm_C,2,4,1.0,296,76,1,Helios,-0.5634705721290229,True
TNBC-Wang2023,pCR_arm_C,2,4,1.0,296,76,1,ICOS,-0.6912326148384413,True
TNBC-Wang2023,pCR_arm_C,2,4,1.0,296,76,1,IDO,-0.0071582723045320465,True
TNBC-Wang2023,pCR_arm_C,2,4,1.0,296,76,1,Ki67,-0.010903414351841001,True
TNBC-Wang2023,pCR_arm_C,2,4,1.0,296,76,1,MPO,0.19212922604497068,True
TNBC-Wang2023,pCR_arm_C,2,4,1.0,296,76,1,OX40,0.23480412827087582,True
TNBC-Wang2023,pCR_arm_C,2,4,1.0,296,76,1,PD-1,0.0,False
TNBC-Wang2023,pCR_arm_C,2,4,1.0,296,76,1,PD-L1 (73-10),0.0,False
TNBC-Wang2023,pCR_arm_C,2,4,1.0,296,76,1,PD-L1 (SP142),0.0,False
TNBC-Wang2023,pCR_arm_C,2,4,1.0,296,76,1,PDGFRB,-0.042453806295757485,True
TNBC-Wang2023,pCR_arm_C,2,4,1.0,296,76,1,PDPN,0.2014186205763358,True
TNBC-Wang2023,pCR_arm_C,2,4,1.0,296,76,1,SMA,-0.4346289045262203,True
TNBC-Wang2023,pCR_arm_C,2,4,1.0,296,76,1,T-bet,0.6177813259127108,True
TNBC-Wang2023,pCR_arm_C,2,4,1.0,296,76,1,TCF1,-0.1887849944510032,True
TNBC-Wang2023,pCR_arm_C,2,4,1.0,296,76,1,TOX,0.0,False
TNBC-Wang2023,pCR_arm_C,2,4,1.0,296,76,1,Vimentin,-0.2204026408388685,True
TNBC-Wang2023,pCR_arm_C,2,4,1.0,296,76,1,c-PARP,0.704150505337016,True
TNBC-Wang2023,pCR_arm_C,2,4,1.0,296,76,1,pH2AX,0.025217769454258222,True
TNBC-Wang2023,pCR_arm_C,2,4,1.0,296,76,1,panCK,0.14312383260227945,True
TNBC-Wang2023,pCR_arm_CI,0,0,1.0,318,76,1,AR,-0.4427887517920172,True
TNBC-Wang2023,pCR_arm_CI,0,0,1.0,318,76,1,CA9,0.12857736292146932,True
TNBC-Wang2023,pCR_arm_CI,0,0,1.0,318,76,1,CD11c,-1.3534047922201338,True
TNBC-Wang2023,pCR_arm_CI,0,0,1.0,318,76,1,CD15,0.45141655095264316,True
TNBC-Wang2023,pCR_arm_CI,0,0,1.0,318,76,1,CD163,-0.18678469464043848,True
TNBC-Wang2023,pCR_arm_CI,0,0,1.0,318,76,1,CD20,-0.12760931508586112,True
TNBC-Wang2023,pCR_arm_CI,0,0,1.0,318,76,1,CD3,-0.8295295365258892,True
TNBC-Wang2023,pCR_arm_CI,0,0,1.0,318,76,1,CD31,-0.7083436645614194,True
TNBC-Wang2023,pCR_arm_CI,0,0,1.0,318,76,1,CD4,0.5332665398128384,True
TNBC-Wang2023,pCR_arm_CI,0,0,1.0,318,76,1,CD45,-0.11967758445113871,True
TNBC-Wang2023,pCR_arm_CI,0,0,1.0,318,76,1,CD56,0.13851511009191342,True
TNBC-Wang2023,pCR_arm_CI,0,0,1.0,318,76,1,CD68,0.12417008187200268,True
TNBC-Wang2023,pCR_arm_CI,0,0,1.0,318,76,1,CD79a,0.6566256416056245,True
TNBC-Wang2023,pCR_arm_CI,0,0,1.0,318,76,1,CD8,-0.07516421880747103,True
TNBC-Wang2023,pCR_arm_CI,0,0,1.0,318,76,1,CK5/14,0.08557909224754676,True
TNBC-Wang2023,pCR_arm_CI,0,0,1.0,318,76,1,CK8/18,0.20630794696693475,True
TNBC-Wang2023,pCR_arm_CI,0,0,1.0,318,76,1,Calponin,0.2049192771432833,True
TNBC-Wang2023,pCR_arm_CI,0,0,1.0,318,76,1,Carboplatin,0.0808375266972236,True
TNBC-Wang2023,pCR_arm_CI,0,0,1.0,318,76,1,Caveolin-1,-0.5439019032177838,True
TNBC-Wang2023,pCR_arm_CI,0,0,1.0,318,76,1,DNA1,0.1552553722554778,True
TNBC-Wang2023,pCR_arm_CI,0,0,1.0,318,76,1,DNA2,-0.36807589992687567,True
TNBC-Wang2023,pCR_arm_CI,0,0,1.0,318,76,1,FOXP3,0.0,False
TNBC-Wang2023,pCR_arm_CI,0,0,1.0,318,76,1,GATA3,0.038134528190567896,True
TNBC-Wang2023,pCR_arm_CI,0,0,1.0,318,76,1,GZMB,0.0,False
TNBC-Wang2023,pCR_arm_CI,0,0,1.0,318,76,1,H3,-0.3399262274844306,True
TNBC-Wang2023,pCR_arm_CI,0,0,1.0,318,76,1,HLA-ABC,-0.32164866275584253,True
TNBC-Wang2023,pCR_arm_CI,0,0,1.0,318,76,1,HLA-DR,1.1966120962439837,True
TNBC-Wang2023,pCR_arm_CI,0,0,1.0,318,76,1,Helios,0.27093772932260274,True
TNBC-Wang2023,pCR_arm_CI,0,0,1.0,318,76,1,ICOS,0.0,False
TNBC-Wang2023,pCR_arm_CI,0,0,1.0,318,76,1,IDO,0.0,False
TNBC-Wang2023,pCR_arm_CI,0,0,1.0,318,76,1,Ki67,0.8274243181544189,True
TNBC-Wang2023,pCR_arm_CI,0,0,1.0,318,76,1,MPO,0.0,False
TNBC-Wang2023,pCR_arm_CI,0,0,1.0,318,76,1,OX40,-0.6984901746334914,True
TNBC-Wang2023,pCR_arm_CI,0,0,1.0,318,76,1,PD-1,0.6197955652807478,True
TNBC-Wang2023,pCR_arm_CI,0,0,1.0,318,76,1,PD-L1 (73-10),0.0463930864644725,True
TNBC-Wang2023,pCR_arm_CI,0,0,1.0,318,76,1,PD-L1 (SP142),0.5256961961566746,True
TNBC-Wang2023,pCR_arm_CI,0,0,1.0,318,76,1,PDGFRB,-0.34965038220971423,True
TNBC-Wang2023,pCR_arm_CI,0,0,1.0,318,76,1,PDPN,0.0693597982820265,True
TNBC-Wang2023,pCR_arm_CI,0,0,1.0,318,76,1,SMA,-0.4228420524849689,True
TNBC-Wang2023,pCR_arm_CI,0,0,1.0,318,76,1,T-bet,0.8803594543235529,True
TNBC-Wang2023,pCR_arm_CI,0,0,1.0,318,76,1,TCF1,0.012581446238492054,True
TNBC-Wang2023,pCR_arm_CI,0,0,1.0,318,76,1,TOX,-0.33835268261227003,True
TNBC-Wang2023,pCR_arm_CI,0,0,1.0,318,76,1,Vimentin,-0.32214437610687663,True
TNBC-Wang2023,pCR_arm_CI,0,0,1.0,318,76,1,c-PARP,0.35003571589174004,True
TNBC-Wang2023,pCR_arm_CI,0,0,1.0,318,76,1,pH2AX,0.20970161284515862,True
TNBC-Wang2023,pCR_arm_CI,0,0,1.0,318,76,1,panCK,0.0107837866536313,True
TNBC-Wang2023,pCR_arm_CI,0,1,1.0,312,82,1,AR,-0.2824398541667705,True
TNBC-Wang2023,pCR_arm_CI,0,1,1.0,312,82,1,CA9,0.1451175413299745,True
TNBC-Wang2023,pCR_arm_CI,0,1,1.0,312,82,1,CD11c,-0.44056212154111957,True
TNBC-Wang2023,pCR_arm_CI,0,1,1.0,312,82,1,CD15,0.3814225941538146,True
TNBC-Wang2023,pCR_arm_CI,0,1,1.0,312,82,1,CD163,0.09944044952424817,True
TNBC-Wang2023,pCR_arm_CI,0,1,1.0,312,82,1,CD20,-0.5604316194318153,True
TNBC-Wang2023,pCR_arm_CI,0,1,1.0,312,82,1,CD3,-1.3484494519487744,True
TNBC-Wang2023,pCR_arm_CI,0,1,1.0,312,82,1,CD31,-0.7730542392154958,True
TNBC-Wang2023,pCR_arm_CI,0,1,1.0,312,82,1,CD4,0.4336648547336227,True
TNBC-Wang2023,pCR_arm_CI,0,1,1.0,312,82,1,CD45,-0.4477650477497267,True
TNBC-Wang2023,pCR_arm_CI,0,1,1.0,312,82,1,CD56,0.1425736333076838,True
TNBC-Wang2023,pCR_arm_CI,0,1,1.0,312,82,1,CD68,0.0,False
TNBC-Wang2023,pCR_arm_CI,0,1,1.0,312,82,1,CD79a,0.7880139708461544,True
TNBC-Wang2023,pCR_arm_CI,0,1,1.0,312,82,1,CD8,-0.10173673170982685,True
TNBC-Wang2023,pCR_arm_CI,0,1,1.0,312,82,1,CK5/14,0.32349637934043074,True
TNBC-Wang2023,pCR_arm_CI,0,1,1.0,312,82,1,CK8/18,0.4259542307322742,True
TNBC-Wang2023,pCR_arm_CI,0,1,1.0,312,82,1,Calponin,0.6010820453225413,True
TNBC-Wang2023,pCR_arm_CI,0,1,1.0,312,82,1,Carboplatin,-0.4633567541390159,True
TNBC-Wang2023,pCR_arm_CI,0,1,1.0,312,82,1,Caveolin-1,0.10884637087719046,True
TNBC-Wang2023,pCR_arm_CI,0,1,1.0,312,82,1,DNA1,-0.0498072492742272,True
TNBC-Wang2023,pCR_arm_CI,0,1,1.0,312,82,1,DNA2,-0.8699824665706821,True
TNBC-Wang2023,pCR_arm_CI,0,1,1.0,312,82,1,FOXP3,-0.23050125992524437,True
TNBC-Wang2023,pCR_arm_CI,0,1,1.0,312,82,1,GATA3,0.0,False
TNBC-Wang2023,pCR_arm_CI,0,1,1.0,312,82,1,GZMB,0.13074704429660788,True
TNBC-Wang2023,pCR_arm_CI,0,1,1.0,312,82,1,H3,-0.19674005597646593,True
TNBC-Wang2023,pCR_arm_CI,0,1,1.0,312,82,1,HLA-ABC,-0.113515799083912,True
TNBC-Wang2023,pCR_arm_CI,0,1,1.0,312,82,1,HLA-DR,0.8413029543258127,True
TNBC-Wang2023,pCR_arm_CI,0,1,1.0,312,82,1,Helios,0.43868553439807223,True
TNBC-Wang2023,pCR_arm_CI,0,1,1.0,312,82,1,ICOS,1.180038747562949,True
TNBC-Wang2023,pCR_arm_CI,0,1,1.0,312,82,1,IDO,-0.14886272468805167,True
TNBC-Wang2023,pCR_arm_CI,0,1,1.0,312,82,1,Ki67,0.3611215248563349,True
TNBC-Wang2023,pCR_arm_CI,0,1,1.0,312,82,1,MPO,-0.05410659172187612,True
TNBC-Wang2023,pCR_arm_CI,0,1,1.0,312,82,1,OX40,-0.06928361452704583,True
TNBC-Wang2023,pCR_arm_CI,0,1,1.0,312,82,1,PD-1,1.131664101734086,True
TNBC-Wang2023,pCR_arm_CI,0,1,1.0,312,82,1,PD-L1 (73-10),-0.052032169639338245,True
TNBC-Wang2023,pCR_arm_CI,0,1,1.0,312,82,1,PD-L1 (SP142),0.3435094558027991,True
TNBC-Wang2023,pCR_arm_CI,0,1,1.0,312,82,1,PDGFRB,-0.5478048275432986,True
TNBC-Wang2023,pCR_arm_CI,0,1,1.0,312,82,1,PDPN,-0.07770798656791378,True
TNBC-Wang2023,pCR_arm_CI,0,1,1.0,312,82,1,SMA,-0.5891467498193088,True
TNBC-Wang2023,pCR_arm_CI,0,1,1.0,312,82,1,T-bet,0.1260235340403333,True
TNBC-Wang2023,pCR_arm_CI,0,1,1.0,312,82,1,TCF1,0.0,False
TNBC-Wang2023,pCR_arm_CI,0,1,1.0,312,82,1,TOX,-0.09836027176923987,True
TNBC-Wang2023,pCR_arm_CI,0,1,1.0,312,82,1,Vimentin,-0.0762462781556076,True
TNBC-Wang2023,pCR_arm_CI,0,1,1.0,312,82,1,c-PARP,0.0,False
TNBC-Wang2023,pCR_arm_CI,0,1,1.0,312,82,1,pH2AX,0.18773210006877547,True
TNBC-Wang2023,pCR_arm_CI,0,1,1.0,312,82,1,panCK,0.0,False
TNBC-Wang2023,pCR_arm_CI,0,2,1.0,317,77,1,AR,-0.15582546986324208,True
TNBC-Wang2023,pCR_arm_CI,0,2,1.0,317,77,1,CA9,0.0,False
TNBC-Wang2023,pCR_arm_CI,0,2,1.0,317,77,1,CD11c,-0.8397170410781785,True
TNBC-Wang2023,pCR_arm_CI,0,2,1.0,317,77,1,CD15,0.2013568799442594,True
TNBC-Wang2023,pCR_arm_CI,0,2,1.0,317,77,1,CD163,0.0,False
TNBC-Wang2023,pCR_arm_CI,0,2,1.0,317,77,1,CD20,-0.5226179803118924,True
TNBC-Wang2023,pCR_arm_CI,0,2,1.0,317,77,1,CD3,-0.7226164778307207,True
TNBC-Wang2023,pCR_arm_CI,0,2,1.0,317,77,1,CD31,-0.46744324851433133,True
TNBC-Wang2023,pCR_arm_CI,0,2,1.0,317,77,1,CD4,1.059117744889824,True
TNBC-Wang2023,pCR_arm_CI,0,2,1.0,317,77,1,CD45,-0.8163380249620072,True
TNBC-Wang2023,pCR_arm_CI,0,2,1.0,317,77,1,CD56,0.21440229100851518,True
TNBC-Wang2023,pCR_arm_CI,0,2,1.0,317,77,1,CD68,0.0,False
TNBC-Wang2023,pCR_arm_CI,0,2,1.0,317,77,1,CD79a,0.34146831676573985,True
TNBC-Wang2023,pCR_arm_CI,0,2,1.0,317,77,1,CD8,0.0,False
TNBC-Wang2023,pCR_arm_CI,0,2,1.0,317,77,1,CK5/14,0.4945260622558837,True
TNBC-Wang2023,pCR_arm_CI,0,2,1.0,317,77,1,CK8/18,-0.03911005392814494,True
TNBC-Wang2023,pCR_arm_CI,0,2,1.0,317,77,1,Calponin,0.22236974813509433,True
TNBC-Wang2023,pCR_arm_CI,0,2,1.0,317,77,1,Carboplatin,-0.15900298294746482,True
TNBC-Wang2023,pCR_arm_CI,0,2,1.0,317,77,1,Caveolin-1,0.0,False
TNBC-Wang2023,pCR_arm_CI,0,2,1.0,317,77,1,DNA1,0.0,False
TNBC-Wang2023,pCR_arm_CI,0,2,1.0,317,77,1,DNA2,-0.45339066711403186,True
TNBC-Wang2023,pCR_arm_CI,0,2,1.0,317,77,1,FOXP3,-0.7412365413547941,True
TNBC-Wang2023,pCR_arm_CI,0,2,1.0,317,77,1,GATA3,-0.06291843005944942,True
TNBC-Wang2023,pCR_arm_CI,0,2,1.0,317,77,1,GZMB,-0.12618422112331762,True
TNBC-Wang2023,pCR_arm_CI,0,2,1.0,317,77,1,H3,-0.3028775026247274,True
TNBC-Wang2023,pCR_arm_CI,0,2,1.0,317,77,1,HLA-ABC,-0.17129608784259548,True
TNBC-Wang2023,pCR_arm_CI,0,2,1.0,317,77,1,HLA-DR,0.6312263155500145,True
TNBC-Wang2023,pCR_arm_CI,0,2,1.0,317,77,1,Helios,0.5563182779893698,True
TNBC-Wang2023,pCR_arm_CI,0,2,1.0,317,77,1,ICOS,0.3889164854128582,True
TNBC-Wang2023,pCR_arm_CI,0,2,1.0,317,77,1,IDO,-0.20387137330251415,True
TNBC-Wang2023,pCR_arm_CI,0,2,1.0,317,77,1,Ki67,0.6167004718515786,True
TNBC-Wang2023,pCR_arm_CI,0,2,1.0,317,77,1,MPO,0.14744789464152802,True
TNBC-Wang2023,pCR_arm_CI,0,2,1.0,317,77,1,OX40,-0.2522195723680942,True
TNBC-Wang2023,pCR_arm_CI,0,2,1.0,317,77,1,PD-1,1.0861005744636025,True
TNBC-Wang2023,pCR_arm_CI,0,2,1.0,317,77,1,PD-L1 (73-10),-0.16008291541409145,True
TNBC-Wang2023,pCR_arm_CI,0,2,1.0,317,77,1,PD-L1 (SP142),0.658457929360697,True
TNBC-Wang2023,pCR_arm_CI,0,2,1.0,317,77,1,PDGFRB,-0.36515646714622996,True
TNBC-Wang2023,pCR_arm_CI,0,2,1.0,317,77,1,PDPN,-0.1865956842206347,True
TNBC-Wang2023,pCR_arm_CI,0,2,1.0,317,77,1,SMA,-0.013449510984151033,True
TNBC-Wang2023,pCR_arm_CI,0,2,1.0,317,77,1,T-bet,0.9432068610564075,True
TNBC-Wang2023,pCR_arm_CI,0,2,1.0,317,77,1,TCF1,0.0,False
TNBC-Wang2023,pCR_arm_CI,0,2,1.0,317,77,1,TOX,-0.7979963745575404,True
TNBC-Wang2023,pCR_arm_CI,0,2,1.0,317,77,1,Vimentin,-0.08116697593850569,True
TNBC-Wang2023,pCR_arm_CI,0,2,1.0,317,77,1,c-PARP,0.20170031028662272,True
TNBC-Wang2023,pCR_arm_CI,0,2,1.0,317,77,1,pH2AX,0.04238150852252456,True
TNBC-Wang2023,pCR_arm_CI,0,2,1.0,317,77,1,panCK,0.05674639526845148,True
TNBC-Wang2023,pCR_arm_CI,0,3,1.0,313,81,1,AR,-0.2227662047356293,True
TNBC-Wang2023,pCR_arm_CI,0,3,1.0,313,81,1,CA9,0.09042763549419959,True
TNBC-Wang2023,pCR_arm_CI,0,3,1.0,313,81,1,CD11c,-0.5050063760455843,True
TNBC-Wang2023,pCR_arm_CI,0,3,1.0,313,81,1,CD15,0.22344649772956143,True
TNBC-Wang2023,pCR_arm_CI,0,3,1.0,313,81,1,CD163,-0.18985031599563593,True
TNBC-Wang2023,pCR_arm_CI,0,3,1.0,313,81,1,CD20,-0.39403632263285365,True
TNBC-Wang2023,pCR_arm_CI,0,3,1.0,313,81,1,CD3,0.0,False
TNBC-Wang2023,pCR_arm_CI,0,3,1.0,313,81,1,CD31,-0.15429485602214194,True
TNBC-Wang2023,pCR_arm_CI,0,3,1.0,313,81,1,CD4,-0.07910819788047102,True
TNBC-Wang2023,pCR_arm_CI,0,3,1.0,313,81,1,CD45,-1.0069830586882977,True
TNBC-Wang2023,pCR_arm_CI,0,3,1.0,313,81,1,CD56,0.2352557711133358,True
TNBC-Wang2023,pCR_arm_CI,0,3,1.0,313,81,1,CD68,-0.3882219063081846,True
TNBC-Wang2023,pCR_arm_CI,0,3,1.0,313,81,1,CD79a,0.14699764433171802,True
TNBC-Wang2023,pCR_arm_CI,0,3,1.0,313,81,1,CD8,-0.3718812766299216,True
TNBC-Wang2023,pCR_arm_CI,0,3,1.0,313,81,1,CK5/14,0.2992898151522976,True
TNBC-Wang2023,pCR_arm_CI,0,3,1.0,313,81,1,CK8/18,0.26834414644107535,True
TNBC-Wang2023,pCR_arm_CI,0,3,1.0,313,81,1,Calponin,0.23967140317233415,True
TNBC-Wang2023,pCR_arm_CI,0,3,1.0,313,81,1,Carboplatin,0.0,False
TNBC-Wang2023,pCR_arm_CI,0,3,1.0,313,81,1,Caveolin-1,0.0,False
TNBC-Wang2023,pCR_arm_CI,0,3,1.0,313,81,1,DNA1,0.0,False
TNBC-Wang2023,pCR_arm_CI,0,3,1.0,313,81,1,DNA2,-0.3829677998654763,True
TNBC-Wang2023,pCR_arm_CI,0,3,1.0,313,81,1,FOXP3,0.0,False
TNBC-Wang2023,pCR_arm_CI,0,3,1.0,313,81,1,GATA3,0.0,False
TNBC-Wang2023,pCR_arm_CI,0,3,1.0,313,81,1,GZMB,-0.021797498999056197,True
TNBC-Wang2023,pCR_arm_CI,0,3,1.0,313,81,1,H3,-0.14719210087604448,True
TNBC-Wang2023,pCR_arm_CI,0,3,1.0,313,81,1,HLA-ABC,-0.30683036069226616,True
TNBC-Wang2023,pCR_arm_CI,0,3,1.0,313,81,1,HLA-DR,1.3612102338717633,True
TNBC-Wang2023,pCR_arm_CI,0,3,1.0,313,81,1,Helios,0.4639346913559306,True
TNBC-Wang2023,pCR_arm_CI,0,3,1.0,313,81,1,ICOS,0.33516796410706734,True
TNBC-Wang2023,pCR_arm_CI,0,3,1.0,313,81,1,IDO,-0.04575018422156207,True
TNBC-Wang2023,pCR_arm_CI,0,3,1.0,313,81,1,Ki67,0.48012457702394845,True
TNBC-Wang2023,pCR_arm_CI,0,3,1.0,313,81,1,MPO,0.041214020071367284,True
TNBC-Wang2023,pCR_arm_CI,0,3,1.0,313,81,1,OX40,-0.5226701591421712,True
TNBC-Wang2023,pCR_arm_CI,0,3,1.0,313,81,1,PD-1,1.6221366945301363,True
TNBC-Wang2023,pCR_arm_CI,0,3,1.0,313,81,1,PD-L1 (73-10),0.0,False
TNBC-Wang2023,pCR_arm_CI,0,3,1.0,313,81,1,PD-L1 (SP142),0.5526370265835446,True
TNBC-Wang2023,pCR_arm_CI,0,3,1.0,313,81,1,PDGFRB,-0.7527493129948535,True
TNBC-Wang2023,pCR_arm_CI,0,3,1.0,313,81,1,PDPN,0.039568440346616766,True
TNBC-Wang2023,pCR_arm_CI,0,3,1.0,313,81,1,SMA,-0.11463861379483906,True
TNBC-Wang2023,pCR_arm_CI,0,3,1.0,313,81,1,T-bet,0.02664432439036736,True
TNBC-Wang2023,pCR_arm_CI,0,3,1.0,313,81,1,TCF1,0.0,False
TNBC-Wang2023,pCR_arm_CI,0,3,1.0,313,81,1,TOX,-0.43502772012194857,True
TNBC-Wang2023,pCR_arm_CI,0,3,1.0,313,81,1,Vimentin,-0.24588213807428622,True
TNBC-Wang2023,pCR_arm_CI,0,3,1.0,313,81,1,c-PARP,0.0,False
TNBC-Wang2023,pCR_arm_CI,0,3,1.0,313,81,1,pH2AX,0.09073818131250139,True
TNBC-Wang2023,pCR_arm_CI,0,3,1.0,313,81,1,panCK,-0.002668015439866465,True
TNBC-Wang2023,pCR_arm_CI,0,4,1.0,316,78,1,AR,-0.18495681769068864,True
TNBC-Wang2023,pCR_arm_CI,0,4,1.0,316,78,1,CA9,0.23364762263192437,True
TNBC-Wang2023,pCR_arm_CI,0,4,1.0,316,78,1,CD11c,-0.912516424440229,True
TNBC-Wang2023,pCR_arm_CI,0,4,1.0,316,78,1,CD15,0.24755580597547092,True
TNBC-Wang2023,pCR_arm_CI,0,4,1.0,316,78,1,CD163,0.307698599954679,True
TNBC-Wang2023,pCR_arm_CI,0,4,1.0,316,78,1,CD20,-0.6866051568823878,True
TNBC-Wang2023,pCR_arm_CI,0,4,1.0,316,78,1,CD3,-0.4021971783483259,True
TNBC-Wang2023,pCR_arm_CI,0,4,1.0,316,78,1,CD31,-1.2226179746421089,True
TNBC-Wang2023,pCR_arm_CI,0,4,1.0,316,78,1,CD4,0.3650161960868173,True
TNBC-Wang2023,pCR_arm_CI,0,4,1.0,316,78,1,CD45,-0.3184444724378704,True
TNBC-Wang2023,pCR_arm_CI,0,4,1.0,316,78,1,CD56,0.564490962664912,True
TNBC-Wang2023,pCR_arm_CI,0,4,1.0,316,78,1,CD68,-0.09327399559035243,True
TNBC-Wang2023,pCR_arm_CI,0,4,1.0,316,78,1,CD79a,0.3417066921569383,True
TNBC-Wang2023,pCR_arm_CI,0,4,1.0,316,78,1,CD8,-0.5177619651763581,True
TNBC-Wang2023,pCR_arm_CI,0,4,1.0,316,78,1,CK5/14,0.0,False
TNBC-Wang2023,pCR_arm_CI,0,4,1.0,316,78,1,CK8/18,0.0,False
TNBC-Wang2023,pCR_arm_CI,0,4,1.0,316,78,1,Calponin,0.27311834952036773,True
TNBC-Wang2023,pCR_arm_CI,0,4,1.0,316,78,1,Carboplatin,-0.14969790172402309,True
TNBC-Wang2023,pCR_arm_CI,0,4,1.0,316,78,1,Caveolin-1,-0.02829856328162128,True
TNBC-Wang2023,pCR_arm_CI,0,4,1.0,316,78,1,DNA1,0.3529902591049357,True
TNBC-Wang2023,pCR_arm_CI,0,4,1.0,316,78,1,DNA2,-0.6455229993576116,True
TNBC-Wang2023,pCR_arm_CI,0,4,1.0,316,78,1,FOXP3,0.0,False
TNBC-Wang2023,pCR_arm_CI,0,4,1.0,316,78,1,GATA3,0.045415709783045134,True
TNBC-Wang2023,pCR_arm_CI,0,4,1.0,316,78,1,GZMB,0.12653999851389733,True
TNBC-Wang2023,pCR_arm_CI,0,4,1.0,316,78,1,H3,-0.3228874314543178,True
TNBC-Wang2023,pCR_arm_CI,0,4,1.0,316,78,1,HLA-ABC,-0.11426308117694015,True
TNBC-Wang2023,pCR_arm_CI,0,4,1.0,316,78,1,HLA-DR,0.9378180559516608,True
TNBC-Wang2023,pCR_arm_CI,0,4,1.0,316,78,1,Helios,0.14277760241225257,True
TNBC-Wang2023,pCR_arm_CI,0,4,1.0,316,78,1,ICOS,0.2599474676022246,True
TNBC-Wang2023,pCR_arm_CI,0,4,1.0,316,78,1,IDO,-0.5984040975077873,True
TNBC-Wang2023,pCR_arm_CI,0,4,1.0,316,78,1,Ki67,0.36212312605736435,True
TNBC-Wang2023,pCR_arm_CI,0,4,1.0,316,78,1,MPO,0.0,False
TNBC-Wang2023,pCR_arm_CI,0,4,1.0,316,78,1,OX40,-0.31234553001194054,True
TNBC-Wang2023,pCR_arm_CI,0,4,1.0,316,78,1,PD-1,1.7419769797548774,True
TNBC-Wang2023,pCR_arm_CI,0,4,1.0,316,78,1,PD-L1 (73-10),0.0,False
TNBC-Wang2023,pCR_arm_CI,0,4,1.0,316,78,1,PD-L1 (SP142),0.760056409990953,True
TNBC-Wang2023,pCR_arm_CI,0,4,1.0,316,78,1,PDGFRB,-0.5552408369656053,True
TNBC-Wang2023,pCR_arm_CI,0,4,1.0,316,78,1,PDPN,0.0,False
TNBC-Wang2023,pCR_arm_CI,0,4,1.0,316,78,1,SMA,0.0,False
TNBC-Wang2023,pCR_arm_CI,0,4,1.0,316,78,1,T-bet,0.07759864932052365,True
TNBC-Wang2023,pCR_arm_CI,0,4,1.0,316,78,1,TCF1,0.14388200036112042,True
TNBC-Wang2023,pCR_arm_CI,0,4,1.0,316,78,1,TOX,-0.2185387895542143,True
TNBC-Wang2023,pCR_arm_CI,0,4,1.0,316,78,1,Vimentin,-0.0411978420340599,True
TNBC-Wang2023,pCR_arm_CI,0,4,1.0,316,78,1,c-PARP,0.06836613616530263,True
TNBC-Wang2023,pCR_arm_CI,0,4,1.0,316,78,1,pH2AX,0.1527148119484571,True
TNBC-Wang2023,pCR_arm_CI,0,4,1.0,316,78,1,panCK,0.0672664325278049,True
TNBC-Wang2023,pCR_arm_CI,1,0,1.0,305,89,1,AR,-0.040501381411071624,True
TNBC-Wang2023,pCR_arm_CI,1,0,1.0,305,89,1,CA9,0.059189994854350725,True
TNBC-Wang2023,pCR_arm_CI,1,0,1.0,305,89,1,CD11c,-0.7618854534746039,True
TNBC-Wang2023,pCR_arm_CI,1,0,1.0,305,89,1,CD15,0.16820676726711814,True
TNBC-Wang2023,pCR_arm_CI,1,0,1.0,305,89,1,CD163,-0.09170487202483227,True
TNBC-Wang2023,pCR_arm_CI,1,0,1.0,305,89,1,CD20,-0.14610389065261575,True
TNBC-Wang2023,pCR_arm_CI,1,0,1.0,305,89,1,CD3,-0.5657298142806914,True
TNBC-Wang2023,pCR_arm_CI,1,0,1.0,305,89,1,CD31,-0.33778301191645477,True
TNBC-Wang2023,pCR_arm_CI,1,0,1.0,305,89,1,CD4,0.6378667441239931,True
TNBC-Wang2023,pCR_arm_CI,1,0,1.0,305,89,1,CD45,-0.5624177175298954,True
TNBC-Wang2023,pCR_arm_CI,1,0,1.0,305,89,1,CD56,0.6698660053674419,True
TNBC-Wang2023,pCR_arm_CI,1,0,1.0,305,89,1,CD68,0.04574837195174516,True
TNBC-Wang2023,pCR_arm_CI,1,0,1.0,305,89,1,CD79a,0.33395810266379033,True
TNBC-Wang2023,pCR_arm_CI,1,0,1.0,305,89,1,CD8,-0.4441199323833077,True
TNBC-Wang2023,pCR_arm_CI,1,0,1.0,305,89,1,CK5/14,0.3025972779214926,True
TNBC-Wang2023,pCR_arm_CI,1,0,1.0,305,89,1,CK8/18,0.112810107755926,True
TNBC-Wang2023,pCR_arm_CI,1,0,1.0,305,89,1,Calponin,0.36186380387525924,True
TNBC-Wang2023,pCR_arm_CI,1,0,1.0,305,89,1,Carboplatin,0.0,False
TNBC-Wang2023,pCR_arm_CI,1,0,1.0,305,89,1,Caveolin-1,0.024791148461345898,True
TNBC-Wang2023,pCR_arm_CI,1,0,1.0,305,89,1,DNA1,0.06491896684050047,True
TNBC-Wang2023,pCR_arm_CI,1,0,1.0,305,89,1,DNA2,-0.4475198287976527,True
TNBC-Wang2023,pCR_arm_CI,1,0,1.0,305,89,1,FOXP3,-0.25362539893594443,True
TNBC-Wang2023,pCR_arm_CI,1,0,1.0,305,89,1,GATA3,0.15748081074210585,True
TNBC-Wang2023,pCR_arm_CI,1,0,1.0,305,89,1,GZMB,0.3031969353034609,True
TNBC-Wang2023,pCR_arm_CI,1,0,1.0,305,89,1,H3,-0.24938151836610156,True
TNBC-Wang2023,pCR_arm_CI,1,0,1.0,305,89,1,HLA-ABC,-0.18399227944585267,True
TNBC-Wang2023,pCR_arm_CI,1,0,1.0,305,89,1,HLA-DR,0.6449107747160081,True
TNBC-Wang2023,pCR_arm_CI,1,0,1.0,305,89,1,Helios,0.3468829929246663,True
TNBC-Wang2023,pCR_arm_CI,1,0,1.0,305,89,1,ICOS,0.6853052162648309,True
TNBC-Wang2023,pCR_arm_CI,1,0,1.0,305,89,1,IDO,-0.20522462516601453,True
TNBC-Wang2023,pCR_arm_CI,1,0,1.0,305,89,1,Ki67,0.4878814608592068,True
TNBC-Wang2023,pCR_arm_CI,1,0,1.0,305,89,1,MPO,-0.06261052049023029,True
TNBC-Wang2023,pCR_arm_CI,1,0,1.0,305,89,1,OX40,-0.4236166232581426,True
TNBC-Wang2023,pCR_arm_CI,1,0,1.0,305,89,1,PD-1,0.947850580002386,True
TNBC-Wang2023,pCR_arm_CI,1,0,1.0,305,89,1,PD-L1 (73-10),-0.22284969753876085,True
TNBC-Wang2023,pCR_arm_CI,1,0,1.0,305,89,1,PD-L1 (SP142),0.665395451308147,True
TNBC-Wang2023,pCR_arm_CI,1,0,1.0,305,89,1,PDGFRB,-0.4264513844693301,True
TNBC-Wang2023,pCR_arm_CI,1,0,1.0,305,89,1,PDPN,-0.10909177053514439,True
TNBC-Wang2023,pCR_arm_CI,1,0,1.0,305,89,1,SMA,-0.34747989631486315,True
TNBC-Wang2023,pCR_arm_CI,1,0,1.0,305,89,1,T-bet,0.28660933523828397,True
TNBC-Wang2023,pCR_arm_CI,1,0,1.0,305,89,1,TCF1,-0.10466201705875594,True
TNBC-Wang2023,pCR_arm_CI,1,0,1.0,305,89,1,TOX,-0.14467914590835032,True
TNBC-Wang2023,pCR_arm_CI,1,0,1.0,305,89,1,Vimentin,0.016970928603853547,True
TNBC-Wang2023,pCR_arm_CI,1,0,1.0,305,89,1,c-PARP,0.0,False
TNBC-Wang2023,pCR_arm_CI,1,0,1.0,305,89,1,pH2AX,0.0,False
TNBC-Wang2023,pCR_arm_CI,1,0,1.0,305,89,1,panCK,0.08590751080603269,True
TNBC-Wang2023,pCR_arm_CI,1,1,1.0,318,76,1,AR,-0.42566884701873914,True
TNBC-Wang2023,pCR_arm_CI,1,1,1.0,318,76,1,CA9,0.005129207055964869,True
TNBC-Wang2023,pCR_arm_CI,1,1,1.0,318,76,1,CD11c,-0.7230641250459556,True
TNBC-Wang2023,pCR_arm_CI,1,1,1.0,318,76,1,CD15,0.2982165374154172,True
TNBC-Wang2023,pCR_arm_CI,1,1,1.0,318,76,1,CD163,-0.03241895371036579,True
TNBC-Wang2023,pCR_arm_CI,1,1,1.0,318,76,1,CD20,-0.4894722605879989,True
TNBC-Wang2023,pCR_arm_CI,1,1,1.0,318,76,1,CD3,-0.7183072485484595,True
TNBC-Wang2023,pCR_arm_CI,1,1,1.0,318,76,1,CD31,-1.315446734295868,True
TNBC-Wang2023,pCR_arm_CI,1,1,1.0,318,76,1,CD4,0.9447150763290447,True
TNBC-Wang2023,pCR_arm_CI,1,1,1.0,318,76,1,CD45,-0.268925266897594,True
TNBC-Wang2023,pCR_arm_CI,1,1,1.0,318,76,1,CD56,0.10485339582628041,True
TNBC-Wang2023,pCR_arm_CI,1,1,1.0,318,76,1,CD68,0.001675316921906346,True
TNBC-Wang2023,pCR_arm_CI,1,1,1.0,318,76,1,CD79a,0.7366892316183886,True
TNBC-Wang2023,pCR_arm_CI,1,1,1.0,318,76,1,CD8,-0.7315481095015253,True
TNBC-Wang2023,pCR_arm_CI,1,1,1.0,318,76,1,CK5/14,0.22632812370374156,True
TNBC-Wang2023,pCR_arm_CI,1,1,1.0,318,76,1,CK8/18,0.145594888735137,True
TNBC-Wang2023,pCR_arm_CI,1,1,1.0,318,76,1,Calponin,0.41593300856537424,True
TNBC-Wang2023,pCR_arm_CI,1,1,1.0,318,76,1,Carboplatin,0.0,False
TNBC-Wang2023,pCR_arm_CI,1,1,1.0,318,76,1,Caveolin-1,-0.6512553893242469,True
TNBC-Wang2023,pCR_arm_CI,1,1,1.0,318,76,1,DNA1,-0.025584989847061416,True
TNBC-Wang2023,pCR_arm_CI,1,1,1.0,318,76,1,DNA2,-0.5829782847700667,True
TNBC-Wang2023,pCR_arm_CI,1,1,1.0,318,76,1,FOXP3,-0.18933912816226794,True
TNBC-Wang2023,pCR_arm_CI,1,1,1.0,318,76,1,GATA3,0.0,False
TNBC-Wang2023,pCR_arm_CI,1,1,1.0,318,76,1,GZMB,0.4675881686328156,True
TNBC-Wang2023,pCR_arm_CI,1,1,1.0,318,76,1,H3,-0.22781878548673712,True
TNBC-Wang2023,pCR_arm_CI,1,1,1.0,318,76,1,HLA-ABC,-0.13458048674609338,True
TNBC-Wang2023,pCR_arm_CI,1,1,1.0,318,76,1,HLA-DR,0.8026612220542786,True
TNBC-Wang2023,pCR_arm_CI,1,1,1.0,318,76,1,Helios,0.3605062267501983,True
TNBC-Wang2023,pCR_arm_CI,1,1,1.0,318,76,1,ICOS,0.0,False
TNBC-Wang2023,pCR_arm_CI,1,1,1.0,318,76,1,IDO,-0.2803531257566615,True
TNBC-Wang2023,pCR_arm_CI,1,1,1.0,318,76,1,Ki67,0.3428837743892729,True
TNBC-Wang2023,pCR_arm_CI,1,1,1.0,318,76,1,MPO,0.23979818793961843,True
TNBC-Wang2023,pCR_arm_CI,1,1,1.0,318,76,1,OX40,-0.12356635751540483,True
TNBC-Wang2023,pCR_arm_CI,1,1,1.0,318,76,1,PD-1,1.2374715440007047,True
TNBC-Wang2023,pCR_arm_CI,1,1,1.0,318,76,1,PD-L1 (73-10),0.0,False
TNBC-Wang2023,pCR_arm_CI,1,1,1.0,318,76,1,PD-L1 (SP142),0.21533751993401526,True
TNBC-Wang2023,pCR_arm_CI,1,1,1.0,318,76,1,PDGFRB,-0.5731881303178922,True
TNBC-Wang2023,pCR_arm_CI,1,1,1.0,318,76,1,PDPN,-0.03746537348043883,True
TNBC-Wang2023,pCR_arm_CI,1,1,1.0,318,76,1,SMA,0.006808534441254313,True
TNBC-Wang2023,pCR_arm_CI,1,1,1.0,318,76,1,T-bet,0.4974853274329211,True
TNBC-Wang2023,pCR_arm_CI,1,1,1.0,318,76,1,TCF1,0.0,False
TNBC-Wang2023,pCR_arm_CI,1,1,1.0,318,76,1,TOX,-0.26117368699461285,True
TNBC-Wang2023,pCR_arm_CI,1,1,1.0,318,76,1,Vimentin,-0.1387233127957498,True
TNBC-Wang2023,pCR_arm_CI,1,1,1.0,318,76,1,c-PARP,0.06035937681207074,True
TNBC-Wang2023,pCR_arm_CI,1,1,1.0,318,76,1,pH2AX,0.056699434662174183,True
TNBC-Wang2023,pCR_arm_CI,1,1,1.0,318,76,1,panCK,0.042999491764421964,True
TNBC-Wang2023,pCR_arm_CI,1,2,1.0,312,82,1,AR,-0.5602755536661221,True
TNBC-Wang2023,pCR_arm_CI,1,2,1.0,312,82,1,CA9,0.05560899412452852,True
TNBC-Wang2023,pCR_arm_CI,1,2,1.0,312,82,1,CD11c,-0.680260912597249,True
TNBC-Wang2023,pCR_arm_CI,1,2,1.0,312,82,1,CD15,0.2877214970794144,True
TNBC-Wang2023,pCR_arm_CI,1,2,1.0,312,82,1,CD163,0.0,False
TNBC-Wang2023,pCR_arm_CI,1,2,1.0,312,82,1,CD20,-0.5866037876334915,True
TNBC-Wang2023,pCR_arm_CI,1,2,1.0,312,82,1,CD3,0.0,False
TNBC-Wang2023,pCR_arm_CI,1,2,1.0,312,82,1,CD31,-0.6050523492965904,True
TNBC-Wang2023,pCR_arm_CI,1,2,1.0,312,82,1,CD4,0.13145916972575059,True
TNBC-Wang2023,pCR_arm_CI,1,2,1.0,312,82,1,CD45,-0.6504305897152716,True
TNBC-Wang2023,pCR_arm_CI,1,2,1.0,312,82,1,CD56,0.20116856576054887,True
TNBC-Wang2023,pCR_arm_CI,1,2,1.0,312,82,1,CD68,-0.3117026301700134,True
TNBC-Wang2023,pCR_arm_CI,1,2,1.0,312,82,1,CD79a,0.6398563696872847,True
TNBC-Wang2023,pCR_arm_CI,1,2,1.0,312,82,1,CD8,-0.9879337769324922,True
TNBC-Wang2023,pCR_arm_CI,1,2,1.0,312,82,1,CK5/14,0.0,False
TNBC-Wang2023,pCR_arm_CI,1,2,1.0,312,82,1,CK8/18,0.19419789047107036,True
TNBC-Wang2023,pCR_arm_CI,1,2,1.0,312,82,1,Calponin,0.3841391968994428,True
TNBC-Wang2023,pCR_arm_CI,1,2,1.0,312,82,1,Carboplatin,-0.010469310531472131,True
TNBC-Wang2023,pCR_arm_CI,1,2,1.0,312,82,1,Caveolin-1,0.036774253288816464,True
TNBC-Wang2023,pCR_arm_CI,1,2,1.0,312,82,1,DNA1,0.2210102973853475,True
TNBC-Wang2023,pCR_arm_CI,1,2,1.0,312,82,1,DNA2,-0.38572204686860856,True
TNBC-Wang2023,pCR_arm_CI,1,2,1.0,312,82,1,FOXP3,0.0,False
TNBC-Wang2023,pCR_arm_CI,1,2,1.0,312,82,1,GATA3,-0.023998748100420013,True
TNBC-Wang2023,pCR_arm_CI,1,2,1.0,312,82,1,GZMB,-0.007595483833871457,True
TNBC-Wang2023,pCR_arm_CI,1,2,1.0,312,82,1,H3,-0.06337537551707458,True
TNBC-Wang2023,pCR_arm_CI,1,2,1.0,312,82,1,HLA-ABC,-0.3893482742190806,True
TNBC-Wang2023,pCR_arm_CI,1,2,1.0,312,82,1,HLA-DR,1.0542536657857406,True
TNBC-Wang2023,pCR_arm_CI,1,2,1.0,312,82,1,Helios,0.1685131260144533,True
TNBC-Wang2023,pCR_arm_CI,1,2,1.0,312,82,1,ICOS,0.6076918228879156,True
TNBC-Wang2023,pCR_arm_CI,1,2,1.0,312,82,1,IDO,0.044785065591543174,True
TNBC-Wang2023,pCR_arm_CI,1,2,1.0,312,82,1,Ki67,0.6764484642901822,True
TNBC-Wang2023,pCR_arm_CI,1,2,1.0,312,82,1,MPO,0.09510207517718584,True
TNBC-Wang2023,pCR_arm_CI,1,2,1.0,312,82,1,OX40,-0.02979229191988079,True
TNBC-Wang2023,pCR_arm_CI,1,2,1.0,312,82,1,PD-1,1.8044438267008749,True
TNBC-Wang2023,pCR_arm_CI,1,2,1.0,312,82,1,PD-L1 (73-10),0.0,False
TNBC-Wang2023,pCR_arm_CI,1,2,1.0,312,82,1,PD-L1 (SP142),0.09280246491982477,True
TNBC-Wang2023,pCR_arm_CI,1,2,1.0,312,82,1,PDGFRB,-0.496283941461632,True
TNBC-Wang2023,pCR_arm_CI,1,2,1.0,312,82,1,PDPN,0.0,False
TNBC-Wang2023,pCR_arm_CI,1,2,1.0,312,82,1,SMA,-0.40728432641981777,True
TNBC-Wang2023,pCR_arm_CI,1,2,1.0,312,82,1,T-bet,0.0,False
TNBC-Wang2023,pCR_arm_CI,1,2,1.0,312,82,1,TCF1,0.0,False
TNBC-Wang2023,pCR_arm_CI,1,2,1.0,312,82,1,TOX,-0.47696155130368584,True
TNBC-Wang2023,pCR_arm_CI,1,2,1.0,312,82,1,Vimentin,-0.006194815534260082,True
TNBC-Wang2023,pCR_arm_CI,1,2,1.0,312,82,1,c-PARP,0.1436843321455618,True
TNBC-Wang2023,pCR_arm_CI,1,2,1.0,312,82,1,pH2AX,0.07866242191868579,True
TNBC-Wang2023,pCR_arm_CI,1,2,1.0,312,82,1,panCK,0.00757475026509158,True
TNBC-Wang2023,pCR_arm_CI,1,3,1.0,318,76,1,AR,-0.35658055591234317,True
TNBC-Wang2023,pCR_arm_CI,1,3,1.0,318,76,1,CA9,0.18960830315956434,True
TNBC-Wang2023,pCR_arm_CI,1,3,1.0,318,76,1,CD11c,-0.8174411361765452,True
TNBC-Wang2023,pCR_arm_CI,1,3,1.0,318,76,1,CD15,0.5348718283631319,True
TNBC-Wang2023,pCR_arm_CI,1,3,1.0,318,76,1,CD163,0.26423553760676677,True
TNBC-Wang2023,pCR_arm_CI,1,3,1.0,318,76,1,CD20,-0.45194107420741625,True
TNBC-Wang2023,pCR_arm_CI,1,3,1.0,318,76,1,CD3,-0.7191197563800967,True
TNBC-Wang2023,pCR_arm_CI,1,3,1.0,318,76,1,CD31,-0.2679428130164777,True
TNBC-Wang2023,pCR_arm_CI,1,3,1.0,318,76,1,CD4,-0.05392017838222537,True
TNBC-Wang2023,pCR_arm_CI,1,3,1.0,318,76,1,CD45,-0.6910337222088857,True
TNBC-Wang2023,pCR_arm_CI,1,3,1.0,318,76,1,CD56,0.19446645107920302,True
TNBC-Wang2023,pCR_arm_CI,1,3,1.0,318,76,1,CD68,-0.24910220439346664,True
TNBC-Wang2023,pCR_arm_CI,1,3,1.0,318,76,1,CD79a,0.16842455418607252,True
TNBC-Wang2023,pCR_arm_CI,1,3,1.0,318,76,1,CD8,0.26079294437969003,True
TNBC-Wang2023,pCR_arm_CI,1,3,1.0,318,76,1,CK5/14,0.1267801517441117,True
TNBC-Wang2023,pCR_arm_CI,1,3,1.0,318,76,1,CK8/18,0.19673467438744874,True
TNBC-Wang2023,pCR_arm_CI,1,3,1.0,318,76,1,Calponin,0.32680524914685094,True
TNBC-Wang2023,pCR_arm_CI,1,3,1.0,318,76,1,Carboplatin,-0.5245177488118655,True
TNBC-Wang2023,pCR_arm_CI,1,3,1.0,318,76,1,Caveolin-1,0.0,False
TNBC-Wang2023,pCR_arm_CI,1,3,1.0,318,76,1,DNA1,-0.10117621604053775,True
TNBC-Wang2023,pCR_arm_CI,1,3,1.0,318,76,1,DNA2,-0.3358291635313215,True
TNBC-Wang2023,pCR_arm_CI,1,3,1.0,318,76,1,FOXP3,-0.06043406237850344,True
TNBC-Wang2023,pCR_arm_CI,1,3,1.0,318,76,1,GATA3,0.0,False
TNBC-Wang2023,pCR_arm_CI,1,3,1.0,318,76,1,GZMB,-0.10969291664132011,True
TNBC-Wang2023,pCR_arm_CI,1,3,1.0,318,76,1,H3,-0.39807080479342627,True
TNBC-Wang2023,pCR_arm_CI,1,3,1.0,318,76,1,HLA-ABC,-0.020018228336291313,True
TNBC-Wang2023,pCR_arm_CI,1,3,1.0,318,76,1,HLA-DR,1.3233151510201053,True
TNBC-Wang2023,pCR_arm_CI,1,3,1.0,318,76,1,Helios,0.6122860281100972,True
TNBC-Wang2023,pCR_arm_CI,1,3,1.0,318,76,1,ICOS,0.3081308540219057,True
TNBC-Wang2023,pCR_arm_CI,1,3,1.0,318,76,1,IDO,-0.32032415726053265,True
TNBC-Wang2023,pCR_arm_CI,1,3,1.0,318,76,1,Ki67,0.7132478712737541,True
TNBC-Wang2023,pCR_arm_CI,1,3,1.0,318,76,1,MPO,0.07450565288542262,True
TNBC-Wang2023,pCR_arm_CI,1,3,1.0,318,76,1,OX40,-0.6057799274479424,True
TNBC-Wang2023,pCR_arm_CI,1,3,1.0,318,76,1,PD-1,1.0135917020929726,True
TNBC-Wang2023,pCR_arm_CI,1,3,1.0,318,76,1,PD-L1 (73-10),0.1775081980310995,True
TNBC-Wang2023,pCR_arm_CI,1,3,1.0,318,76,1,PD-L1 (SP142),0.3114675078090299,True
TNBC-Wang2023,pCR_arm_CI,1,3,1.0,318,76,1,PDGFRB,-0.8744004162820395,True
TNBC-Wang2023,pCR_arm_CI,1,3,1.0,318,76,1,PDPN,0.11775597289368933,True
TNBC-Wang2023,pCR_arm_CI,1,3,1.0,318,76,1,SMA,-0.40336765665579444,True
TNBC-Wang2023,pCR_arm_CI,1,3,1.0,318,76,1,T-bet,0.4849583828354864,True
TNBC-Wang2023,pCR_arm_CI,1,3,1.0,318,76,1,TCF1,0.28403061171306654,True
TNBC-Wang2023,pCR_arm_CI,1,3,1.0,318,76,1,TOX,-0.22108840501544472,True
TNBC-Wang2023,pCR_arm_CI,1,3,1.0,318,76,1,Vimentin,-0.39450174710427754,True
TNBC-Wang2023,pCR_arm_CI,1,3,1.0,318,76,1,c-PARP,0.3687512491436335,True
TNBC-Wang2023,pCR_arm_CI,1,3,1.0,318,76,1,pH2AX,0.373122840054366,True
TNBC-Wang2023,pCR_arm_CI,1,3,1.0,318,76,1,panCK,0.17709154052852252,True
TNBC-Wang2023,pCR_arm_CI,1,4,1.0,323,71,1,AR,-0.0522542048654079,True
TNBC-Wang2023,pCR_arm_CI,1,4,1.0,323,71,1,CA9,0.08786673522339372,True
TNBC-Wang2023,pCR_arm_CI,1,4,1.0,323,71,1,CD11c,-0.8785864999014261,True
TNBC-Wang2023,pCR_arm_CI,1,4,1.0,323,71,1,CD15,0.3925433635274211,True
TNBC-Wang2023,pCR_arm_CI,1,4,1.0,323,71,1,CD163,0.0,False
TNBC-Wang2023,pCR_arm_CI,1,4,1.0,323,71,1,CD20,-0.6921043913251058,True
TNBC-Wang2023,pCR_arm_CI,1,4,1.0,323,71,1,CD3,-0.49347173601105304,True
TNBC-Wang2023,pCR_arm_CI,1,4,1.0,323,71,1,CD31,-0.8923281496358715,True
TNBC-Wang2023,pCR_arm_CI,1,4,1.0,323,71,1,CD4,0.12787191861590755,True
TNBC-Wang2023,pCR_arm_CI,1,4,1.0,323,71,1,CD45,-0.5314148175582214,True
TNBC-Wang2023,pCR_arm_CI,1,4,1.0,323,71,1,CD56,0.12151409069919922,True
TNBC-Wang2023,pCR_arm_CI,1,4,1.0,323,71,1,CD68,-0.09652570061482092,True
TNBC-Wang2023,pCR_arm_CI,1,4,1.0,323,71,1,CD79a,0.4245704081171837,True
TNBC-Wang2023,pCR_arm_CI,1,4,1.0,323,71,1,CD8,0.0,False
TNBC-Wang2023,pCR_arm_CI,1,4,1.0,323,71,1,CK5/14,0.3759603740214998,True
TNBC-Wang2023,pCR_arm_CI,1,4,1.0,323,71,1,CK8/18,0.021899819678581886,True
TNBC-Wang2023,pCR_arm_CI,1,4,1.0,323,71,1,Calponin,0.12384088717891782,True
TNBC-Wang2023,pCR_arm_CI,1,4,1.0,323,71,1,Carboplatin,-0.32934530313616706,True
TNBC-Wang2023,pCR_arm_CI,1,4,1.0,323,71,1,Caveolin-1,0.0,False
TNBC-Wang2023,pCR_arm_CI,1,4,1.0,323,71,1,DNA1,0.15179889201680993,True
TNBC-Wang2023,pCR_arm_CI,1,4,1.0,323,71,1,DNA2,-1.019666546010854,True
TNBC-Wang2023,pCR_arm_CI,1,4,1.0,323,71,1,FOXP3,-0.5794319617535494,True
TNBC-Wang2023,pCR_arm_CI,1,4,1.0,323,71,1,GATA3,-0.25536359807709313,True
TNBC-Wang2023,pCR_arm_CI,1,4,1.0,323,71,1,GZMB,-0.06466888596724327,True
TNBC-Wang2023,pCR_arm_CI,1,4,1.0,323,71,1,H3,-0.2758725477572591,True
TNBC-Wang2023,pCR_arm_CI,1,4,1.0,323,71,1,HLA-ABC,-0.37907263809986147,True
TNBC-Wang2023,pCR_arm_CI,1,4,1.0,323,71,1,HLA-DR,1.1551100422384408,True
TNBC-Wang2023,pCR_arm_CI,1,4,1.0,323,71,1,Helios,0.44894517318164945,True
TNBC-Wang2023,pCR_arm_CI,1,4,1.0,323,71,1,ICOS,0.6299798060548375,True
TNBC-Wang2023,pCR_arm_CI,1,4,1.0,323,71,1,IDO,-0.3204935180158474,True
TNBC-Wang2023,pCR_arm_CI,1,4,1.0,323,71,1,Ki67,0.3374440809635657,True
TNBC-Wang2023,pCR_arm_CI,1,4,1.0,323,71,1,MPO,-0.17141413751735118,True
TNBC-Wang2023,pCR_arm_CI,1,4,1.0,323,71,1,OX40,-0.7841933049925397,True
TNBC-Wang2023,pCR_arm_CI,1,4,1.0,323,71,1,PD-1,1.3700161716624932,True
TNBC-Wang2023,pCR_arm_CI,1,4,1.0,323,71,1,PD-L1 (73-10),-0.20351688930053757,True
TNBC-Wang2023,pCR_arm_CI,1,4,1.0,323,71,1,PD-L1 (SP142),1.4654725395858699,True
TNBC-Wang2023,pCR_arm_CI,1,4,1.0,323,71,1,PDGFRB,-0.07626922527542118,True
TNBC-Wang2023,pCR_arm_CI,1,4,1.0,323,71,1,PDPN,-0.11034993488419916,True
TNBC-Wang2023,pCR_arm_CI,1,4,1.0,323,71,1,SMA,0.0,False
TNBC-Wang2023,pCR_arm_CI,1,4,1.0,323,71,1,T-bet,0.8907351531291552,True
TNBC-Wang2023,pCR_arm_CI,1,4,1.0,323,71,1,TCF1,0.06538245017261331,True
TNBC-Wang2023,pCR_arm_CI,1,4,1.0,323,71,1,TOX,-0.6572425727069794,True
TNBC-Wang2023,pCR_arm_CI,1,4,1.0,323,71,1,Vimentin,-0.16720169380978275,True
TNBC-Wang2023,pCR_arm_CI,1,4,1.0,323,71,1,c-PARP,0.033186376595047404,True
TNBC-Wang2023,pCR_arm_CI,1,4,1.0,323,71,1,pH2AX,0.1630709192231172,True
TNBC-Wang2023,pCR_arm_CI,1,4,1.0,323,71,1,panCK,0.0,False
TNBC-Wang2023,pCR_arm_CI,2,0,1.0,320,74,1,AR,-0.2699349366378395,True
TNBC-Wang2023,pCR_arm_CI,2,0,1.0,320,74,1,CA9,0.06412202592454327,True
TNBC-Wang2023,pCR_arm_CI,2,0,1.0,320,74,1,CD11c,-0.7003798339656269,True
TNBC-Wang2023,pCR_arm_CI,2,0,1.0,320,74,1,CD15,0.4490425617365809,True
TNBC-Wang2023,pCR_arm_CI,2,0,1.0,320,74,1,CD163,-0.006721294804419595,True
TNBC-Wang2023,pCR_arm_CI,2,0,1.0,320,74,1,CD20,-0.42160612254359675,True
TNBC-Wang2023,pCR_arm_CI,2,0,1.0,320,74,1,CD3,-0.41343950902604754,True
TNBC-Wang2023,pCR_arm_CI,2,0,1.0,320,74,1,CD31,-0.6871011324298292,True
TNBC-Wang2023,pCR_arm_CI,2,0,1.0,320,74,1,CD4,0.23109154209250635,True
TNBC-Wang2023,pCR_arm_CI,2,0,1.0,320,74,1,CD45,-1.0023931802876709,True
TNBC-Wang2023,pCR_arm_CI,2,0,1.0,320,74,1,CD56,0.2635159335719686,True
TNBC-Wang2023,pCR_arm_CI,2,0,1.0,320,74,1,CD68,-0.32117940591347366,True
TNBC-Wang2023,pCR_arm_CI,2,0,1.0,320,74,1,CD79a,0.309187226489202,True
TNBC-Wang2023,pCR_arm_CI,2,0,1.0,320,74,1,CD8,-0.13681259602379903,True
TNBC-Wang2023,pCR_arm_CI,2,0,1.0,320,74,1,CK5/14,0.21879991936584947,True
TNBC-Wang2023,pCR_arm_CI,2,0,1.0,320,74,1,CK8/18,0.000493693904549379,True
TNBC-Wang2023,pCR_arm_CI,2,0,1.0,320,74,1,Calponin,0.33439864063839886,True
TNBC-Wang2023,pCR_arm_CI,2,0,1.0,320,74,1,Carboplatin,-0.012591621782135106,True
TNBC-Wang2023,pCR_arm_CI,2,0,1.0,320,74,1,Caveolin-1,0.0,False
TNBC-Wang2023,pCR_arm_CI,2,0,1.0,320,74,1,DNA1,0.0,False
TNBC-Wang2023,pCR_arm_CI,2,0,1.0,320,74,1,DNA2,-0.4825204163651054,True
TNBC-Wang2023,pCR_arm_CI,2,0,1.0,320,74,1,FOXP3,-0.10119560435852498,True
TNBC-Wang2023,pCR_arm_CI,2,0,1.0,320,74,1,GATA3,0.0974691207372701,True
TNBC-Wang2023,pCR_arm_CI,2,0,1.0,320,74,1,GZMB,0.24055330212405437,True
TNBC-Wang2023,pCR_arm_CI,2,0,1.0,320,74,1,H3,-0.27023569376275103,True
TNBC-Wang2023,pCR_arm_CI,2,0,1.0,320,74,1,HLA-ABC,-0.08564251937961093,True
TNBC-Wang2023,pCR_arm_CI,2,0,1.0,320,74,1,HLA-DR,1.226858035071348,True
TNBC-Wang2023,pCR_arm_CI,2,0,1.0,320,74,1,Helios,0.2966858970516273,True
TNBC-Wang2023,pCR_arm_CI,2,0,1.0,320,74,1,ICOS,0.8263002513472884,True
TNBC-Wang2023,pCR_arm_CI,2,0,1.0,320,74,1,IDO,-0.15019024975315656,True
TNBC-Wang2023,pCR_arm_CI,2,0,1.0,320,74,1,Ki67,0.1797159992556173,True
TNBC-Wang2023,pCR_arm_CI,2,0,1.0,320,74,1,MPO,0.04890458729506688,True
TNBC-Wang2023,pCR_arm_CI,2,0,1.0,320,74,1,OX40,-0.02715058504783352,True
TNBC-Wang2023,pCR_arm_CI,2,0,1.0,320,74,1,PD-1,0.997069358364452,True
TNBC-Wang2023,pCR_arm_CI,2,0,1.0,320,74,1,PD-L1 (73-10),-0.24632835246106222,True
TNBC-Wang2023,pCR_arm_CI,2,0,1.0,320,74,1,PD-L1 (SP142),0.6948698330886236,True
TNBC-Wang2023,pCR_arm_CI,2,0,1.0,320,74,1,PDGFRB,-0.8267690501145403,True
TNBC-Wang2023,pCR_arm_CI,2,0,1.0,320,74,1,PDPN,0.07741661043984088,True
TNBC-Wang2023,pCR_arm_CI,2,0,1.0,320,74,1,SMA,-0.32830150736774943,True
TNBC-Wang2023,pCR_arm_CI,2,0,1.0,320,74,1,T-bet,0.07560256299946946,True
TNBC-Wang2023,pCR_arm_CI,2,0,1.0,320,74,1,TCF1,0.08626985067052423,True
TNBC-Wang2023,pCR_arm_CI,2,0,1.0,320,74,1,TOX,-0.24811638961565494,True
TNBC-Wang2023,pCR_arm_CI,2,0,1.0,320,74,1,Vimentin,-0.10201202726814287,True
TNBC-Wang2023,pCR_arm_CI,2,0,1.0,320,74,1,c-PARP,0.12692328330045416,True
TNBC-Wang2023,pCR_arm_CI,2,0,1.0,320,74,1,pH2AX,0.03894111947260107,True
TNBC-Wang2023,pCR_arm_CI,2,0,1.0,320,74,1,panCK,0.1775294020629234,True
TNBC-Wang2023,pCR_arm_CI,2,1,1.0,299,95,1,AR,-0.4547404656208871,True
TNBC-Wang2023,pCR_arm_CI,2,1,1.0,299,95,1,CA9,0.11352224866499798,True
TNBC-Wang2023,pCR_arm_CI,2,1,1.0,299,95,1,CD11c,-1.067408480871281,True
TNBC-Wang2023,pCR_arm_CI,2,1,1.0,299,95,1,CD15,0.31531170221113974,True
TNBC-Wang2023,pCR_arm_CI,2,1,1.0,299,95,1,CD163,0.14202730243665462,True
TNBC-Wang2023,pCR_arm_CI,2,1,1.0,299,95,1,CD20,-0.2659433290835722,True
TNBC-Wang2023,pCR_arm_CI,2,1,1.0,299,95,1,CD3,-0.08352052357756776,True
TNBC-Wang2023,pCR_arm_CI,2,1,1.0,299,95,1,CD31,-0.4871064521992049,True
TNBC-Wang2023,pCR_arm_CI,2,1,1.0,299,95,1,CD4,0.21324062569941724,True
TNBC-Wang2023,pCR_arm_CI,2,1,1.0,299,95,1,CD45,-0.023223080623069103,True
TNBC-Wang2023,pCR_arm_CI,2,1,1.0,299,95,1,CD56,0.4455722405606685,True
TNBC-Wang2023,pCR_arm_CI,2,1,1.0,299,95,1,CD68,0.07410152548427418,True
TNBC-Wang2023,pCR_arm_CI,2,1,1.0,299,95,1,CD79a,0.3646418478659266,True
TNBC-Wang2023,pCR_arm_CI,2,1,1.0,299,95,1,CD8,0.12489043807612077,True
TNBC-Wang2023,pCR_arm_CI,2,1,1.0,299,95,1,CK5/14,0.3377356482940139,True
TNBC-Wang2023,pCR_arm_CI,2,1,1.0,299,95,1,CK8/18,0.6879063750124824,True
TNBC-Wang2023,pCR_arm_CI,2,1,1.0,299,95,1,Calponin,0.3470553370525168,True
TNBC-Wang2023,pCR_arm_CI,2,1,1.0,299,95,1,Carboplatin,-0.15595072086462197,True
TNBC-Wang2023,pCR_arm_CI,2,1,1.0,299,95,1,Caveolin-1,-0.2596197480023832,True
TNBC-Wang2023,pCR_arm_CI,2,1,1.0,299,95,1,DNA1,0.0600474925658393,True
TNBC-Wang2023,pCR_arm_CI,2,1,1.0,299,95,1,DNA2,-0.4992129956686518,True
TNBC-Wang2023,pCR_arm_CI,2,1,1.0,299,95,1,FOXP3,0.0,False
TNBC-Wang2023,pCR_arm_CI,2,1,1.0,299,95,1,GATA3,-0.14336935788340158,True
TNBC-Wang2023,pCR_arm_CI,2,1,1.0,299,95,1,GZMB,0.01929271982289754,True
TNBC-Wang2023,pCR_arm_CI,2,1,1.0,299,95,1,H3,-0.041344698930627796,True
TNBC-Wang2023,pCR_arm_CI,2,1,1.0,299,95,1,HLA-ABC,-0.21158039385706742,True
TNBC-Wang2023,pCR_arm_CI,2,1,1.0,299,95,1,HLA-DR,0.4702628362416531,True
TNBC-Wang2023,pCR_arm_CI,2,1,1.0,299,95,1,Helios,0.22312263332254412,True
TNBC-Wang2023,pCR_arm_CI,2,1,1.0,299,95,1,ICOS,0.058425016044476814,True
TNBC-Wang2023,pCR_arm_CI,2,1,1.0,299,95,1,IDO,-0.21019330277163653,True
TNBC-Wang2023,pCR_arm_CI,2,1,1.0,299,95,1,Ki67,0.4820007312131122,True
TNBC-Wang2023,pCR_arm_CI,2,1,1.0,299,95,1,MPO,-0.13982627720251015,True
TNBC-Wang2023,pCR_arm_CI,2,1,1.0,299,95,1,OX40,-0.2707664977733806,True
TNBC-Wang2023,pCR_arm_CI,2,1,1.0,299,95,1,PD-1,0.8743514289860224,True
TNBC-Wang2023,pCR_arm_CI,2,1,1.0,299,95,1,PD-L1 (73-10),0.0,False
TNBC-Wang2023,pCR_arm_CI,2,1,1.0,299,95,1,PD-L1 (SP142),0.416780254589579,True
TNBC-Wang2023,pCR_arm_CI,2,1,1.0,299,95,1,PDGFRB,-0.23573641833184292,True
TNBC-Wang2023,pCR_arm_CI,2,1,1.0,299,95,1,PDPN,-0.11150431756304303,True
TNBC-Wang2023,pCR_arm_CI,2,1,1.0,299,95,1,SMA,-0.3736139205952574,True
TNBC-Wang2023,pCR_arm_CI,2,1,1.0,299,95,1,T-bet,0.0,False
TNBC-Wang2023,pCR_arm_CI,2,1,1.0,299,95,1,TCF1,-0.06928405103002373,True
TNBC-Wang2023,pCR_arm_CI,2,1,1.0,299,95,1,TOX,-0.26548928849217546,True
TNBC-Wang2023,pCR_arm_CI,2,1,1.0,299,95,1,Vimentin,-0.6574188873553728,True
TNBC-Wang2023,pCR_arm_CI,2,1,1.0,299,95,1,c-PARP,0.33489708500897314,True
TNBC-Wang2023,pCR_arm_CI,2,1,1.0,299,95,1,pH2AX,0.10605447788518457,True
TNBC-Wang2023,pCR_arm_CI,2,1,1.0,299,95,1,panCK,0.179181928514627,True
TNBC-Wang2023,pCR_arm_CI,2,2,1.0,319,75,1,AR,-0.29255777127843474,True
TNBC-Wang2023,pCR_arm_CI,2,2,1.0,319,75,1,CA9,0.16246801553726342,True
TNBC-Wang2023,pCR_arm_CI,2,2,1.0,319,75,1,CD11c,-0.8646549201479217,True
TNBC-Wang2023,pCR_arm_CI,2,2,1.0,319,75,1,CD15,0.2207910703290053,True
TNBC-Wang2023,pCR_arm_CI,2,2,1.0,319,75,1,CD163,-0.07876891100529533,True
TNBC-Wang2023,pCR_arm_CI,2,2,1.0,319,75,1,CD20,-0.5326967590374914,True
TNBC-Wang2023,pCR_arm_CI,2,2,1.0,319,75,1,CD3,-1.1517850272205588,True
TNBC-Wang2023,pCR_arm_CI,2,2,1.0,319,75,1,CD31,-0.5806972975234657,True
TNBC-Wang2023,pCR_arm_CI,2,2,1.0,319,75,1,CD4,0.7662170372037694,True
TNBC-Wang2023,pCR_arm_CI,2,2,1.0,319,75,1,CD45,-0.811392536058904,True
TNBC-Wang2023,pCR_arm_CI,2,2,1.0,319,75,1,CD56,0.30707129374112896,True
TNBC-Wang2023,pCR_arm_CI,2,2,1.0,319,75,1,CD68,0.0,False
TNBC-Wang2023,pCR_arm_CI,2,2,1.0,319,75,1,CD79a,0.4386661362233996,True
TNBC-Wang2023,pCR_arm_CI,2,2,1.0,319,75,1,CD8,-0.040404462049230316,True
TNBC-Wang2023,pCR_arm_CI,2,2,1.0,319,75,1,CK5/14,0.0,False
TNBC-Wang2023,pCR_arm_CI,2,2,1.0,319,75,1,CK8/18,0.017108225814573504,True
TNBC-Wang2023,pCR_arm_CI,2,2,1.0,319,75,1,Calponin,0.21632722953175257,True
TNBC-Wang2023,pCR_arm_CI,2,2,1.0,319,75,1,Carboplatin,-0.013961148842551459,True
TNBC-Wang2023,pCR_arm_CI,2,2,1.0,319,75,1,Caveolin-1,-0.05401076357947234,True
TNBC-Wang2023,pCR_arm_CI,2,2,1.0,319,75,1,DNA1,-0.005516648043642957,True
TNBC-Wang2023,pCR_arm_CI,2,2,1.0,319,75,1,DNA2,-0.4068427111054011,True
TNBC-Wang2023,pCR_arm_CI,2,2,1.0,319,75,1,FOXP3,-0.18295850170910952,True
TNBC-Wang2023,pCR_arm_CI,2,2,1.0,319,75,1,GATA3,0.0,False
TNBC-Wang2023,pCR_arm_CI,2,2,1.0,319,75,1,GZMB,0.0,False
TNBC-Wang2023,pCR_arm_CI,2,2,1.0,319,75,1,H3,-0.20679451197051488,True
TNBC-Wang2023,pCR_arm_CI,2,2,1.0,319,75,1,HLA-ABC,-0.3567155271489024,True
TNBC-Wang2023,pCR_arm_CI,2,2,1.0,319,75,1,HLA-DR,1.275357424425545,True
TNBC-Wang2023,pCR_arm_CI,2,2,1.0,319,75,1,Helios,0.20324604159782153,True
TNBC-Wang2023,pCR_arm_CI,2,2,1.0,319,75,1,ICOS,0.1710296737376852,True
TNBC-Wang2023,pCR_arm_CI,2,2,1.0,319,75,1,IDO,-0.016527379039916947,True
TNBC-Wang2023,pCR_arm_CI,2,2,1.0,319,75,1,Ki67,0.7750750650971495,True
TNBC-Wang2023,pCR_arm_CI,2,2,1.0,319,75,1,MPO,-0.005168610090503286,True
TNBC-Wang2023,pCR_arm_CI,2,2,1.0,319,75,1,OX40,-0.6860062026838639,True
TNBC-Wang2023,pCR_arm_CI,2,2,1.0,319,75,1,PD-1,1.7211749969487564,True
TNBC-Wang2023,pCR_arm_CI,2,2,1.0,319,75,1,PD-L1 (73-10),0.13458532317525032,True
TNBC-Wang2023,pCR_arm_CI,2,2,1.0,319,75,1,PD-L1 (SP142),0.5493444538042455,True
TNBC-Wang2023,pCR_arm_CI,2,2,1.0,319,75,1,PDGFRB,-0.5122046332918051,True
TNBC-Wang2023,pCR_arm_CI,2,2,1.0,319,75,1,PDPN,-0.09993157030994004,True
TNBC-Wang2023,pCR_arm_CI,2,2,1.0,319,75,1,SMA,-0.2969110450296622,True
TNBC-Wang2023,pCR_arm_CI,2,2,1.0,319,75,1,T-bet,0.27925967629381304,True
TNBC-Wang2023,pCR_arm_CI,2,2,1.0,319,75,1,TCF1,0.3310988989041422,True
TNBC-Wang2023,pCR_arm_CI,2,2,1.0,319,75,1,TOX,-0.4122513966196287,True
TNBC-Wang2023,pCR_arm_CI,2,2,1.0,319,75,1,Vimentin,-0.005271992253539059,True
TNBC-Wang2023,pCR_arm_CI,2,2,1.0,319,75,1,c-PARP,0.316683514030255,True
TNBC-Wang2023,pCR_arm_CI,2,2,1.0,319,75,1,pH2AX,0.06152774389305707,True
TNBC-Wang2023,pCR_arm_CI,2,2,1.0,319,75,1,panCK,-0.08510508746057754,True
TNBC-Wang2023,pCR_arm_CI,2,3,1.0,318,76,1,AR,-0.4194251010533399,True
TNBC-Wang2023,pCR_arm_CI,2,3,1.0,318,76,1,CA9,0.05077696891021297,True
TNBC-Wang2023,pCR_arm_CI,2,3,1.0,318,76,1,CD11c,-0.7556732544624087,True
TNBC-Wang2023,pCR_arm_CI,2,3,1.0,318,76,1,CD15,0.1544557411910429,True
TNBC-Wang2023,pCR_arm_CI,2,3,1.0,318,76,1,CD163,0.05135210684346135,True
TNBC-Wang2023,pCR_arm_CI,2,3,1.0,318,76,1,CD20,-0.8373366167168399,True
TNBC-Wang2023,pCR_arm_CI,2,3,1.0,318,76,1,CD3,0.0,False
TNBC-Wang2023,pCR_arm_CI,2,3,1.0,318,76,1,CD31,-0.7102709476675874,True
TNBC-Wang2023,pCR_arm_CI,2,3,1.0,318,76,1,CD4,0.26640711905871123,True
TNBC-Wang2023,pCR_arm_CI,2,3,1.0,318,76,1,CD45,-0.25828507346296087,True
TNBC-Wang2023,pCR_arm_CI,2,3,1.0,318,76,1,CD56,0.21255927612548486,True
TNBC-Wang2023,pCR_arm_CI,2,3,1.0,318,76,1,CD68,-0.31075017548694434,True
TNBC-Wang2023,pCR_arm_CI,2,3,1.0,318,76,1,CD79a,0.5679156605738014,True
TNBC-Wang2023,pCR_arm_CI,2,3,1.0,318,76,1,CD8,-1.8875884559431106,True
TNBC-Wang2023,pCR_arm_CI,2,3,1.0,318,76,1,CK5/14,0.150597883718461,True
TNBC-Wang2023,pCR_arm_CI,2,3,1.0,318,76,1,CK8/18,0.0,False
TNBC-Wang2023,pCR_arm_CI,2,3,1.0,318,76,1,Calponin,0.3858982393817852,True
TNBC-Wang2023,pCR_arm_CI,2,3,1.0,318,76,1,Carboplatin,-0.3182280491785502,True
TNBC-Wang2023,pCR_arm_CI,2,3,1.0,318,76,1,Caveolin-1,0.12339371591506527,True
TNBC-Wang2023,pCR_arm_CI,2,3,1.0,318,76,1,DNA1,0.3594306300518738,True
TNBC-Wang2023,pCR_arm_CI,2,3,1.0,318,76,1,DNA2,-0.3467509412237154,True
TNBC-Wang2023,pCR_arm_CI,2,3,1.0,318,76,1,FOXP3,-0.3611049297139359,True
TNBC-Wang2023,pCR_arm_CI,2,3,1.0,318,76,1,GATA3,-0.08811385380507804,True
TNBC-Wang2023,pCR_arm_CI,2,3,1.0,318,76,1,GZMB,-0.237715561152847,True
TNBC-Wang2023,pCR_arm_CI,2,3,1.0,318,76,1,H3,-0.14831441144384375,True
TNBC-Wang2023,pCR_arm_CI,2,3,1.0,318,76,1,HLA-ABC,-0.4578060882566754,True
TNBC-Wang2023,pCR_arm_CI,2,3,1.0,318,76,1,HLA-DR,1.0535921134284727,True
TNBC-Wang2023,pCR_arm_CI,2,3,1.0,318,76,1,Helios,0.3662447820842139,True
TNBC-Wang2023,pCR_arm_CI,2,3,1.0,318,76,1,ICOS,1.0235056994156493,True
TNBC-Wang2023,pCR_arm_CI,2,3,1.0,318,76,1,IDO,-0.6416486697353508,True
TNBC-Wang2023,pCR_arm_CI,2,3,1.0,318,76,1,Ki67,0.6807626494088426,True
TNBC-Wang2023,pCR_arm_CI,2,3,1.0,318,76,1,MPO,0.18369256742458728,True
TNBC-Wang2023,pCR_arm_CI,2,3,1.0,318,76,1,OX40,-0.26804401682195744,True
TNBC-Wang2023,pCR_arm_CI,2,3,1.0,318,76,1,PD-1,2.2021189901545175,True
TNBC-Wang2023,pCR_arm_CI,2,3,1.0,318,76,1,PD-L1 (73-10),-0.2566414571254566,True
TNBC-Wang2023,pCR_arm_CI,2,3,1.0,318,76,1,PD-L1 (SP142),0.5627684928481895,True
TNBC-Wang2023,pCR_arm_CI,2,3,1.0,318,76,1,PDGFRB,-0.6704652864899356,True
TNBC-Wang2023,pCR_arm_CI,2,3,1.0,318,76,1,PDPN,0.17122798407543116,True
TNBC-Wang2023,pCR_arm_CI,2,3,1.0,318,76,1,SMA,-0.27758789906248926,True
TNBC-Wang2023,pCR_arm_CI,2,3,1.0,318,76,1,T-bet,0.8719444434404009,True
TNBC-Wang2023,pCR_arm_CI,2,3,1.0,318,76,1,TCF1,0.4397063807499144,True
TNBC-Wang2023,pCR_arm_CI,2,3,1.0,318,76,1,TOX,-0.4986573931637893,True
TNBC-Wang2023,pCR_arm_CI,2,3,1.0,318,76,1,Vimentin,-0.1405725127085967,True
TNBC-Wang2023,pCR_arm_CI,2,3,1.0,318,76,1,c-PARP,-0.11138963537755436,True
TNBC-Wang2023,pCR_arm_CI,2,3,1.0,318,76,1,pH2AX,0.254274514820808,True
TNBC-Wang2023,pCR_arm_CI,2,3,1.0,318,76,1,panCK,0.0,False
TNBC-Wang2023,pCR_arm_CI,2,4,1.0,320,74,1,AR,-0.1245498010871718,True
TNBC-Wang2023,pCR_arm_CI,2,4,1.0,320,74,1,CA9,0.034181217476597574,True
TNBC-Wang2023,pCR_arm_CI,2,4,1.0,320,74,1,CD11c,-0.701608165556273,True
TNBC-Wang2023,pCR_arm_CI,2,4,1.0,320,74,1,CD15,0.37470983609931957,True
TNBC-Wang2023,pCR_arm_CI,2,4,1.0,320,74,1,CD163,0.0,False
TNBC-Wang2023,pCR_arm_CI,2,4,1.0,320,74,1,CD20,-0.6043513520477132,True
TNBC-Wang2023,pCR_arm_CI,2,4,1.0,320,74,1,CD3,-0.43890187684288057,True
TNBC-Wang2023,pCR_arm_CI,2,4,1.0,320,74,1,CD31,-1.0916500312749415,True
TNBC-Wang2023,pCR_arm_CI,2,4,1.0,320,74,1,CD4,0.0,False
TNBC-Wang2023,pCR_arm_CI,2,4,1.0,320,74,1,CD45,-0.5088502227830093,True
TNBC-Wang2023,pCR_arm_CI,2,4,1.0,320,74,1,CD56,0.01822373891360725,True
TNBC-Wang2023,pCR_arm_CI,2,4,1.0,320,74,1,CD68,0.1332580544508949,True
TNBC-Wang2023,pCR_arm_CI,2,4,1.0,320,74,1,CD79a,0.715382070464141,True
TNBC-Wang2023,pCR_arm_CI,2,4,1.0,320,74,1,CD8,-0.05537313836774455,True
TNBC-Wang2023,pCR_arm_CI,2,4,1.0,320,74,1,CK5/14,0.4074112338393233,True
TNBC-Wang2023,pCR_arm_CI,2,4,1.0,320,74,1,CK8/18,0.0,False
TNBC-Wang2023,pCR_arm_CI,2,4,1.0,320,74,1,Calponin,0.44117397705830974,True
TNBC-Wang2023,pCR_arm_CI,2,4,1.0,320,74,1,Carboplatin,-0.0546343897681893,True
TNBC-Wang2023,pCR_arm_CI,2,4,1.0,320,74,1,Caveolin-1,-0.18964523011158677,True
TNBC-Wang2023,pCR_arm_CI,2,4,1.0,320,74,1,DNA1,0.0,False
TNBC-Wang2023,pCR_arm_CI,2,4,1.0,320,74,1,DNA2,-0.9267811764119916,True
TNBC-Wang2023,pCR_arm_CI,2,4,1.0,320,74,1,FOXP3,-0.10070213645172055,True
TNBC-Wang2023,pCR_arm_CI,2,4,1.0,320,74,1,GATA3,0.0,False
TNBC-Wang2023,pCR_arm_CI,2,4,1.0,320,74,1,GZMB,0.05704958961198516,True
TNBC-Wang2023,pCR_arm_CI,2,4,1.0,320,74,1,H3,-0.6424381233308271,True
TNBC-Wang2023,pCR_arm_CI,2,4,1.0,320,74,1,HLA-ABC,0.0,False
TNBC-Wang2023,pCR_arm_CI,2,4,1.0,320,74,1,HLA-DR,0.9189633943430209,True
TNBC-Wang2023,pCR_arm_CI,2,4,1.0,320,74,1,Helios,0.39570659823388576,True
TNBC-Wang2023,pCR_arm_CI,2,4,1.0,320,74,1,ICOS,0.0,False
TNBC-Wang2023,pCR_arm_CI,2,4,1.0,320,74,1,IDO,-0.16609187532485448,True
TNBC-Wang2023,pCR_arm_CI,2,4,1.0,320,74,1,Ki67,0.831410044006682,True
TNBC-Wang2023,pCR_arm_CI,2,4,1.0,320,74,1,MPO,0.09519357173674951,True
TNBC-Wang2023,pCR_arm_CI,2,4,1.0,320,74,1,OX40,-0.5298403219280498,True
TNBC-Wang2023,pCR_arm_CI,2,4,1.0,320,74,1,PD-1,1.2832351230211414,True
TNBC-Wang2023,pCR_arm_CI,2,4,1.0,320,74,1,PD-L1 (73-10),0.11327866909260963,True
TNBC-Wang2023,pCR_arm_CI,2,4,1.0,320,74,1,PD-L1 (SP142),0.5713071072307807,True
TNBC-Wang2023,pCR_arm_CI,2,4,1.0,320,74,1,PDGFRB,-0.2859670617994412,True
TNBC-Wang2023,pCR_arm_CI,2,4,1.0,320,74,1,PDPN,-0.37323734803926234,True
TNBC-Wang2023,pCR_arm_CI,2,4,1.0,320,74,1,SMA,0.0,False
TNBC-Wang2023,pCR_arm_CI,2,4,1.0,320,74,1,T-bet,0.5622690104782783,True
TNBC-Wang2023,pCR_arm_CI,2,4,1.0,320,74,1,TCF1,-0.07498836533418475,True
TNBC-Wang2023,pCR_arm_CI,2,4,1.0,320,74,1,TOX,-0.22128107578876904,True
TNBC-Wang2023,pCR_arm_CI,2,4,1.0,320,74,1,Vimentin,0.01412034822857413,True
TNBC-Wang2023,pCR_arm_CI,2,4,1.0,320,74,1,c-PARP,0.0,False
TNBC-Wang2023,pCR_arm_CI,2,4,1.0,320,74,1,pH2AX,0.1823062297541345,True
TNBC-Wang2023,pCR_arm_CI,2,4,1.0,320,74,1,panCK,0.0,False
TNBC-Wang2023,pCR_all,0,0,1.0,619,147,1,AR,-0.3627322269228021,True
TNBC-Wang2023,pCR_all,0,0,1.0,619,147,1,CA9,0.02618088661774305,True
TNBC-Wang2023,pCR_all,0,0,1.0,619,147,1,CD11c,-0.3631915111526667,True
TNBC-Wang2023,pCR_all,0,0,1.0,619,147,1,CD15,0.18307530107123696,True
TNBC-Wang2023,pCR_all,0,0,1.0,619,147,1,CD163,0.0,False
TNBC-Wang2023,pCR_all,0,0,1.0,619,147,1,CD20,-0.5194026785597294,True
TNBC-Wang2023,pCR_all,0,0,1.0,619,147,1,CD3,0.0,False
TNBC-Wang2023,pCR_all,0,0,1.0,619,147,1,CD31,-0.17851235634647367,True
TNBC-Wang2023,pCR_all,0,0,1.0,619,147,1,CD4,0.18382673380708636,True
TNBC-Wang2023,pCR_all,0,0,1.0,619,147,1,CD45,-0.090417054436305,True
TNBC-Wang2023,pCR_all,0,0,1.0,619,147,1,CD56,0.13731921190283214,True
TNBC-Wang2023,pCR_all,0,0,1.0,619,147,1,CD68,0.0,False
TNBC-Wang2023,pCR_all,0,0,1.0,619,147,1,CD79a,0.31702683854559666,True
TNBC-Wang2023,pCR_all,0,0,1.0,619,147,1,CD8,-0.24678410307977264,True
TNBC-Wang2023,pCR_all,0,0,1.0,619,147,1,CK5/14,0.2731233874073433,True
TNBC-Wang2023,pCR_all,0,0,1.0,619,147,1,CK8/18,0.050370534993444224,True
TNBC-Wang2023,pCR_all,0,0,1.0,619,147,1,Calponin,0.10718668766677081,True
TNBC-Wang2023,pCR_all,0,0,1.0,619,147,1,Carboplatin,0.0603225731665764,True
TNBC-Wang2023,pCR_all,0,0,1.0,619,147,1,Caveolin-1,-0.22350897228148336,True
TNBC-Wang2023,pCR_all,0,0,1.0,619,147,1,DNA1,0.11719291057306881,True
TNBC-Wang2023,pCR_all,0,0,1.0,619,147,1,DNA2,-0.14484259742620717,True
TNBC-Wang2023,pCR_all,0,0,1.0,619,147,1,FOXP3,-0.2578576425976412,True
TNBC-Wang2023,pCR_all,0,0,1.0,619,147,1,GATA3,0.13330038295788504,True
TNBC-Wang2023,pCR_all,0,0,1.0,619,147,1,GZMB,0.13700939817419497,True
TNBC-Wang2023,pCR_all,0,0,1.0,619,147,1,H3,-0.27177891697214684,True
TNBC-Wang2023,pCR_all,0,0,1.0,619,147,1,HLA-ABC,-0.05969576471141849,True
TNBC-Wang2023,pCR_all,0,0,1.0,619,147,1,HLA-DR,0.46106795850491233,True
TNBC-Wang2023,pCR_all,0,0,1.0,619,147,1,Helios,0.03621754590915615,True
TNBC-Wang2023,pCR_all,0,0,1.0,619,147,1,ICOS,0.0021733543376177412,True
TNBC-Wang2023,pCR_all,0,0,1.0,619,147,1,IDO,-0.006846252054164446,True
TNBC-Wang2023,pCR_all,0,0,1.0,619,147,1,Ki67,0.16367700981834404,True
TNBC-Wang2023,pCR_all,0,0,1.0,619,147,1,MPO,0.023729054508114245,True
TNBC-Wang2023,pCR_all,0,0,1.0,619,147,1,OX40,0.09460499700642258,True
TNBC-Wang2023,pCR_all,0,0,1.0,619,147,1,PD-1,0.37124519089421454,True
TNBC-Wang2023,pCR_all,0,0,1.0,619,147,1,PD-L1 (73-10),0.0,False
TNBC-Wang2023,pCR_all,0,0,1.0,619,147,1,PD-L1 (SP142),0.03851077173258975,True
TNBC-Wang2023,pCR_all,0,0,1.0,619,147,1,PDGFRB,-0.504180813513401,True
TNBC-Wang2023,pCR_all,0,0,1.0,619,147,1,PDPN,0.08049375004631619,True
TNBC-Wang2023,pCR_all,0,0,1.0,619,147,1,SMA,-0.39426079985728696,True
TNBC-Wang2023,pCR_all,0,0,1.0,619,147,1,T-bet,0.33207870598334543,True
TNBC-Wang2023,pCR_all,0,0,1.0,619,147,1,TCF1,0.06975894863033574,True
TNBC-Wang2023,pCR_all,0,0,1.0,619,147,1,TOX,0.1546722952656497,True
TNBC-Wang2023,pCR_all,0,0,1.0,619,147,1,Vimentin,-0.18014649342614067,True
TNBC-Wang2023,pCR_all,0,0,1.0,619,147,1,c-PARP,0.11428496037213823,True
TNBC-Wang2023,pCR_all,0,0,1.0,619,147,1,pH2AX,-0.004667563694380583,True
TNBC-Wang2023,pCR_all,0,0,1.0,619,147,1,panCK,0.018097383835508747,True
TNBC-Wang2023,pCR_all,0,1,1.0,612,154,1,AR,-0.3201576483408525,True
TNBC-Wang2023,pCR_all,0,1,1.0,612,154,1,CA9,0.07995984204897116,True
TNBC-Wang2023,pCR_all,0,1,1.0,612,154,1,CD11c,-0.7252450537405616,True
TNBC-Wang2023,pCR_all,0,1,1.0,612,154,1,CD15,0.14820302175574815,True
TNBC-Wang2023,pCR_all,0,1,1.0,612,154,1,CD163,0.19160243429113388,True
TNBC-Wang2023,pCR_all,0,1,1.0,612,154,1,CD20,-0.523694898853309,True
TNBC-Wang2023,pCR_all,0,1,1.0,612,154,1,CD3,0.16193369362530208,True
TNBC-Wang2023,pCR_all,0,1,1.0,612,154,1,CD31,-0.011413861567113976,True
TNBC-Wang2023,pCR_all,0,1,1.0,612,154,1,CD4,0.9177334007174214,True
TNBC-Wang2023,pCR_all,0,1,1.0,612,154,1,CD45,-0.796902737184817,True
TNBC-Wang2023,pCR_all,0,1,1.0,612,154,1,CD56,0.08058330283603551,True
TNBC-Wang2023,pCR_all,0,1,1.0,612,154,1,CD68,-0.09016089119869428,True
TNBC-Wang2023,pCR_all,0,1,1.0,612,154,1,CD79a,0.4712371443908266,True
TNBC-Wang2023,pCR_all,0,1,1.0,612,154,1,CD8,-0.2396468153963775,True
TNBC-Wang2023,pCR_all,0,1,1.0,612,154,1,CK5/14,0.47639715003995164,True
TNBC-Wang2023,pCR_all,0,1,1.0,612,154,1,CK8/18,-0.035890789085119446,True
TNBC-Wang2023,pCR_all,0,1,1.0,612,154,1,Calponin,0.10788873701073327,True
TNBC-Wang2023,pCR_all,0,1,1.0,612,154,1,Carboplatin,0.14570718503853686,True
TNBC-Wang2023,pCR_all,0,1,1.0,612,154,1,Caveolin-1,0.04686845051247819,True
TNBC-Wang2023,pCR_all,0,1,1.0,612,154,1,DNA1,0.15077177021357763,True
TNBC-Wang2023,pCR_all,0,1,1.0,612,154,1,DNA2,-0.1614880194910947,True
TNBC-Wang2023,pCR_all,0,1,1.0,612,154,1,FOXP3,-0.6850916031477537,True
TNBC-Wang2023,pCR_all,0,1,1.0,612,154,1,GATA3,0.07267476380613778,True
TNBC-Wang2023,pCR_all,0,1,1.0,612,154,1,GZMB,0.0,False
TNBC-Wang2023,pCR_all,0,1,1.0,612,154,1,H3,-0.2251859908111408,True
TNBC-Wang2023,pCR_all,0,1,1.0,612,154,1,HLA-ABC,-0.1470498296533241,True
TNBC-Wang2023,pCR_all,0,1,1.0,612,154,1,HLA-DR,0.8163513948150746,True
TNBC-Wang2023,pCR_all,0,1,1.0,612,154,1,Helios,0.11242188200503418,True
TNBC-Wang2023,pCR_all,0,1,1.0,612,154,1,ICOS,-0.14419370763660036,True
TNBC-Wang2023,pCR_all,0,1,1.0,612,154,1,IDO,-0.06400435635541413,True
TNBC-Wang2023,pCR_all,0,1,1.0,612,154,1,Ki67,0.3680686621185203,True
TNBC-Wang2023,pCR_all,0,1,1.0,612,154,1,MPO,0.01932217683402237,True
TNBC-Wang2023,pCR_all,0,1,1.0,612,154,1,OX40,0.12305013979780624,True
TNBC-Wang2023,pCR_all,0,1,1.0,612,154,1,PD-1,0.5468167787347314,True
TNBC-Wang2023,pCR_all,0,1,1.0,612,154,1,PD-L1 (73-10),0.0,False
TNBC-Wang2023,pCR_all,0,1,1.0,612,154,1,PD-L1 (SP142),0.12384150893413114,True
TNBC-Wang2023,pCR_all,0,1,1.0,612,154,1,PDGFRB,-0.4401425188040785,True
TNBC-Wang2023,pCR_all,0,1,1.0,612,154,1,PDPN,0.244491122292772,True
TNBC-Wang2023,pCR_all,0,1,1.0,612,154,1,SMA,-0.9479747744388756,True
TNBC-Wang2023,pCR_all,0,1,1.0,612,154,1,T-bet,0.4363483059333361,True
TNBC-Wang2023,pCR_all,0,1,1.0,612,154,1,TCF1,-0.3223485668499671,True
TNBC-Wang2023,pCR_all,0,1,1.0,612,154,1,TOX,0.009937909699291838,True
TNBC-Wang2023,pCR_all,0,1,1.0,612,154,1,Vimentin,-0.032066311999753204,True
TNBC-Wang2023,pCR_all,0,1,1.0,612,154,1,c-PARP,0.48673955324978313,True
TNBC-Wang2023,pCR_all,0,1,1.0,612,154,1,pH2AX,0.01887359293327244,True
TNBC-Wang2023,pCR_all,0,1,1.0,612,154,1,panCK,0.0218644126077661,True
TNBC-Wang2023,pCR_all,0,2,1.0,612,154,1,AR,-0.1861451006619399,True
TNBC-Wang2023,pCR_all,0,2,1.0,612,154,1,CA9,0.09217375439881825,True
TNBC-Wang2023,pCR_all,0,2,1.0,612,154,1,CD11c,-0.2936893401338443,True
TNBC-Wang2023,pCR_all,0,2,1.0,612,154,1,CD15,0.11208379278910997,True
TNBC-Wang2023,pCR_all,0,2,1.0,612,154,1,CD163,0.0,False
TNBC-Wang2023,pCR_all,0,2,1.0,612,154,1,CD20,-0.5111610555362298,True
TNBC-Wang2023,pCR_all,0,2,1.0,612,154,1,CD3,-0.15290941316072412,True
TNBC-Wang2023,pCR_all,0,2,1.0,612,154,1,CD31,-0.48571148180496126,True
TNBC-Wang2023,pCR_all,0,2,1.0,612,154,1,CD4,0.4560880465227777,True
TNBC-Wang2023,pCR_all,0,2,1.0,612,154,1,CD45,-0.13252337951537338,True
TNBC-Wang2023,pCR_all,0,2,1.0,612,154,1,CD56,0.1452350754040548,True
TNBC-Wang2023,pCR_all,0,2,1.0,612,154,1,CD68,-0.1064999621478672,True
TNBC-Wang2023,pCR_all,0,2,1.0,612,154,1,CD79a,0.4244913018287614,True
TNBC-Wang2023,pCR_all,0,2,1.0,612,154,1,CD8,-0.41022686815159665,True
TNBC-Wang2023,pCR_all,0,2,1.0,612,154,1,CK5/14,0.1627112053486132,True
TNBC-Wang2023,pCR_all,0,2,1.0,612,154,1,CK8/18,-0.1392864855185424,True
TNBC-Wang2023,pCR_all,0,2,1.0,612,154,1,Calponin,-0.0453069157017257,True
TNBC-Wang2023,pCR_all,0,2,1.0,612,154,1,Carboplatin,0.04316259838347401,True
TNBC-Wang2023,pCR_all,0,2,1.0,612,154,1,Caveolin-1,0.07018047263155879,True
TNBC-Wang2023,pCR_all,0,2,1.0,612,154,1,DNA1,0.1833225017003621,True
TNBC-Wang2023,pCR_all,0,2,1.0,612,154,1,DNA2,-0.1287467871065162,True
TNBC-Wang2023,pCR_all,0,2,1.0,612,154,1,FOXP3,-0.2311895317311168,True
TNBC-Wang2023,pCR_all,0,2,1.0,612,154,1,GATA3,0.08698193180020582,True
TNBC-Wang2023,pCR_all,0,2,1.0,612,154,1,GZMB,0.222702632688933,True
TNBC-Wang2023,pCR_all,0,2,1.0,612,154,1,H3,-0.019630968265298532,True
TNBC-Wang2023,pCR_all,0,2,1.0,612,154,1,HLA-ABC,0.0,False
TNBC-Wang2023,pCR_all,0,2,1.0,612,154,1,HLA-DR,0.33014016405563745,True
TNBC-Wang2023,pCR_all,0,2,1.0,612,154,1,Helios,0.11902946489069953,True
TNBC-Wang2023,pCR_all,0,2,1.0,612,154,1,ICOS,0.0,False
TNBC-Wang2023,pCR_all,0,2,1.0,612,154,1,IDO,-0.04754580993833469,True
TNBC-Wang2023,pCR_all,0,2,1.0,612,154,1,Ki67,0.29849255275259956,True
TNBC-Wang2023,pCR_all,0,2,1.0,612,154,1,MPO,0.1810330645765785,True
TNBC-Wang2023,pCR_all,0,2,1.0,612,154,1,OX40,-0.09453345018119183,True
TNBC-Wang2023,pCR_all,0,2,1.0,612,154,1,PD-1,0.8306195706879644,True
TNBC-Wang2023,pCR_all,0,2,1.0,612,154,1,PD-L1 (73-10),0.0,False
TNBC-Wang2023,pCR_all,0,2,1.0,612,154,1,PD-L1 (SP142),-0.10397647663932831,True
TNBC-Wang2023,pCR_all,0,2,1.0,612,154,1,PDGFRB,-0.11427909051542713,True
TNBC-Wang2023,pCR_all,0,2,1.0,612,154,1,PDPN,0.18054395902103879,True
TNBC-Wang2023,pCR_all,0,2,1.0,612,154,1,SMA,-0.35373922045306216,True
TNBC-Wang2023,pCR_all,0,2,1.0,612,154,1,T-bet,0.12202577755025995,True
TNBC-Wang2023,pCR_all,0,2,1.0,612,154,1,TCF1,0.0006925433349422738,True
TNBC-Wang2023,pCR_all,0,2,1.0,612,154,1,TOX,-0.08717988813130252,True
TNBC-Wang2023,pCR_all,0,2,1.0,612,154,1,Vimentin,-0.07549194250788033,True
TNBC-Wang2023,pCR_all,0,2,1.0,612,154,1,c-PARP,0.2536391331398192,True
TNBC-Wang2023,pCR_all,0,2,1.0,612,154,1,pH2AX,0.06575368351816559,True
TNBC-Wang2023,pCR_all,0,2,1.0,612,154,1,panCK,-0.10081691991727085,True
TNBC-Wang2023,pCR_all,0,3,1.0,609,157,1,AR,-0.21198560380865,True
TNBC-Wang2023,pCR_all,0,3,1.0,609,157,1,CA9,0.04630392555375138,True
TNBC-Wang2023,pCR_all,0,3,1.0,609,157,1,CD11c,-0.569896198143795,True
TNBC-Wang2023,pCR_all,0,3,1.0,609,157,1,CD15,0.09741570775611147,True
TNBC-Wang2023,pCR_all,0,3,1.0,609,157,1,CD163,-0.09184757844291351,True
TNBC-Wang2023,pCR_all,0,3,1.0,609,157,1,CD20,-0.49886697108514444,True
TNBC-Wang2023,pCR_all,0,3,1.0,609,157,1,CD3,-0.37103049970096913,True
TNBC-Wang2023,pCR_all,0,3,1.0,609,157,1,CD31,-0.4590284099045929,True
TNBC-Wang2023,pCR_all,0,3,1.0,609,157,1,CD4,0.6392873952199464,True
TNBC-Wang2023,pCR_all,0,3,1.0,609,157,1,CD45,-0.3866193962226199,True
TNBC-Wang2023,pCR_all,0,3,1.0,609,157,1,CD56,0.1019078781301078,True
TNBC-Wang2023,pCR_all,0,3,1.0,609,157,1,CD68,-0.011283069498027048,True
TNBC-Wang2023,pCR_all,0,3,1.0,609,157,1,CD79a,0.7755696675238661,True
TNBC-Wang2023,pCR_all,0,3,1.0,609,157,1,CD8,-0.19076187412321996,True
TNBC-Wang2023,pCR_all,0,3,1.0,609,157,1,CK5/14,0.29272597630429953,True
TNBC-Wang2023,pCR_all,0,3,1.0,609,157,1,CK8/18,0.0075727871479244245,True
TNBC-Wang2023,pCR_all,0,3,1.0,609,157,1,Calponin,-0.052823319375731204,True
TNBC-Wang2023,pCR_all,0,3,1.0,609,157,1,Carboplatin,0.14340147708265805,True
TNBC-Wang2023,pCR_all,0,3,1.0,609,157,1,Caveolin-1,0.23921894599186688,True
TNBC-Wang2023,pCR_all,0,3,1.0,609,157,1,DNA1,0.2698863570194241,True
TNBC-Wang2023,pCR_all,0,3,1.0,609,157,1,DNA2,-0.11955271374387608,True
TNBC-Wang2023,pCR_all,0,3,1.0,609,157,1,FOXP3,0.0,False
TNBC-Wang2023,pCR_all,0,3,1.0,609,157,1,GATA3,0.1293664755222408,True
TNBC-Wang2023,pCR_all,0,3,1.0,609,157,1,GZMB,0.4364877839981093,True
TNBC-Wang2023,pCR_all,0,3,1.0,609,157,1,H3,-0.24406684883903046,True
TNBC-Wang2023,pCR_all,0,3,1.0,609,157,1,HLA-ABC,-0.10811138006324962,True
TNBC-Wang2023,pCR_all,0,3,1.0,609,157,1,HLA-DR,0.7346837070645243,True
TNBC-Wang2023,pCR_all,0,3,1.0,609,157,1,Helios,0.13358535417758982,True
TNBC-Wang2023,pCR_all,0,3,1.0,609,157,1,ICOS,0.0,False
TNBC-Wang2023,pCR_all,0,3,1.0,609,157,1,IDO,0.04915321373710612,True
TNBC-Wang2023,pCR_all,0,3,1.0,609,157,1,Ki67,0.31422321763474537,True
TNBC-Wang2023,pCR_all,0,3,1.0,609,157,1,MPO,0.20463924826224175,True
TNBC-Wang2023,pCR_all,0,3,1.0,609,157,1,OX40,-0.08832815869576173,True
TNBC-Wang2023,pCR_all,0,3,1.0,609,157,1,PD-1,0.4700817173304307,True
TNBC-Wang2023,pCR_all,0,3,1.0,609,157,1,PD-L1 (73-10),0.0,False
TNBC-Wang2023,pCR_all,0,3,1.0,609,157,1,PD-L1 (SP142),0.004652374626175019,True
TNBC-Wang2023,pCR_all,0,3,1.0,609,157,1,PDGFRB,-0.2755402279111192,True
TNBC-Wang2023,pCR_all,0,3,1.0,609,157,1,PDPN,0.0,False
TNBC-Wang2023,pCR_all,0,3,1.0,609,157,1,SMA,-0.3028690584117976,True
TNBC-Wang2023,pCR_all,0,3,1.0,609,157,1,T-bet,0.15854326788122766,True
TNBC-Wang2023,pCR_all,0,3,1.0,609,157,1,TCF1,-0.31562199156773674,True
TNBC-Wang2023,pCR_all,0,3,1.0,609,157,1,TOX,-0.11195761352777778,True
TNBC-Wang2023,pCR_all,0,3,1.0,609,157,1,Vimentin,-0.18251658029989065,True
TNBC-Wang2023,pCR_all,0,3,1.0,609,157,1,c-PARP,0.3291520147732732,True
TNBC-Wang2023,pCR_all,0,3,1.0,609,157,1,pH2AX,0.14512770557693333,True
TNBC-Wang2023,pCR_all,0,3,1.0,609,157,1,panCK,0.023915147118836536,True
TNBC-Wang2023,pCR_all,0,4,1.0,612,154,1,AR,-0.24586435631999554,True
TNBC-Wang2023,pCR_all,0,4,1.0,612,154,1,CA9,0.13411416474040153,True
TNBC-Wang2023,pCR_all,0,4,1.0,612,154,1,CD11c,-0.38300659803593107,True
TNBC-Wang2023,pCR_all,0,4,1.0,612,154,1,CD15,0.17768805432009083,True
TNBC-Wang2023,pCR_all,0,4,1.0,612,154,1,CD163,-0.028549333609296623,True
TNBC-Wang2023,pCR_all,0,4,1.0,612,154,1,CD20,-0.2564962074603391,True
TNBC-Wang2023,pCR_all,0,4,1.0,612,154,1,CD3,0.0,False
TNBC-Wang2023,pCR_all,0,4,1.0,612,154,1,CD31,-0.2835975075368708,True
TNBC-Wang2023,pCR_all,0,4,1.0,612,154,1,CD4,0.41648364448824576,True
TNBC-Wang2023,pCR_all,0,4,1.0,612,154,1,CD45,-0.1929858311634965,True
TNBC-Wang2023,pCR_all,0,4,1.0,612,154,1,CD56,0.014025175787585975,True
TNBC-Wang2023,pCR_all,0,4,1.0,612,154,1,CD68,0.07809512508204985,True
TNBC-Wang2023,pCR_all,0,4,1.0,612,154,1,CD79a,0.2183339011344118,True
TNBC-Wang2023,pCR_all,0,4,1.0,612,154,1,CD8,-0.12623781157993139,True
TNBC-Wang2023,pCR_all,0,4,1.0,612,154,1,CK5/14,0.21787044640607078,True
TNBC-Wang2023,pCR_all,0,4,1.0,612,154,1,CK8/18,-0.036441755008706334,True
TNBC-Wang2023,pCR_all,0,4,1.0,612,154,1,Calponin,-0.08802381196444485,True
TNBC-Wang2023,pCR_all,0,4,1.0,612,154,1,Carboplatin,-0.1214776168622923,True
TNBC-Wang2023,pCR_all,0,4,1.0,612,154,1,Caveolin-1,0.0,False
TNBC-Wang2023,pCR_all,0,4,1.0,612,154,1,DNA1,0.27181778775001125,True
TNBC-Wang2023,pCR_all,0,4,1.0,612,154,1,DNA2,-0.31375429372555796,True
TNBC-Wang2023,pCR_all,0,4,1.0,612,154,1,FOXP3,-0.660922976077227,True
TNBC-Wang2023,pCR_all,0,4,1.0,612,154,1,GATA3,-0.0682970854430397,True
TNBC-Wang2023,pCR_all,0,4,1.0,612,154,1,GZMB,0.17608703787929422,True
TNBC-Wang2023,pCR_all,0,4,1.0,612,154,1,H3,-0.3255621147875866,True
TNBC-Wang2023,pCR_all,0,4,1.0,612,154,1,HLA-ABC,-0.054181909183740724,True
TNBC-Wang2023,pCR_all,0,4,1.0,612,154,1,HLA-DR,0.5085643249080052,True
TNBC-Wang2023,pCR_all,0,4,1.0,612,154,1,Helios,0.3707277414487185,True
TNBC-Wang2023,pCR_all,0,4,1.0,612,154,1,ICOS,0.3231402301828795,True
TNBC-Wang2023,pCR_all,0,4,1.0,612,154,1,IDO,-0.22332602638821306,True
TNBC-Wang2023,pCR_all,0,4,1.0,612,154,1,Ki67,0.11768717131813017,True
TNBC-Wang2023,pCR_all,0,4,1.0,612,154,1,MPO,0.06489411386736586,True
TNBC-Wang2023,pCR_all,0,4,1.0,612,154,1,OX40,-0.21201098728930004,True
TNBC-Wang2023,pCR_all,0,4,1.0,612,154,1,PD-1,0.0,False
TNBC-Wang2023,pCR_all,0,4,1.0,612,154,1,PD-L1 (73-10),0.1334035009862553,True
TNBC-Wang2023,pCR_all,0,4,1.0,612,154,1,PD-L1 (SP142),0.27287838664140907,True
TNBC-Wang2023,pCR_all,0,4,1.0,612,154,1,PDGFRB,-0.36172656835176725,True
TNBC-Wang2023,pCR_all,0,4,1.0,612,154,1,PDPN,0.0,False
TNBC-Wang2023,pCR_all,0,4,1.0,612,154,1,SMA,-0.05456935247736931,True
TNBC-Wang2023,pCR_all,0,4,1.0,612,154,1,T-bet,0.6217584302820799,True
TNBC-Wang2023,pCR_all,0,4,1.0,612,154,1,TCF1,-0.3126108714973912,True
TNBC-Wang2023,pCR_all,0,4,1.0,612,154,1,TOX,-0.0605249465653202,True
TNBC-Wang2023,pCR_all,0,4,1.0,612,154,1,Vimentin,-0.2510565521157357,True
TNBC-Wang2023,pCR_all,0,4,1.0,612,154,1,c-PARP,0.29058260639901584,True
TNBC-Wang2023,pCR_all,0,4,1.0,612,154,1,pH2AX,-0.058526801695716335,True
TNBC-Wang2023,pCR_all,0,4,1.0,612,154,1,panCK,0.09818579212970117,True
TNBC-Wang2023,pCR_all,1,0,1.0,608,158,1,AR,-0.3340653318036112,True
TNBC-Wang2023,pCR_all,1,0,1.0,608,158,1,CA9,-0.028685530297065335,True
TNBC-Wang2023,pCR_all,1,0,1.0,608,158,1,CD11c,-0.3570436332028631,True
TNBC-Wang2023,pCR_all,1,0,1.0,608,158,1,CD15,0.32634556357742456,True
TNBC-Wang2023,pCR_all,1,0,1.0,608,158,1,CD163,0.0,False
TNBC-Wang2023,pCR_all,1,0,1.0,608,158,1,CD20,-0.5221167505949479,True
TNBC-Wang2023,pCR_all,1,0,1.0,608,158,1,CD3,0.0666119306570852,True
TNBC-Wang2023,pCR_all,1,0,1.0,608,158,1,CD31,-0.18930176924724476,True
TNBC-Wang2023,pCR_all,1,0,1.0,608,158,1,CD4,0.6931823218834035,True
TNBC-Wang2023,pCR_all,1,0,1.0,608,158,1,CD45,-0.3922018816472148,True
TNBC-Wang2023,pCR_all,1,0,1.0,608,158,1,CD56,0.1846639696665957,True
TNBC-Wang2023,pCR_all,1,0,1.0,608,158,1,CD68,-0.20307765940118286,True
TNBC-Wang2023,pCR_all,1,0,1.0,608,158,1,CD79a,0.19662651972869266,True
TNBC-Wang2023,pCR_all,1,0,1.0,608,158,1,CD8,-0.6044107611527886,True
TNBC-Wang2023,pCR_all,1,0,1.0,608,158,1,CK5/14,0.28637519252487076,True
TNBC-Wang2023,pCR_all,1,0,1.0,608,158,1,CK8/18,0.055880901097782015,True
TNBC-Wang2023,pCR_all,1,0,1.0,608,158,1,Calponin,0.0017214846755758922,True
TNBC-Wang2023,pCR_all,1,0,1.0,608,158,1,Carboplatin,0.053998387934381296,True
TNBC-Wang2023,pCR_all,1,0,1.0,608,158,1,Caveolin-1,0.0726145076581644,True
TNBC-Wang2023,pCR_all,1,0,1.0,608,158,1,DNA1,0.2992702167371408,True
TNBC-Wang2023,pCR_all,1,0,1.0,608,158,1,DNA2,-0.09473887718180374,True
TNBC-Wang2023,pCR_all,1,0,1.0,608,158,1,FOXP3,-0.6595807225100437,True
TNBC-Wang2023,pCR_all,1,0,1.0,608,158,1,GATA3,-0.011976391747225167,True
TNBC-Wang2023,pCR_all,1,0,1.0,608,158,1,GZMB,0.45814841722246474,True
TNBC-Wang2023,pCR_all,1,0,1.0,608,158,1,H3,-0.23019864398926893,True
TNBC-Wang2023,pCR_all,1,0,1.0,608,158,1,HLA-ABC,-0.10252966085841027,True
TNBC-Wang2023,pCR_all,1,0,1.0,608,158,1,HLA-DR,0.5847411312833096,True
TNBC-Wang2023,pCR_all,1,0,1.0,608,158,1,Helios,0.1154344367659393,True
TNBC-Wang2023,pCR_all,1,0,1.0,608,158,1,ICOS,0.42902810317253853,True
TNBC-Wang2023,pCR_all,1,0,1.0,608,158,1,IDO,-0.1325621747683722,True
TNBC-Wang2023,pCR_all,1,0,1.0,608,158,1,Ki67,0.2958547900905814,True
TNBC-Wang2023,pCR_all,1,0,1.0,608,158,1,MPO,0.07952571684828687,True
TNBC-Wang2023,pCR_all,1,0,1.0,608,158,1,OX40,-0.17222026263464482,True
TNBC-Wang2023,pCR_all,1,0,1.0,608,158,1,PD-1,0.6150633449347949,True
TNBC-Wang2023,pCR_all,1,0,1.0,608,158,1,PD-L1 (73-10),0.00909124641384839,True
TNBC-Wang2023,pCR_all,1,0,1.0,608,158,1,PD-L1 (SP142),0.12055840114270207,True
TNBC-Wang2023,pCR_all,1,0,1.0,608,158,1,PDGFRB,-0.22024253014911543,True
TNBC-Wang2023,pCR_all,1,0,1.0,608,158,1,PDPN,0.16279083360492558,True
TNBC-Wang2023,pCR_all,1,0,1.0,608,158,1,SMA,-0.418647215327262,True
TNBC-Wang2023,pCR_all,1,0,1.0,608,158,1,T-bet,0.0,False
TNBC-Wang2023,pCR_all,1,0,1.0,608,158,1,TCF1,0.0,False
TNBC-Wang2023,pCR_all,1,0,1.0,608,158,1,TOX,-0.1873680294520801,True
TNBC-Wang2023,pCR_all,1,0,1.0,608,158,1,Vimentin,-0.11813342378462428,True
TNBC-Wang2023,pCR_all,1,0,1.0,608,158,1,c-PARP,0.3601838730693665,True
TNBC-Wang2023,pCR_all,1,0,1.0,608,158,1,pH2AX,-0.004949446654976378,True
TNBC-Wang2023,pCR_all,1,0,1.0,608,158,1,panCK,-0.02720573289600996,True
TNBC-Wang2023,pCR_all,1,1,1.0,619,147,1,AR,-0.4170153726714199,True
TNBC-Wang2023,pCR_all,1,1,1.0,619,147,1,CA9,0.15584663857395903,True
TNBC-Wang2023,pCR_all,1,1,1.0,619,147,1,CD11c,-0.2694723439820709,True
TNBC-Wang2023,pCR_all,1,1,1.0,619,147,1,CD15,0.07483954009132357,True
TNBC-Wang2023,pCR_all,1,1,1.0,619,147,1,CD163,-0.017755022367491546,True
TNBC-Wang2023,pCR_all,1,1,1.0,619,147,1,CD20,-0.5256278362749414,True
TNBC-Wang2023,pCR_all,1,1,1.0,619,147,1,CD3,0.1497480151931704,True
TNBC-Wang2023,pCR_all,1,1,1.0,619,147,1,CD31,-0.37546450150879707,True
TNBC-Wang2023,pCR_all,1,1,1.0,619,147,1,CD4,0.07487498858741894,True
TNBC-Wang2023,pCR_all,1,1,1.0,619,147,1,CD45,-0.17006351405784279,True
TNBC-Wang2023,pCR_all,1,1,1.0,619,147,1,CD56,0.09558801752371353,True
TNBC-Wang2023,pCR_all,1,1,1.0,619,147,1,CD68,0.06396302962708102,True
TNBC-Wang2023,pCR_all,1,1,1.0,619,147,1,CD79a,0.5586361041926886,True
TNBC-Wang2023,pCR_all,1,1,1.0,619,147,1,CD8,-0.413288088718671,True
TNBC-Wang2023,pCR_all,1,1,1.0,619,147,1,CK5/14,0.26871934114189266,True
TNBC-Wang2023,pCR_all,1,1,1.0,619,147,1,CK8/18,-0.08137021384696287,True
TNBC-Wang2023,pCR_all,1,1,1.0,619,147,1,Calponin,0.0,False
TNBC-Wang2023,pCR_all,1,1,1.0,619,147,1,Carboplatin,0.20509521236628114,True
TNBC-Wang2023,pCR_all,1,1,1.0,619,147,1,Caveolin-1,-0.12397341847609739,True
TNBC-Wang2023,pCR_all,1,1,1.0,619,147,1,DNA1,0.4003040860942233,True
TNBC-Wang2023,pCR_all,1,1,1.0,619,147,1,DNA2,-0.3021450074784236,True
TNBC-Wang2023,pCR_all,1,1,1.0,619,147,1,FOXP3,-0.32426682303223164,True
TNBC-Wang2023,pCR_all,1,1,1.0,619,147,1,GATA3,0.21507520920799475,True
TNBC-Wang2023,pCR_all,1,1,1.0,619,147,1,GZMB,0.19428865358485237,True
TNBC-Wang2023,pCR_all,1,1,1.0,619,147,1,H3,-0.13160367760820396,True
TNBC-Wang2023,pCR_all,1,1,1.0,619,147,1,HLA-ABC,-0.04322959805408192,True
TNBC-Wang2023,pCR_all,1,1,1.0,619,147,1,HLA-DR,0.6018845316311974,True
TNBC-Wang2023,pCR_all,1,1,1.0,619,147,1,Helios,0.0,False
TNBC-Wang2023,pCR_all,1,1,1.0,619,147,1,ICOS,0.00494052347151177,True
TNBC-Wang2023,pCR_all,1,1,1.0,619,147,1,IDO,-0.06737001813137358,True
TNBC-Wang2023,pCR_all,1,1,1.0,619,147,1,Ki67,0.1604258932297395,True
TNBC-Wang2023,pCR_all,1,1,1.0,619,147,1,MPO,0.1310481074923547,True
TNBC-Wang2023,pCR_all,1,1,1.0,619,147,1,OX40,0.06240211574730127,True
TNBC-Wang2023,pCR_all,1,1,1.0,619,147,1,PD-1,0.39595348721709384,True
TNBC-Wang2023,pCR_all,1,1,1.0,619,147,1,PD-L1 (73-10),0.0,False
TNBC-Wang2023,pCR_all,1,1,1.0,619,147,1,PD-L1 (SP142),0.0,False
TNBC-Wang2023,pCR_all,1,1,1.0,619,147,1,PDGFRB,-0.42457932892972544,True
TNBC-Wang2023,pCR_all,1,1,1.0,619,147,1,PDPN,-0.06426061155648555,True
TNBC-Wang2023,pCR_all,1,1,1.0,619,147,1,SMA,-0.3335635140341457,True
TNBC-Wang2023,pCR_all,1,1,1.0,619,147,1,T-bet,0.5614121103115735,True
TNBC-Wang2023,pCR_all,1,1,1.0,619,147,1,TCF1,0.0,False
TNBC-Wang2023,pCR_all,1,1,1.0,619,147,1,TOX,0.0,False
TNBC-Wang2023,pCR_all,1,1,1.0,619,147,1,Vimentin,-0.32799790863459966,True
TNBC-Wang2023,pCR_all,1,1,1.0,619,147,1,c-PARP,0.1314596594804342,True
TNBC-Wang2023,pCR_all,1,1,1.0,619,147,1,pH2AX,0.030962110516038092,True
TNBC-Wang2023,pCR_all,1,1,1.0,619,147,1,panCK,0.10258861178878842,True
TNBC-Wang2023,pCR_all,1,2,1.0,598,168,1,AR,-0.3095364289168338,True
TNBC-Wang2023,pCR_all,1,2,1.0,598,168,1,CA9,0.07996058920513133,True
TNBC-Wang2023,pCR_all,1,2,1.0,598,168,1,CD11c,-0.5058442875972483,True
TNBC-Wang2023,pCR_all,1,2,1.0,598,168,1,CD15,0.21805755246007263,True
TNBC-Wang2023,pCR_all,1,2,1.0,598,168,1,CD163,0.14907539537872014,True
TNBC-Wang2023,pCR_all,1,2,1.0,598,168,1,CD20,-0.5852217842033618,True
TNBC-Wang2023,pCR_all,1,2,1.0,598,168,1,CD3,-0.3892606611307349,True
TNBC-Wang2023,pCR_all,1,2,1.0,598,168,1,CD31,-0.40524115759563956,True
TNBC-Wang2023,pCR_all,1,2,1.0,598,168,1,CD4,0.29233411570461504,True
TNBC-Wang2023,pCR_all,1,2,1.0,598,168,1,CD45,-0.03541125223149238,True
TNBC-Wang2023,pCR_all,1,2,1.0,598,168,1,CD56,-0.025552314244294543,True
TNBC-Wang2023,pCR_all,1,2,1.0,598,168,1,CD68,-0.06936743318928895,True
TNBC-Wang2023,pCR_all,1,2,1.0,598,168,1,CD79a,0.5261365147868613,True
TNBC-Wang2023,pCR_all,1,2,1.0,598,168,1,CD8,0.0,False
TNBC-Wang2023,pCR_all,1,2,1.0,598,168,1,CK5/14,0.21467037390137428,True
TNBC-Wang2023,pCR_all,1,2,1.0,598,168,1,CK8/18,0.029152286288050274,True
TNBC-Wang2023,pCR_all,1,2,1.0,598,168,1,Calponin,0.07611229728888497,True
TNBC-Wang2023,pCR_all,1,2,1.0,598,168,1,Carboplatin,-0.14703181359530212,True
TNBC-Wang2023,pCR_all,1,2,1.0,598,168,1,Caveolin-1,0.034280286272218505,True
TNBC-Wang2023,pCR_all,1,2,1.0,598,168,1,DNA1,0.09884728485679523,True
TNBC-Wang2023,pCR_all,1,2,1.0,598,168,1,DNA2,-0.4295913689666754,True
TNBC-Wang2023,pCR_all,1,2,1.0,598,168,1,FOXP3,-0.43271952963271354,True
TNBC-Wang2023,pCR_all,1,2,1.0,598,168,1,GATA3,-0.07480490272196962,True
TNBC-Wang2023,pCR_all,1,2,1.0,598,168,1,GZMB,0.025012092303613013,True
TNBC-Wang2023,pCR_all,1,2,1.0,598,168,1,H3,-0.23967054549288222,True
TNBC-Wang2023,pCR_all,1,2,1.0,598,168,1,HLA-ABC,0.0,False
TNBC-Wang2023,pCR_all,1,2,1.0,598,168,1,HLA-DR,0.6383411934559063,True
TNBC-Wang2023,pCR_all,1,2,1.0,598,168,1,Helios,0.23989304683858556,True
TNBC-Wang2023,pCR_all,1,2,1.0,598,168,1,ICOS,-0.039560259937434554,True
TNBC-Wang2023,pCR_all,1,2,1.0,598,168,1,IDO,0.06380957407261592,True
TNBC-Wang2023,pCR_all,1,2,1.0,598,168,1,Ki67,0.3154736466694485,True
TNBC-Wang2023,pCR_all,1,2,1.0,598,168,1,MPO,0.13695628614593433,True
TNBC-Wang2023,pCR_all,1,2,1.0,598,168,1,OX40,-0.04219637740621777,True
TNBC-Wang2023,pCR_all,1,2,1.0,598,168,1,PD-1,0.5353894629784602,True
TNBC-Wang2023,pCR_all,1,2,1.0,598,168,1,PD-L1 (73-10),0.0,False
TNBC-Wang2023,pCR_all,1,2,1.0,598,168,1,PD-L1 (SP142),0.0,False
TNBC-Wang2023,pCR_all,1,2,1.0,598,168,1,PDGFRB,-0.24984607834293956,True
TNBC-Wang2023,pCR_all,1,2,1.0,598,168,1,PDPN,0.0984485915802883,True
TNBC-Wang2023,pCR_all,1,2,1.0,598,168,1,SMA,-0.4915305642125919,True
TNBC-Wang2023,pCR_all,1,2,1.0,598,168,1,T-bet,0.6516656572062514,True
TNBC-Wang2023,pCR_all,1,2,1.0,598,168,1,TCF1,-0.3035054764479886,True
TNBC-Wang2023,pCR_all,1,2,1.0,598,168,1,TOX,0.1206371882894112,True
TNBC-Wang2023,pCR_all,1,2,1.0,598,168,1,Vimentin,-0.19949677845042718,True
TNBC-Wang2023,pCR_all,1,2,1.0,598,168,1,c-PARP,0.21766978020145822,True
TNBC-Wang2023,pCR_all,1,2,1.0,598,168,1,pH2AX,0.0,False
TNBC-Wang2023,pCR_all,1,2,1.0,598,168,1,panCK,0.12313775335167614,True
TNBC-Wang2023,pCR_all,1,3,1.0,618,148,1,AR,-0.19745968010554696,True
TNBC-Wang2023,pCR_all,1,3,1.0,618,148,1,CA9,0.03883060216733122,True
TNBC-Wang2023,pCR_all,1,3,1.0,618,148,1,CD11c,-0.4391142125124938,True
TNBC-Wang2023,pCR_all,1,3,1.0,618,148,1,CD15,0.12145200246367588,True
TNBC-Wang2023,pCR_all,1,3,1.0,618,148,1,CD163,-0.06281793731186962,True
TNBC-Wang2023,pCR_all,1,3,1.0,618,148,1,CD20,-0.4137139093885465,True
TNBC-Wang2023,pCR_all,1,3,1.0,618,148,1,CD3,0.04938642014848365,True
TNBC-Wang2023,pCR_all,1,3,1.0,618,148,1,CD31,-0.17604627887768998,True
TNBC-Wang2023,pCR_all,1,3,1.0,618,148,1,CD4,0.5171976556808892,True
TNBC-Wang2023,pCR_all,1,3,1.0,618,148,1,CD45,-0.4711785044544791,True
TNBC-Wang2023,pCR_all,1,3,1.0,618,148,1,CD56,0.03530537261502406,True
TNBC-Wang2023,pCR_all,1,3,1.0,618,148,1,CD68,0.12062582983728565,True
TNBC-Wang2023,pCR_all,1,3,1.0,618,148,1,CD79a,0.320611367805757,True
TNBC-Wang2023,pCR_all,1,3,1.0,618,148,1,CD8,-0.20129414177367755,True
TNBC-Wang2023,pCR_all,1,3,1.0,618,148,1,CK5/14,0.3141147104938241,True
TNBC-Wang2023,pCR_all,1,3,1.0,618,148,1,CK8/18,-0.25792700328101115,True
TNBC-Wang2023,pCR_all,1,3,1.0,618,148,1,Calponin,0.0037454941853285757,True
TNBC-Wang2023,pCR_all,1,3,1.0,618,148,1,Carboplatin,0.1221565973124658,True
TNBC-Wang2023,pCR_all,1,3,1.0,618,148,1,Caveolin-1,0.04261345024368194,True
TNBC-Wang2023,pCR_all,1,3,1.0,618,148,1,DNA1,0.020634824222658804,True
TNBC-Wang2023,pCR_all,1,3,1.0,618,148,1,DNA2,0.011315906950651124,True
TNBC-Wang2023,pCR_all,1,3,1.0,618,148,1,FOXP3,-0.09279452779231809,True
TNBC-Wang2023,pCR_all,1,3,1.0,618,148,1,GATA3,0.24368804817603426,True
TNBC-Wang2023,pCR_all,1,3,1.0,618,148,1,GZMB,0.18302156889781965,True
TNBC-Wang2023,pCR_all,1,3,1.0,618,148,1,H3,-0.2184329845812439,True
TNBC-Wang2023,pCR_all,1,3,1.0,618,148,1,HLA-ABC,-0.2151448153747958,True
TNBC-Wang2023,pCR_all,1,3,1.0,618,148,1,HLA-DR,0.5215131404656421,True
TNBC-Wang2023,pCR_all,1,3,1.0,618,148,1,Helios,0.11098423365333183,True
TNBC-Wang2023,pCR_all,1,3,1.0,618,148,1,ICOS,-0.1317789775080357,True
TNBC-Wang2023,pCR_all,1,3,1.0,618,148,1,IDO,0.0,False
TNBC-Wang2023,pCR_all,1,3,1.0,618,148,1,Ki67,0.20302150526721263,True
TNBC-Wang2023,pCR_all,1,3,1.0,618,148,1,MPO,0.0,False
TNBC-Wang2023,pCR_all,1,3,1.0,618,148,1,OX40,0.0,False
TNBC-Wang2023,pCR_all,1,3,1.0,618,148,1,PD-1,0.47331966663190217,True
TNBC-Wang2023,pCR_all,1,3,1.0,618,148,1,PD-L1 (73-10),0.02980627962586338,True
TNBC-Wang2023,pCR_all,1,3,1.0,618,148,1,PD-L1 (SP142),-0.014437748874473293,True
TNBC-Wang2023,pCR_all,1,3,1.0,618,148,1,PDGFRB,-0.4050949437682686,True
TNBC-Wang2023,pCR_all,1,3,1.0,618,148,1,PDPN,0.28390185731302636,True
TNBC-Wang2023,pCR_all,1,3,1.0,618,148,1,SMA,-0.5583500730139893,True
TNBC-Wang2023,pCR_all,1,3,1.0,618,148,1,T-bet,0.08778637505467383,True
TNBC-Wang2023,pCR_all,1,3,1.0,618,148,1,TCF1,-0.3220670302835849,True
TNBC-Wang2023,pCR_all,1,3,1.0,618,148,1,TOX,-0.043289404792005846,True
TNBC-Wang2023,pCR_all,1,3,1.0,618,148,1,Vimentin,-0.146917724987016,True
TNBC-Wang2023,pCR_all,1,3,1.0,618,148,1,c-PARP,0.5646614177528207,True
TNBC-Wang2023,pCR_all,1,3,1.0,618,148,1,pH2AX,0.13939203492173557,True
TNBC-Wang2023,pCR_all,1,3,1.0,618,148,1,panCK,0.0,False
TNBC-Wang2023,pCR_all,1,4,1.0,621,145,1,AR,-0.1854717861830334,True
TNBC-Wang2023,pCR_all,1,4,1.0,621,145,1,CA9,0.1419228196747792,True
TNBC-Wang2023,pCR_all,1,4,1.0,621,145,1,CD11c,-0.7320223281542737,True
TNBC-Wang2023,pCR_all,1,4,1.0,621,145,1,CD15,-0.008694333839754273,True
TNBC-Wang2023,pCR_all,1,4,1.0,621,145,1,CD163,0.10582510476151978,True
TNBC-Wang2023,pCR_all,1,4,1.0,621,145,1,CD20,-0.46844434326581924,True
TNBC-Wang2023,pCR_all,1,4,1.0,621,145,1,CD3,-0.15741694650683727,True
TNBC-Wang2023,pCR_all,1,4,1.0,621,145,1,CD31,-0.3255300385144635,True
TNBC-Wang2023,pCR_all,1,4,1.0,621,145,1,CD4,0.8485589086461162,True
TNBC-Wang2023,pCR_all,1,4,1.0,621,145,1,CD45,-0.5433196171023145,True
TNBC-Wang2023,pCR_all,1,4,1.0,621,145,1,CD56,0.21605847244443813,True
TNBC-Wang2023,pCR_all,1,4,1.0,621,145,1,CD68,-0.0017165337917973808,True
TNBC-Wang2023,pCR_all,1,4,1.0,621,145,1,CD79a,0.5103840850586912,True
TNBC-Wang2023,pCR_all,1,4,1.0,621,145,1,CD8,-0.2318231085105795,True
TNBC-Wang2023,pCR_all,1,4,1.0,621,145,1,CK5/14,0.24228899846638619,True
TNBC-Wang2023,pCR_all,1,4,1.0,621,145,1,CK8/18,-0.06450254403547026,True
TNBC-Wang2023,pCR_all,1,4,1.0,621,145,1,Calponin,-0.011445429012655087,True
TNBC-Wang2023,pCR_all,1,4,1.0,621,145,1,Carboplatin,0.12804725928134203,True
TNBC-Wang2023,pCR_all,1,4,1.0,621,145,1,Caveolin-1,0.05238432052852961,True
TNBC-Wang2023,pCR_all,1,4,1.0,621,145,1,DNA1,0.17965168128922754,True
TNBC-Wang2023,pCR_all,1,4,1.0,621,145,1,DNA2,-0.18734110959638992,True
TNBC-Wang2023,pCR_all,1,4,1.0,621,145,1,FOXP3,-0.3849683646762411,True
TNBC-Wang2023,pCR_all,1,4,1.0,621,145,1,GATA3,0.012374771566918075,True
TNBC-Wang2023,pCR_all,1,4,1.0,621,145,1,GZMB,0.12942403104832417,True
TNBC-Wang2023,pCR_all,1,4,1.0,621,145,1,H3,-0.3036231691659876,True
TNBC-Wang2023,pCR_all,1,4,1.0,621,145,1,HLA-ABC,-0.033347678486385715,True
TNBC-Wang2023,pCR_all,1,4,1.0,621,145,1,HLA-DR,0.5404133068695657,True
TNBC-Wang2023,pCR_all,1,4,1.0,621,145,1,Helios,0.37822999939977897,True
TNBC-Wang2023,pCR_all,1,4,1.0,621,145,1,ICOS,0.0,False
TNBC-Wang2023,pCR_all,1,4,1.0,621,145,1,IDO,-0.07444149727254169,True
TNBC-Wang2023,pCR_all,1,4,1.0,621,145,1,Ki67,0.2252111868338353,True
TNBC-Wang2023,pCR_all,1,4,1.0,621,145,1,MPO,0.30350632874443845,True
TNBC-Wang2023,pCR_all,1,4,1.0,621,145,1,OX40,-0.07673026864440743,True
TNBC-Wang2023,pCR_all,1,4,1.0,621,145,1,PD-1,0.3481937267881309,True
TNBC-Wang2023,pCR_all,1,4,1.0,621,145,1,PD-L1 (73-10),0.042462465128875124,True
TNBC-Wang2023,pCR_all,1,4,1.0,621,145,1,PD-L1 (SP142),0.07341764746469946,True
TNBC-Wang2023,pCR_all,1,4,1.0,621,145,1,PDGFRB,-0.366634010087914,True
TNBC-Wang2023,pCR_all,1,4,1.0,621,145,1,PDPN,0.06653471118121947,True
TNBC-Wang2023,pCR_all,1,4,1.0,621,145,1,SMA,-0.3728872913841949,True
TNBC-Wang2023,pCR_all,1,4,1.0,621,145,1,T-bet,0.3992661903541272,True
TNBC-Wang2023,pCR_all,1,4,1.0,621,145,1,TCF1,0.004624391510790005,True
TNBC-Wang2023,pCR_all,1,4,1.0,621,145,1,TOX,-0.07351378494277519,True
TNBC-Wang2023,pCR_all,1,4,1.0,621,145,1,Vimentin,-0.01869493730737521,True
TNBC-Wang2023,pCR_all,1,4,1.0,621,145,1,c-PARP,0.3481421766113922,True
TNBC-Wang2023,pCR_all,1,4,1.0,621,145,1,pH2AX,0.020818969320265578,True
TNBC-Wang2023,pCR_all,1,4,1.0,621,145,1,panCK,-0.014726124774877999,True
TNBC-Wang2023,pCR_all,2,0,1.0,597,169,1,AR,-0.24514219327371456,True
TNBC-Wang2023,pCR_all,2,0,1.0,597,169,1,CA9,0.0,False
TNBC-Wang2023,pCR_all,2,0,1.0,597,169,1,CD11c,-0.5605619281634332,True
TNBC-Wang2023,pCR_all,2,0,1.0,597,169,1,CD15,0.0,False
TNBC-Wang2023,pCR_all,2,0,1.0,597,169,1,CD163,0.11071986090035459,True
TNBC-Wang2023,pCR_all,2,0,1.0,597,169,1,CD20,-0.5512638200757329,True
TNBC-Wang2023,pCR_all,2,0,1.0,597,169,1,CD3,-0.31165536052418985,True
TNBC-Wang2023,pCR_all,2,0,1.0,597,169,1,CD31,-0.26922579900857196,True
TNBC-Wang2023,pCR_all,2,0,1.0,597,169,1,CD4,0.7465009262388949,True
TNBC-Wang2023,pCR_all,2,0,1.0,597,169,1,CD45,-0.513078378364125,True
TNBC-Wang2023,pCR_all,2,0,1.0,597,169,1,CD56,0.3177839568131149,True
TNBC-Wang2023,pCR_all,2,0,1.0,597,169,1,CD68,0.12743451414407242,True
TNBC-Wang2023,pCR_all,2,0,1.0,597,169,1,CD79a,0.36923833304574344,True
TNBC-Wang2023,pCR_all,2,0,1.0,597,169,1,CD8,0.0,False
TNBC-Wang2023,pCR_all,2,0,1.0,597,169,1,CK5/14,0.3365304678655755,True
TNBC-Wang2023,pCR_all,2,0,1.0,597,169,1,CK8/18,-0.0005424158353580341,True
TNBC-Wang2023,pCR_all,2,0,1.0,597,169,1,Calponin,0.2268193968604057,True
TNBC-Wang2023,pCR_all,2,0,1.0,597,169,1,Carboplatin,-0.21313683091999008,True
TNBC-Wang2023,pCR_all,2,0,1.0,597,169,1,Caveolin-1,0.2216423041854046,True
TNBC-Wang2023,pCR_all,2,0,1.0,597,169,1,DNA1,0.18943762305020723,True
TNBC-Wang2023,pCR_all,2,0,1.0,597,169,1,DNA2,-0.11115374899025146,True
TNBC-Wang2023,pCR_all,2,0,1.0,597,169,1,FOXP3,-0.3032466523353706,True
TNBC-Wang2023,pCR_all,2,0,1.0,597,169,1,GATA3,-0.043144524569870724,True
TNBC-Wang2023,pCR_all,2,0,1.0,597,169,1,GZMB,0.14937722541238624,True
TNBC-Wang2023,pCR_all,2,0,1.0,597,169,1,H3,-0.03715556500777919,True
TNBC-Wang2023,pCR_all,2,0,1.0,597,169,1,HLA-ABC,-0.1408111338784492,True
TNBC-Wang2023,pCR_all,2,0,1.0,597,169,1,HLA-DR,0.46781473851900857,True
TNBC-Wang2023,pCR_all,2,0,1.0,597,169,1,Helios,0.2888219373455167,True
TNBC-Wang2023,pCR_all,2,0,1.0,597,169,1,ICOS,-0.11260984699061619,True
TNBC-Wang2023,pCR_all,2,0,1.0,597,169,1,IDO,-0.043557481133637665,True
TNBC-Wang2023,pCR_all,2,0,1.0,597,169,1,Ki67,0.22133170593179202,True
TNBC-Wang2023,pCR_all,2,0,1.0,597,169,1,MPO,0.0510120466147266,True
TNBC-Wang2023,pCR_all,2,0,1.0,597,169,1,OX40,0.0,False
TNBC-Wang2023,pCR_all,2,0,1.0,597,169,1,PD-1,0.5205070824190229,True
TNBC-Wang2023,pCR_all,2,0,1.0,597,169,1,PD-L1 (73-10),0.09742862100208852,True
TNBC-Wang2023,pCR_all,2,0,1.0,597,169,1,PD-L1 (SP142),0.0,False
TNBC-Wang2023,pCR_all,2,0,1.0,597,169,1,PDGFRB,-0.46921787140306914,True
TNBC-Wang2023,pCR_all,2,0,1.0,597,169,1,PDPN,0.09520695291056072,True
TNBC-Wang2023,pCR_all,2,0,1.0,597,169,1,SMA,-0.5862479965411727,True
TNBC-Wang2023,pCR_all,2,0,1.0,597,169,1,T-bet,0.18995578351224915,True
TNBC-Wang2023,pCR_all,2,0,1.0,597,169,1,TCF1,-0.0063998940280160215,True
TNBC-Wang2023,pCR_all,2,0,1.0,597,169,1,TOX,0.0600111722623375,True
TNBC-Wang2023,pCR_all,2,0,1.0,597,169,1,Vimentin,-0.2023389471419688,True
TNBC-Wang2023,pCR_all,2,0,1.0,597,169,1,c-PARP,0.3593067089170531,True
TNBC-Wang2023,pCR_all,2,0,1.0,597,169,1,pH2AX,0.1773008450532465,True
TNBC-Wang2023,pCR_all,2,0,1.0,597,169,1,panCK,0.19810555715872313,True
TNBC-Wang2023,pCR_all,2,1,1.0,617,149,1,AR,-0.05684707853164329,True
TNBC-Wang2023,pCR_all,2,1,1.0,617,149,1,CA9,0.06160828630010558,True
TNBC-Wang2023,pCR_all,2,1,1.0,617,149,1,CD11c,-0.4609084153295273,True
TNBC-Wang2023,pCR_all,2,1,1.0,617,149,1,CD15,0.06694523176090336,True
TNBC-Wang2023,pCR_all,2,1,1.0,617,149,1,CD163,-0.10742268044110576,True
TNBC-Wang2023,pCR_all,2,1,1.0,617,149,1,CD20,-0.6213634274610478,True
TNBC-Wang2023,pCR_all,2,1,1.0,617,149,1,CD3,0.0,False
TNBC-Wang2023,pCR_all,2,1,1.0,617,149,1,CD31,-0.28028782908234523,True
TNBC-Wang2023,pCR_all,2,1,1.0,617,149,1,CD4,0.3176455902482377,True
TNBC-Wang2023,pCR_all,2,1,1.0,617,149,1,CD45,-0.373864060481825,True
TNBC-Wang2023,pCR_all,2,1,1.0,617,149,1,CD56,0.0535953587720387,True
TNBC-Wang2023,pCR_all,2,1,1.0,617,149,1,CD68,-0.06242564025060886,True
TNBC-Wang2023,pCR_all,2,1,1.0,617,149,1,CD79a,0.4051114943437113,True
TNBC-Wang2023,pCR_all,2,1,1.0,617,149,1,CD8,-0.6029679837524802,True
TNBC-Wang2023,pCR_all,2,1,1.0,617,149,1,CK5/14,0.4608358008182087,True
TNBC-Wang2023,pCR_all,2,1,1.0,617,149,1,CK8/18,0.0,False
TNBC-Wang2023,pCR_all,2,1,1.0,617,149,1,Calponin,-0.07081155523342997,True
TNBC-Wang2023,pCR_all,2,1,1.0,617,149,1,Carboplatin,0.12734944047970326,True
TNBC-Wang2023,pCR_all,2,1,1.0,617,149,1,Caveolin-1,-0.07794633249064181,True
TNBC-Wang2023,pCR_all,2,1,1.0,617,149,1,DNA1,0.12380111660725374,True
TNBC-Wang2023,pCR_all,2,1,1.0,617,149,1,DNA2,-0.16237601845733812,True
TNBC-Wang2023,pCR_all,2,1,1.0,617,149,1,FOXP3,-0.16601209467953293,True
TNBC-Wang2023,pCR_all,2,1,1.0,617,149,1,GATA3,0.21135858765727122,True
TNBC-Wang2023,pCR_all,2,1,1.0,617,149,1,GZMB,0.5767776101397233,True
TNBC-Wang2023,pCR_all,2,1,1.0,617,149,1,H3,-0.2735151803440743,True
TNBC-Wang2023,pCR_all,2,1,1.0,617,149,1,HLA-ABC,-0.019235168669665105,True
TNBC-Wang2023,pCR_all,2,1,1.0,617,149,1,HLA-DR,0.6663791760292359,True
TNBC-Wang2023,pCR_all,2,1,1.0,617,149,1,Helios,0.09819168297594721,True
TNBC-Wang2023,pCR_all,2,1,1.0,617,149,1,ICOS,0.0,False
TNBC-Wang2023,pCR_all,2,1,1.0,617,149,1,IDO,-0.15384244662542648,True
TNBC-Wang2023,pCR_all,2,1,1.0,617,149,1,Ki67,0.2984926446090212,True
TNBC-Wang2023,pCR_all,2,1,1.0,617,149,1,MPO,0.29382984311674837,True
TNBC-Wang2023,pCR_all,2,1,1.0,617,149,1,OX40,-0.24036736526539496,True
TNBC-Wang2023,pCR_all,2,1,1.0,617,149,1,PD-1,0.6176590017179433,True
TNBC-Wang2023,pCR_all,2,1,1.0,617,149,1,PD-L1 (73-10),0.19659855140929386,True
TNBC-Wang2023,pCR_all,2,1,1.0,617,149,1,PD-L1 (SP142),0.0,False
TNBC-Wang2023,pCR_all,2,1,1.0,617,149,1,PDGFRB,-0.21921631522532672,True
TNBC-Wang2023,pCR_all,2,1,1.0,617,149,1,PDPN,-0.07952169277487336,True
TNBC-Wang2023,pCR_all,2,1,1.0,617,149,1,SMA,-0.22687146713263348,True
TNBC-Wang2023,pCR_all,2,1,1.0,617,149,1,T-bet,0.40573806802034024,True
TNBC-Wang2023,pCR_all,2,1,1.0,617,149,1,TCF1,-0.18413859851206313,True
TNBC-Wang2023,pCR_all,2,1,1.0,617,149,1,TOX,-0.12409349873295353,True
TNBC-Wang2023,pCR_all,2,1,1.0,617,149,1,Vimentin,-0.28777163457896354,True
TNBC-Wang2023,pCR_all,2,1,1.0,617,149,1,c-PARP,0.15721736379284504,True
TNBC-Wang2023,pCR_all,2,1,1.0,617,149,1,pH2AX,0.0,False
TNBC-Wang2023,pCR_all,2,1,1.0,617,149,1,panCK,-0.027729821333354072,True
TNBC-Wang2023,pCR_all,2,2,1.0,620,146,1,AR,-0.2674018946901881,True
TNBC-Wang2023,pCR_all,2,2,1.0,620,146,1,CA9,0.1568453143414904,True
TNBC-Wang2023,pCR_all,2,2,1.0,620,146,1,CD11c,-0.46006040965908,True
TNBC-Wang2023,pCR_all,2,2,1.0,620,146,1,CD15,0.18416403673691245,True
TNBC-Wang2023,pCR_all,2,2,1.0,620,146,1,CD163,0.08025194928407742,True
TNBC-Wang2023,pCR_all,2,2,1.0,620,146,1,CD20,-0.3802965236984635,True
TNBC-Wang2023,pCR_all,2,2,1.0,620,146,1,CD3,0.0,False
TNBC-Wang2023,pCR_all,2,2,1.0,620,146,1,CD31,-0.31037119276053804,True
TNBC-Wang2023,pCR_all,2,2,1.0,620,146,1,CD4,0.4679620249469167,True
TNBC-Wang2023,pCR_all,2,2,1.0,620,146,1,CD45,-0.29009825227068536,True
TNBC-Wang2023,pCR_all,2,2,1.0,620,146,1,CD56,0.1531193667941598,True
TNBC-Wang2023,pCR_all,2,2,1.0,620,146,1,CD68,0.0,False
TNBC-Wang2023,pCR_all,2,2,1.0,620,146,1,CD79a,0.5440697655131941,True
TNBC-Wang2023,pCR_all,2,2,1.0,620,146,1,CD8,-0.17197493321883958,True
TNBC-Wang2023,pCR_all,2,2,1.0,620,146,1,CK5/14,0.2694529941682757,True
TNBC-Wang2023,pCR_all,2,2,1.0,620,146,1,CK8/18,-0.12478039348801606,True
TNBC-Wang2023,pCR_all,2,2,1.0,620,146,1,Calponin,-0.10892025469243491,True
TNBC-Wang2023,pCR_all,2,2,1.0,620,146,1,Carboplatin,0.08894634939703835,True
TNBC-Wang2023,pCR_all,2,2,1.0,620,146,1,Caveolin-1,-0.01095799876533539,True
TNBC-Wang2023,pCR_all,2,2,1.0,620,146,1,DNA1,0.30993985049062617,True
TNBC-Wang2023,pCR_all,2,2,1.0,620,146,1,DNA2,-0.14352219293755838,True
TNBC-Wang2023,pCR_all,2,2,1.0,620,146,1,FOXP3,-0.22528878231418217,True
TNBC-Wang2023,pCR_all,2,2,1.0,620,146,1,GATA3,0.26513488001290597,True
TNBC-Wang2023,pCR_all,2,2,1.0,620,146,1,GZMB,-0.10446735547931113,True
TNBC-Wang2023,pCR_all,2,2,1.0,620,146,1,H3,-0.36769285390311973,True
TNBC-Wang2023,pCR_all,2,2,1.0,620,146,1,HLA-ABC,-0.06065520837074,True
TNBC-Wang2023,pCR_all,2,2,1.0,620,146,1,HLA-DR,0.6609959111324302,True
TNBC-Wang2023,pCR_all,2,2,1.0,620,146,1,Helios,0.09129351057905526,True
TNBC-Wang2023,pCR_all,2,2,1.0,620,146,1,ICOS,-0.18540717872618442,True
TNBC-Wang2023,pCR_all,2,2,1.0,620,146,1,IDO,0.0,False
TNBC-Wang2023,pCR_all,2,2,1.0,620,146,1,Ki67,0.29287005995191917,True
TNBC-Wang2023,pCR_all,2,2,1.0,620,146,1,MPO,0.0548650028970466,True
TNBC-Wang2023,pCR_all,2,2,1.0,620,146,1,OX40,0.0,False
TNBC-Wang2023,pCR_all,2,2,1.0,620,146,1,PD-1,0.4114029567286054,True
TNBC-Wang2023,pCR_all,2,2,1.0,620,146,1,PD-L1 (73-10),-0.06864463043801589,True
TNBC-Wang2023,pCR_all,2,2,1.0,620,146,1,PD-L1 (SP142),0.30874816787747983,True
TNBC-Wang2023,pCR_all,2,2,1.0,620,146,1,PDGFRB,-0.43839202354417994,True
TNBC-Wang2023,pCR_all,2,2,1.0,620,146,1,PDPN,0.20526440318092234,True
TNBC-Wang2023,pCR_all,2,2,1.0,620,146,1,SMA,-0.18319064739799257,True
TNBC-Wang2023,pCR_all,2,2,1.0,620,146,1,T-bet,0.13775584547921357,True
TNBC-Wang2023,pCR_all,2,2,1.0,620,146,1,TCF1,-0.17355836813673647,True
TNBC-Wang2023,pCR_all,2,2,1.0,620,146,1,TOX,0.0,False
TNBC-Wang2023,pCR_all,2,2,1.0,620,146,1,Vimentin,-0.11669738476677279,True
TNBC-Wang2023,pCR_all,2,2,1.0,620,146,1,c-PARP,0.3707007282381824,True
TNBC-Wang2023,pCR_all,2,2,1.0,620,146,1,pH2AX,-0.04708408821603311,True
TNBC-Wang2023,pCR_all,2,2,1.0,620,146,1,panCK,-0.15972633844234602,True
TNBC-Wang2023,pCR_all,2,3,1.0,616,150,1,AR,-0.2871302607491949,True
TNBC-Wang2023,pCR_all,2,3,1.0,616,150,1,CA9,0.02846157086118353,True
TNBC-Wang2023,pCR_all,2,3,1.0,616,150,1,CD11c,-0.5920130007281361,True
TNBC-Wang2023,pCR_all,2,3,1.0,616,150,1,CD15,0.16768929035192107,True
TNBC-Wang2023,pCR_all,2,3,1.0,616,150,1,CD163,-0.06743431342200504,True
TNBC-Wang2023,pCR_all,2,3,1.0,616,150,1,CD20,-0.32021858638641415,True
TNBC-Wang2023,pCR_all,2,3,1.0,616,150,1,CD3,0.0,False
TNBC-Wang2023,pCR_all,2,3,1.0,616,150,1,CD31,-0.10255961666879422,True
TNBC-Wang2023,pCR_all,2,3,1.0,616,150,1,CD4,0.6019011190278233,True
TNBC-Wang2023,pCR_all,2,3,1.0,616,150,1,CD45,-0.10840997856995309,True
TNBC-Wang2023,pCR_all,2,3,1.0,616,150,1,CD56,0.017712561318341414,True
TNBC-Wang2023,pCR_all,2,3,1.0,616,150,1,CD68,0.0,False
TNBC-Wang2023,pCR_all,2,3,1.0,616,150,1,CD79a,0.17389524153254818,True
TNBC-Wang2023,pCR_all,2,3,1.0,616,150,1,CD8,-0.5109489084822026,True
TNBC-Wang2023,pCR_all,2,3,1.0,616,150,1,CK5/14,0.20127273172259094,True
TNBC-Wang2023,pCR_all,2,3,1.0,616,150,1,CK8/18,-0.21208450285195415,True
TNBC-Wang2023,pCR_all,2,3,1.0,616,150,1,Calponin,0.012092385453312874,True
TNBC-Wang2023,pCR_all,2,3,1.0,616,150,1,Carboplatin,0.15902449968648985,True
TNBC-Wang2023,pCR_all,2,3,1.0,616,150,1,Caveolin-1,0.0,False
TNBC-Wang2023,pCR_all,2,3,1.0,616,150,1,DNA1,0.13747033147817345,True
TNBC-Wang2023,pCR_all,2,3,1.0,616,150,1,DNA2,-0.2044888920273476,True
TNBC-Wang2023,pCR_all,2,3,1.0,616,150,1,FOXP3,-0.6481531900119961,True
TNBC-Wang2023,pCR_all,2,3,1.0,616,150,1,GATA3,0.08046620596876745,True
TNBC-Wang2023,pCR_all,2,3,1.0,616,150,1,GZMB,0.20620235283650337,True
TNBC-Wang2023,pCR_all,2,3,1.0,616,150,1,H3,-0.04572599729436172,True
TNBC-Wang2023,pCR_all,2,3,1.0,616,150,1,HLA-ABC,-0.10836500990697638,True
TNBC-Wang2023,pCR_all,2,3,1.0,616,150,1,HLA-DR,0.4466170607932515,True
TNBC-Wang2023,pCR_all,2,3,1.0,616,150,1,Helios,0.23090836895355307,True
TNBC-Wang2023,pCR_all,2,3,1.0,616,150,1,ICOS,0.18798017379351975,True
TNBC-Wang2023,pCR_all,2,3,1.0,616,150,1,IDO,0.08833006068205679,True
TNBC-Wang2023,pCR_all,2,3,1.0,616,150,1,Ki67,0.2842517201073782,True
TNBC-Wang2023,pCR_all,2,3,1.0,616,150,1,MPO,0.014436697365062798,True
TNBC-Wang2023,pCR_all,2,3,1.0,616,150,1,OX40,0.0,False
TNBC-Wang2023,pCR_all,2,3,1.0,616,150,1,PD-1,0.3099131583293363,True
TNBC-Wang2023,pCR_all,2,3,1.0,616,150,1,PD-L1 (73-10),0.05477343528351715,True
TNBC-Wang2023,pCR_all,2,3,1.0,616,150,1,PD-L1 (SP142),0.0,False
TNBC-Wang2023,pCR_all,2,3,1.0,616,150,1,PDGFRB,-0.4064182924796486,True
TNBC-Wang2023,pCR_all,2,3,1.0,616,150,1,PDPN,0.24791658336029376,True
TNBC-Wang2023,pCR_all,2,3,1.0,616,150,1,SMA,-0.6520226749665479,True
TNBC-Wang2023,pCR_all,2,3,1.0,616,150,1,T-bet,0.514388890357167,True
TNBC-Wang2023,pCR_all,2,3,1.0,616,150,1,TCF1,-0.14463776728989877,True
TNBC-Wang2023,pCR_all,2,3,1.0,616,150,1,TOX,-0.0014154953477159987,True
TNBC-Wang2023,pCR_all,2,3,1.0,616,150,1,Vimentin,-0.16274844090922905,True
TNBC-Wang2023,pCR_all,2,3,1.0,616,150,1,c-PARP,0.35382760659839796,True
TNBC-Wang2023,pCR_all,2,3,1.0,616,150,1,pH2AX,0.1142430793638843,True
TNBC-Wang2023,pCR_all,2,3,1.0,616,150,1,panCK,0.0535851766859352,True
TNBC-Wang2023,pCR_all,2,4,1.0,614,152,1,AR,-0.4498711837430791,True
TNBC-Wang2023,pCR_all,2,4,1.0,614,152,1,CA9,0.12708473255253705,True
TNBC-Wang2023,pCR_all,2,4,1.0,614,152,1,CD11c,-0.28960793040456234,True
TNBC-Wang2023,pCR_all,2,4,1.0,614,152,1,CD15,0.22999573077866292,True
TNBC-Wang2023,pCR_all,2,4,1.0,614,152,1,CD163,0.11855027796899255,True
TNBC-Wang2023,pCR_all,2,4,1.0,614,152,1,CD20,-0.5649233612134392,True
TNBC-Wang2023,pCR_all,2,4,1.0,614,152,1,CD3,0.0,False
TNBC-Wang2023,pCR_all,2,4,1.0,614,152,1,CD31,-0.6274999495087843,True
TNBC-Wang2023,pCR_all,2,4,1.0,614,152,1,CD4,0.3495395421357354,True
TNBC-Wang2023,pCR_all,2,4,1.0,614,152,1,CD45,-0.21674730021374428,True
TNBC-Wang2023,pCR_all,2,4,1.0,614,152,1,CD56,0.012662095288454396,True
TNBC-Wang2023,pCR_all,2,4,1.0,614,152,1,CD68,-0.07678598495687486,True
TNBC-Wang2023,pCR_all,2,4,1.0,614,152,1,CD79a,0.788971039851372,True
TNBC-Wang2023,pCR_all,2,4,1.0,614,152,1,CD8,-0.09397528421583988,True
TNBC-Wang2023,pCR_all,2,4,1.0,614,152,1,CK5/14,0.13955323468173375,True
TNBC-Wang2023,pCR_all,2,4,1.0,614,152,1,CK8/18,0.1254855299148372,True
TNBC-Wang2023,pCR_all,2,4,1.0,614,152,1,Calponin,-0.02089186614517416,True
TNBC-Wang2023,pCR_all,2,4,1.0,614,152,1,Carboplatin,0.015087295883395456,True
TNBC-Wang2023,pCR_all,2,4,1.0,614,152,1,Caveolin-1,0.0,False
TNBC-Wang2023,pCR_all,2,4,1.0,614,152,1,DNA1,0.10862375454146064,True
TNBC-Wang2023,pCR_all,2,4,1.0,614,152,1,DNA2,-0.1583150093074811,True
TNBC-Wang2023,pCR_all,2,4,1.0,614,152,1,FOXP3,-0.4451721258776459,True
TNBC-Wang2023,pCR_all,2,4,1.0,614,152,1,GATA3,-0.04611349728597658,True
TNBC-Wang2023,pCR_all,2,4,1.0,614,152,1,GZMB,0.32645543188433357,True
TNBC-Wang2023,pCR_all,2,4,1.0,614,152,1,H3,-0.42031998784553437,True
TNBC-Wang2023,pCR_all,2,4,1.0,614,152,1,HLA-ABC,0.004283947130068537,True
TNBC-Wang2023,pCR_all,2,4,1.0,614,152,1,HLA-DR,0.5161641511217377,True
TNBC-Wang2023,pCR_all,2,4,1.0,614,152,1,Helios,0.055644889710716926,True
TNBC-Wang2023,pCR_all,2,4,1.0,614,152,1,ICOS,0.45695685658963514,True
TNBC-Wang2023,pCR_all,2,4,1.0,614,152,1,IDO,-0.04068685983312278,True
TNBC-Wang2023,pCR_all,2,4,1.0,614,152,1,Ki67,0.09300477783243465,True
TNBC-Wang2023,pCR_all,2,4,1.0,614,152,1,MPO,0.17009107524050082,True
TNBC-Wang2023,pCR_all,2,4,1.0,614,152,1,OX40,-0.0394742605292996,True
TNBC-Wang2023,pCR_all,2,4,1.0,614,152,1,PD-1,0.30203154215677364,True
TNBC-Wang2023,pCR_all,2,4,1.0,614,152,1,PD-L1 (73-10),-0.15482687333897255,True
TNBC-Wang2023,pCR_all,2,4,1.0,614,152,1,PD-L1 (SP142),-0.006807664644815269,True
TNBC-Wang2023,pCR_all,2,4,1.0,614,152,1,PDGFRB,-0.2540088442025666,True
TNBC-Wang2023,pCR_all,2,4,1.0,614,152,1,PDPN,0.1477811151463731,True
TNBC-Wang2023,pCR_all,2,4,1.0,614,152,1,SMA,-0.3673962493923789,True
TNBC-Wang2023,pCR_all,2,4,1.0,614,152,1,T-bet,0.04595279238311884,True
TNBC-Wang2023,pCR_all,2,4,1.0,614,152,1,TCF1,-0.07256812263442766,True
TNBC-Wang2023,pCR_all,2,4,1.0,614,152,1,TOX,-0.011079846416753244,True
TNBC-Wang2023,pCR_all,2,4,1.0,614,152,1,Vimentin,-0.05250596929680056,True
TNBC-Wang2023,pCR_all,2,4,1.0,614,152,1,c-PARP,0.3228609329191594,True
TNBC-Wang2023,pCR_all,2,4,1.0,614,152,1,pH2AX,-0.07488884426797807,True
TNBC-Wang2023,pCR_all,2,4,1.0,614,152,1,panCK,0.06591915101950584,True
